temperature_temperature,humidity_humidity,pressure_pressure,accelerometer_Ax,accelerometer_Ay,accelerometer_Az,gyroscope_x,gyroscope_y,gyroscope_z,quaternion_x,quaternion_y,quaternion_z,quaternion_w,bsec_bsec,co2_co2,gas_gas,led_R,led_G,led_B,timestamp
30.004047475053156,15.96895164356874,997.9879201117719,-1.6478709739439992,0.27930334843179316,4096.993428306023,-0.5678078421841054,-0.054254602864147856,0.32183519002277045,0.0,0.0,0.0,0.0,25,500,28007.238200157404,,,,2026-02-02T00:00:00.000Z
29.991721071326342,15.896240812851035,997.9892826527363,-1.4382189028983718,0.13004926237756023,4095.7234713976577,0.5125436283994018,-1.2969126132719826,-0.7813576956169462,0.0,0.0,0.0,0.0,25,500,27993.728938920412,,,,2026-02-02T00:00:01.000Z
29.998281749553232,15.98820324158313,998.0037912190447,4.099624191571852,1.626560812129186,4097.2953770762015,0.29008789963543236,0.8708175518634642,0.6913563810805253,0.0,0.0,0.0,0.0,25,500,28001.053848606083,,,,2026-02-02T00:00:02.000Z
29.995409767495058,15.94588309032145,998.0105250236544,0.001365637914965256,-1.6877077548497985,4099.046059712816,0.043900533123388444,0.7435106703345966,-0.5903616918053307,0.0,0.0,0.0,0.0,25,500,27992.835601041897,,,,2026-02-02T00:00:03.000Z
30.004353581270482,16.04955861425097,998.0103714135992,1.5642600030629183,-3.487345204793072,4095.5316932505534,0.9305333193245915,-0.6755685285912163,0.7495550374451283,0.0,0.0,0.0,0.0,25,500,27989.106112425387,,,,2026-02-02T00:00:04.000Z
30.00550303674009,15.911467243899565,997.9899709115922,-1.5817987633351063,0.31364603219638637,4095.5317260861016,-0.6608411967525808,0.7074872072053618,-0.27411147538072145,0.0,0.0,0.0,0.0,25,500,27991.036263485934,,,,2026-02-02T00:00:05.000Z
30.008910786773974,16.008983412212846,998.009893114319,-1.5597058924432776,0.5624609844372083,4099.158425631015,-0.5751864496435164,0.37490768630077576,-1.7210471256296629,0.0,0.0,0.0,0.0,25,500,28009.557251929513,,,,2026-02-02T00:00:06.000Z
30.003481988284644,15.919161116277072,997.9822373036568,2.1639696184998845,2.979198818895298,4097.534869458305,-0.011900823094228097,-1.2806121453611083,-0.982416240480937,0.0,0.0,0.0,0.0,25,500,28000.137827646307,,,,2026-02-02T00:00:07.000Z
30.00171653769969,15.940024576184118,997.9979711558299,-2.6991524231030644,-2.5407240926501724,4095.06105122813,-0.6401465050936997,-0.8539289145713574,-0.4304147086872844,0.0,0.0,0.0,0.0,25,500,28012.718816384055,,,,2026-02-02T00:00:08.000Z
30.018540238004388,16.02972916277054,998.0048702644261,-0.8304275358105431,2.30938753343344,4097.085120087172,0.5080122910545997,1.1382814448895793,1.3681890237485779,0.0,0.0,0.0,0.0,25,500,28005.204206949544,,,,2026-02-02T00:00:09.000Z
29.98475640929803,16.023471773284214,997.9792119498696,0.0680548221444641,4.734828728054243,4095.073164614375,-0.7131923043661328,0.3094161851420503,0.9011436305292249,0.0,0.0,0.0,0.0,25,500,28016.06465231481,,,,2026-02-02T00:00:10.000Z
30.01695609860129,15.958297781742164,998.0209285692408,0.22274520368010484,-0.7555297750449542,4095.0685404928595,0.2263042077451344,-0.5643029458106261,1.623861412322142,0.0,0.0,0.0,0.0,25,500,28008.18068192959,,,,2026-02-02T00:00:11.000Z
29.997101780911315,15.973058938166734,998.0132669518298,-0.3581865700323125,-2.581884438986448,4096.483924543132,-0.10017276878675659,-0.858475891172642,1.6536352160298582,0.0,0.0,0.0,0.0,25,500,28007.593408302466,,,,2026-02-02T00:00:12.000Z
30.005708915863682,15.854639355489047,998.0064700397236,0.7916395621918462,-0.8139487327467423,4092.1734395106846,0.2149259647767057,-0.5153937981154209,-0.534750804590915,0.0,0.0,0.0,0.0,25,500,27998.79512101364,,,,2026-02-02T00:00:13.000Z
29.996743403194063,16.14027643105807,997.9903497179243,1.3857115116356231,0.028009934742761467,4092.550164334974,-0.4597413950630392,-0.44447952987770456,-0.18848685975882942,0.0,0.0,0.0,0.0,25,500,28030.092065764966,,,,2026-02-02T00:00:14.000Z
29.992974583704484,16.068745639787803,997.9993189637543,1.46927509091866,1.1275757500138293,4094.875424941518,-0.33908829452682704,-0.8459630326292517,-0.4112799243305384,0.0,0.0,0.0,0.0,25,500,28001.126982198944,,,,2026-02-02T00:00:15.000Z
30.004845771927943,16.06514480508711,998.0079042016977,-1.9716076173356534,-1.1827894596760948,4093.9743377593313,0.09600926799704997,-1.7417641123833023,-0.6715106053010765,0.0,0.0,0.0,0.0,25,500,27980.26576630874,,,,2026-02-02T00:00:16.000Z
30.010421283086146,15.840496778304379,997.98877338433,-0.5683101958575943,3.110397068294684,4096.62849466519,0.20207450616131267,1.1400132864007855,-1.8414947093364584,0.0,0.0,0.0,0.0,25,500,28002.68033539614,,,,2026-02-02T00:00:17.000Z
30.004730079549674,15.940451000751072,997.9981952576876,2.3895257237538754,-2.2290646300161234,4094.183951848958,-0.004201915391156093,0.9706336726114432,-0.01474771801684241,0.0,0.0,0.0,0.0,25,500,27990.177077567627,,,,2026-02-02T00:00:18.000Z
29.994578842133173,15.966545397107637,998.0091038384982,1.7892943751477446,-3.4784103043456,4093.1753925973294,1.705362356513084,-1.2732554518068595,-1.2855655937111106,0.0,0.0,0.0,0.0,25,500,28010.170215216018,,,,2026-02-02T00:00:19.000Z
30.036113500628158,15.806893850796598,997.9850540499823,-2.745718902962128,2.2134208485746347,4098.931297537843,-0.9907369187412842,0.13631129556366767,-0.034171881534327396,0.0,0.0,0.0,0.0,25,500,28007.25816758181,,,,2026-02-02T00:00:20.000Z
30.011985736708663,16.088995009607608,998.0033242471102,0.7029598007044033,-4.549242062412399,4095.548447399027,-0.06420379495271358,-0.9022382027147666,2.1157708095629846,0.0,0.0,0.0,0.0,25,500,27998.084863500673,,,,2026-02-02T00:00:21.000Z
30.009333423042072,16.145388448854813,997.9824523037038,-3.9564504987496205,-0.40825953774543233,4096.1350564093755,-1.5736290221169846,-0.2615672232265353,-0.5093450963307086,0.0,0.0,0.0,0.0,25,500,27991.121069865567,,,,2026-02-02T00:00:22.000Z
29.996470357692576,16.20619349560036,997.9905615324442,0.09386980412073925,6.235362258416095,4093.150503627573,0.3720814786673863,-0.3447665798736565,0.19477400562806724,0.0,0.0,0.0,0.0,25,500,28001.46425726721,,,,2026-02-02T00:00:23.000Z
29.993748342117108,15.895411617248227,997.9949540739433,3.795534033491954,-0.024087105919863,4094.9112345509498,-1.115246536376814,-0.4278342157178725,0.9066483858092831,0.0,0.0,0.0,0.0,25,500,27993.58766192143,,,,2026-02-02T00:00:24.000Z
29.99720160924157,16.011732349683427,998.0051355561272,-1.8957854345379725,-2.2415353013924992,4096.22184517942,-0.27831025587657626,2.002947084076286,0.28029129196590696,0.0,0.0,0.0,0.0,25,500,28007.878039927837,,,,2026-02-02T00:00:25.000Z
30.010814065443924,16.132281826915044,997.9929921089749,-1.6686460909831642,-0.11479492757358749,4093.6980128451555,-0.3720643253313259,-0.44032568467619043,0.29248418794229586,0.0,0.0,0.0,0.0,25,500,28005.56015714258,,,,2026-02-02T00:00:26.000Z
29.99009395662924,15.974638152105305,998.0012554839133,1.528059563145719,-0.1016015772390671,4096.751396036691,0.2808911266011715,-0.8082638250669247,-0.36240243368808,0.0,0.0,0.0,0.0,25,500,28029.359665924934,,,,2026-02-02T00:00:27.000Z
29.989317961685458,15.943301208615733,997.993127718622,-3.085603030419292,0.32129988070623305,4094.7987226201626,-0.5527909175451801,-0.7625814294970479,-0.23187797506123262,0.0,0.0,0.0,0.0,25,500,27995.54885461349,,,,2026-02-02T00:00:28.000Z
30.00539547533361,15.81339823264555,997.9946938322788,-1.2655100597700781,1.3245259643192393,4095.4166125004135,-0.5953056976939823,1.0437769564017552,-0.9600105221878282,0.0,0.0,0.0,0.0,25,500,27996.965743715155,,,,2026-02-02T00:00:29.000Z
30.003191964446422,16.113262245777175,998.0125066150779,1.1928822751635053,-2.0782223367354784,4094.796586775541,1.435856464085898,-1.6521023316929349,0.8460450088894076,0.0,0.0,0.0,0.0,25,500,27998.45224326063,,,,2026-02-02T00:00:30.000Z
29.992296864621093,15.998073924392664,997.9884977182176,-1.2685716953788062,3.3750961104735873,4099.704556369018,0.28456679047452627,-0.7626229164355202,-1.7414916566140959,0.0,0.0,0.0,0.0,25,500,27998.89014465729,,,,2026-02-02T00:00:31.000Z
29.989087964215848,15.927065814103694,998.0075915397395,-0.47193997442194324,0.4902285687452357,4095.9730055505242,-0.561050852022268,1.446822840111534,0.9710883383822022,0.0,0.0,0.0,0.0,25,500,28010.270789379614,,,,2026-02-02T00:00:32.000Z
30.014378969933684,16.028385728982887,997.9999893611453,1.488371420630069,1.4535880928036076,4093.8845781420882,-0.25083367181123084,0.2439861879976468,-1.4036983847452424,0.0,0.0,0.0,0.0,25,500,27997.236543549378,,,,2026-02-02T00:00:33.000Z
30.003570044252996,16.015300537317867,997.9942444631109,0.8430921670731225,-1.256298799511285,4097.6450898242065,1.645354952270745,0.19192200503611323,0.9626072740766523,0.0,0.0,0.0,0.0,25,500,28019.723817161434,,,,2026-02-02T00:00:34.000Z
29.98636464136272,16.016825910235458,997.987824771676,0.5336367925908038,2.572764273991067,4093.5583127000577,-0.235164878251097,2.1321464601437015,-0.3538175262121811,0.0,0.0,0.0,0.0,25,500,28005.822751097257,,,,2026-02-02T00:00:35.000Z
29.987063744639176,15.978290193767332,997.988537636929,-0.6782445585400775,-0.5141048176261294,4096.41772719001,-0.6892766231523877,0.2463479529484988,-1.2318686881330803,0.0,0.0,0.0,0.0,25,500,27995.14263952012,,,,2026-02-02T00:00:36.000Z
29.996384880275496,16.162235815876336,997.9926135497524,0.7401222305379107,0.5551050269870634,4092.0806597522405,-0.6849961501263927,-0.7081861613595825,0.5792986450796365,0.0,0.0,0.0,0.0,25,500,27992.58754315019,,,,2026-02-02T00:00:37.000Z
30.007328418069978,15.986634026673757,997.9984994559278,-0.24746536019951323,-1.8662121543742185,4093.343627902203,-0.5491264809895774,-0.28207705687634865,0.9287675350757748,0.0,0.0,0.0,0.0,25,500,28010.408721934084,,,,2026-02-02T00:00:38.000Z
30.005950088021084,16.16193220763233,998.0060350963615,0.9156112198515695,-1.9938632528042537,4096.393722471738,-0.5944977224267224,-1.1354323090305687,-0.43807864810353686,0.0,0.0,0.0,0.0,25,500,28000.28520151887,,,,2026-02-02T00:00:39.000Z
30.011316785370013,16.05641169264002,997.9969976074008,-0.9938640502359565,1.3764106129057654,4097.476933159991,-1.279647848349243,1.2559370400156968,0.7206105486789331,0.0,0.0,0.0,0.0,25,500,28000.09060053757,,,,2026-02-02T00:00:40.000Z
29.98509650192539,16.035117014276175,997.9976668914812,-0.36513794875908223,-0.8872136604147719,4096.34273656238,-1.124200096946978,0.5745617175367154,-2.2850844946693503,0.0,0.0,0.0,0.0,25,500,27994.01519773576,,,,2026-02-02T00:00:41.000Z
30.002238466897797,15.988672524672184,997.9991600977668,-1.9799155851040278,-1.7076461750087542,4095.7687034352234,-0.82932037436137,1.124414149970889,-1.3205962897466004,0.0,0.0,0.0,0.0,25,500,27999.385543190794,,,,2026-02-02T00:00:42.000Z
30.014259103323212,16.097395669354594,998.0047677769144,-0.0700152200124718,-1.2863666840540608,4095.3977926088214,0.5915710184530977,1.2129839285493706,1.292408930468729,0.0,0.0,0.0,0.0,25,500,27993.61045149197,,,,2026-02-02T00:00:43.000Z
30.01332801730476,16.0112991767578,998.0064480281919,-1.6220017272576897,1.3979061434348423,4093.042956019265,-0.3812372872728735,-0.4142107809275326,-0.22366927419791616,0.0,0.0,0.0,0.0,25,500,28013.61711456226,,,,2026-02-02T00:00:44.000Z
30.00358909981413,15.906786878488647,997.9861303452443,-2.2280929003239867,-1.2580757224072219,4094.5603115832105,-0.20716168909404023,-0.9447528520088898,-1.8622133264488476,0.0,0.0,0.0,0.0,25,500,28007.170601522554,,,,2026-02-02T00:00:45.000Z
30.023480185086537,15.903450780900197,997.9971792529026,0.5173222957107763,-0.23530986320432815,4095.0787224580804,1.270088025254897,-0.05171311130804584,-0.6988661804419937,0.0,0.0,0.0,0.0,25,500,27998.252311606993,,,,2026-02-02T00:00:46.000Z
30.00609285116416,16.042248462193427,998.0122740401735,0.42547955171532065,0.030055500574194018,4098.114244452438,1.2950071499384181,-0.8727610707885383,-0.9234004725250807,0.0,0.0,0.0,0.0,25,500,27998.105319169474,,,,2026-02-02T00:00:47.000Z
30.010427466328412,15.90926211148335,997.9868388004628,1.565747469897145,-3.834697772020598,4096.687236579137,-0.28212494313773495,0.16495687540902468,-0.16596173147292473,0.0,0.0,0.0,0.0,25,500,28000.921741682392,,,,2026-02-02T00:00:48.000Z
30.000444479187756,15.99377689430275,998.0007431289044,-0.8622511391501981,-2.942252810747036,4092.4739196892747,-0.630863510683409,1.1320968808346892,-0.37075098380764737,0.0,0.0,0.0,0.0,25,500,27999.94459761128,,,,2026-02-02T00:00:49.000Z
29.99219024707156,16.105718453855108,997.998291559962,0.8161056936735114,0.672555778495125,4096.64816793879,-0.8644303136735378,-0.1681396460491672,0.1789317289381608,0.0,0.0,0.0,0.0,25,500,27990.430638206908,,,,2026-02-02T00:00:50.000Z
29.991247907992214,16.030397017789433,997.9943332441006,1.1015951445473264,-1.4740587223053943,4095.2298354391673,0.6927757697082377,0.14999508990773913,-0.0694660516125747,0.0,0.0,0.0,0.0,25,500,27980.99225871615,,,,2026-02-02T00:00:51.000Z
30.001816152147946,15.927786512967126,998.0159078265104,0.8895476156631895,2.113449822560837,4094.646155999388,-0.20470723352228773,-0.09384561622336653,1.3597392550370186,0.0,0.0,0.0,0.0,25,500,27992.02299333559,,,,2026-02-02T00:00:52.000Z
29.9978849799315,16.140998751161614,998.0003683580887,-1.6513073656042843,1.9336142085010888,4097.223352577682,-0.3864948903227902,0.8027275724376978,0.4245485997196691,0.0,0.0,0.0,0.0,25,500,27998.71482509335,,,,2026-02-02T00:00:53.000Z
29.982314143300865,16.05478752369947,998.0151114507195,0.2987269645423778,1.4383373327108744,4098.061999044992,-0.8136645751375527,-0.66778239428829,0.45767161119358607,0.0,0.0,0.0,0.0,25,500,27992.621668022824,,,,2026-02-02T00:00:54.000Z
29.989742064150743,16.10177929872041,998.0000562720525,0.7282805921093227,3.639543574625195,4097.862560238233,-0.7696664090113885,-2.196446261643099,1.1651571238945218,0.0,0.0,0.0,0.0,25,500,28008.193380303957,,,,2026-02-02T00:00:55.000Z
29.996815964259458,15.77324416567907,998.0046025588932,0.014356933815883884,-0.16617865548636623,4094.3215649535546,0.32005819149324455,0.4708688593753808,-0.38876875042958176,0.0,0.0,0.0,0.0,25,500,27997.70846864099,,,,2026-02-02T00:00:56.000Z
30.007272793759373,16.033085287826275,997.9942277849108,-4.172955316742169,1.2977638518076782,4095.3815752482974,-1.315438265887262,0.9878344213079936,-1.2618774433584852,0.0,0.0,0.0,0.0,25,500,28018.735735750288,,,,2026-02-02T00:00:57.000Z
29.99983926113838,16.08421578363799,997.994339063247,0.32097924794696014,-1.1688019531920621,4096.662526862807,0.9948686937879384,0.4463742447585357,1.2069703246322492,0.0,0.0,0.0,0.0,25,500,27994.38505741771,,,,2026-02-02T00:00:58.000Z
29.999279357894995,16.1700288642298,998.0040934753025,4.425062078794484,4.9047398257374475,4097.951090254244,-0.5338446438149185,-0.6402304954680139,0.13584174810811248,0.0,0.0,0.0,0.0,25,500,28001.407167987014,,,,2026-02-02T00:00:59.000Z
29.990130873729967,15.853618141584896,998.0042769745763,-0.7200785375139654,3.967267304872039,4095.0416515243096,-0.14963594425179252,-1.135012098186069,0.13935120789892844,0.0,0.0,0.0,0.0,25,500,27997.111382438303,,,,2026-02-02T00:01:00.000Z
30.000231660800623,16.120611458919452,998.0059798706659,-1.4561541957106423,0.02376086903558388,4095.6286820466726,-1.3369779581405543,0.4944975317803214,-0.6333299215302364,0.0,0.0,0.0,0.0,25,500,28004.397780577347,,,,2026-02-02T00:01:01.000Z
30.01319101027446,16.164438028570125,998.0037667828695,0.7466971194227964,0.7731724598103844,4093.7873300519877,-0.012365938242364536,0.14147895293467364,-0.6168553331035774,0.0,0.0,0.0,0.0,25,500,28010.65751128997,,,,2026-02-02T00:01:02.000Z
30.001555751127587,15.798271102272102,997.9866357907299,0.6247564209331434,2.7185951987296115,4093.607586751839,-0.32832094269055984,-0.12579262765832977,0.8467223387708436,0.0,0.0,0.0,0.0,25,500,28006.082809589272,,,,2026-02-02T00:01:03.000Z
29.98492686418518,16.047859110986973,997.9919363132328,2.385470330832829,-0.2942790096282139,4097.625051644788,-0.05008059885646664,1.8224633429937909,0.9846557981376103,0.0,0.0,0.0,0.0,25,500,27979.69203730534,,,,2026-02-02T00:01:04.000Z
29.987484772056956,16.061762081434072,998.0084994288615,-2.5157363118177756,-1.3132481415994095,4098.712480057142,1.4717088983618904,-0.9468000941813317,0.7838234057466584,0.0,0.0,0.0,0.0,25,500,28004.998616104727,,,,2026-02-02T00:01:05.000Z
30.005887888772232,15.96729923373481,997.9804153463459,1.4627605051499848,1.747979502013765,4095.855979756839,0.17769804579023982,1.7750370211274655,0.792961605445475,0.0,0.0,0.0,0.0,25,500,27989.891218577188,,,,2026-02-02T00:01:06.000Z
29.997756845247775,15.950990553993371,998.0029260724151,1.180844122502927,0.15687849216734018,4098.007065795784,-0.7946591841458039,0.03178390487063994,0.5690295372597589,0.0,0.0,0.0,0.0,25,500,27996.90230821584,,,,2026-02-02T00:01:07.000Z
29.999254197698964,16.066785391328782,997.9988811990094,-0.2842930738810922,0.3659888992905208,4096.723272050095,-0.7113199105465682,-1.8355704768708747,0.13152273007815657,0.0,0.0,0.0,0.0,25,500,28006.893291868375,,,,2026-02-02T00:01:08.000Z
29.993872658249852,15.938501824658937,998.0084958186748,0.67737463584338,-1.668542686135931,4094.70976049079,0.5951311859137686,-0.17920265431914087,-0.17537968432098058,0.0,0.0,0.0,0.0,25,500,27988.80239091585,,,,2026-02-02T00:01:09.000Z
30.005034122121998,15.97827506715819,998.0041662118607,2.0589149631967145,-3.4353442967267926,4096.722791211017,1.298693290993424,0.959496076599441,1.2103238499415532,0.0,0.0,0.0,0.0,25,500,28011.55948007485,,,,2026-02-02T00:01:10.000Z
29.996990822867545,16.081243490082393,997.993360197203,1.7446307600569007,0.47228481975820213,4099.076073132932,0.28191802075105005,-0.3650550328049707,-0.3737208704904336,0.0,0.0,0.0,0.0,25,500,27996.466141004486,,,,2026-02-02T00:01:11.000Z
29.998133867782713,16.175404305032686,997.992906499617,-2.2860386241474573,1.8099240829883996,4095.92834792178,0.6887127445547695,-1.474778541238395,0.36997921388074695,0.0,0.0,0.0,0.0,25,500,28021.70937372918,,,,2026-02-02T00:01:12.000Z
29.99148776608337,16.0537984272542,997.99477216527,1.640316373510969,-0.4516134981520837,4099.129287311628,0.6097377233367051,-0.16451453179616995,-0.8040129979542465,0.0,0.0,0.0,0.0,25,500,28000.68677825794,,,,2026-02-02T00:01:13.000Z
30.00921691298143,16.01334844954145,998.0058006304737,-0.12937721006503697,2.8728590391177335,4090.7605097918204,1.419064413357521,-0.8571723738917058,-0.6592990368504504,0.0,0.0,0.0,0.0,25,500,28017.05342742652,,,,2026-02-02T00:01:14.000Z
29.997788672083836,15.948360251533924,997.9769778632044,0.14574819603103079,-1.407832650831089,4097.643805008751,-1.9495901727260327,0.4918144010879626,-0.2361545678572265,0.0,0.0,0.0,0.0,25,500,28011.976792245336,,,,2026-02-02T00:01:15.000Z
30.0060788033312,15.898939995934894,998.0015737944435,0.146393982003389,-2.10940890993184,4096.174094136476,0.6672189393045282,0.7733998160676113,-0.8039383767271636,0.0,0.0,0.0,0.0,25,500,27993.888949179454,,,,2026-02-02T00:01:16.000Z
29.98806408435966,16.110957824150095,997.9911696541277,-0.30048597759651996,-0.1344606143922625,4095.401985299068,0.9837360439035638,-1.0562704077481062,0.7978518254783004,0.0,0.0,0.0,0.0,25,500,27986.983092723665,,,,2026-02-02T00:01:17.000Z
30.017338831383785,15.984655014887311,998.001908352978,2.38341499421413,-0.1651851507025809,4096.183521553071,-1.3387237061355735,-0.7058040551156496,-1.3480342515450294,0.0,0.0,0.0,0.0,25,500,28001.136273612374,,,,2026-02-02T00:01:18.000Z
30.012773740385132,16.115070327466672,998.003444977865,-0.16743591969842403,1.5399374626704452,4092.0248621707983,-0.885668184006416,0.7566424651069377,0.09922962338107293,0.0,0.0,0.0,0.0,25,500,27994.17356881478,,,,2026-02-02T00:01:19.000Z
29.98090202330341,15.967044812200454,997.9833767341707,-2.2390922567663374,-1.5499256481279695,4095.560656224325,-0.8507827486281534,-0.8588442782989592,0.1325080968421812,0.0,0.0,0.0,0.0,25,500,28015.79718780087,,,,2026-02-02T00:01:20.000Z
29.99198062524936,15.935071133863898,997.99773133573,-0.7870597119394577,2.736188473629796,4096.714225143023,-0.7287901963773834,-1.082158135827995,-1.8107995783196809,0.0,0.0,0.0,0.0,25,500,27997.531408283274,,,,2026-02-02T00:01:21.000Z
30.0047763439101,16.042079888882753,998.001555703568,0.3573894336209512,3.9338339250165073,4098.955788089483,-0.48171705093552597,-1.1786911317962547,-0.4410238205236087,0.0,0.0,0.0,0.0,25,500,27996.995960414813,,,,2026-02-02T00:01:22.000Z
29.98680271343851,15.99234640607316,998.0008795009528,2.458429568594101,-0.07828805393668375,4094.9634595634525,0.24260281305494147,0.3520386129581204,0.2556995380481427,0.0,0.0,0.0,0.0,25,500,27986.04101539263,,,,2026-02-02T00:01:23.000Z
29.998684059178366,15.879447139538927,997.9987779904689,1.2061893698976671,2.499420840368637,4094.3830127942138,0.8656746511673697,0.3091577195174642,0.42872799329406813,0.0,0.0,0.0,0.0,25,500,28004.1921701308,,,,2026-02-02T00:01:24.000Z
30.004266317859766,16.181736832978185,997.9877911248019,-1.7010705574940879,-2.11299414125052,4094.996485912831,1.0813169577685364,-0.6840460303790417,-0.20430720860016585,0.0,0.0,0.0,0.0,25,500,27988.25777718053,,,,2026-02-02T00:01:25.000Z
29.998152740880204,15.937301622622837,997.9893137196935,4.970379833357783,2.150443082363832,4097.830804235404,-0.8378230611677818,0.005085396128234085,0.6768882044807154,0.0,0.0,0.0,0.0,25,500,28004.424369128807,,,,2026-02-02T00:01:26.000Z
30.00538838703537,16.09275915211742,997.9862195267725,0.5295506219559593,2.094552817118925,4096.657502219319,-0.8447029987029827,1.5271323841551305,-0.10931625723604081,0.0,0.0,0.0,0.0,25,500,28005.80091726498,,,,2026-02-02T00:01:27.000Z
29.99306670095398,16.08418566293965,998.0055404557083,2.5507814759980296,1.7268745603797573,4094.940479592466,1.315821840016223,-0.9740601569182217,0.013652912075056728,0.0,0.0,0.0,0.0,25,500,27992.503248880257,,,,2026-02-02T00:01:28.000Z
29.977558184578317,15.874053723508565,997.9988442915819,-0.30342886715445827,-0.031126177740587957,4097.026534866227,0.6467439354186445,-1.9517426090104495,0.2516538689865537,0.0,0.0,0.0,0.0,25,500,28009.565799310178,,,,2026-02-02T00:01:29.000Z
30.00982115312165,15.899761235538351,997.9994824676071,1.0667184894108988,-5.908497882484062,4096.194155098696,0.08286484186899613,0.45507557572037044,0.9269996287341687,0.0,0.0,0.0,0.0,25,500,27997.251245607087,,,,2026-02-02T00:01:30.000Z
30.009758146536026,15.969849066029987,997.9829450655616,1.6789370090368094,-1.2834542873042587,4097.937289981066,0.4733366755549671,-0.11040116390158848,-0.6757180024155319,0.0,0.0,0.0,0.0,25,500,27985.287563040958,,,,2026-02-02T00:01:31.000Z
30.025036366422885,15.913435345542169,997.9996639720274,2.436389423508512,-1.251832035369204,4094.5958938122453,-0.029803781851440635,-0.7100250868151013,-0.4868218725182975,0.0,0.0,0.0,0.0,25,500,28015.452873403137,,,,2026-02-02T00:01:32.000Z
29.977928134820658,16.17264563718787,998.0063363707199,2.11473661075645,-1.9565098761209547,4095.3446757068045,0.5245846830476146,0.6520802373549079,-0.6688964917292147,0.0,0.0,0.0,0.0,25,500,27990.765294259258,,,,2026-02-02T00:01:33.000Z
30.007508321093468,15.97998243632015,997.9815816042543,1.7443940001459557,0.24448600909413243,4095.215783693736,-0.3360666965057405,0.83922514466879,-0.33219771614193333,0.0,0.0,0.0,0.0,25,500,28005.070705412665,,,,2026-02-02T00:01:34.000Z
29.980313178619166,16.088974904281407,997.9946459374125,-0.6301734623882173,-0.8379268910424693,4093.0729701037358,0.2688049344392308,-2.2082780198800926,1.4262342580797647,0.0,0.0,0.0,0.0,25,500,28004.25794474047,,,,2026-02-02T00:01:35.000Z
30.017564932816754,16.05136373890002,997.9842965086846,-1.1434920839121228,-1.6492240195300438,4096.59224055413,-1.5105460503694963,-0.6525979093314883,0.5727253193298222,0.0,0.0,0.0,0.0,25,500,28003.891846739243,,,,2026-02-02T00:01:36.000Z
30.00487866833696,16.026402244899636,997.9957971792527,0.6652150206483951,-2.1176002964956395,4096.52211054436,-0.687784294825431,2.317516231196855,-1.131089745168842,0.0,0.0,0.0,0.0,25,500,28003.718619159303,,,,2026-02-02T00:01:37.000Z
29.990480711523237,16.00403212107396,997.9909900810243,1.8662561446821386,-1.4310259709704574,4096.010226913285,-0.6770111767903435,0.5834049157981909,-0.6004469655886746,0.0,0.0,0.0,0.0,25,500,27990.2981236344,,,,2026-02-02T00:01:38.000Z
30.007802224746015,16.12371307077887,998.0038090883364,-0.4454414015532141,2.2429984236998566,4095.53082573325,-0.3743900332069141,0.6761036382971497,0.37276722427640213,0.0,0.0,0.0,0.0,25,500,28016.913496015026,,,,2026-02-02T00:01:39.000Z
29.99446954992283,15.917490702666498,998.0016923956342,2.130343931428773,-1.3220501092549883,4093.169258515899,-0.9265132547797481,1.1728942786314784,-0.9065077809327704,0.0,0.0,0.0,0.0,25,500,28009.562491502005,,,,2026-02-02T00:01:40.000Z
30.003004160995513,16.17263353104566,998.0129150440563,2.9052334909723587,-1.0298774128665449,4095.1587093544695,-0.5335436258230818,0.017068825199726117,-0.7253400408147569,0.0,0.0,0.0,0.0,25,500,28004.750567312505,,,,2026-02-02T00:01:41.000Z
30.002059607162092,15.871277681949591,997.999459221507,-1.8326418381468395,-0.9133952300464927,4095.3145709669466,-1.5144140623981206,0.79668416009162,1.3449596661741487,0.0,0.0,0.0,0.0,25,500,27986.670237644845,,,,2026-02-02T00:01:42.000Z
30.017441681361472,16.078151172562244,998.003384878021,-1.6738414075925598,0.6779870276188393,4094.395445461557,0.5487004763949003,0.7180620438372025,-0.6133756284731867,0.0,0.0,0.0,0.0,25,500,27990.216321243446,,,,2026-02-02T00:01:43.000Z
30.018149259100866,15.859483614006022,997.9944229251835,-0.2807501178106729,0.9124989770570656,4095.677428576668,-0.08251351891139448,0.5390414967527589,0.9546668160293867,0.0,0.0,0.0,0.0,25,500,28006.574566266892,,,,2026-02-02T00:01:44.000Z
29.994027346267266,15.968429444777303,997.9889693534877,0.6152253363783928,-6.089313078486324,4096.808101713629,-1.7052076077760168,-0.3220119706174046,1.2553231895309385,0.0,0.0,0.0,0.0,25,500,27979.96315888303,,,,2026-02-02T00:01:45.000Z
30.01058105617996,16.009330993806095,998.0083476243469,-1.049134027534102,2.0432704276552163,4099.772371802421,-0.8348299105466731,0.17205892236625886,-0.7334620911689643,0.0,0.0,0.0,0.0,25,500,28003.387038599405,,,,2026-02-02T00:01:46.000Z
30.003548401555705,15.95133046511705,998.0124325505354,2.704405357734289,2.872736068487508,4096.349155625664,0.3366014275621669,-0.5883615643067782,-0.8899625565571414,0.0,0.0,0.0,0.0,25,500,27986.688232026143,,,,2026-02-02T00:01:47.000Z
29.985873179329932,15.98183304303831,998.0070565569924,0.8481337230369024,-2.100373074723339,4096.515100781446,-0.5430219463857897,0.012814304566494933,-0.2761320864811651,0.0,0.0,0.0,0.0,25,500,27991.319682224905,,,,2026-02-02T00:01:48.000Z
29.993037716196277,15.86130295520692,998.0013122812313,0.07889409648147898,-1.9445964894696695,4095.851108168468,-0.6969414601380967,-1.168490892099267,-1.088627720673625,0.0,0.0,0.0,0.0,25,500,27985.889323923326,,,,2026-02-02T00:01:49.000Z
30.023361460995996,15.901254953127644,997.9902590644551,-2.871819047737055,-0.9005067755565429,4092.162457569402,-0.07459267700807634,-0.7906239912729525,0.1210338785027424,0.0,0.0,0.0,0.0,25,500,28002.461064157822,,,,2026-02-02T00:01:50.000Z
30.003578544011045,16.049826470719587,998.0114162817342,-2.6316316328550142,-1.5120080389132096,4095.9469722491017,0.3435975351782162,-0.28231204192492954,-0.20565191185338647,0.0,0.0,0.0,0.0,25,500,28011.163614518344,,,,2026-02-02T00:01:51.000Z
30.009997795795176,16.002967182497745,998.0057950931564,0.5620185005636126,0.44785374789321275,4096.120460419882,-1.4363524570391606,-0.9437054314300761,0.36058001588630156,0.0,0.0,0.0,0.0,25,500,28003.480175238128,,,,2026-02-02T00:01:52.000Z
29.99787955687633,15.930947197417849,998.0202487860932,-4.265191252309672,-3.8930505727177285,4100.92648422497,0.5501284812178794,-0.5050172707451764,1.3969434562328211,0.0,0.0,0.0,0.0,25,500,28004.57833048922,,,,2026-02-02T00:01:53.000Z
29.994600580852808,16.132427776312966,997.9884557604976,2.0252748192881436,-2.2358552160734795,4095.615278070438,-0.8002932816073767,-0.16392597675551596,0.8174849807703192,0.0,0.0,0.0,0.0,25,500,28001.67958896155,,,,2026-02-02T00:01:54.000Z
30.000272645076343,15.878006910000979,998.0086256650125,-0.3163076887446406,3.078394400349815,4096.603094684668,-0.01792796824979873,0.4022623446643774,0.48923977541235625,0.0,0.0,0.0,0.0,25,500,28006.826935108707,,,,2026-02-02T00:01:55.000Z
29.99733895944754,15.963840953413595,998.0054910650488,6.4861859391894665,-1.8564399346960356,4095.9305764605897,-0.035420140691509526,0.9492573018529092,-1.966048412967918,0.0,0.0,0.0,0.0,25,500,28004.6708561425,,,,2026-02-02T00:01:56.000Z
29.985067470689685,15.949434372182154,997.9965797279975,4.615832501232221,2.4868565562058498,4093.662643924761,-0.5270661182397741,-0.46378437137810796,0.44337598210237517,0.0,0.0,0.0,0.0,25,500,27972.849018060027,,,,2026-02-02T00:01:57.000Z
29.98996674542546,16.061503762776105,998.013638348802,-0.3628981384950335,0.7106763911802737,4098.28564562903,-1.0236597461307144,1.3351046172686238,1.7226276607045492,0.0,0.0,0.0,0.0,25,500,28009.063067376617,,,,2026-02-02T00:01:58.000Z
30.00707884514412,16.00481636911372,998.0040234514843,-0.21267400506262993,-3.618535429176516,4097.503866065374,-0.28568654809226357,0.9386110786254933,-3.0105225163135167,0.0,0.0,0.0,0.0,25,500,28008.01151961961,,,,2026-02-02T00:01:59.000Z
29.996193093108975,15.98918347534654,997.9906310697154,1.9911630280040595,1.2706583904324125,4097.582063894086,1.625330309075195,0.5040938319439419,0.6893825429756253,0.0,0.0,0.0,0.0,25,500,27996.376871693417,,,,2026-02-02T00:02:00.000Z
30.00025704882028,15.815578329613276,997.9988166098373,3.4063452198360755,-0.23533460438570672,4094.1812250904104,-1.361675030463631,0.15364912929661892,-0.15935857475646428,0.0,0.0,0.0,0.0,25,500,27980.257932722674,,,,2026-02-02T00:02:01.000Z
30.002349230504972,16.08650344806321,997.990511411929,-3.2760581148720336,-0.910934112499481,4098.805588621873,1.6923130191048756,0.31912084186854134,-0.8497950030229446,0.0,0.0,0.0,0.0,25,500,28002.424740256345,,,,2026-02-02T00:02:02.000Z
30.003130500488187,15.978217418516826,997.9953148428461,-3.572750930709373,0.48991418634400785,4093.1962978744154,-0.2597211710765324,1.187051150666382,0.8011285839119535,0.0,0.0,0.0,0.0,25,500,28003.266608041366,,,,2026-02-02T00:02:03.000Z
30.011465790613155,16.01156610176104,998.0070382615354,-1.2440696111087628,0.9492669711335843,4097.1737141876,0.03537141708863912,1.2235796597592736,1.7097059006073305,0.0,0.0,0.0,0.0,25,500,27995.595165174393,,,,2026-02-02T00:02:04.000Z
29.989013041849315,15.925143677990611,998.0098927404523,1.1654751663477287,1.4151836439492391,4100.38091125162,-1.0867108113847272,1.3349467283836431,0.7752307288377537,0.0,0.0,0.0,0.0,25,500,28001.866997243465,,,,2026-02-02T00:02:05.000Z
30.005702527235435,15.909417123718292,998.0022121233379,0.9937471810151942,2.3565056950960046,4094.0189273497385,-0.7712694166774808,0.04132683187700316,-0.3711919512615264,0.0,0.0,0.0,0.0,25,500,28010.718402579703,,,,2026-02-02T00:02:06.000Z
30.007550277935195,16.14992877584757,997.9924992512341,2.1395429099677004,0.8162718255567127,4094.8674045407943,-0.5029096500380191,0.554967164998613,-0.9434698244081563,0.0,0.0,0.0,0.0,25,500,28023.975217182953,,,,2026-02-02T00:02:07.000Z
30.009858517790015,15.822676142173759,998.003816084204,-2.3993950567306164,-2.7512681775727237,4096.199302730175,-1.0456949708779122,1.3435465066220513,0.14462763378954377,0.0,0.0,0.0,0.0,25,500,28001.46903672916,,,,2026-02-02T00:02:08.000Z
29.98587082400585,15.894580097221723,998.0072339963796,-4.632287725937753,-0.9472909153023821,4094.9930486917674,-0.20891795737087174,-0.6237160349163927,0.8731692923815881,0.0,0.0,0.0,0.0,25,500,28003.33913681353,,,,2026-02-02T00:02:09.000Z
30.00254819218347,16.14804921526691,997.9802788825476,1.7160283906042908,5.886096670537243,4092.8986731378677,-0.4070158918067711,-0.31841685371830375,-0.3870530262337276,0.0,0.0,0.0,0.0,25,500,27991.762111248147,,,,2026-02-02T00:02:10.000Z
30.017160759463984,16.064074638099864,998.0011647877503,-1.6563925459304691,1.4489821207634552,4096.137125949612,1.8507811424357334,0.016036663013478343,-0.2903829916507967,0.0,0.0,0.0,0.0,25,500,27994.986079540235,,,,2026-02-02T00:02:11.000Z
29.999008794808432,15.967453746825758,997.998098102016,-4.036975728777276,4.738574601622994,4093.8753925725478,-1.165974185680461,0.8995987379794065,2.8220002498383985,0.0,0.0,0.0,0.0,25,500,27998.639573696284,,,,2026-02-02T00:02:12.000Z
30.004834947019642,16.124659631428866,998.0095371125541,0.29012749191876325,2.7908681643983706,4096.94718486127,0.10269051674858726,0.9151721507186228,1.078651945959726,0.0,0.0,0.0,0.0,25,500,28011.777180353907,,,,2026-02-02T00:02:13.000Z
30.007803955945853,16.0446860116396,998.0038568916486,1.5863513764373547,0.48360414311149713,4094.1611515315326,0.24784628190182476,-0.2308641111979353,1.1501286783936322,0.0,0.0,0.0,0.0,25,500,28008.18957756028,,,,2026-02-02T00:02:14.000Z
29.989745301556017,16.023266009197442,998.0048435170147,-0.24411426424255453,0.6028141395622348,4099.099868810035,-1.0703205486518375,-1.50860945437971,-1.460285906058812,0.0,0.0,0.0,0.0,25,500,28019.29353344008,,,,2026-02-02T00:02:15.000Z
30.01833824729,16.02255620171024,997.9951808903362,-0.9156967723649785,-0.07316007975369158,4094.4334934153276,0.6868274954528385,0.24618394429596727,-0.7071886792934604,0.0,0.0,0.0,0.0,25,500,27985.0977382434,,,,2026-02-02T00:02:16.000Z
30.00499500796969,16.04652382172145,998.0000165171713,-0.3187244642918131,-3.475609231692999,4095.3558769675888,-0.3983270128816281,-0.9183161373284012,0.07468163945423903,0.0,0.0,0.0,0.0,25,500,27986.76265029351,,,,2026-02-02T00:02:17.000Z
30.005195028141934,16.050569250129744,998.0094368496981,-0.7411655248015657,0.03609450493644856,4097.6270344347395,-2.4923896515830672,-1.4899362046402225,-1.0011375578851496,0.0,0.0,0.0,0.0,25,500,28011.02082935236,,,,2026-02-02T00:02:18.000Z
29.983379726219894,16.219597305289597,997.9993512026703,-2.6960942238803343,2.4213491050843943,4093.538271367132,0.659849612104565,-1.2638715607337165,1.6003972988892943,0.0,0.0,0.0,0.0,25,500,28014.488603763144,,,,2026-02-02T00:02:19.000Z
30.007945447982134,15.980510718832733,998.0017466955574,-1.4293613539808636,-1.1992799896424073,4096.454919869208,-1.1169408841023638,0.32638100784556046,1.4103123065906453,0.0,0.0,0.0,0.0,25,500,28000.33128121671,,,,2026-02-02T00:02:20.000Z
30.00506410341379,15.98359528118518,997.9846404270156,1.042559810027629,0.8239059981236191,4098.6142855085645,-1.047774946139099,1.361037360932807,-0.5335453373840537,0.0,0.0,0.0,0.0,25,500,27955.34396136471,,,,2026-02-02T00:02:21.000Z
30.01624191327722,15.876310681242929,997.9993145996367,0.6433570827530002,1.7031820917863947,4092.7850335308776,0.6879020828923982,0.03889451623624384,1.7839186066074848,0.0,0.0,0.0,0.0,25,500,27992.56470838101,,,,2026-02-02T00:02:22.000Z
29.996887347856955,15.994810261317898,997.979880000319,0.3361196119336405,-1.8193608786249509,4096.369267717065,-0.3471614824184498,0.2113806546459647,-0.004252096719942134,0.0,0.0,0.0,0.0,25,500,28003.354936521493,,,,2026-02-02T00:02:23.000Z
29.990123416704016,16.18628868995448,997.9948385513064,-1.990296963706759,-0.9026057286873292,4096.519765588497,0.9177721505515003,1.1828949388779253,2.5893897173890488,0.0,0.0,0.0,0.0,25,500,27991.005870134224,,,,2026-02-02T00:02:24.000Z
29.993177610052257,16.098448500243467,998.0006351555772,-0.3630063242713343,-2.0358229809543182,4097.563645743555,1.2101660953653188,-1.5444549090835542,0.14468613052503645,0.0,0.0,0.0,0.0,25,500,28001.851261569376,,,,2026-02-02T00:02:25.000Z
29.994950217649926,15.945633225612466,998.0076703079449,-4.354130092885709,-1.6443312133788137,4093.526098578244,-0.6449284603222979,0.5201764216002716,0.576192750328422,0.0,0.0,0.0,0.0,25,500,28018.98555448872,,,,2026-02-02T00:02:26.000Z
29.988811534818687,16.003004136452127,997.9900084005654,0.3569533277707795,-2.5752105673061223,4093.359086773831,0.7932624959550306,-0.011589784318821215,1.3999034411695583,0.0,0.0,0.0,0.0,25,500,28014.26132819595,,,,2026-02-02T00:02:27.000Z
30.01290160023766,15.870356162441501,998.0037368414347,2.8577154156271347,-1.8008969227560536,4097.043883131234,-0.7554608013928819,0.5660574588320672,1.2776333498078092,0.0,0.0,0.0,0.0,25,500,28008.088922453702,,,,2026-02-02T00:02:28.000Z
30.013276978629317,15.90308806557017,998.0146849340437,-2.9482642640842114,2.8389113615956783,4096.593969346466,2.2331159171321766,-0.48348390840381605,0.5107320661358935,0.0,0.0,0.0,0.0,25,500,27999.355507211618,,,,2026-02-02T00:02:29.000Z
29.9980420829886,16.014944115261372,997.9935925613429,-1.1718553466355106,-1.830954058180585,4096.500985700692,-0.6929570045312151,-0.8179372904264822,-0.14114031944383582,0.0,0.0,0.0,0.0,25,500,27995.053319420997,,,,2026-02-02T00:02:30.000Z
29.99607240077916,15.950554539717954,997.9845294707827,0.6582135574202591,0.2529184381213801,4096.692896418994,1.026087440960004,0.14050890428560542,0.5141326999931192,0.0,0.0,0.0,0.0,25,500,28007.577513152773,,,,2026-02-02T00:02:31.000Z
29.981845180866806,15.895540021062159,998.0028983995705,2.5056852688549673,-1.0057375073419117,4094.639950556843,0.8437900258815756,1.6491913233344617,-0.816184171876115,0.0,0.0,0.0,0.0,25,500,28000.253946525,,,,2026-02-02T00:02:32.000Z
30.006959612553036,16.04898407647379,997.9880800299346,-0.8964492326002989,2.357731874073878,4096.464507394322,0.3160878221089338,0.8609101045414628,0.15213371886411586,0.0,0.0,0.0,0.0,25,500,28000.597044393722,,,,2026-02-02T00:02:33.000Z
30.016534401088258,15.991774991334667,997.9918100142653,-1.3845006585317927,2.622324593207233,4096.586144946597,-0.6705431614166831,-0.5076927701800915,-1.1093075324979949,0.0,0.0,0.0,0.0,25,500,27984.48784387119,,,,2026-02-02T00:02:34.000Z
29.993628052827404,15.843244962830896,998.0092333694171,-3.9378462848321663,1.7281399642778938,4094.5712971639473,-0.1513974919414092,-1.3409720359812798,-1.7808816400803014,0.0,0.0,0.0,0.0,25,500,27992.854696177743,,,,2026-02-02T00:02:35.000Z
29.998832154742235,15.792485303383222,998.0187689927537,0.20687625861621275,0.6122691062055107,4099.731549022289,-2.153588112944552,-1.6820672836977855,0.05042676413944306,0.0,0.0,0.0,0.0,25,500,28007.51860467317,,,,2026-02-02T00:02:36.000Z
30.004342914613158,15.942998850142574,997.9899930988366,4.084152080287488,-0.46211907368179717,4096.947665841823,0.22442003838225033,1.3160994518504814,1.2622778906716723,0.0,0.0,0.0,0.0,25,500,27988.989331592515,,,,2026-02-02T00:02:37.000Z
30.0172441836061,15.841173485655847,997.9926258025998,0.5547169239293518,-2.3837494083824997,4093.6173930055947,0.34961533102838527,-0.9550822881358275,0.9258046415960592,0.0,0.0,0.0,0.0,25,500,28002.657070986024,,,,2026-02-02T00:02:38.000Z
30.001997762218352,15.813108859352935,997.995601310376,-0.04455795836742663,3.8870577622443943,4097.313107217267,0.13349941906137147,-0.32551341299493647,-0.08191229572560826,0.0,0.0,0.0,0.0,25,500,28004.12503594864,,,,2026-02-02T00:02:39.000Z
30.001954299160264,16.11289692014021,997.9945219194648,0.6441646215339709,-1.5193460355051067,4094.0506366595455,-2.9733061712925575,1.3212111260775763,1.7469896981754964,0.0,0.0,0.0,0.0,25,500,28004.70887815754,,,,2026-02-02T00:02:40.000Z
30.001793185011596,15.990228911013471,998.0193329251381,-0.02218400789720412,1.3272926940656828,4097.574169207485,-1.265636445089811,-1.6139014554789917,-0.5690613908465737,0.0,0.0,0.0,0.0,25,500,28005.602642163576,,,,2026-02-02T00:02:41.000Z
29.985749674930965,15.97345536217745,997.9946943217032,-1.6260287445202597,2.1191311452467945,4098.317191158015,-0.7480909828486626,1.4922645094750588,-1.9178326617980233,0.0,0.0,0.0,0.0,25,500,28006.277260531402,,,,2026-02-02T00:02:42.000Z
29.9855320934617,15.981159418384925,997.9961224808548,1.6465598313554106,-1.1105609938106589,4094.358635363297,0.2916589331890461,-0.2536404538925019,-2.182101294200962,0.0,0.0,0.0,0.0,25,500,27993.762069079574,,,,2026-02-02T00:02:43.000Z
29.991920048308852,15.886216784920704,998.0161617747317,0.4515230462235088,2.0760250546319243,4097.926752258489,0.2893389056429845,-1.1485833152387388,-1.181190940595717,0.0,0.0,0.0,0.0,25,500,27985.323454363388,,,,2026-02-02T00:02:44.000Z
30.010128905740373,16.041097616501418,998.0057667631154,0.03522650386731463,1.5284264066777107,4096.825561853873,-0.17022379197117923,-0.24735092714891319,0.8166247432622288,0.0,0.0,0.0,0.0,25,500,27991.264645876166,,,,2026-02-02T00:02:45.000Z
29.99664642929454,15.986929967326747,998.0098589923294,-1.9507320545565,3.4559276707635305,4097.644120319989,0.6352455366039567,-0.7225967814014777,-0.6348026834673863,0.0,0.0,0.0,0.0,25,500,28007.29921196905,,,,2026-02-02T00:02:46.000Z
29.994703959511977,15.924259134402059,997.9909388712698,2.6070158638695182,-0.9386929328534224,4099.793585965308,-1.0262423753029,0.4408197989057157,0.46095864185730206,0.0,0.0,0.0,0.0,25,500,27987.991534062043,,,,2026-02-02T00:02:47.000Z
29.994528253958563,15.9392371315475,997.9946982031682,1.3294054906662198,-2.5717280345594298,4095.509223767994,0.6102350056939962,-0.6481324338877777,1.6462833835839772,0.0,0.0,0.0,0.0,25,500,27989.593893201156,,,,2026-02-02T00:02:48.000Z
29.99862343121527,15.87725412867877,997.9896028164233,-1.105841674734604,-1.0109795108890223,4094.492527671285,0.47474210483989104,-1.911642210919043,-1.100096962577806,0.0,0.0,0.0,0.0,25,500,27989.538559992423,,,,2026-02-02T00:02:49.000Z
30.017021079341017,15.959375712709816,998.0080126154603,2.0036497073638744,0.41770708506866344,4094.220971140749,0.3775547328379105,-0.22056253440898946,0.47849973179588984,0.0,0.0,0.0,0.0,25,500,27981.540255452568,,,,2026-02-02T00:02:50.000Z
29.99848802614303,15.97603721192175,998.0122524320778,-0.9951416767704143,0.11642545417011294,4094.368379430069,-0.18204043108565582,-1.356545052286539,0.5389630726557222,0.0,0.0,0.0,0.0,25,500,27988.529956338683,,,,2026-02-02T00:02:51.000Z
29.992137025946253,15.956771667087004,997.9940022563081,-1.564006985022074,-0.7868757925491009,4095.8457965811717,1.8307438248312617,0.20431988398831977,-0.8607379884731032,0.0,0.0,0.0,0.0,25,500,28010.003969133235,,,,2026-02-02T00:02:52.000Z
30.000252456290816,16.00551545573416,997.996357586771,-1.5194062349605741,-3.818394917954486,4096.682303949633,0.4931956884898786,-1.1871303322833242,1.3542109252450831,0.0,0.0,0.0,0.0,25,500,27992.832353472844,,,,2026-02-02T00:02:53.000Z
30.017550836057616,15.992148829523824,997.9967950993496,-3.5421371061761824,0.940965992258213,4096.55338159866,-0.9683358632535589,-0.4880128031720859,-0.28770705554947656,0.0,0.0,0.0,0.0,25,500,27982.510618434455,,,,2026-02-02T00:02:54.000Z
29.994971752810645,16.02307685386646,997.9845277600672,0.9430847608364115,3.9446889581644,4097.654366498072,0.2483054757359842,0.1825878042143362,-0.3837529809130093,0.0,0.0,0.0,0.0,25,500,27994.883561450853,,,,2026-02-02T00:02:55.000Z
29.98818994991569,16.094309703692158,997.9932617792224,-3.6622897566767003,0.9285024762460071,4096.026003783756,0.7524833770742185,-0.2124587250342695,2.111613218417973,0.0,0.0,0.0,0.0,25,500,28005.105472158935,,,,2026-02-02T00:02:56.000Z
29.994990087302696,16.059302347721307,998.0077326621476,-2.4568876625315252,1.2182710381070272,4098.907068154314,-0.5881085989243096,0.25043028300104486,0.5227667423667182,0.0,0.0,0.0,0.0,25,500,27981.692272351163,,,,2026-02-02T00:02:57.000Z
30.001287637363486,16.095458984051035,997.9912458149555,-4.1511760181570665,1.1448906123102036,4095.470686333524,1.089272246931099,0.6802871657177568,0.9252905496854981,0.0,0.0,0.0,0.0,25,500,28009.53310309766,,,,2026-02-02T00:02:58.000Z
30.006882409508254,15.915226577017377,998.000929818622,-0.17213938558178613,0.7940933397647998,4101.440338333179,0.3820337057160107,-1.157933699731306,1.3548929315218388,0.0,0.0,0.0,0.0,25,500,27985.590191846408,,,,2026-02-02T00:02:59.000Z
30.01006883578682,15.949138510591133,997.9869198102554,-0.30064092054374414,1.8633319337361895,4097.25133469553,-2.342478337665347,-0.06439754062470791,-0.6504739994592169,0.0,0.0,0.0,0.0,25,500,27996.04516361013,,,,2026-02-02T00:03:00.000Z
29.989542827260376,16.065359668394596,997.9985599908887,-0.6533924263727281,0.7907473623713317,4094.2856848871675,0.29967197733792633,-3.329503797508129,1.2498210970536792,0.0,0.0,0.0,0.0,25,500,27995.917348900042,,,,2026-02-02T00:03:01.000Z
29.99049154665541,16.067147767143208,997.9943667884542,-2.0851553893411525,-0.6253543393065519,4093.858215003878,-0.40602915441271537,0.24733330168252382,-0.50189411499767,0.0,0.0,0.0,0.0,25,500,27994.385598932444,,,,2026-02-02T00:03:02.000Z
29.996767377406126,15.932137938246312,997.9877832851622,-2.34446750687328,-1.591977820017508,4096.964944830486,0.537179814541736,-0.3008141303748423,-0.5446233893382973,0.0,0.0,0.0,0.0,25,500,27999.351983015185,,,,2026-02-02T00:03:03.000Z
30.00684493024697,16.061158392578175,998.0079038609615,0.9287397270931483,-0.49794731056135044,4095.5530744293483,0.9442148402518143,-0.9834497634779713,-0.27199997230813616,0.0,0.0,0.0,0.0,25,500,28007.785603539767,,,,2026-02-02T00:03:04.000Z
29.987399921023478,15.905646788335407,998.008466273612,-1.1011038634169754,0.6282589929013319,4097.428000988184,0.195162047141818,0.31571942229652405,-0.6220648349449548,0.0,0.0,0.0,0.0,25,500,27999.59198418697,,,,2026-02-02T00:03:05.000Z
29.993926730895822,16.04810557241418,997.9903046128776,0.6327166430722895,-0.6321659222459467,4096.946475249147,1.6652522339446956,1.1726975771850674,0.8221564326571629,0.0,0.0,0.0,0.0,25,500,27993.94326339907,,,,2026-02-02T00:03:06.000Z
29.99407256270588,15.997370379913436,997.9978381653581,-1.770497372248445,0.628677366262861,4095.8543421746863,-0.17870688456349573,-0.4760177475989431,0.2672106551450557,0.0,0.0,0.0,0.0,25,500,28004.57348684761,,,,2026-02-02T00:03:07.000Z
30.009417488553645,15.861556439609366,998.0004431868307,0.36212548554216467,0.8783002674008351,4094.306412563863,0.6248178230538752,-0.9448144902417202,-0.49122441461711286,0.0,0.0,0.0,0.0,25,500,28002.072637286226,,,,2026-02-02T00:03:08.000Z
30.005282607606645,15.95659261782406,997.9818523821287,2.6065560746321275,1.6663588625403636,4092.9703055506284,0.8049425736373473,0.16502526243871166,0.6745050331548218,0.0,0.0,0.0,0.0,25,500,27993.304964400733,,,,2026-02-02T00:03:09.000Z
30.0090371836105,16.218226780969548,997.9860290727361,1.1723316007855666,2.5655899376779607,4095.106970095866,-0.09734596889273275,-1.3356066666463606,-0.275182437386346,0.0,0.0,0.0,0.0,25,500,28000.423014220843,,,,2026-02-02T00:03:10.000Z
30.01338677974233,16.020278036280498,998.0128628443637,-0.8248276364329608,0.156014836957715,4097.712797588647,0.7787743079777822,-0.6603813705355391,-0.3280703703646766,0.0,0.0,0.0,0.0,25,500,27992.476574967925,,,,2026-02-02T00:03:11.000Z
29.99694349904911,16.230044997671826,997.989348731035,0.5143979407118547,-2.6155531302953214,4096.428187488261,-0.5946729871621688,1.2224021616505023,0.04868388490154364,0.0,0.0,0.0,0.0,25,500,27991.34261271603,,,,2026-02-02T00:03:12.000Z
29.988125938451464,15.855607347012496,998.0125818310826,-0.48133034906042604,-0.6902081936383802,4093.508522442576,-0.4225684190212185,0.06217922981228763,0.4634603556662172,0.0,0.0,0.0,0.0,25,500,28008.0580121415,,,,2026-02-02T00:03:13.000Z
29.98819036382153,16.075074179266384,997.9865458632562,0.015760369389456304,0.08812513481319871,4096.346361851703,-1.3124886903363124,-1.8794669639461663,0.3898476493774196,0.0,0.0,0.0,0.0,25,500,28004.46958806569,,,,2026-02-02T00:03:14.000Z
29.981618924349412,15.746566380819289,998.0065882777714,-0.6512221042970072,-3.6715375123541802,4096.770634759458,0.24140911637004694,-1.796991647279401,-0.3632491822528304,0.0,0.0,0.0,0.0,25,500,28007.703796352365,,,,2026-02-02T00:03:15.000Z
29.99541233170334,15.999976451508521,997.9968869689249,-0.3286704117707824,2.777329040204964,4094.2322851275976,0.32525167585434406,0.16208569264677555,0.8471112074394023,0.0,0.0,0.0,0.0,25,500,28006.351285011515,,,,2026-02-02T00:03:16.000Z
29.99615777385168,16.063121737765133,997.9982923373085,0.42418670614835047,0.28475582502093255,4096.307450211891,1.1792631585792293,0.8623905759176876,-0.22239415107965607,0.0,0.0,0.0,0.0,25,500,27991.12780740946,,,,2026-02-02T00:03:17.000Z
30.00787553406805,16.08378900949963,998.0185593591353,-1.9867173991639013,0.7627056691605698,4096.116417436892,0.7911400043558836,-1.6176214586261501,-0.654984488608719,0.0,0.0,0.0,0.0,25,500,28010.012819300668,,,,2026-02-02T00:03:18.000Z
30.000169142171767,15.920073027541958,997.9874581336568,-2.0317576539799567,2.7310529250525315,4093.714059404339,-0.28479555664743317,0.4497126074965085,-1.4680216487673514,0.0,0.0,0.0,0.0,25,500,27997.023928897182,,,,2026-02-02T00:03:19.000Z
29.995096715556574,16.103909042197674,998.0059479819627,-2.777085107662422,-1.2602856602846937,4096.715574720696,-1.178179687334277,1.3303435074897187,0.9831784809990213,0.0,0.0,0.0,0.0,25,500,28009.292178232674,,,,2026-02-02T00:03:20.000Z
29.998840012738395,15.94662852399553,998.0055348966356,-3.20054220900742,1.1480838617680602,4097.121569052736,0.432850402519974,1.8878589879586387,0.012390076194007553,0.0,0.0,0.0,0.0,25,500,27998.74883390029,,,,2026-02-02T00:03:21.000Z
29.989610265162852,15.98359027488876,998.0335457338916,-2.4345653844409587,-0.21972824620387135,4098.166102486351,1.110753172414642,0.3312227598598763,0.21087235851051478,0.0,0.0,0.0,0.0,25,500,28003.131630878794,,,,2026-02-02T00:03:22.000Z
30.010254065707514,15.956667778064336,997.9892286917977,0.31892501360825837,-0.3681737340318388,4098.10760410407,0.7551849738039433,0.5068025945524742,1.0458029156995154,0.0,0.0,0.0,0.0,25,500,28003.43227928947,,,,2026-02-02T00:03:23.000Z
29.992140844371907,15.886361064926767,997.993740152065,-1.7855750309837681,-1.5443847756087585,4093.2446612640856,1.0844775248572875,-2.133184427628144,-0.47740623159781603,0.0,0.0,0.0,0.0,25,500,28008.132003852843,,,,2026-02-02T00:03:24.000Z
29.98860068728064,16.156971958742087,998.0081592228584,1.0272289284621925,3.3312064273730546,4094.1243499201696,-0.21188953119824255,2.099752547995989,-1.3743992484741285,0.0,0.0,0.0,0.0,25,500,27983.65453878991,,,,2026-02-02T00:03:25.000Z
30.008178819667076,16.00480178171581,997.997997361408,0.06942749750512373,-0.7510000801511418,4097.030070534417,-0.4666189681756455,-0.5754902130961214,0.06978070221521851,0.0,0.0,0.0,0.0,25,500,27984.236022872905,,,,2026-02-02T00:03:26.000Z
30.00574164208364,16.108731837865864,997.9953694904327,-3.9370084268761074,1.3989284937914042,4097.027571901825,-0.736901352231799,-0.9334711584250414,0.3079615520802954,0.0,0.0,0.0,0.0,25,500,28006.71710865102,,,,2026-02-02T00:03:27.000Z
29.98276314621441,16.10447112417646,998.0095751148832,1.3099511684433796,-3.750014774943873,4097.030095372612,-0.05589646661359551,-0.2552061344396246,-0.2628490661603728,0.0,0.0,0.0,0.0,25,500,28003.563624649934,,,,2026-02-02T00:03:28.000Z
30.0085500163471,15.903205978572702,997.997334315637,1.6215972911834198,2.359977059379573,4103.705462981309,-0.0785907959688194,1.511673414185431,1.473737578076169,0.0,0.0,0.0,0.0,25,500,27992.243563518114,,,,2026-02-02T00:03:29.000Z
29.99258407360906,16.12161272476716,997.9910814092962,-1.9877253496697067,2.104422311914117,4097.141781021386,0.2066776285391162,2.208046047543548,-2.4861665677213565,0.0,0.0,0.0,0.0,25,500,28003.64308909017,,,,2026-02-02T00:03:30.000Z
29.99625895472436,16.050341424354933,998.0072621015477,0.8403830857899832,0.19486822059460607,4098.271131280361,-0.129297457035508,0.12540867947584441,1.120056637899783,0.0,0.0,0.0,0.0,25,500,27985.92039789896,,,,2026-02-02T00:03:31.000Z
30.00187020107694,15.895909813552711,998.0037528800802,-1.712996474818398,-0.4538849322758487,4097.908003526986,-0.13362772972677125,0.9980841726036552,0.7911536503642258,0.0,0.0,0.0,0.0,25,500,28032.64289510869,,,,2026-02-02T00:03:32.000Z
30.00586624882617,16.04488508313415,997.996871534044,0.1953407534966708,0.8000000112271328,4097.302782502612,-0.7766940529721439,0.0432040486855039,0.4567707777004593,0.0,0.0,0.0,0.0,25,500,28013.11571386828,,,,2026-02-02T00:03:33.000Z
30.004454791746877,15.897703211513193,997.9963969848123,-2.5289968139099313,4.5775813217605785,4095.3694615107192,0.9416190135514908,-1.037795473018184,-3.3359015494690962,0.0,0.0,0.0,0.0,25,500,28006.223026774078,,,,2026-02-02T00:03:34.000Z
29.99950181669094,16.160645836797865,997.9908509339506,-3.5862129050691536,-3.5264733978069702,4097.517938440987,0.0765180622437113,1.4767436707882908,1.2838887832702683,0.0,0.0,0.0,0.0,25,500,28000.756303706774,,,,2026-02-02T00:03:35.000Z
29.995753566710842,16.08137867449221,998.0072509685511,-0.7656343792259374,1.5640547751482552,4094.454349570925,-0.17444393428528215,-0.622127480356389,-1.0264341106358852,0.0,0.0,0.0,0.0,25,500,27993.81271955195,,,,2026-02-02T00:03:36.000Z
30.004122206935655,15.992885143780896,997.9963989218274,-0.2474578925496723,-1.8232346043078052,4095.52636278652,-0.7474292532492047,1.5355307733718824,-0.5076919783833868,0.0,0.0,0.0,0.0,25,500,27986.898137606542,,,,2026-02-02T00:03:37.000Z
29.998816121626557,16.12648036182172,997.9923015409643,-0.7953593872292081,-0.039836792599462406,4095.0292729043417,-1.331913110391086,1.2985413297690838,-0.17059266479006882,0.0,0.0,0.0,0.0,25,500,27998.861773725104,,,,2026-02-02T00:03:38.000Z
30.018053544591258,15.841801235529646,997.9871444483281,-2.368061116445119,-0.49576023815732606,4096.163748278773,1.3079641925493437,0.6140362639572081,0.40741803465197535,0.0,0.0,0.0,0.0,25,500,27991.40239364305,,,,2026-02-02T00:03:39.000Z
30.0058640900997,15.925065869987996,998.003921543579,-0.7997981242622741,-0.8566365155955113,4100.629317133347,0.5546387081318072,1.828974756254353,0.6394280421925499,0.0,0.0,0.0,0.0,25,500,27991.98558151347,,,,2026-02-02T00:03:40.000Z
29.990765843750097,15.974758027825963,997.9949141702109,0.538589505161468,-0.020930258105458677,4092.2654696148165,-1.6239178425699672,2.2323460331857383,0.8928405543192964,0.0,0.0,0.0,0.0,25,500,27985.832433602256,,,,2026-02-02T00:03:41.000Z
29.995224000486264,16.223568468142552,997.9798732468602,-0.08978606024507396,-2.268342290555581,4097.372520380749,0.7631423007096569,-0.1752433629643115,0.8158535100785161,0.0,0.0,0.0,0.0,25,500,28002.496630519312,,,,2026-02-02T00:03:42.000Z
30.000481921772597,15.89295170991266,997.9879673121036,0.3650020611984268,2.058360872255934,4092.7745682576206,0.9224811702331092,-0.8087941184164312,0.25292720421312587,0.0,0.0,0.0,0.0,25,500,27996.23006494177,,,,2026-02-02T00:03:43.000Z
30.012994312150706,15.829269405825933,997.9976640306434,-1.3402304009084658,-3.5882870223972008,4095.056136268421,0.12437612230092951,-1.8642698372564723,0.4159226590575908,0.0,0.0,0.0,0.0,25,500,28005.35071574826,,,,2026-02-02T00:03:44.000Z
30.01411105009112,15.855561448550173,997.9979446233508,2.343435829432319,1.079529025656684,4098.177901193934,1.598110895751759,2.244682255430256,-1.0907537158222465,0.0,0.0,0.0,0.0,25,500,28004.57098793655,,,,2026-02-02T00:03:45.000Z
29.996038652796344,16.09062158692056,997.9975645774963,-2.3523466731095612,-0.6530717050691422,4096.128560038191,0.21671964212288297,-0.43968200891844966,-0.7510268068190222,0.0,0.0,0.0,0.0,25,500,28002.294646300797,,,,2026-02-02T00:03:46.000Z
29.990663657834105,15.940580772946115,997.9961724388843,0.9751205941734372,-2.3418497876149074,4093.844510444141,-1.4168235279491899,1.1350368571017395,0.8954602236748322,0.0,0.0,0.0,0.0,25,500,28026.59440258054,,,,2026-02-02T00:03:47.000Z
29.98938502358794,15.98409133356314,997.9852414627726,2.363782185919923,0.4047667411973904,4094.56939258148,0.365169001048321,-0.7412553675094832,0.8372094867286812,0.0,0.0,0.0,0.0,25,500,28008.237055135654,,,,2026-02-02T00:03:48.000Z
30.002524287572157,16.076283264167447,997.9912545147586,0.9618161854977908,-3.113902173412956,4097.359195497869,0.24489730171272925,1.538265640912035,0.7237994164444209,0.0,0.0,0.0,0.0,25,500,27987.3943398935,,,,2026-02-02T00:03:49.000Z
30.023037843092176,15.98419153720421,998.0118377698649,-0.40504845412966006,0.07942764343926936,4094.539266736566,-0.6032968487781549,-0.7001175918154133,-0.5144167616565275,0.0,0.0,0.0,0.0,25,500,28004.587364479215,,,,2026-02-02T00:03:50.000Z
30.005390941042553,16.020414660450804,998.0103622812685,-1.0565940933259583,-2.845753815623109,4096.432917179164,0.573558836877425,-1.1917191336173432,0.9104921319436958,0.0,0.0,0.0,0.0,25,500,27999.459812570316,,,,2026-02-02T00:03:51.000Z
29.98406087473316,16.05352151476097,998.0057795178234,2.072175302092512,0.9225441686356624,4096.091143679808,-1.667665266190862,-0.20850643095375032,-1.161244452480358,0.0,0.0,0.0,0.0,25,500,27986.584694291734,,,,2026-02-02T00:03:52.000Z
29.99273995896754,15.956932360803979,998.0048950260405,-2.845949850523346,-1.848714667260751,4094.6967993047883,0.9905668274427895,-0.5317757009616373,1.077359809862273,0.0,0.0,0.0,0.0,25,500,27985.783671199235,,,,2026-02-02T00:03:53.000Z
29.993760857981552,15.98336829400703,998.0090475590806,-1.9402485207592872,-0.9019880340586188,4100.287888178651,-0.8781217036054526,0.5962997854612124,-0.2608708012458902,0.0,0.0,0.0,0.0,25,500,28004.532029172795,,,,2026-02-02T00:03:54.000Z
29.991779974798852,16.0241955402321,997.9887920526251,-0.7951155309834428,0.5878987758863244,4097.267838044636,-0.9849461251170324,-0.05139492719252362,1.6841704063406324,0.0,0.0,0.0,0.0,25,500,28006.975475348787,,,,2026-02-02T00:03:55.000Z
29.996121061750657,16.086817927305322,998.0003292836676,2.4753075150239963,-1.5450842236844717,4091.9497148266846,-0.11382477230747688,0.6277023945519214,-1.521442092065485,0.0,0.0,0.0,0.0,25,500,27989.537428006755,,,,2026-02-02T00:03:56.000Z
30.0036939486102,15.920763073581934,997.9887973284935,0.7595352720817921,-0.11592799933660505,4096.372908629539,0.4329729280436354,-0.29102147308529397,1.7634040459185218,0.0,0.0,0.0,0.0,25,500,28009.701670531947,,,,2026-02-02T00:03:57.000Z
30.006819811693227,15.697942407817022,997.9889708553023,-1.9360915170204906,-3.0276610024897073,4094.6764270704634,0.16392406359342962,-0.6651073710188052,-0.36146432916346183,0.0,0.0,0.0,0.0,25,500,28002.849143968153,,,,2026-02-02T00:03:58.000Z
30.010917634909166,16.067958314938565,998.0036806493774,-0.6206154107698073,1.2617512071923112,4097.704866669593,-0.7426591657723782,-0.5835605478960735,-0.3794792560117442,0.0,0.0,0.0,0.0,25,500,28011.958591569426,,,,2026-02-02T00:03:59.000Z
30.00524202573047,16.092771591875007,998.0094675043914,-1.2286462881925888,3.5298276111015428,4094.4149585231344,-0.5060892911918885,2.0449387980310263,0.1948388189855969,0.0,0.0,0.0,0.0,25,500,28010.896203983393,,,,2026-02-02T00:04:00.000Z
29.98045849759671,16.02000341621302,997.9980615086557,-1.4195779844670702,5.5844177358199225,4095.770527117066,-1.133042347377462,0.22517093222693582,-0.6970789128006968,0.0,0.0,0.0,0.0,25,500,27998.41563084597,,,,2026-02-02T00:04:01.000Z
29.98942695412469,16.026829321895654,998.0164900043221,1.9577791171135583,0.18233629333287835,4097.009974557961,-0.22467990162987012,-1.9837622094530445,-0.07232900130230689,0.0,0.0,0.0,0.0,25,500,28016.35599730102,,,,2026-02-02T00:04:02.000Z
29.99841905963141,15.943569010585984,998.0021178432704,-2.7434862585270112,1.5764082815943734,4097.73151038834,1.0750212145109097,-0.520209013454081,-0.7376262652708545,0.0,0.0,0.0,0.0,25,500,27988.758839098795,,,,2026-02-02T00:04:03.000Z
30.001472798557675,16.050018342153493,997.9922321446759,3.217561711468747,-3.5612513458149784,4093.5994071858886,-0.004262937643876164,0.09686603247587562,-0.701063530979187,0.0,0.0,0.0,0.0,25,500,28023.902945049507,,,,2026-02-02T00:04:04.000Z
30.008614183598763,16.08531668196842,997.9891327144812,1.6564593803692456,3.0054686526111762,4095.330997528318,0.8594142547594531,1.8453996812503788,0.48688595030057186,0.0,0.0,0.0,0.0,25,500,27991.212143195142,,,,2026-02-02T00:04:05.000Z
30.00043184176217,16.00564963414185,998.0101813148418,2.181723341207396,1.5524570094482122,4095.050109377678,1.4554013377261916,1.0286987158898995,-0.901565495303516,0.0,0.0,0.0,0.0,25,500,27999.51997268322,,,,2026-02-02T00:04:06.000Z
30.000507072538635,16.249124833000728,998.0012845911574,-0.9258790240505166,-0.967866889902466,4094.6933415348526,-0.588018519036967,-0.9217178364819151,-0.7681942350054822,0.0,0.0,0.0,0.0,25,500,27994.328117013873,,,,2026-02-02T00:04:07.000Z
30.00237797363139,15.843625891232861,998.0067604737817,-0.2998814381582187,2.4743616005780185,4099.530908480562,-0.18657325305536468,2.418355753572451,-1.372791249746409,0.0,0.0,0.0,0.0,25,500,27996.232090121204,,,,2026-02-02T00:04:08.000Z
29.99744978261219,16.016296167085635,997.9734203673954,-2.866303629049424,-0.508952153290683,4096.809963421922,2.171192861062495,-0.031160364801477616,-0.5039306799613394,0.0,0.0,0.0,0.0,25,500,28029.23553662514,,,,2026-02-02T00:04:09.000Z
30.000868851398778,15.882564703768269,998.0024467203434,-1.049324814133606,-0.916050366029113,4093.47823209133,1.4443434119799452,1.2463298110749446,1.311602029723922,0.0,0.0,0.0,0.0,25,500,27995.37279312589,,,,2026-02-02T00:04:10.000Z
30.011258321790116,16.08798459239569,997.994882258115,0.9873096952863017,0.9506698508549826,4097.83572389411,-1.6724045258123525,-1.1550084973999026,-0.8459336401029685,0.0,0.0,0.0,0.0,25,500,28008.51108372293,,,,2026-02-02T00:04:11.000Z
29.99916089101216,15.841852457195781,997.9860624046408,2.5921261235627924,-2.126708999660637,4100.244312394026,0.38714831606090655,-2.3981630952508977,-0.7316332651872413,0.0,0.0,0.0,0.0,25,500,27997.645970887137,,,,2026-02-02T00:04:12.000Z
29.999697872732156,15.86660784572823,997.9993731765705,-2.2143136336049034,2.043249528799896,4098.064930521103,0.0005599923396953997,-1.4084314903683608,0.19392194648153552,0.0,0.0,0.0,0.0,25,500,28009.365504295878,,,,2026-02-02T00:04:13.000Z
29.999664145952327,15.93668130594508,998.0109181353365,-0.7310118739705317,-2.1119796238536868,4092.961260068092,0.8264531108587624,-3.250333476195706,-0.3707964337995265,0.0,0.0,0.0,0.0,25,500,27994.55840481629,,,,2026-02-02T00:04:14.000Z
30.012977738137913,16.02658321698554,998.0226622828642,-0.30259844046504464,-2.1001095796463725,4095.0315318542675,-0.7449787674850553,2.1120893272529084,2.22815443334965,0.0,0.0,0.0,0.0,25,500,28002.56132093659,,,,2026-02-02T00:04:15.000Z
29.988919466731705,15.940452861133839,998.0024215240733,-2.7915784043849703,-1.8193795768166687,4098.533822298373,-0.8396083720406722,0.21453291888641599,-0.16252796467625671,0.0,0.0,0.0,0.0,25,500,28006.286983004728,,,,2026-02-02T00:04:16.000Z
30.01775846894791,15.941455873740091,997.9929085341004,1.1826984835168006,1.5190000750322443,4094.584661068762,-0.6760707152936095,-0.9246440184480313,0.33521834621737173,0.0,0.0,0.0,0.0,25,500,27992.781885466637,,,,2026-02-02T00:04:17.000Z
29.988236181454845,15.981910954507391,997.9923049744348,-1.4479806634852181,-1.2335507230394154,4096.887638856292,-0.5719285461984328,0.4526240299801209,0.943768784799322,0.0,0.0,0.0,0.0,25,500,28027.577259242255,,,,2026-02-02T00:04:18.000Z
29.99345779738672,15.975775984093849,998.0096313236206,-0.39078070235404794,-2.6959915687343377,4097.549268106859,0.8153241668090142,0.18933403618016584,0.9245778658628506,0.0,0.0,0.0,0.0,25,500,28006.80941043234,,,,2026-02-02T00:04:19.000Z
30.007447382697155,16.148744938831854,997.9900312588085,-0.9038987438237553,-1.211359999871596,4094.146139056844,-1.18120117314888,0.6209333956139913,0.23328758155737933,0.0,0.0,0.0,0.0,25,500,27997.740290454825,,,,2026-02-02T00:04:20.000Z
30.01030316695474,16.068591111966896,998.0062242737953,-1.5786770114393487,-0.06408474136097374,4095.8809492878763,-0.6226138999593189,1.2095314011362686,-0.16112748668600121,0.0,0.0,0.0,0.0,25,500,27993.027654831494,,,,2026-02-02T00:04:21.000Z
29.985965009830014,15.967542326021535,998.0029368118996,-0.014089970961109399,-2.361944967328771,4089.517465319862,-1.7890123905014412,-0.2899211530250153,2.024028536379257,0.0,0.0,0.0,0.0,25,500,28000.91723023627,,,,2026-02-02T00:04:22.000Z
29.989072981367528,16.20970119112136,998.0018310139188,-0.43121915713604475,-2.303362218068687,4093.9512247173316,1.007117823412373,-0.8798393061009868,-0.09976027531426664,0.0,0.0,0.0,0.0,25,500,27987.840019893865,,,,2026-02-02T00:04:23.000Z
30.002778428094718,16.0491661174856,997.9843188141012,-0.7437157645573311,4.222592668199169,4095.4948636972135,1.2710300994311405,0.8277752143719177,-0.4416901044284806,0.0,0.0,0.0,0.0,25,500,28017.8229526385,,,,2026-02-02T00:04:24.000Z
30.023444193877637,15.903103794468645,997.9964304179778,-1.4569232433606856,-1.7211308076277738,4093.50443363607,-0.3270734308637865,0.8023327778844658,-0.6458489882940185,0.0,0.0,0.0,0.0,25,500,28004.31253772401,,,,2026-02-02T00:04:25.000Z
30.012462627809988,16.025651373999185,997.9854184220865,0.6390493415659109,-0.6460847375460136,4099.264822607864,-0.297949364813223,0.10073580812134493,-1.726803202706756,0.0,0.0,0.0,0.0,25,500,27999.120139325885,,,,2026-02-02T00:04:26.000Z
29.99751902950368,16.053551254486532,997.9941175259868,3.30723453698457,-0.7344740015985717,4093.139717244079,0.45322190228289727,2.1775541886807726,0.8216157522371632,0.0,0.0,0.0,0.0,25,500,28010.459778543565,,,,2026-02-02T00:04:27.000Z
29.975808708619244,15.931237528093865,998.0091713866152,0.27977446567825476,-0.8427136155408838,4095.119911026606,1.4744820073782556,-0.43782212286165223,-2.3480683971008265,0.0,0.0,0.0,0.0,25,500,27992.78485221914,,,,2026-02-02T00:04:28.000Z
30.000816427344212,15.894749108919395,998.0123105790335,1.992236429822258,1.2426934799382046,4096.261481154572,0.40861074756391724,-0.8998579716352683,-0.005722840904920714,0.0,0.0,0.0,0.0,25,500,27988.440404135694,,,,2026-02-02T00:04:29.000Z
30.003622968036467,16.008645909004244,998.0021394864949,-2.7804438503069253,1.896285900944099,4098.882546578132,-0.6975419424751146,0.41809142750660166,-0.20486063427138504,0.0,0.0,0.0,0.0,25,500,27998.698669282712,,,,2026-02-02T00:04:30.000Z
29.99617304858917,15.963977822869396,997.9942965948757,0.31552287858753897,-0.6119088630631841,4093.128275697641,-1.6188225719864404,-0.6749378569134983,2.239965192231448,0.0,0.0,0.0,0.0,25,500,28001.275436494696,,,,2026-02-02T00:04:31.000Z
29.991492760094534,16.147912788845545,998.0158809933235,-2.194736637942133,-2.472956573184698,4098.32632750431,-1.1151262626634877,0.49551652414489566,-1.8316512287136264,0.0,0.0,0.0,0.0,25,500,28005.30586206593,,,,2026-02-02T00:04:32.000Z
30.001591652603214,16.074115582408492,997.9941640936624,-2.953849855063803,2.5488804556978066,4096.02046612204,0.07321945031246505,-0.8330082558394399,-0.901103286984357,0.0,0.0,0.0,0.0,25,500,27985.23722083568,,,,2026-02-02T00:04:33.000Z
29.99057738806106,15.935922472591342,997.9886431350819,-1.4787428149180726,-0.19068218239336523,4094.036982697904,-0.6553275232007943,-0.4002422829318855,-0.13609645868164935,0.0,0.0,0.0,0.0,25,500,27995.436831699808,,,,2026-02-02T00:04:34.000Z
30.018724486608086,16.042593811094857,998.0069648296792,2.3837986688271458,3.4606436297143373,4096.924206948526,0.1949677059907586,1.8908404200391653,-0.1975293374691683,0.0,0.0,0.0,0.0,25,500,27969.165352068314,,,,2026-02-02T00:04:35.000Z
30.015167447975337,16.126712814272473,998.0045773404257,1.9000316573392912,-4.491171795130326,4096.398119391147,-0.552924016236234,-0.4055873567476789,-0.5495445908100448,0.0,0.0,0.0,0.0,25,500,27988.17650829094,,,,2026-02-02T00:04:36.000Z
30.006579126315927,15.860619555410034,997.9945742408908,0.48600944410879937,0.39080644256664054,4094.7995662456824,-1.0581464312944115,-0.7988515440172963,-0.0809879094021674,0.0,0.0,0.0,0.0,25,500,28007.152615337003,,,,2026-02-02T00:04:37.000Z
30.000897105691195,15.897722175901224,998.0010022522957,-3.0654011197798616,3.8372126677524157,4096.13960416998,-1.177031631453071,1.1706787887065002,-1.2595627288697413,0.0,0.0,0.0,0.0,25,500,28009.610258085748,,,,2026-02-02T00:04:38.000Z
29.993398359133863,15.998883138272047,998.0044215998885,-0.3925613027758736,-0.7065282708763164,4095.2293728062764,1.5623545093732296,-1.0510419502866937,0.357192878994939,0.0,0.0,0.0,0.0,25,500,27988.57995464687,,,,2026-02-02T00:04:39.000Z
29.99979212816109,16.003560196790502,998.0020367884105,0.6034000178034711,-0.45098684666927213,4096.2270346905025,0.8889877491836431,-0.692943230147068,-2.3214853420775783,0.0,0.0,0.0,0.0,25,500,27996.753954509255,,,,2026-02-02T00:04:40.000Z
30.016392971352072,15.994780249453713,998.0045893895497,0.3510724591571958,0.5910233831806775,4097.324261349042,1.7305179518279585,0.5765611205089946,-0.02576935587725707,0.0,0.0,0.0,0.0,25,500,28000.25606155128,,,,2026-02-02T00:04:41.000Z
30.008686540584367,15.968922282121232,997.9949428513844,-3.6875871669614915,-1.1175916377699147,4099.172033632291,0.5399509007551029,0.9384114238732918,-0.6003566942635733,0.0,0.0,0.0,0.0,25,500,28010.78110138842,,,,2026-02-02T00:04:42.000Z
30.002036922784765,15.967393967754798,998.0052624504424,-1.7806356960397436,-0.6241438641054657,4093.5243690023462,-0.42999140861483903,1.2204763910810745,1.0162879427566356,0.0,0.0,0.0,0.0,25,500,28015.29094866517,,,,2026-02-02T00:04:43.000Z
30.009239743341677,16.038425813682164,998.0001755783759,-0.12815552829743326,-0.6756301883828061,4100.266066749313,1.323340922489938,-0.7472218322204848,1.7553110706333046,0.0,0.0,0.0,0.0,25,500,28001.53082255223,,,,2026-02-02T00:04:44.000Z
30.005456106633808,16.113394255363918,997.9952818947846,1.0725818190343799,-1.2548414688527465,4092.095824400955,-0.033068001361767865,0.5960086729861199,-0.3310521687503577,0.0,0.0,0.0,0.0,25,500,27997.393833444177,,,,2026-02-02T00:04:45.000Z
30.00396277539887,15.951904727031158,997.9975411523777,-4.392255642199893,2.457713100401119,4095.6964298099288,0.22084177029035232,-0.46610819954417965,1.390725929141431,0.0,0.0,0.0,0.0,25,500,27985.563063912992,,,,2026-02-02T00:04:46.000Z
30.009805632589917,16.243839934517066,997.9990209816408,-0.32424795095971687,0.9221560645928703,4097.176634412969,-0.042824379075518997,-0.6056556335106323,-0.31611628063041075,0.0,0.0,0.0,0.0,25,500,28001.08069234561,,,,2026-02-02T00:04:47.000Z
30.005170276448247,16.196069143574032,997.9855462166294,0.2860975397579047,0.5012564642066041,4096.56198373547,-2.9469042192840145,1.2032127822922853,-0.9661265231290901,0.0,0.0,0.0,0.0,25,500,28020.749225014904,,,,2026-02-02T00:04:48.000Z
30.008585514701032,16.132925562958008,997.9936334075343,1.6992239770324262,1.6171420137802335,4094.754600960359,1.6047350122948532,-0.5495543958595862,1.7459036321856196,0.0,0.0,0.0,0.0,25,500,28012.901925499373,,,,2026-02-02T00:04:49.000Z
30.001613870496346,16.062248333456157,998.0006490551559,1.3857151684748734,-0.5287116664069338,4095.5837554992854,0.49100394595775343,0.27820459602097986,0.5207764447340067,0.0,0.0,0.0,0.0,25,500,28001.748582962588,,,,2026-02-02T00:04:50.000Z
29.9974587417681,16.200798810647015,997.9864900896462,1.1651426376176104,-1.548407636705801,4095.0139981306825,0.32982306086851004,0.15557946923063878,0.004438522609814357,0.0,0.0,0.0,0.0,25,500,28003.033778087,,,,2026-02-02T00:04:51.000Z
29.9945183712106,15.97098846350006,997.9938007633818,-1.5998810134038683,-1.2052486092291148,4094.8212704861116,-0.0617760622705607,-1.0707543763385026,0.6871774750986485,0.0,0.0,0.0,0.0,25,500,27993.11483638548,,,,2026-02-02T00:04:52.000Z
29.99332690394529,15.916739558800977,998.0238464497837,-3.816004274246615,0.003566082209217804,4097.699204194042,0.163427820386131,0.9660928553563207,0.2742150351301673,0.0,0.0,0.0,0.0,25,500,27996.428643712235,,,,2026-02-02T00:04:53.000Z
29.983948295575583,15.947402794059602,997.9887074163518,-0.7861055141228019,-2.118423416745804,4096.71403097193,-0.5972789358462477,0.5602808936789537,-0.06921940794151801,0.0,0.0,0.0,0.0,25,500,28001.475991755844,,,,2026-02-02T00:04:54.000Z
29.990880600531884,15.899705719690992,997.9961618608735,2.00326365041712,-1.000522033173351,4094.6141808094785,0.6165793523072711,-1.9862906118704209,-1.3264348273079964,0.0,0.0,0.0,0.0,25,500,28001.506343403184,,,,2026-02-02T00:04:55.000Z
29.990591464704178,16.012180132231336,997.9916628272147,2.786909055048863,-1.0322332837428694,4097.799199750866,-1.3070983443991324,0.2774211112373432,-0.2705367371612667,0.0,0.0,0.0,0.0,25,500,28010.10749932903,,,,2026-02-02T00:04:56.000Z
29.99492654804016,16.029983046412774,997.9988312999604,1.4210982045955707,4.249112459658027,4096.6145990417535,0.18606843247054689,-0.772973434166621,0.6232554234584727,0.0,0.0,0.0,0.0,25,500,28009.620829327414,,,,2026-02-02T00:04:57.000Z
30.015622442106384,16.020083983868112,997.9918508165687,0.8586816456034687,-5.547629879867833,4097.625724237678,0.5615734705711045,1.0970753064126277,-0.12277142568681056,0.0,0.0,0.0,0.0,25,500,28005.20566780211,,,,2026-02-02T00:04:58.000Z
29.99842438044446,15.99875686478182,997.9975675687671,0.759279296771931,-0.3592394428112665,4097.259257683847,-0.198669133822903,-1.4453998367807581,0.9023257611303859,0.0,0.0,0.0,0.0,25,500,27990.008538218008,,,,2026-02-02T00:04:59.000Z
30.002417668898843,16.01331545281716,997.9928145296485,-1.112237493521561,3.4513875856295413,4094.342009978156,0.37086779247102475,-0.3564769686295441,0.38365502386678896,0.0,0.0,0.0,0.0,25,500,27990.385846788184,,,,2026-02-02T00:05:00.000Z
30.00273319644512,16.17363238088499,998.0105512781637,-0.26012058710724006,0.24368892826490793,4094.879637919606,-0.9913343922342502,0.36202455098846575,-0.8781363180854069,0.0,0.0,0.0,0.0,25,500,27991.121085297153,,,,2026-02-02T00:05:01.000Z
30.015875809128424,16.06200518676391,998.0008163703772,3.338139051652662,1.5068349468421856,4097.494587210246,-0.9658267708959641,0.05434029414187518,-1.3191719578321237,0.0,0.0,0.0,0.0,25,500,28002.355202892068,,,,2026-02-02T00:05:02.000Z
29.994244145461547,16.092250879660483,997.9899702734303,-1.8851160115837526,0.19965263019953583,4097.220740530867,0.23671712102639317,0.7629582567139714,-0.15717849993016805,0.0,0.0,0.0,0.0,25,500,27979.73678945244,,,,2026-02-02T00:05:03.000Z
29.99777477919742,16.01907899366868,998.0084079652383,3.229557581419703,-1.3346667624329607,4095.9581968120715,0.6785496546210517,-1.5184219860092891,-0.5242284481045876,0.0,0.0,0.0,0.0,25,500,27999.937249275354,,,,2026-02-02T00:05:04.000Z
29.99893800628226,15.838441130153193,997.9904173338397,-0.6440563089841168,-4.483831869017826,4096.2346547666175,-1.874865655501711,1.651914336867378,0.3363218096216861,0.0,0.0,0.0,0.0,25,500,28014.08642716454,,,,2026-02-02T00:05:05.000Z
30.01136534855775,15.818611752953048,997.9843591981108,2.650864218190157,0.4109113740726057,4098.555329791577,0.5220206351107666,0.5251446587882714,-0.7181376587627298,0.0,0.0,0.0,0.0,25,500,28006.668260346807,,,,2026-02-02T00:05:06.000Z
30.013441056937545,16.20828099902085,997.9999695751256,-2.8136300189950765,-1.5512132092047823,4094.8168572223285,-0.5432015003763371,1.359718213000896,-0.6153923257548771,0.0,0.0,0.0,0.0,25,500,27996.492723890544,,,,2026-02-02T00:05:07.000Z
30.00474583819694,15.946817772476878,998.0190726442434,1.1718084023292983,-1.6006708123306075,4097.0941947623405,-0.19280608730741247,0.8742401692332417,1.0530697175949124,0.0,0.0,0.0,0.0,25,500,27993.0174458625,,,,2026-02-02T00:05:08.000Z
30.012329093740618,15.938324865584807,997.9817233587108,-1.473540271895244,-0.9979745119582237,4095.595614695132,-1.3395179235650372,-0.01161011445504353,0.14820296862789786,0.0,0.0,0.0,0.0,25,500,28008.057152847767,,,,2026-02-02T00:05:09.000Z
30.00177660996469,16.024566324137727,997.9866901207843,-2.830534383848375,3.489722813246987,4095.5646375935457,-0.8516172401867081,-1.2841982109111607,-0.7027270654272929,0.0,0.0,0.0,0.0,25,500,28003.06055366052,,,,2026-02-02T00:05:10.000Z
29.998273967523833,16.055040297832992,998.0075252566317,0.43706808482189136,4.809675084507946,4098.197553703974,0.9661253255303113,-0.5635531812487009,0.017641808735019672,0.0,0.0,0.0,0.0,25,500,27997.535675474173,,,,2026-02-02T00:05:11.000Z
30.011787240865857,16.06768621373344,997.9935767860039,2.0189435771919375,0.4344158750568018,4097.6508326979765,0.032863373980213176,1.5895633328625773,1.3789112430016826,0.0,0.0,0.0,0.0,25,500,27994.10969121094,,,,2026-02-02T00:05:12.000Z
30.004876176752337,16.177441853288002,998.0061194856725,-1.6898828771869927,-0.9295344478234554,4097.627019272001,-0.3827784017095585,1.3854377816563823,0.29378668827472265,0.0,0.0,0.0,0.0,25,500,28000.763829896874,,,,2026-02-02T00:05:13.000Z
29.992644693340925,16.150073638265795,997.9916251109306,-2.9980319209168025,-2.3544528349024207,4098.610957614309,-0.11648835263103476,-0.61959998010369,0.5929508094251296,0.0,0.0,0.0,0.0,25,500,27996.96963236013,,,,2026-02-02T00:05:14.000Z
30.009974209381244,15.918906677536118,998.0014196217741,-0.18368952866991026,0.9370803230921382,4096.042007683265,0.4892118246643012,-2.8183042862021788,-0.7522345365274425,0.0,0.0,0.0,0.0,25,500,28007.843795699166,,,,2026-02-02T00:05:15.000Z
29.997915073689796,16.09687345734218,998.0174447392538,-0.17487065755436215,3.565811200130288,4097.36390594259,0.44049449616333775,-0.21268973430511875,1.0264193771346004,0.0,0.0,0.0,0.0,25,500,28012.411690959787,,,,2026-02-02T00:05:16.000Z
29.99669176477276,15.96159090817892,997.9880541035297,1.0966392551089974,-0.4946807740503135,4095.3794664868133,-0.07502700039680087,-0.2877028881291165,2.3181022604638017,0.0,0.0,0.0,0.0,25,500,27986.32750172157,,,,2026-02-02T00:05:17.000Z
30.008930043681996,15.986249125556922,998.0102376081014,1.8991891427289764,-4.7579920815064485,4096.648332704977,1.0929591108966683,-0.24977261204038337,-0.7914676425128536,0.0,0.0,0.0,0.0,25,500,27987.741804274712,,,,2026-02-02T00:05:18.000Z
29.99911167859155,15.890601079404863,998.0067970679663,-0.11883036254498819,1.3400993436310475,4095.7397138912647,0.9704626369066661,0.5285392018314015,-1.1818939743719894,0.0,0.0,0.0,0.0,25,500,28013.480561876488,,,,2026-02-02T00:05:19.000Z
30.003889585360405,15.830692714616859,997.985107557489,3.711006629588526,1.970799422900099,4096.193991929986,0.4133720291303957,0.8762125793216632,0.17554224383514822,0.0,0.0,0.0,0.0,25,500,28001.65818942664,,,,2026-02-02T00:05:20.000Z
30.00661939584071,15.996843828736772,998.0055890052374,0.44846948907058354,-3.171691280771695,4097.190314050874,0.05461178291007045,0.9902995470995242,0.8755050498444104,0.0,0.0,0.0,0.0,25,500,27988.68349363211,,,,2026-02-02T00:05:21.000Z
29.992170569207275,15.904401808388876,998.0007280612887,-0.6928530120137992,0.35296836732590564,4094.363558633533,0.6573210951195391,0.44570914013536694,-0.09138967205026136,0.0,0.0,0.0,0.0,25,500,28009.832516066606,,,,2026-02-02T00:05:22.000Z
30.003848505646822,16.092781367857203,998.0009109400992,-3.223134718205656,0.9024520322721976,4100.1847745513705,0.3142674218011834,-1.800770701922636,-1.0532063960426628,0.0,0.0,0.0,0.0,25,500,28003.41685099889,,,,2026-02-02T00:05:23.000Z
30.013494731052617,15.971892175647987,998.0033651756645,-0.5253190406323355,-0.14621460401787703,4093.9879652370005,1.0608000718059476,-0.3411997326932956,-0.10858416178038999,0.0,0.0,0.0,0.0,25,500,28022.03245761925,,,,2026-02-02T00:05:24.000Z
29.990435328562604,16.030859021894987,997.9964963415558,-0.6727738908222725,-1.5815418381707074,4093.5716227744247,0.8995613767383077,2.30408978354919,0.5980922727774546,0.0,0.0,0.0,0.0,25,500,27997.646983227343,,,,2026-02-02T00:05:25.000Z
30.004499088888313,16.136752575391544,998.0007009895894,1.9206095925629407,2.0318744471271124,4098.316221747,-1.0182539014177285,0.37421673480247836,-0.4070318269460593,0.0,0.0,0.0,0.0,25,500,28011.087039970687,,,,2026-02-02T00:05:26.000Z
29.991705322654198,15.851470481821789,998.0024145242504,0.9249672481337081,-0.8067594919373652,4097.5833253879255,-1.0859631707417063,0.3678195684438652,0.6072550177549216,0.0,0.0,0.0,0.0,25,500,27985.511655608672,,,,2026-02-02T00:05:27.000Z
30.010213976838404,15.927538261145031,998.0074605793889,-2.3587382432652344,-2.970372325399864,4097.248239634105,-0.7012495444040763,0.3594859397738579,1.1647107852399101,0.0,0.0,0.0,0.0,25,500,28013.960275501635,,,,2026-02-02T00:05:28.000Z
30.010119055837496,16.018088362456584,997.9847283896662,0.344508772822075,-4.098948971339362,4097.256691018529,0.9761386900669211,0.4153796225059898,0.24023062577044763,0.0,0.0,0.0,0.0,25,500,28009.44160058211,,,,2026-02-02T00:05:29.000Z
29.99645677659751,16.031252481582325,998.0129088589649,1.3430623434581068,2.5216990399986194,4095.975506454306,-1.5763089967712456,-2.3831121810859233,-0.02794777127829265,0.0,0.0,0.0,0.0,25,500,28016.043474337937,,,,2026-02-02T00:05:30.000Z
30.022096286521908,16.110349750127234,997.9884470965694,3.0560627187756655,1.2333279529422365,4094.2054912570284,0.3947573891079933,-0.23952431691106857,0.8293439252262819,0.0,0.0,0.0,0.0,25,500,28011.105803175087,,,,2026-02-02T00:05:31.000Z
30.01106625309137,16.086715312904058,998.0076162846415,1.7750079348281187,0.1759470942583379,4096.151609116388,0.36254309109296134,-0.03789283179468944,-0.8561008274372305,0.0,0.0,0.0,0.0,25,500,27999.009518141243,,,,2026-02-02T00:05:32.000Z
30.007069289851362,16.009693362573074,998.0007944509928,1.5216933086229556,-0.8805492737016071,4094.645676576976,1.1626480586861927,1.2814953992534124,-0.9547098336929226,0.0,0.0,0.0,0.0,25,500,27988.28873435963,,,,2026-02-02T00:05:33.000Z
30.006506108961062,16.030340467059727,997.9871884365721,0.12017198923032722,-1.057996828406254,4097.950239466835,0.18033869066388744,0.047672894622295944,-0.2665722849289853,0.0,0.0,0.0,0.0,25,500,27993.97947099636,,,,2026-02-02T00:05:34.000Z
30.009839269092062,16.03310758909905,998.0052814546971,0.7766240108468992,-2.1514732968832226,4095.7058852369955,-1.3432093905839007,-1.6465113866019412,-0.4918794548144672,0.0,0.0,0.0,0.0,25,500,27982.38849612802,,,,2026-02-02T00:05:35.000Z
29.990043575927558,15.853028763532624,997.990545933608,2.4990098014123174,-0.8629112891197697,4094.349005606415,-0.9593549606481229,0.4300891561717522,-0.8033419752904754,0.0,0.0,0.0,0.0,25,500,27990.791009688164,,,,2026-02-02T00:05:36.000Z
30.00194607598461,15.984362452264504,998.0106879555516,-2.6655547949592995,-4.240174430240349,4095.357228316694,-1.1819955218978246,-0.8038246482427452,1.8304684749987743,0.0,0.0,0.0,0.0,25,500,28004.258613492086,,,,2026-02-02T00:05:37.000Z
30.003831903853772,16.024847321799708,997.992891651615,-0.6988786544339118,-1.4721273069370284,4096.825862908551,-0.5379439663331403,-1.2167856410814177,2.1719932094942913,0.0,0.0,0.0,0.0,25,500,27999.52247121175,,,,2026-02-02T00:05:38.000Z
29.995998639366974,16.04585508587851,997.985050139024,-1.5451374975124814,-0.6218750327021877,4094.872550894392,-0.1829015674239269,-0.8341590467165808,-0.35370504225558225,0.0,0.0,0.0,0.0,25,500,27997.764098598676,,,,2026-02-02T00:05:39.000Z
30.00464795269444,15.907563655993584,998.0153384510504,0.7583062374522482,1.2197600943808378,4094.3555592088674,-1.165441526221057,0.5425042296645155,0.09171894974836545,0.0,0.0,0.0,0.0,25,500,27992.068970840526,,,,2026-02-02T00:05:40.000Z
30.01231694300434,15.87312020874711,998.0018132367123,2.4604443513015752,-0.07985292674672755,4096.4873744229835,1.4706619906522893,1.2587612397600685,-0.18784282006379097,0.0,0.0,0.0,0.0,25,500,27982.27600989142,,,,2026-02-02T00:05:41.000Z
29.99578230912234,15.976546740748192,998.0086719112576,-1.1939485734421478,1.589846227751118,4096.4899331422175,-1.325281371952441,0.48292994517758675,1.1074992401181563,0.0,0.0,0.0,0.0,25,500,28001.820831132372,,,,2026-02-02T00:05:42.000Z
29.999455756996287,16.19673661110915,997.9914852812125,-4.780608734938876,2.698270210226859,4094.9861136492577,1.3461034238624805,0.6320232236170215,1.305645561840047,0.0,0.0,0.0,0.0,25,500,28003.791601924688,,,,2026-02-02T00:05:43.000Z
29.99179414704146,15.918075248727133,997.9810818946329,-0.8244414900489403,2.1163401876482033,4095.0579233887634,1.1851630314393404,0.47304527283800113,-1.7772637986896467,0.0,0.0,0.0,0.0,25,500,27990.084364399532,,,,2026-02-02T00:05:44.000Z
29.98213010990189,16.117392824735482,998.0167520242409,1.8269474640348131,0.9410196947571136,4096.464099874715,0.8983025496890353,0.10132717686046831,0.4760108000656256,0.0,0.0,0.0,0.0,25,500,27994.665597298364,,,,2026-02-02T00:05:45.000Z
30.007789321805205,16.158473964304513,997.9999357318782,1.0752598058997593,0.02372535836156841,4093.103831317005,-0.6937666074967505,0.6969306349627576,-1.3068213411611485,0.0,0.0,0.0,0.0,25,500,28015.421334540893,,,,2026-02-02T00:05:46.000Z
29.999742662051606,16.00454665262332,998.0049135189416,0.8563724956211523,-1.9615760168271184,4093.185072451247,0.3424508791769014,-2.4187754670694206,1.7582721578752782,0.0,0.0,0.0,0.0,25,500,28011.594979535737,,,,2026-02-02T00:05:47.000Z
30.00047579417153,15.932015206534654,998.006565957806,-0.5599866037489595,1.4798881027586326,4094.563111557495,-1.277371133550618,0.11108835130483316,0.44024803021039804,0.0,0.0,0.0,0.0,25,500,27985.15575438271,,,,2026-02-02T00:05:48.000Z
29.990132263818264,16.051281956365823,997.9966460894699,-2.5580614724395727,3.3594947644430584,4095.5731056965765,0.9109070350337493,-1.0449250346222516,-0.8233495383626361,0.0,0.0,0.0,0.0,25,500,27999.153636127692,,,,2026-02-02T00:05:49.000Z
29.99814496470964,16.01949902920995,998.0022622954762,1.0305886432489348,0.6842120793008364,4096.621815131196,-0.07398478153626888,1.1629025725441393,-0.24132138793785318,0.0,0.0,0.0,0.0,25,500,28014.549556823724,,,,2026-02-02T00:05:50.000Z
30.01096593789182,15.914089601980969,998.0159395259251,-1.6685636200692495,3.834518296852246,4098.950712433899,-0.4093202145866852,-0.1471553052168605,-0.2889772582661584,0.0,0.0,0.0,0.0,25,500,27997.835790026926,,,,2026-02-02T00:05:51.000Z
30.000008213367796,15.934119717362822,997.9996755877112,4.368193466760912,-3.0511434161221676,4097.715319246404,-1.2237448466562693,0.030948088267830184,0.5251129428858157,0.0,0.0,0.0,0.0,25,500,27997.31056811593,,,,2026-02-02T00:05:52.000Z
30.000291837580555,16.045357985214533,998.0094210131642,1.141014416709032,-2.308326769559083,4095.680122940073,-2.477506118629017,-1.5050718742538034,1.0419126041774782,0.0,0.0,0.0,0.0,25,500,28010.92737626743,,,,2026-02-02T00:05:53.000Z
30.002075282778634,16.093344040816856,997.9800875301997,-1.1612966051079021,1.710403015496525,4095.9619675841946,-1.038540857035756,1.0168308890128515,-1.14820729197171,0.0,0.0,0.0,0.0,25,500,28009.870692442753,,,,2026-02-02T00:05:54.000Z
29.987636178715935,15.967720979868462,998.0112376063032,-1.2227704947772564,0.5285804203065021,4093.994941270724,1.1127981956129065,0.6273281202738094,1.8387545009121138,0.0,0.0,0.0,0.0,25,500,28009.353033453805,,,,2026-02-02T00:05:55.000Z
30.006249204641023,15.993086643511194,997.9847799570199,-0.18588841322717656,2.6275643531436153,4095.962973728015,-0.402833428474804,0.5569478823405032,1.6056901078208434,0.0,0.0,0.0,0.0,25,500,27997.38015250826,,,,2026-02-02T00:05:56.000Z
29.98744801885084,16.066863857051107,998.0100940882403,-0.47900384404349955,-0.030943281453479157,4095.4226827221596,-0.1693288571150473,-0.8130228521688223,-0.8753235675910453,0.0,0.0,0.0,0.0,25,500,28006.62888016275,,,,2026-02-02T00:05:57.000Z
29.99060384418721,15.982751311582607,998.0039063122045,2.2336675510599084,-1.7359508450566639,4096.645437120676,0.6555543582884528,-0.7736398449381301,0.07280179436230931,0.0,0.0,0.0,0.0,25,500,28014.94745513955,,,,2026-02-02T00:05:58.000Z
29.989507852309927,15.970067302670412,997.9990407932393,0.37283233948809263,-0.42718648441008494,4094.345538112895,1.805668878116265,0.2235994544459053,1.710808544114316,0.0,0.0,0.0,0.0,25,500,27999.501263015314,,,,2026-02-02T00:05:59.000Z
29.998247750333693,15.924465918027277,997.9990041177879,-1.4632634778170561,-3.065367941847468,4097.038693028482,1.3250046549456387,-0.6944984102480511,1.232918586677483,0.0,0.0,0.0,0.0,25,500,27995.965903786862,,,,2026-02-02T00:06:00.000Z
29.996475472964622,15.922731537662598,997.9974726890664,3.7808813703115653,-2.257181346194069,4099.065477826005,-0.9723350038161881,0.4348929626773385,-0.33674303004789563,0.0,0.0,0.0,0.0,25,500,28012.300726390895,,,,2026-02-02T00:06:01.000Z
29.999987749616917,16.266888275822325,997.9917933048056,0.09861666304044527,1.9448879958360203,4095.782479703086,-1.9425705714374064,-2.160912602766722,0.8143398145678733,0.0,0.0,0.0,0.0,25,500,28020.45439802897,,,,2026-02-02T00:06:02.000Z
29.990947438402234,15.980379833992092,997.9979402372137,1.5376793519377936,1.74557482893922,4096.8034234441975,2.3596142591001037,-0.48754455640659267,2.9971982917191387,0.0,0.0,0.0,0.0,25,500,28021.150048835658,,,,2026-02-02T00:06:03.000Z
30.010054953203063,16.136505832151222,998.0220805907751,-1.2164530148895185,0.7260085696121538,4097.380287983422,2.2689916116594535,1.7967534654264914,0.1051599818512121,0.0,0.0,0.0,0.0,25,500,27996.25488500225,,,,2026-02-02T00:06:04.000Z
30.008340275687264,16.168399333751907,998.0130230671078,0.7262312554890468,-3.442155041920939,4095.1975590562283,0.1884535964292827,0.4394858279957648,-0.6326482514400192,0.0,0.0,0.0,0.0,25,500,27997.25959750503,,,,2026-02-02T00:06:05.000Z
29.998261864871083,15.981641771050684,997.9912899682148,0.6222199822863904,-0.7168071510257771,4096.44818496362,-1.2704882455818216,0.16679366453099267,0.1724198520913992,0.0,0.0,0.0,0.0,25,500,27989.708376668634,,,,2026-02-02T00:06:06.000Z
29.995216332834122,16.036842980843478,998.0026768740232,-3.779298584192306,-2.449999777320101,4096.025184801563,0.9632265338939392,1.9852265356713568,0.24655209549731796,0.0,0.0,0.0,0.0,25,500,28001.180523244147,,,,2026-02-02T00:06:07.000Z
29.994206425066547,16.010247848203303,998.0009597916323,4.03055022092128,2.3530665075755306,4096.195352197097,-0.10798368601261019,-2.335953618801436,-0.5245367390000981,0.0,0.0,0.0,0.0,25,500,27989.258810685424,,,,2026-02-02T00:06:08.000Z
29.99689855004989,15.838781764934133,997.9985770655699,2.5812889218450943,-1.1674442671252026,4094.453980432289,-0.11298112310661049,-0.8153111147881075,0.44162506781421695,0.0,0.0,0.0,0.0,25,500,27994.733665582924,,,,2026-02-02T00:06:09.000Z
29.98599754771249,15.844802698775183,997.9899722244336,-0.7943906322919753,-2.171495421563099,4096.049020348518,0.894458843105129,-0.4011731717473891,-1.2544010597275013,0.0,0.0,0.0,0.0,25,500,28007.011297981622,,,,2026-02-02T00:06:10.000Z
29.99040392687788,16.004884846690427,998.0044589798481,-2.204539480911711,0.05959233024284887,4096.995996582491,0.3343747468732986,0.8583512330053901,-0.6655338670086792,0.0,0.0,0.0,0.0,25,500,28003.899774101395,,,,2026-02-02T00:06:11.000Z
30.00860120391985,15.957508646139141,998.0084607162992,0.6951232276071041,-1.2803089136692236,4098.90228721559,-1.1858149110149452,0.8756563632282364,0.7582447761547977,0.0,0.0,0.0,0.0,25,500,27981.89278694833,,,,2026-02-02T00:06:12.000Z
30.00301812486076,16.18915803383936,997.9916610131494,0.17339539882879318,2.9674878204074138,4097.9185416521705,-0.32474193508197385,-0.8660067089826261,-1.7548708515422513,0.0,0.0,0.0,0.0,25,500,28015.702922982742,,,,2026-02-02T00:06:13.000Z
30.016342744859767,15.976342706130538,998.0195554141729,0.7113378971264588,-1.4696217950683816,4100.306364915024,0.6611529286613466,0.9979543221425496,0.9031675919947765,0.0,0.0,0.0,0.0,25,500,27989.130039128482,,,,2026-02-02T00:06:14.000Z
29.997008048498305,16.19509289970681,998.0152200324924,0.38315479238817923,-2.7984565184492625,4094.465304874224,0.5102522224050186,-0.4033147673217075,-2.011981365705703,0.0,0.0,0.0,0.0,25,500,27990.39066076121,,,,2026-02-02T00:06:15.000Z
29.99638486772893,15.952360860386445,998.0054816555895,1.0124819786118522,-4.305827031515031,4097.744641273442,0.26201657435847575,1.2116396256491668,-1.731324578876315,0.0,0.0,0.0,0.0,25,500,27987.610778482354,,,,2026-02-02T00:06:16.000Z
29.995921010754564,16.191220042060895,997.9876828029733,2.894611398783613,-0.06157300482683039,4096.3666840114765,0.9334229544758642,-1.0326426981220578,-0.4989787430558854,0.0,0.0,0.0,0.0,25,500,27993.38716661436,,,,2026-02-02T00:06:17.000Z
29.99680835516782,16.050642449694735,998.0040140862599,1.1362064102572922,-1.1238602277158527,4100.379605866436,-0.3617169878172646,-0.12331159906616056,0.2868638428193504,0.0,0.0,0.0,0.0,25,500,27991.03193621334,,,,2026-02-02T00:06:18.000Z
29.993400459868536,16.05632918957712,998.0028197800157,-2.0993109978198823,-2.8578092130234536,4094.3834034292895,0.17866977521907204,-0.4901673153765603,1.3252636031273886,0.0,0.0,0.0,0.0,25,500,27991.27566558811,,,,2026-02-02T00:06:19.000Z
30.00270988214687,15.948823604326636,998.0051315527622,2.725125705424904,2.3784529225115705,4094.3205563156384,-3.3755791001776,1.0560303715657138,0.05762276315959555,0.0,0.0,0.0,0.0,25,500,27975.357279482687,,,,2026-02-02T00:06:20.000Z
30.000291040671485,16.05769171804037,998.015904642723,3.2812291269765748,1.3344902948584838,4094.801214709112,-0.4496501938428139,-0.522781216566171,-0.24655360757598987,0.0,0.0,0.0,0.0,25,500,28001.299273920537,,,,2026-02-02T00:06:21.000Z
29.994900854981616,16.169271343308125,997.9982402594538,6.30411346902417,-0.05643575787445955,4091.7522085513806,0.7639029085756444,-0.04244852901175601,0.5795812479848041,0.0,0.0,0.0,0.0,25,500,28002.320651678154,,,,2026-02-02T00:06:22.000Z
30.01251148913019,15.985517250593986,998.0204782657966,-2.246988066479196,2.728652488341733,4094.9484899566387,-0.39039446711714254,0.5068113976630492,-0.8708988204679343,0.0,0.0,0.0,0.0,25,500,28022.44406737892,,,,2026-02-02T00:06:23.000Z
30.018965829224864,15.966060318463338,998.00406504346,0.48576402630055,1.325072066797226,4094.4817346768928,-0.466227391717112,0.5452584830261195,0.1394151593464063,0.0,0.0,0.0,0.0,25,500,28004.863409976657,,,,2026-02-02T00:06:24.000Z
30.011665772055736,15.975323746113991,997.9970953682434,-4.1641974063779745,-1.6457118030368647,4096.300787572953,-1.0414529517748186,0.8869526074731716,-1.19944625795536,0.0,0.0,0.0,0.0,25,500,27995.03410980282,,,,2026-02-02T00:06:25.000Z
30.005581240130834,16.162011160500644,998.0239937720671,1.1062983127584183,-2.078440327981532,4096.6835119515545,1.0033658927291456,0.21112477684466674,0.08259051687541312,0.0,0.0,0.0,0.0,25,500,27987.992850215265,,,,2026-02-02T00:06:26.000Z
30.00761769726264,16.085535120700108,998.0082989190003,-1.0964005963335453,1.6359630889077228,4099.752341678432,0.5484632735405707,-0.4182489152798312,-0.12983632584940336,0.0,0.0,0.0,0.0,25,500,27999.037235402007,,,,2026-02-02T00:06:27.000Z
30.018564155178264,16.14476799904711,997.9954526611305,3.8468915896499065,0.792733912934702,4097.900847676372,0.8254145978230849,-0.34969874535875045,-0.8042679214494173,0.0,0.0,0.0,0.0,25,500,28004.487228893926,,,,2026-02-02T00:06:28.000Z
30.007603193157593,16.031362271048426,998.0008421658895,-1.5492299400371639,0.3394955359413234,4094.8461926886753,-1.7262139619578896,0.02567231520761203,0.16504063653773915,0.0,0.0,0.0,0.0,25,500,27994.96651380681,,,,2026-02-02T00:06:29.000Z
29.994148141474007,16.003931935677784,998.0063523302185,-3.3783660759345233,-1.6929956057378146,4094.2031706573034,-0.16045004326563395,0.24959247607438337,0.1585496531596428,0.0,0.0,0.0,0.0,25,500,28000.610160263484,,,,2026-02-02T00:06:30.000Z
30.003922725266506,16.042394403907064,997.9984913897322,-0.9425274814050393,1.2158951340115078,4096.983838343013,-0.2801110077500062,-0.14717164784843637,1.1754540123391348,0.0,0.0,0.0,0.0,25,500,28018.973540940588,,,,2026-02-02T00:06:31.000Z
30.006262442660635,16.107015853441254,998.0013390786904,-3.950975542434275,-1.5109977662678984,4093.3595335859586,-0.2805717065985525,0.01920342096554723,-1.6056334030627877,0.0,0.0,0.0,0.0,25,500,27996.15889872961,,,,2026-02-02T00:06:32.000Z
29.990052827259642,15.975288175741213,997.9918279639634,1.5021989090146202,-0.20397330918735596,4099.662917531708,-0.6160275437179559,-1.5172538605721053,-0.0760489076970426,0.0,0.0,0.0,0.0,25,500,27981.132244452074,,,,2026-02-02T00:06:33.000Z
29.99715069181357,16.136867699335678,997.9831480546919,-4.130166092512641,2.8938882927739598,4098.358880241442,-0.34610427178001524,0.6673552844546782,-0.7602623997034793,0.0,0.0,0.0,0.0,25,500,28008.734867873914,,,,2026-02-02T00:06:34.000Z
30.011003918240554,16.036583055706586,998.0010641932274,0.05691516236631776,-1.3216684716202916,4095.0616486957906,0.8496447827066518,0.18111228888942987,0.8697620581762918,0.0,0.0,0.0,0.0,25,500,28003.143214458152,,,,2026-02-02T00:06:35.000Z
29.981765072649505,15.759372186196982,998.0014002782223,-4.155623639712394,-3.145978514145722,4092.573730941818,-1.9128513533478293,1.0018704135410883,0.7539120651921329,0.0,0.0,0.0,0.0,25,500,27982.91007988742,,,,2026-02-02T00:06:36.000Z
29.987495714549596,16.08834934271052,998.0052711959156,-0.6405956090732838,-2.1050943837402207,4098.707744748331,1.7772947680304536,0.00016050740708493661,0.507879845068621,0.0,0.0,0.0,0.0,25,500,28004.27643677276,,,,2026-02-02T00:06:37.000Z
29.998235929463718,15.872769498673803,997.994238102929,3.286756311609068,1.9885976533752465,4095.7709203094946,0.4838411250264615,-1.7383975785217862,-0.7038332580694631,0.0,0.0,0.0,0.0,25,500,27990.021364508622,,,,2026-02-02T00:06:38.000Z
30.003536795955057,16.0859172760674,997.9865944570546,0.7212957828715899,0.5094622747604189,4098.475632623947,-0.04233189566021276,-0.35844618930667493,0.8854705829400954,0.0,0.0,0.0,0.0,25,500,28004.413224023643,,,,2026-02-02T00:06:39.000Z
29.986423675550512,16.09015179982382,997.9903467553025,-1.726987209929868,-0.25775475737750714,4092.8111446824114,0.9068341463729263,-0.19992992311841679,-1.5301309287433318,0.0,0.0,0.0,0.0,25,500,28019.07263509204,,,,2026-02-02T00:06:40.000Z
29.99873210748334,16.03298925973812,998.0105563375683,-0.06240697787816795,-1.018187610623139,4094.8012499540923,-1.451834745168435,0.7429033054335988,-1.7353107035927715,0.0,0.0,0.0,0.0,25,500,27998.23030665657,,,,2026-02-02T00:06:41.000Z
30.011537685390884,16.05436808988767,997.993333886878,0.03603374408889317,0.9707198151063802,4096.010487399436,-0.664700905151014,-2.070273544513395,-1.275870999901924,0.0,0.0,0.0,0.0,25,500,28010.832711990366,,,,2026-02-02T00:06:42.000Z
30.00068651457074,16.1098870787844,997.9955791901419,0.9452606916868113,-1.698209701980447,4096.093961187529,-0.12107543239055386,0.04117951694893489,-0.03347481032690589,0.0,0.0,0.0,0.0,25,500,27987.715126821477,,,,2026-02-02T00:06:43.000Z
30.00939088943631,15.950437232618928,997.9968758643616,-2.733716726561653,0.6113311372851918,4095.0998690570414,1.3655603704321775,0.5136752157933061,0.6751644009882938,0.0,0.0,0.0,0.0,25,500,27984.805808536625,,,,2026-02-02T00:06:44.000Z
29.99407885878665,16.07934296597025,997.9938072383071,1.1851345476946613,-1.4625091376259138,4097.245699864695,-0.046496581126557926,-0.6614878852815197,-2.9760324740095245,0.0,0.0,0.0,0.0,25,500,28020.17370472396,,,,2026-02-02T00:06:45.000Z
29.99190083143211,16.116302330295703,997.9930678917246,-5.40878326320555,-1.795318770550108,4093.864759141235,0.45005467118514625,0.07462800981684738,1.3227428318797865,0.0,0.0,0.0,0.0,25,500,28003.078150135563,,,,2026-02-02T00:06:46.000Z
30.00848873830285,16.176008259753846,997.9912887643536,-1.2597691047276207,-1.2749748696500234,4095.7152410299573,-0.5895789959361277,-0.6270365091498445,0.1311121961784342,0.0,0.0,0.0,0.0,25,500,28006.366699411614,,,,2026-02-02T00:06:47.000Z
30.003692655346562,15.889421971394029,998.0140065657457,-0.9765476849030893,-0.7508148929679238,4096.240591263424,0.486842068967491,-0.7295729332203905,-1.5677723475897751,0.0,0.0,0.0,0.0,25,500,28011.520223028452,,,,2026-02-02T00:06:48.000Z
29.988144039922254,16.040851606498777,998.0068010068335,1.266653652142477,-0.09765967186740633,4097.028877668117,1.6772395929744568,-0.40841985013131704,0.10094697028958102,0.0,0.0,0.0,0.0,25,500,27994.72185190202,,,,2026-02-02T00:06:49.000Z
29.99199159083837,15.903851080093853,998.0124782077315,0.04526170535373828,0.47091159022222867,4097.4232297561775,0.9955266916741141,-0.7106919924670108,1.0925254146784196,0.0,0.0,0.0,0.0,25,500,28008.251163597626,,,,2026-02-02T00:06:50.000Z
30.015645812410575,15.89960779822985,998.0144933975646,-2.8111261077125733,-7.376730582856888,4093.7507158163244,-0.08145598777787942,0.6836183119363326,0.5994410153062589,0.0,0.0,0.0,0.0,25,500,28006.73544162309,,,,2026-02-02T00:06:51.000Z
29.99075444780531,16.035902777240597,997.9765012020257,-1.9699862516340303,-1.6153011154935297,4092.9317716585288,0.6754908472654697,-0.7349518768353778,1.099073062553966,0.0,0.0,0.0,0.0,25,500,27987.051951792175,,,,2026-02-02T00:06:52.000Z
30.00934328746726,16.007745581479615,998.0034345464203,0.3973600190948138,-0.7831399547120785,4098.555353643797,0.5775169546072118,-0.9029100070479273,-1.366246629397111,0.0,0.0,0.0,0.0,25,500,28015.129853114126,,,,2026-02-02T00:06:53.000Z
29.995218133027663,16.114500147852198,997.994138213661,-0.15813468372911257,3.01012407721666,4096.664628023959,0.5065876716972757,1.7679286668395335,-0.4140052351384046,0.0,0.0,0.0,0.0,25,500,28013.068605159795,,,,2026-02-02T00:06:54.000Z
29.999968241432327,15.965382355040578,998.0111680964435,-1.158248219271493,-2.1600052167642643,4094.503026926887,1.1119533608604089,0.9607400118240353,-0.9246922305235321,0.0,0.0,0.0,0.0,25,500,27987.162827609623,,,,2026-02-02T00:06:55.000Z
30.002945926209435,15.986594856380298,997.9925852879676,-0.9616675790239587,0.32559323619982505,4099.102303951045,1.1044777038374665,-1.8615133606592003,1.717580205044318,0.0,0.0,0.0,0.0,25,500,28002.00286441462,,,,2026-02-02T00:06:56.000Z
29.978990187895004,16.02115042623382,997.9894585024364,1.392335994318578,2.990060619471675,4096.231349268585,-0.1271585968748843,-0.7647682898525335,0.63936284348663,0.0,0.0,0.0,0.0,25,500,27997.68920263087,,,,2026-02-02T00:06:57.000Z
29.985372826645726,15.913817114856354,997.9856595413935,-1.0353851457384293,-2.6259370598945457,4098.358594368127,0.6418790614777692,0.2424629717227108,2.847009588957641,0.0,0.0,0.0,0.0,25,500,28014.18307469926,,,,2026-02-02T00:06:58.000Z
30.000863330187872,15.927693015498408,997.9969732508902,-0.17618248805814657,0.7879504517288047,4096.13503696282,-0.38309492115979377,0.3237550672314934,-0.46760953341722744,0.0,0.0,0.0,0.0,25,500,27985.893879938812,,,,2026-02-02T00:06:59.000Z
29.992756924362162,16.111609866577254,998.0091494526253,4.339873176161086,-1.6045436678690408,4100.121495849764,-0.9230723963155776,-1.4904928657368934,-0.7246742116823047,0.0,0.0,0.0,0.0,25,500,28036.024150242105,,,,2026-02-02T00:07:00.000Z
30.009965812952746,15.94510449587189,998.0025616721687,-2.847365273767846,-1.009267484578469,4099.510681684887,-0.2694937557039864,1.158565492822322,-0.14282663859515055,0.0,0.0,0.0,0.0,25,500,27998.25515830628,,,,2026-02-02T00:07:01.000Z
29.983938791191317,16.118247656644968,997.9879735173487,-3.7036854631493172,-1.606221667906629,4095.502071703042,-0.07627815173958268,0.8252244191816259,1.378357221422549,0.0,0.0,0.0,0.0,25,500,28007.384451661812,,,,2026-02-02T00:07:02.000Z
30.00565255056258,16.06073125806683,998.0215265909036,1.5671793295972134,-1.4637146168317718,4097.943141901908,-1.661580989177992,0.48190163204033865,-0.36611968937534733,0.0,0.0,0.0,0.0,25,500,28013.874983320027,,,,2026-02-02T00:07:03.000Z
29.986237787795957,15.845246897451107,998.0064953863949,-1.3572861225882065,5.443824295812986,4097.290751899171,0.8603325594167204,1.356728490712121,0.12443759790694424,0.0,0.0,0.0,0.0,25,500,27998.0400065683,,,,2026-02-02T00:07:04.000Z
29.996478950058556,16.05303786918378,998.0077741011576,-0.6364750554852405,1.6889117441433315,4098.737263115065,-2.767325422602398,0.45228999257091806,0.09669070288681957,0.0,0.0,0.0,0.0,25,500,27998.85058114405,,,,2026-02-02T00:07:05.000Z
29.98935622235762,16.052247982309414,998.0128502882735,-1.5623127562622283,2.203475723572418,4094.0701530788397,2.7148169394863215,0.44858087925184725,0.03949676120218946,0.0,0.0,0.0,0.0,25,500,27994.971691061815,,,,2026-02-02T00:07:06.000Z
30.019024298804712,16.042292860851127,997.9835978441138,-0.519600281535025,0.9839869736729923,4097.372102919997,1.5018791337963189,1.5576792718222423,-0.652398460462478,0.0,0.0,0.0,0.0,25,500,27991.145343738688,,,,2026-02-02T00:07:07.000Z
29.9866050783703,15.9858123273617,997.9908856586142,3.1970762241926827,-3.212513576803916,4098.116848973699,-0.2610087241723136,1.1012195807277088,-0.13729106791036658,0.0,0.0,0.0,0.0,25,500,28002.718591477926,,,,2026-02-02T00:07:08.000Z
29.99877940304631,15.905993254460816,998.0082301135692,1.6042569172362386,0.7899159406466143,4092.482521027154,0.009426360563773238,-0.8415074589115312,-0.18010260135135786,0.0,0.0,0.0,0.0,25,500,27998.64733319825,,,,2026-02-02T00:07:09.000Z
29.982731638519798,16.134621276611263,997.9918926167198,1.7244470237739542,2.145859229014693,4093.6334829746684,0.30297187358728317,0.6331951786719153,-0.007564659674649148,0.0,0.0,0.0,0.0,25,500,27994.906258016745,,,,2026-02-02T00:07:10.000Z
30.015995701220707,15.989842041127716,997.9972498652775,-2.832454111585291,-1.7067989480782229,4091.9215356444797,-0.589160387988942,-0.664267864958582,0.9435168181527083,0.0,0.0,0.0,0.0,25,500,27995.490360519663,,,,2026-02-02T00:07:11.000Z
30.004012824161773,15.911659383966462,997.9992225934717,-2.3023074731057385,1.9306533343222532,4095.461186331111,0.19261914758693635,0.504154550950278,1.7606280346244925,0.0,0.0,0.0,0.0,25,500,28005.762334538933,,,,2026-02-02T00:07:12.000Z
30.001369730895988,16.045746868608802,997.9872259461137,-5.678157318970854,1.4086724197081577,4097.435084511592,-0.1439999777016611,0.4766135070198144,-0.8404347626697068,0.0,0.0,0.0,0.0,25,500,27992.024364706496,,,,2026-02-02T00:07:13.000Z
30.01474312939292,15.925722002926674,997.9963918281786,-1.618761642165508,3.70408008962734,4099.004714104192,-0.09427271723096599,-1.383467312455986,-0.39199362478771504,0.0,0.0,0.0,0.0,25,500,27997.530352316076,,,,2026-02-02T00:07:14.000Z
30.001474224414228,15.905091397171487,998.0091450321735,1.9134063727713169,-0.8355660250272376,4096.1481895608395,0.18146106348063867,-0.12184561131103523,-0.8250118984061866,0.0,0.0,0.0,0.0,25,500,28008.98667391789,,,,2026-02-02T00:07:15.000Z
30.00219571356141,15.962452738779756,998.0072945388981,1.0338930314967418,-2.1952219645514535,4099.257231091143,-1.3135277983539944,0.26525702358040226,0.18710153722227268,0.0,0.0,0.0,0.0,25,500,28002.472254700693,,,,2026-02-02T00:07:16.000Z
30.00131725288065,15.933460223568192,998.0111301466196,-0.4430265259042478,-0.7232562187450913,4093.23979708357,0.039569724133648135,-0.43629019099415695,-0.5383494575109768,0.0,0.0,0.0,0.0,25,500,27989.504407336415,,,,2026-02-02T00:07:17.000Z
30.00563634325443,15.908775774801542,998.0100987587379,-0.0446005674361061,2.8711419863272467,4092.5932351212896,0.16344774661747724,0.3147099423907597,0.2397968337419887,0.0,0.0,0.0,0.0,25,500,27999.76128931253,,,,2026-02-02T00:07:18.000Z
29.995075586160787,16.080641176226177,998.0040587392571,-1.3777710851508111,-3.656811761683926,4095.888904602207,0.1288496213559143,0.8058977770010688,1.103626910444787,0.0,0.0,0.0,0.0,25,500,28004.37021621143,,,,2026-02-02T00:07:19.000Z
29.997857126926366,15.98861721855376,998.0032667849831,0.40951776480356833,-4.1367514308620645,4096.768130897879,-0.21583075543615446,-0.030593064230755616,-2.5258316858046084,0.0,0.0,0.0,0.0,25,500,28009.89272191236,,,,2026-02-02T00:07:20.000Z
30.008103346284575,16.12522799455159,998.0025333076011,1.5317565589612296,0.17879055786322653,4095.9346105038117,1.1378577759693718,0.2245994767082595,0.4917798896006909,0.0,0.0,0.0,0.0,25,500,27992.44621333255,,,,2026-02-02T00:07:21.000Z
30.002773729515578,15.914549052227006,997.9937295283274,-3.2317735748209455,-0.8851785855483123,4091.86511579992,-0.3536525548815512,1.383424078555975,-0.4601870488978789,0.0,0.0,0.0,0.0,25,500,27994.41470277299,,,,2026-02-02T00:07:22.000Z
29.99885756085898,15.827243896236366,997.9897005527628,0.5992953756746963,0.015455786351369287,4095.8217599209743,0.22732590682319032,0.4731965832252261,0.46042226798438896,0.0,0.0,0.0,0.0,25,500,27993.0484001128,,,,2026-02-02T00:07:23.000Z
29.985994776089694,16.014877034924943,997.9931040265388,1.8648697419093345,1.8906235424717304,4093.3910609989903,1.2972975339255457,0.20082428967447366,-0.8964694377502004,0.0,0.0,0.0,0.0,25,500,27993.54479800608,,,,2026-02-02T00:07:24.000Z
30.014980502845365,16.185597892180642,997.9967397068344,-0.8302005779267392,-1.105138692237705,4097.33934509766,-0.07937614002031229,-0.9580793796413607,1.196260988306875,0.0,0.0,0.0,0.0,25,500,28004.050047156972,,,,2026-02-02T00:07:25.000Z
29.99338545890049,16.0530986829362,997.9934417405526,1.4014012242411673,-3.746011661861241,4096.733196492194,0.21446326746755132,0.6710260113888488,0.9132806180402842,0.0,0.0,0.0,0.0,25,500,28005.944891298837,,,,2026-02-02T00:07:26.000Z
30.009872372384194,16.321537419621283,998.0041383173848,5.629308888945106,4.088963114399888,4094.1202404273454,-0.0963846363148971,0.33014994939193854,0.5683521485426429,0.0,0.0,0.0,0.0,25,500,28010.50903492883,,,,2026-02-02T00:07:27.000Z
30.00175753651688,16.03320591209491,998.0020189521606,-0.20868558597378384,-1.9944565748775522,4094.972266165327,1.2373697935635992,1.283739433701408,0.7932257178100984,0.0,0.0,0.0,0.0,25,500,27999.08825090924,,,,2026-02-02T00:07:28.000Z
29.9870654947727,16.02355522112881,998.0030932349872,0.7866141000106472,-2.118074244024195,4093.881572956222,-0.25772456158629525,0.04687854330331131,-0.7456204671721736,0.0,0.0,0.0,0.0,25,500,27985.946770452207,,,,2026-02-02T00:07:29.000Z
30.012522754775308,15.784463732894208,998.0035140806591,-1.476114167322783,2.207440027445193,4095.874641805454,1.2833545772882056,-1.8162665001339957,-0.6196237546892899,0.0,0.0,0.0,0.0,25,500,28006.694701644574,,,,2026-02-02T00:07:30.000Z
30.002545406463994,16.042794744058853,998.0119566393779,0.3625023252041008,-0.7689782420830359,4097.910284641002,-0.1035878946470647,-1.7001208688282619,0.7524362008174793,0.0,0.0,0.0,0.0,25,500,28001.591436784074,,,,2026-02-02T00:07:31.000Z
30.01335345356737,16.01686677600193,997.9999142710761,0.9205432499646077,-0.12677970406962155,4094.028547907329,-0.8594597234480168,0.7356807637597333,-0.767729142768612,0.0,0.0,0.0,0.0,25,500,28000.59969479316,,,,2026-02-02T00:07:32.000Z
29.99817591299264,15.959257880179546,998.0100836943384,0.3896846805402761,0.9655802481206359,4097.008093031036,0.679373170574121,-0.5701935976981533,1.445635046658087,0.0,0.0,0.0,0.0,25,500,27987.16596511689,,,,2026-02-02T00:07:33.000Z
30.00704051229967,15.986322113294094,998.0051658535798,-2.0393906394177135,2.1671662062199912,4094.939484763255,-0.30466783375565604,0.4367677511104973,-0.3235910712810316,0.0,0.0,0.0,0.0,25,500,27998.041641363947,,,,2026-02-02T00:07:34.000Z
29.98237472888655,15.993189942565783,998.0112963353663,0.4127235426509014,-0.6669213863635439,4094.414254335475,0.6205008990991628,0.11423264450235611,0.501894389860622,0.0,0.0,0.0,0.0,25,500,27988.063452138744,,,,2026-02-02T00:07:35.000Z
29.99499784136406,15.982007084706794,998.0161462983439,2.9243918774352737,3.0399040118285985,4095.785939280091,-2.729404384923734,-0.16683966769392072,2.09924951925509,0.0,0.0,0.0,0.0,25,500,28004.81964988446,,,,2026-02-02T00:07:36.000Z
29.987270066677688,16.208971496312596,998.0057664957998,0.8972715290290546,-4.271599697469611,4093.929515355161,0.005205261894946381,-0.09636128558822336,-0.7062233540680766,0.0,0.0,0.0,0.0,25,500,27995.701059712963,,,,2026-02-02T00:07:37.000Z
29.996252161499616,15.9629137972195,998.0010376824968,1.923974378143682,1.5195744739061543,4094.892701389306,-0.4596052987574804,-0.8653895050452268,0.06876175084478278,0.0,0.0,0.0,0.0,25,500,27994.804656036355,,,,2026-02-02T00:07:38.000Z
30.00471811739506,16.016931372385386,998.0009730781744,-0.47402394002525544,-1.6790551160353147,4093.6042442148223,-1.063258686531278,-0.015777688899670742,1.0541831646373074,0.0,0.0,0.0,0.0,25,500,27984.62844516911,,,,2026-02-02T00:07:39.000Z
29.993954199123458,15.95960989166138,997.9952983392044,1.499800478847421,2.744542633215983,4099.929450265833,-0.5532410018397994,-0.5844934327943987,0.9512773888765313,0.0,0.0,0.0,0.0,25,500,28010.27095869684,,,,2026-02-02T00:07:40.000Z
30.00863842093639,16.07834311866439,997.9949622785342,0.5585356764330519,0.2840889576610905,4096.070527103943,-0.5737031442926516,-0.3722565201257048,-0.3278153102393581,0.0,0.0,0.0,0.0,25,500,27997.414353687705,,,,2026-02-02T00:07:41.000Z
29.9914338735645,16.017676369997222,998.0090211716331,-1.901821459374464,-1.3458106640188032,4094.600548984015,-0.04798579485058113,-0.32364904470916106,-0.516730437521854,0.0,0.0,0.0,0.0,25,500,28000.869807703377,,,,2026-02-02T00:07:42.000Z
30.008852366136498,15.972008942682951,997.9903632970755,0.6370420095977489,1.325682186043265,4096.427959821468,-1.3673264612849558,-0.22669326989871927,-0.23313593254505174,0.0,0.0,0.0,0.0,25,500,27992.645099093075,,,,2026-02-02T00:07:43.000Z
30.01309757165874,15.807403205409281,998.0161477263556,-1.983393326880621,1.7863766944145032,4095.7753439006183,0.3162737802597137,0.9221734565070863,1.4478577661513639,0.0,0.0,0.0,0.0,25,500,27983.494249400334,,,,2026-02-02T00:07:44.000Z
30.01013526135091,16.024330822528874,997.9984827674709,-1.2657605497695839,1.2837882457172765,4095.5580608009336,1.366214785205788,-0.12979082920469348,-0.27910585635994656,0.0,0.0,0.0,0.0,25,500,27994.68374411823,,,,2026-02-02T00:07:45.000Z
29.996558109481704,15.969042372642026,998.0286207789312,0.37865661458474825,-2.059392479266121,4097.228333400087,0.28092849694782634,1.0237023365900986,0.07811569248346499,0.0,0.0,0.0,0.0,25,500,27996.284586622274,,,,2026-02-02T00:07:46.000Z
29.97874546402056,15.99392593431129,997.9930688457317,0.5944885467602481,-0.9680342472441695,4097.515015420095,0.808988609229009,1.5378549513264816,-0.4267864709234251,0.0,0.0,0.0,0.0,25,500,28002.92760020915,,,,2026-02-02T00:07:47.000Z
30.005821669967375,15.881754205275467,998.0025018891998,-2.378464930154258,-0.00814567424287005,4094.938997704779,1.0945624546137955,0.8549446510561495,0.7055485647959867,0.0,0.0,0.0,0.0,25,500,27996.44967589111,,,,2026-02-02T00:07:48.000Z
29.998747652852845,16.14332821727202,997.9964815072975,2.1079715423657523,-0.0825193053001208,4094.848363518711,1.2364895121841768,0.5344685350685111,0.15552503758365635,0.0,0.0,0.0,0.0,25,500,27992.816511403027,,,,2026-02-02T00:07:49.000Z
29.990216070598727,16.085674317584388,997.9920691590846,1.1440125566009458,1.4994909508766954,4095.4498966056967,1.8701386928213053,0.32683220948352026,-1.003433810758229,0.0,0.0,0.0,0.0,25,500,27984.966606028578,,,,2026-02-02T00:07:50.000Z
29.994437209351297,16.143070599764062,998.0106380035088,-1.4094568712217677,-4.0298024650132165,4091.3961576705287,-0.49920199827593026,0.86535870905007,-0.9688241140349944,0.0,0.0,0.0,0.0,25,500,28000.484534954227,,,,2026-02-02T00:07:51.000Z
30.01434425316445,16.114697930078094,997.988944458056,-3.0751695928983507,0.6686541091070068,4092.969617875603,-0.7184839851611164,0.0893607385962395,-1.998605566555507,0.0,0.0,0.0,0.0,25,500,27992.034398062293,,,,2026-02-02T00:07:52.000Z
29.9886265979939,16.059231730212748,997.9932392549302,-0.2898091581628626,-0.5799627088732798,4098.733748534889,0.7834656483247346,0.9845698459571985,-0.8313214091256161,0.0,0.0,0.0,0.0,25,500,28013.208065337658,,,,2026-02-02T00:07:53.000Z
30.004683091756213,15.885771749127356,998.0058631970892,-0.8918874277223203,-1.6770012327679045,4099.289935427003,0.7082662196573998,0.6141058052896843,0.7939458036321722,0.0,0.0,0.0,0.0,25,500,28001.50146661338,,,,2026-02-02T00:07:54.000Z
30.002179581756373,16.184338716407186,998.0074496081095,0.22628091410604562,-1.4849735555391992,4095.5019279208873,0.7756752996156893,-0.35984046078038784,1.323760538012268,0.0,0.0,0.0,0.0,25,500,28005.62102840033,,,,2026-02-02T00:07:55.000Z
29.996426123353366,15.907236484911248,997.9860811457877,-0.726233322311133,-0.4290753290359272,4097.1531139261115,1.889282454250252,0.8958508801028059,0.685558363217184,0.0,0.0,0.0,0.0,25,500,27997.512113337107,,,,2026-02-02T00:07:56.000Z
30.00644532687313,15.973159237592505,998.0058167688521,-4.01491372149002,-7.202170208919036,4096.622500309087,0.011369908798494166,0.09148000597756854,0.5546322006406813,0.0,0.0,0.0,0.0,25,500,28002.01280289768,,,,2026-02-02T00:07:57.000Z
30.016322452588987,16.07069022806269,998.0012889991342,-0.7766938766023168,-1.4025791415831,4102.157761616911,0.4261565596461849,-0.10613200761231605,-0.12652604952864957,0.0,0.0,0.0,0.0,25,500,27991.092846842297,,,,2026-02-02T00:07:58.000Z
29.997040284961138,16.075654078718742,997.9908227664214,-0.6112382221366259,-1.7516296492925867,4098.239149822869,-0.9803882514834749,-0.4761991603989872,0.774914554913987,0.0,0.0,0.0,0.0,25,500,27988.217811743303,,,,2026-02-02T00:07:59.000Z
29.997568190519228,16.057223672694455,997.9921111846467,1.2673220495481174,1.0655664186452485,4095.7441648170384,2.1353211239759577,0.16601884787457225,0.2862782230818843,0.0,0.0,0.0,0.0,25,500,28000.151310773486,,,,2026-02-02T00:08:00.000Z
30.0062206490499,15.95997115186709,997.9796654857205,-1.3963993492220994,-1.611053365021041,4094.0889191187994,-0.336544921209111,0.9964626154129835,1.8044489719871246,0.0,0.0,0.0,0.0,25,500,28005.70391655201,,,,2026-02-02T00:08:01.000Z
30.00918242821435,15.939306837264452,998.017174444278,3.3573493467451323,-0.4302276003409798,4092.7871073594847,-0.30821592816082993,0.8889400055930373,-0.09844531417674846,0.0,0.0,0.0,0.0,25,500,27980.541882299385,,,,2026-02-02T00:08:02.000Z
29.998722927928515,16.253453256860613,998.0101542041498,-3.823281101303514,3.084553255322604,4096.406927271734,-0.3467498910082427,0.35339379745895677,1.3430080837361311,0.0,0.0,0.0,0.0,25,500,27995.008965091958,,,,2026-02-02T00:08:03.000Z
29.996946262639064,15.996068606150017,997.9871085498983,2.622334995605249,1.988703039630847,4094.487298509431,-0.6448958586443377,0.5996436407250353,0.8741140818178601,0.0,0.0,0.0,0.0,25,500,28018.421221078883,,,,2026-02-02T00:08:04.000Z
29.9778235347928,15.983822861536117,998.0079890767279,-0.4486379417562096,1.8045427998869052,4093.1554925808045,-0.7294370488476493,1.2716967915225579,0.7354432862041588,0.0,0.0,0.0,0.0,25,500,28004.7922755167,,,,2026-02-02T00:08:05.000Z
29.992219910876333,15.928644350906124,997.9942597765605,1.7191697446871124,-0.9997448608217036,4094.706854231515,-0.5237042828895252,-0.14996629117086105,-2.01149132546182,0.0,0.0,0.0,0.0,25,500,28015.376460336905,,,,2026-02-02T00:08:06.000Z
29.988606883279324,16.024467034907097,998.0091481053635,0.1596029681174662,1.0860645585793047,4093.836903992771,-1.3657959280509446,-1.1154200035302062,0.9291895615477108,0.0,0.0,0.0,0.0,25,500,27993.659550482113,,,,2026-02-02T00:08:07.000Z
30.006846249963118,16.019802280057807,997.9950392643084,2.2791110720509384,-0.4677956009071879,4099.3742832701455,-0.7853179202632383,1.3011298521785726,-0.12750797890915333,0.0,0.0,0.0,0.0,25,500,27995.420942350054,,,,2026-02-02T00:08:08.000Z
29.99756097051399,15.99837737912957,997.9963664590489,-0.7747239291056225,-0.39218642135387577,4097.763279513899,1.9489631114476191,-0.5297782520307184,-0.44392649443489174,0.0,0.0,0.0,0.0,25,500,28009.667333203444,,,,2026-02-02T00:08:09.000Z
29.99716978394461,16.03817266467879,997.9971165273224,-2.1972408503556244,0.8193706874930994,4095.9840547173667,0.7356551436413686,-0.6903381233439047,-1.4829130411779132,0.0,0.0,0.0,0.0,25,500,28006.235203553784,,,,2026-02-02T00:08:10.000Z
29.99990943736377,16.176353750244235,997.9934264465834,2.8410085745421263,-1.1939871768418648,4098.95988827778,0.925904176727718,-1.7961977553345514,-0.005587133968183114,0.0,0.0,0.0,0.0,25,500,27999.056154239403,,,,2026-02-02T00:08:11.000Z
29.991298235298746,15.94049472937091,998.0139927137524,-0.22696129176428237,2.986006208886407,4096.154736615295,1.1772087874169148,0.5712830531642964,0.03355159681824261,0.0,0.0,0.0,0.0,25,500,27987.374841907316,,,,2026-02-02T00:08:12.000Z
30.015532471866887,16.004308374220212,998.0089852699308,0.4431169472484212,-0.3202602791958743,4094.2774315973434,1.8341345643623908,-1.6214526245522214,-1.3030019218148046,0.0,0.0,0.0,0.0,25,500,28011.56851962227,,,,2026-02-02T00:08:13.000Z
30.012981939116965,15.935215154744945,998.0010994853833,2.4695038280895902,1.23672113251933,4099.046248154539,-1.771422551443844,-0.7502588076917368,-1.473280172893692,0.0,0.0,0.0,0.0,25,500,28025.102281475276,,,,2026-02-02T00:08:14.000Z
30.016181067830477,16.029469836082562,998.0102456816398,-2.06391048418887,2.911200958514596,4097.077820087369,-1.2298831152865406,0.5882367945150587,0.4866194801281112,0.0,0.0,0.0,0.0,25,500,27984.28133811703,,,,2026-02-02T00:08:15.000Z
30.006834172312388,15.943153049862557,997.9837292828475,1.1909817952785147,2.06330754915035,4093.925507691347,-0.8037236608946853,0.721921252408372,0.871705131061377,0.0,0.0,0.0,0.0,25,500,28014.036191497493,,,,2026-02-02T00:08:16.000Z
29.99970521884978,15.947455700856581,997.9877154122145,-1.1797895129257818,-2.8178382053810496,4095.6193226438327,-0.4697297964895977,-0.6517041482182336,0.19028290992242175,0.0,0.0,0.0,0.0,25,500,27995.316988573428,,,,2026-02-02T00:08:17.000Z
30.01614729303007,15.854047662594438,998.0047455476235,-0.2643387112887437,0.8897917900197685,4094.2487634932304,-0.30056939058524895,-0.1341533269924053,1.1508346496843629,0.0,0.0,0.0,0.0,25,500,27996.66531348962,,,,2026-02-02T00:08:18.000Z
29.99319033164087,16.009779478281967,998.007355365558,0.14455793076857779,1.7014387889212939,4093.2344005380714,-0.4469775528060408,-0.8725945264061531,-0.0863849843514986,0.0,0.0,0.0,0.0,25,500,28002.696394875384,,,,2026-02-02T00:08:19.000Z
29.99128791020967,16.042976962190497,998.0027940754626,-3.000443722893872,1.7837260443214975,4097.852355095063,0.21930891313205408,-0.5483967878111827,-0.05435127440020237,0.0,0.0,0.0,0.0,25,500,27987.9447672086,,,,2026-02-02T00:08:20.000Z
29.993984884852303,16.18604763531923,997.9811730532492,-1.5576740856408695,-2.2265896682292623,4099.81883328094,0.0352953907452159,0.26621526015290703,-0.9170280287407904,0.0,0.0,0.0,0.0,25,500,27999.628615550555,,,,2026-02-02T00:08:21.000Z
30.005228712669144,16.046950248118986,997.9893766547566,2.7021457848262784,-1.3140704740346478,4093.202864852362,-0.7228347951782497,-0.5016466787964576,-1.5602419775537173,0.0,0.0,0.0,0.0,25,500,27983.887463721978,,,,2026-02-02T00:08:22.000Z
29.992378948066122,15.955031587670268,998.0041659186651,1.7723823771695912,1.9891164714832432,4097.125938473381,-2.17554877698757,-0.24421504017566917,1.8546621338595848,0.0,0.0,0.0,0.0,25,500,28004.76082489778,,,,2026-02-02T00:08:23.000Z
29.99844627011782,15.86403209123139,998.0242647228924,-0.12527915465446973,-1.5235207413652914,4094.6987148617563,-0.9928687053786982,-1.464706681617567,1.1312990502497464,0.0,0.0,0.0,0.0,25,500,28022.33722037963,,,,2026-02-02T00:08:24.000Z
29.98398144706115,15.877871299433453,998.0121791266506,0.48624691702578615,-0.5993921133286285,4095.0257492324704,-0.5492386533125753,1.1329561648061375,-1.3925125671384784,0.0,0.0,0.0,0.0,25,500,27993.604685108363,,,,2026-02-02T00:08:25.000Z
30.004810976654284,15.870437166052803,998.0157730429847,-0.5884850112729153,3.1517516190039387,4094.8152121515222,-0.24707943680771946,0.5100665931710657,0.15575190783128046,0.0,0.0,0.0,0.0,25,500,27998.31256661708,,,,2026-02-02T00:08:26.000Z
29.98482896632817,16.18780420354494,998.0033972542219,2.713166771655964,-0.09559850076957963,4094.2720184606405,-1.129667459310537,0.7929053718372018,-0.10004631110366666,0.0,0.0,0.0,0.0,25,500,27998.80521823927,,,,2026-02-02T00:08:27.000Z
29.990678389451347,16.028781049692636,998.0033249098079,-0.40070515558832775,-1.453548275667686,4096.09704325589,-0.4908064664964202,1.2904253246168622,-0.2739924731630432,0.0,0.0,0.0,0.0,25,500,28009.86468593991,,,,2026-02-02T00:08:28.000Z
30.012171671348966,15.94170337807381,997.9896651453274,0.4636841842696961,-1.7552347137258102,4094.338099767178,-1.1309873884855863,-0.8252128755457164,-0.40901784781493944,0.0,0.0,0.0,0.0,25,500,28004.05572369052,,,,2026-02-02T00:08:29.000Z
30.01180318316986,15.904014039484673,998.0095182205305,2.29206028828413,0.6654386591703759,4096.54091365156,-0.125819351548333,-0.3583944830280237,0.38126914696797887,0.0,0.0,0.0,0.0,25,500,28009.20346010352,,,,2026-02-02T00:08:30.000Z
30.003743130895465,15.914389215960608,997.9992681829746,-1.5547429696918131,-2.666296016954418,4095.899523781102,-1.0730913283626153,-1.894834367582211,0.8181755254714744,0.0,0.0,0.0,0.0,25,500,27994.937646647977,,,,2026-02-02T00:08:31.000Z
30.002756635817352,15.939070060549362,998.0069273237547,3.117578368993788,-0.4946719277928363,4095.522103906267,-0.8489046563704645,3.140422910102237,0.40239116902820543,0.0,0.0,0.0,0.0,25,500,28004.3356900482,,,,2026-02-02T00:08:32.000Z
29.99469040352846,16.131625521625516,998.0003068635289,-3.0609228194867537,0.6664610699800435,4094.1848726759167,-1.308684130989139,-0.14958531531737618,-0.12051837437919372,0.0,0.0,0.0,0.0,25,500,27966.321942670642,,,,2026-02-02T00:08:33.000Z
29.99227096336258,15.997005655294226,998.0027911842475,3.2592842622255973,2.598299641095335,4094.8464573388633,-0.15350069556978385,1.038727899914912,-0.15722671689112,0.0,0.0,0.0,0.0,25,500,28006.67462571989,,,,2026-02-02T00:08:34.000Z
29.996377583022426,15.855253358272606,997.999122718837,-0.7453511679039492,1.3350961607399914,4097.510782451652,-0.8664477699523984,-1.2381611443354588,0.9368143169226666,0.0,0.0,0.0,0.0,25,500,27987.822072912048,,,,2026-02-02T00:08:35.000Z
29.984863458255376,16.231045927473037,998.0022462469782,-0.4853974956505635,-1.4281302359643575,4097.001834375249,0.9067842666754293,0.9963884256430094,0.4634449381160623,0.0,0.0,0.0,0.0,25,500,27996.724061185,,,,2026-02-02T00:08:36.000Z
30.002524485549536,15.88598388606341,998.0100007655755,-3.780020342365886,2.35683863512744,4094.0448895104028,0.405850266692899,1.8575908766496656,0.07268946303543318,0.0,0.0,0.0,0.0,25,500,28007.45251108644,,,,2026-02-02T00:08:37.000Z
30.000488311248084,15.940916469007613,997.9873377047093,-0.9095894347553858,-0.5990300750949551,4096.198664610858,-0.069851868183643,-0.060280749027981445,-0.03590129760010782,0.0,0.0,0.0,0.0,25,500,27984.6391016738,,,,2026-02-02T00:08:38.000Z
29.990665787332897,16.131014438763387,997.9850707757369,-2.0796130620537685,-2.471406044098818,4097.502774246744,-0.7974854973437886,-1.0108814965896014,0.34527050961228883,0.0,0.0,0.0,0.0,25,500,28010.89432798222,,,,2026-02-02T00:08:39.000Z
30.015686819188414,16.041514963260905,998.0042586457764,-1.2152926907469452,-0.344082718530945,4092.6611894377575,0.3805203053163029,-0.13879640094553602,-0.46834868855944944,0.0,0.0,0.0,0.0,25,500,27998.756951887113,,,,2026-02-02T00:08:40.000Z
30.00606913710287,15.95300770003758,998.0144057429791,-0.2746219315777592,2.876338402291404,4097.08672038476,0.690700889348637,-2.2267615249572263,0.8215388173082104,0.0,0.0,0.0,0.0,25,500,28014.53115486287,,,,2026-02-02T00:08:41.000Z
30.00691841804009,15.876863307390616,998.016927446168,1.9155832289458112,0.3304801001298504,4094.6747524821085,0.14268841220163028,-0.0378867010218419,-1.0758585618378667,0.0,0.0,0.0,0.0,25,500,27990.97155840964,,,,2026-02-02T00:08:42.000Z
29.99512660073961,15.903330989107497,997.9877558978229,0.41520670280125155,0.025043728659572675,4097.141197337186,1.6037018554669304,0.8209671393129958,-0.41145650976648185,0.0,0.0,0.0,0.0,25,500,27981.87212275653,,,,2026-02-02T00:08:43.000Z
29.999986699219736,15.909350388092353,997.995971261646,0.6153533068022277,3.2744232894057066,4094.473481686915,0.45963731807481595,-0.035757644373514225,0.611106095446024,0.0,0.0,0.0,0.0,25,500,27999.71053284662,,,,2026-02-02T00:08:44.000Z
30.006273726701874,16.000703179784956,997.9852078474555,-2.1910387776911247,-2.862709694108854,4092.390235798671,0.9136072175680342,-0.2841395546889674,-1.1328828133542732,0.0,0.0,0.0,0.0,25,500,28005.870760678474,,,,2026-02-02T00:08:45.000Z
30.001527823671,16.01910618172813,997.9944938837361,-1.7615081792054603,-2.5711982281055445,4092.7449151242336,0.1335654155359782,0.527568116112033,-1.5730085426495004,0.0,0.0,0.0,0.0,25,500,28006.709369388103,,,,2026-02-02T00:08:46.000Z
30.0160190078477,15.985134537136865,998.0112284809505,3.597450036702624,-3.231692941933664,4096.096169893322,0.6756644532569765,0.6040248469495526,0.0630776754292401,0.0,0.0,0.0,0.0,25,500,27988.64511864073,,,,2026-02-02T00:08:47.000Z
29.997962124305833,15.996078618607568,997.9998710821644,-1.4704020695264932,0.7452963729601102,4096.519445003443,-0.7967812326691753,-1.6599055625051826,-1.6964581544464707,0.0,0.0,0.0,0.0,25,500,27983.7536692988,,,,2026-02-02T00:08:48.000Z
29.994954394677638,15.894927680480567,997.9962612592037,3.312416504114591,0.332986254230249,4094.191366749791,-0.4583983632127938,0.08882296227878847,-1.2988035540518614,0.0,0.0,0.0,0.0,25,500,27996.876760260984,,,,2026-02-02T00:08:49.000Z
30.006342528764716,16.02931361062239,998.0054508575641,-0.486122397761733,3.085472734559552,4097.277184917555,0.34936355348237974,2.4359851242292434,0.7565941185064321,0.0,0.0,0.0,0.0,25,500,28005.164439904755,,,,2026-02-02T00:08:50.000Z
29.987353527277136,16.128051863683698,997.9920494791019,0.004575872287008099,0.48695015427354044,4092.676959875462,0.3420994815573816,-1.335016245648024,-0.20478525760573577,0.0,0.0,0.0,0.0,25,500,28004.657867821064,,,,2026-02-02T00:08:51.000Z
30.009242969323083,15.983720831825043,998.0159297836489,2.1407303204598596,-0.8083143189586055,4095.8678404027055,0.5076118229432475,-0.08541883283306648,1.2854869497089854,0.0,0.0,0.0,0.0,25,500,28015.72126336472,,,,2026-02-02T00:08:52.000Z
29.98699288199408,15.981771329357052,998.0000728497224,2.543784843877313,0.0035897457562141704,4093.577967600475,1.1003928922787292,1.9417461220517027,-1.204814340937455,0.0,0.0,0.0,0.0,25,500,27996.265447985825,,,,2026-02-02T00:08:53.000Z
30.006385846660585,16.008300105205286,997.9959820575704,-0.221625120558175,0.2354148369219162,4094.6963277843956,-1.424971171815412,1.1041751565436755,-0.0939523656322844,0.0,0.0,0.0,0.0,25,500,27981.551035617755,,,,2026-02-02T00:08:54.000Z
29.993517264458273,16.11182048597594,998.005868492348,-0.7764861070430777,-3.343522546656334,4096.094797342633,-0.9744525476102961,-0.5133966807760615,0.3995845532077593,0.0,0.0,0.0,0.0,25,500,28011.966664382842,,,,2026-02-02T00:08:55.000Z
30.004765841469833,15.910527700056136,998.0093928616021,-0.11184089704442624,5.420663288669786,4094.2791732694322,0.22957264107425313,0.2061353796226038,-1.1705149301289088,0.0,0.0,0.0,0.0,25,500,28001.951953141106,,,,2026-02-02T00:08:56.000Z
30.00907342946061,16.145084733573213,998.0159597524015,0.6759150564642366,1.039742036203823,4095.23088891154,-0.7243636318034608,-0.0021116799848234138,1.0317619044996247,0.0,0.0,0.0,0.0,25,500,28002.82187910501,,,,2026-02-02T00:08:57.000Z
30.00153421195504,16.042122223943522,997.9979003109374,1.782607373739511,0.4200166160451781,4098.012585618429,3.377768241289362,-0.7480718043216674,0.5106788831660388,0.0,0.0,0.0,0.0,25,500,28007.670903921065,,,,2026-02-02T00:08:58.000Z
29.988003790483592,16.002868069569885,998.010860565227,0.008459717988303153,1.2303279685571606,4094.8462162609535,0.515719619170136,-0.0742521074930824,-1.609287086687434,0.0,0.0,0.0,0.0,25,500,28012.636435903685,,,,2026-02-02T00:08:59.000Z
29.99103224755493,16.12132388366643,998.001012116119,1.2377725960463073,1.41882196117321,4097.671384224131,-0.07833084893015722,-0.2799661328065292,-0.037741796208600506,0.0,0.0,0.0,0.0,25,500,27999.769800158498,,,,2026-02-02T00:09:00.000Z
29.992713408589662,15.881793792612354,997.9938861997903,3.276719464541882,-0.28110697100486337,4093.740586290685,-0.5154692730838591,0.11274893807674967,0.38595673625863275,0.0,0.0,0.0,0.0,25,500,28011.765516333282,,,,2026-02-02T00:09:01.000Z
29.98104993106402,16.05220455362447,997.99223188471,0.7626192245295693,-1.262482272481401,4097.05960835583,-0.48016228319304444,-0.7483831806910334,-0.5900566735280575,0.0,0.0,0.0,0.0,25,500,28005.52136264142,,,,2026-02-02T00:09:02.000Z
30.01127477858732,16.04303095645066,997.9890301655637,0.6233057120095566,1.198901372643408,4098.883137241316,0.030140661315177376,-1.276618200244661,-1.4798649055088138,0.0,0.0,0.0,0.0,25,500,27993.44417608692,,,,2026-02-02T00:09:03.000Z
30.001101075857562,15.90645449356062,997.9925830600112,-3.0378216501801356,0.7714216810629049,4091.0567109997455,0.11198193262125772,-0.04128077339237078,0.27845878944741026,0.0,0.0,0.0,0.0,25,500,27997.667615278315,,,,2026-02-02T00:09:04.000Z
29.98864481954811,16.046063812295383,998.0111570662176,-5.261460273658127,-1.6197801981788162,4094.406209489059,-0.45669914469351297,1.71511821817878,2.2112429502825615,0.0,0.0,0.0,0.0,25,500,28006.167440233985,,,,2026-02-02T00:09:05.000Z
30.014556748574584,16.02833051793805,998.0070670960179,0.7767514584603367,2.838071222734528,4097.154144254361,-0.2731522465199018,0.08220292626279649,-0.38698409915769044,0.0,0.0,0.0,0.0,25,500,27992.911752357562,,,,2026-02-02T00:09:06.000Z
29.99298671899862,15.982126188031007,997.9875878834406,-0.18964846256174447,0.5867040726459667,4095.593909227914,1.3442845752345964,-0.33159377893154535,1.5692411812847087,0.0,0.0,0.0,0.0,25,500,28008.864591021364,,,,2026-02-02T00:09:07.000Z
30.00250572489075,16.086281755523032,997.9825360907978,-1.029565349829484,1.4596387245352613,4096.742291746743,1.3845049626510342,0.7540858050384984,-0.7522888217614683,0.0,0.0,0.0,0.0,25,500,28001.581835008474,,,,2026-02-02T00:09:08.000Z
29.991747294548038,15.942824574764234,997.988877068442,0.48706040837268927,2.783841775359838,4094.7920296265684,0.25203397993487703,-0.15831961259537855,0.21554563500995175,0.0,0.0,0.0,0.0,25,500,28003.816182390998,,,,2026-02-02T00:09:09.000Z
29.97981739846671,16.027032124584338,997.9922326379175,-0.12080745839381658,0.043777642329669554,4096.173179574946,-1.3412597272367377,1.8680329249591099,0.7715225308761193,0.0,0.0,0.0,0.0,25,500,28014.405053235503,,,,2026-02-02T00:09:10.000Z
29.98635559441149,15.986832621754468,997.9969673428942,2.255560501267797,0.6339040139682307,4095.688645529216,0.5385031566390435,-0.003912509295078522,-0.008413665971365013,0.0,0.0,0.0,0.0,25,500,28003.565668775762,,,,2026-02-02T00:09:11.000Z
29.995515095691335,15.938530317699234,998.01172863523,0.1722217365179558,1.620054477012233,4098.335564123319,1.554282441611026,0.7004970631581634,-0.29773564888123116,0.0,0.0,0.0,0.0,25,500,28000.714118539152,,,,2026-02-02T00:09:12.000Z
30.00898296871206,16.050288468511877,997.994522831411,-1.4938465701403352,-1.4497221676001044,4096.508841686603,1.3697811019623787,-0.7546043823932729,0.7261275213503737,0.0,0.0,0.0,0.0,25,500,27999.174115368918,,,,2026-02-02T00:09:13.000Z
30.003465331468192,15.979226425265084,998.0168049996017,1.980332477918578,0.10810332569200187,4096.675205324151,0.7344258528096671,0.5030892533366624,1.8914551152692207,0.0,0.0,0.0,0.0,25,500,27998.65343040219,,,,2026-02-02T00:09:14.000Z
30.001402051261714,15.852699354129046,997.9831980010767,-0.43426214989240497,0.2510971733022966,4095.176246067755,1.4224229552858216,0.27509347694375413,0.3005869246391313,0.0,0.0,0.0,0.0,25,500,28003.122993642035,,,,2026-02-02T00:09:15.000Z
29.97989972377255,15.819893389528202,997.9965136747924,1.0530733673446142,-1.912117103366789,4095.024787551855,0.053384272479021756,-0.05650612465920803,-0.5160601765303474,0.0,0.0,0.0,0.0,25,500,28013.633229841165,,,,2026-02-02T00:09:16.000Z
30.0127008614768,16.07890574680832,998.0078554866914,-0.9548214123856009,4.635273577347757,4095.1348836243606,0.628102969833705,-0.5017577611697203,-0.189751557259683,0.0,0.0,0.0,0.0,25,500,27993.882237396658,,,,2026-02-02T00:09:17.000Z
30.002236796964954,15.877939989277317,998.0084720525236,-1.2996537709948728,-2.814586886984805,4096.788904284756,-0.6807755663251802,-0.6380301656523745,2.5197076456453744,0.0,0.0,0.0,0.0,25,500,27993.12542861329,,,,2026-02-02T00:09:18.000Z
29.99880582330108,16.02793844934006,997.9966428604362,0.1683364603713923,-2.5962078073743156,4095.1580310383597,0.29226545615571214,0.28235266397965253,0.13490711633812782,0.0,0.0,0.0,0.0,25,500,28012.85039895198,,,,2026-02-02T00:09:19.000Z
30.011324231099888,16.005495189362815,998.0100175343379,0.02565728708737024,2.6284531514071583,4096.579549713792,1.3295342439705244,0.6289391096964736,-0.5944136985779728,0.0,0.0,0.0,0.0,25,500,27994.338530601413,,,,2026-02-02T00:09:20.000Z
30.012474967235683,15.96314682230291,998.0081219644251,0.959654070733666,1.4265325015930848,4100.150801597291,-0.589423411486891,-0.1271627962941314,-1.14506791648254,0.0,0.0,0.0,0.0,25,500,28002.160948663528,,,,2026-02-02T00:09:21.000Z
30.01154590247609,16.195666845721533,997.9931788534069,-0.5372915066194851,-2.0519296349615557,4097.742249406863,-0.8614434294642864,0.2872679291207924,-1.8259010941126057,0.0,0.0,0.0,0.0,25,500,27994.08202535184,,,,2026-02-02T00:09:22.000Z
29.997529135032966,16.017967401846043,998.0031492846845,-3.6727195675407946,1.2145780302033857,4095.347952935664,0.09748893902369685,-0.037914678132769594,0.36358427384619,0.0,0.0,0.0,0.0,25,500,27983.205155416435,,,,2026-02-02T00:09:23.000Z
29.98996523439216,16.075563348268208,998.0070361328408,-0.8655477671767773,2.9357008899946195,4098.402427844328,-0.22666220372399956,0.09852602490538785,0.6546419928245036,0.0,0.0,0.0,0.0,25,500,28001.98225193292,,,,2026-02-02T00:09:24.000Z
30.00988922917142,16.02848162153398,997.9938946523242,1.5876369342876313,-0.06052611519397151,4095.183849253957,0.6491477210704204,-0.20044498267722502,-0.39669617996520684,0.0,0.0,0.0,0.0,25,500,28011.15167894026,,,,2026-02-02T00:09:25.000Z
29.986349455569297,15.976846057688253,998.0169432545027,-0.5947521584862129,5.197645800149164,4091.9237509296445,-0.45325952594704233,0.017972579368308247,-0.014970418030954094,0.0,0.0,0.0,0.0,25,500,27999.379451482073,,,,2026-02-02T00:09:26.000Z
30.019472567386643,15.998091124976407,997.9916463805338,-0.49276680502909603,-3.448123621736071,4093.983827378165,1.718439615602714,2.6980404568174263,-1.1704617092886238,0.0,0.0,0.0,0.0,25,500,27985.18341436744,,,,2026-02-02T00:09:27.000Z
30.000279995451944,16.145854276566048,998.001440928833,1.9727530118118741,1.3876469077182043,4092.2584161579484,-1.2896760979610558,0.3116342988074249,0.13292846482750106,0.0,0.0,0.0,0.0,25,500,28001.090705830506,,,,2026-02-02T00:09:28.000Z
29.989391157443006,16.108810529260044,997.9875022268358,-1.4239464545178455,2.3330566724420065,4095.2969730319173,1.2537347862197346,0.645296958431043,0.4814953205671245,0.0,0.0,0.0,0.0,25,500,27992.440486113544,,,,2026-02-02T00:09:29.000Z
29.987681314458435,16.19519864316886,998.0010336019866,-3.0856064364857994,1.7826878032104934,4096.036836758379,-0.7648492283081031,0.438023605328097,-0.5351642671676378,0.0,0.0,0.0,0.0,25,500,27973.80494916754,,,,2026-02-02T00:09:30.000Z
29.98722395175944,16.022164209297287,997.9893292678393,-0.3212622390509887,-0.40871145329129666,4099.35287462455,-1.7959827345840234,-0.26281682329705947,1.6904526695858395,0.0,0.0,0.0,0.0,25,500,27999.191162782765,,,,2026-02-02T00:09:31.000Z
30.00140362906721,15.912306293429925,997.9970587085867,-0.968347902497474,-0.5808829640222988,4096.653854747528,0.23787515634886738,1.293989213291668,-0.8371063267469117,0.0,0.0,0.0,0.0,25,500,28005.17684193888,,,,2026-02-02T00:09:32.000Z
29.9999360767994,15.95594830556402,997.9841340243868,-1.932492639506508,0.8882903421745147,4095.561798942382,-0.25460798601388357,-0.2911637704263413,0.28347660401898234,0.0,0.0,0.0,0.0,25,500,28011.77705478132,,,,2026-02-02T00:09:33.000Z
29.987640778264907,15.88122218082014,998.0079981340033,-0.35075691179738144,1.6315089733041388,4097.658811162367,-1.1096093679030308,1.0550545489425514,0.8483172197046055,0.0,0.0,0.0,0.0,25,500,28017.56854739962,,,,2026-02-02T00:09:34.000Z
29.99643544213444,16.076704412887526,998.0035628004974,0.9830112944935673,1.2049468725647265,4091.577729381984,-1.681376891715264,-0.33420699806644877,-0.07728950014938255,0.0,0.0,0.0,0.0,25,500,28006.509356773866,,,,2026-02-02T00:09:35.000Z
29.986320646139088,15.941408368392276,998.0108741055363,-0.018577123135631493,2.0801157815867786,4096.471229116217,-0.00836078727145676,-0.9599725191440409,-0.18847681889449142,0.0,0.0,0.0,0.0,25,500,28009.335674086054,,,,2026-02-02T00:09:36.000Z
30.005893018059442,15.694468205368048,997.9965219483536,0.6139621453724755,-2.0377399141334704,4097.541730387774,0.9758368916238178,0.36539620823619295,-1.4288661504496623,0.0,0.0,0.0,0.0,25,500,27987.15434549922,,,,2026-02-02T00:09:37.000Z
29.999454067338874,16.246377569832994,998.0113384736688,3.626815397030846,-0.4555419582472693,4093.0428275084405,0.5849534930864443,-1.1046683561021067,1.3573414957162835,0.0,0.0,0.0,0.0,25,500,28016.218258015462,,,,2026-02-02T00:09:38.000Z
29.996215974940824,15.94293988615117,998.000392796454,-0.6857577231151282,-1.8800318642475082,4098.287508086414,0.056706648839265496,0.5356402250166092,-0.1698932016675959,0.0,0.0,0.0,0.0,25,500,28012.673601815717,,,,2026-02-02T00:09:39.000Z
29.987118892699325,15.942340907451419,998.0011316745943,0.5566972692893392,-0.7722255521722833,4096.676992814989,0.4788475732177351,-1.1941586560913167,0.5373654249348249,0.0,0.0,0.0,0.0,25,500,27996.328845150336,,,,2026-02-02T00:09:40.000Z
29.99699844399777,16.167161169266038,998.0211405332535,-1.018426725198269,2.0304417836286106,4095.1694241721984,-0.027214132377857005,-0.3190080304728533,0.6727204878601408,0.0,0.0,0.0,0.0,25,500,28006.816601252878,,,,2026-02-02T00:09:41.000Z
29.995852721186537,15.87917485492025,997.9951532403506,-1.6927194397739458,0.21596784145045766,4097.265563732212,-1.4297242430303712,-1.4317296965247415,-0.6282984920177531,0.0,0.0,0.0,0.0,25,500,28005.810681834486,,,,2026-02-02T00:09:42.000Z
30.003177267012095,16.113660588653318,998.0122745903116,-1.1698153068355397,5.2137183262995395,4100.541385715609,-1.4208939852234432,2.8241670094027294,-0.1975286042912149,0.0,0.0,0.0,0.0,25,500,28014.702135105505,,,,2026-02-02T00:09:43.000Z
30.00167017978117,15.941255755657599,998.0047968494055,-0.9575171430433771,0.3868127343794339,4096.363732510117,-0.20316852898467888,-1.6539595596163144,1.3344823507435037,0.0,0.0,0.0,0.0,25,500,27998.4889222784,,,,2026-02-02T00:09:44.000Z
30.007920601020793,15.867620455540314,997.9942809510776,0.7189515950942511,0.11938376115947254,4096.4964411726005,-0.16065328636607445,0.009813740396404322,-1.117197665740445,0.0,0.0,0.0,0.0,25,500,27992.537673623,,,,2026-02-02T00:09:45.000Z
29.99515423456495,16.170571776137812,997.9868430910954,4.698151573401515,0.21236583888043256,4095.0812782009193,0.8509826785067651,1.1433042743300137,2.1279180747572566,0.0,0.0,0.0,0.0,25,500,27995.100016303386,,,,2026-02-02T00:09:46.000Z
29.981395884978035,16.092309694706252,997.9896691494954,-1.4320868725516807,-1.2756173857198718,4094.3003112610704,0.7573042237747472,1.0363859085870253,-0.744872785276274,0.0,0.0,0.0,0.0,25,500,28008.967959833637,,,,2026-02-02T00:09:47.000Z
30.00991092876598,16.092000098451503,998.0113067479786,-0.833250611230925,-0.11567322475518749,4097.660671633089,0.6051330157589494,0.8513421221731372,-1.1795174566405118,0.0,0.0,0.0,0.0,25,500,27980.80129589858,,,,2026-02-02T00:09:48.000Z
29.990639674869517,16.036765554678876,998.0173439952683,-0.1262460262224965,2.2555760542232917,4094.2878323481823,-0.2802827130771807,-0.31722838822147553,0.1323090206885346,0.0,0.0,0.0,0.0,25,500,27970.029265607565,,,,2026-02-02T00:09:49.000Z
29.988930829469847,16.05991016330777,998.0009143990321,0.7915976974194942,0.2279413362555447,4096.143132474439,-1.3806521701101395,1.351088946337002,2.208348264339871,0.0,0.0,0.0,0.0,25,500,28008.94249006968,,,,2026-02-02T00:09:50.000Z
29.999568834548864,15.876784197525195,998.0014388176262,0.5271016239095699,-1.5869194597669427,4095.04468510647,0.41207113706602394,0.9133910908021826,-1.910965935592205,0.0,0.0,0.0,0.0,25,500,28002.748054641554,,,,2026-02-02T00:09:51.000Z
30.003022705129545,16.011161085724467,998.0077645343316,2.5681915878962345,-1.8501692409572703,4096.957959651493,0.5251693132621684,0.21229961766047659,-0.14101571848969216,0.0,0.0,0.0,0.0,25,500,28000.18463336303,,,,2026-02-02T00:09:52.000Z
29.994691635942853,15.907123699954916,998.0007330202935,-4.8527841410704164,-0.9004037833316868,4096.6673242105735,-2.388531462477686,0.2405807577265921,0.4762650172565557,0.0,0.0,0.0,0.0,25,500,27986.944533720114,,,,2026-02-02T00:09:53.000Z
29.99461307318532,15.861105948093694,998.0109970003797,-4.773859740391345,0.14772686882176075,4098.075079888516,-0.8343381865826627,-0.3039226476153726,0.033649958535531356,0.0,0.0,0.0,0.0,25,500,27982.901102354048,,,,2026-02-02T00:09:54.000Z
29.996089736822345,16.041095333070803,998.0029162225067,-0.9917563440202986,2.387173070952524,4094.9799672022905,-0.691054377393896,-0.9096520258330384,0.38192167000300953,0.0,0.0,0.0,0.0,25,500,27993.654709165017,,,,2026-02-02T00:09:55.000Z
30.01416540350993,16.115814955565956,998.0013554131365,2.1946003750874175,-2.6809772827328735,4095.4602501294135,0.11835020112343628,1.2371509754787164,-0.7180330821722741,0.0,0.0,0.0,0.0,25,500,28003.616950993695,,,,2026-02-02T00:09:56.000Z
29.999973219124417,15.961663117577194,997.993007871525,-3.1312960632111926,-0.6396525557775125,4094.042472568435,-0.8033604327656939,1.3122079936015318,-0.599721845931381,0.0,0.0,0.0,0.0,25,500,27994.14244287233,,,,2026-02-02T00:09:57.000Z
29.99032037160538,15.978798710766545,997.9905473292052,-6.015264679387514,0.2886200388701577,4095.1114134798477,-0.03813456882464037,-0.8841091410299213,-0.14842264715919978,0.0,0.0,0.0,0.0,25,500,28009.00100200242,,,,2026-02-02T00:09:58.000Z
29.99042216643097,15.886184935491697,997.9684091198645,1.1423588124384174,-3.667411535258869,4096.75460098609,-0.21053494035299194,-0.15378516514619175,-1.129888087902751,0.0,0.0,0.0,0.0,25,500,27990.459406579797,,,,2026-02-02T00:09:59.000Z
29.997491158204177,16.00072171460879,998.0123411679995,0.48731444740542884,-1.6671965659328127,4097.5139772332905,-0.15914947153772793,-0.14342321645892908,-0.044686401440189545,0.0,0.0,0.0,0.0,25,500,27994.806549268404,,,,2026-02-02T00:10:00.000Z
30.00237857934028,16.07600761123884,997.9985339294478,-2.1804168135988595,-1.3597770794723727,4094.155669351645,-0.7163942937007461,-0.03265590374030994,-0.3887452936715014,0.0,0.0,0.0,0.0,25,500,28007.032010546845,,,,2026-02-02T00:10:01.000Z
30.004839801619664,16.079152773672778,997.9959960265527,-1.9710792014418599,-1.5919407477009966,4097.739211840211,-0.6389850540666776,0.06429487858758168,-0.4700451851548686,0.0,0.0,0.0,0.0,25,500,27996.230849835156,,,,2026-02-02T00:10:02.000Z
30.00124158603847,16.054517617563093,997.9804829270362,-1.9394874392693489,0.3837790900432948,4098.71127571761,-1.0802670597806927,0.9468614616461799,0.3205064125986378,0.0,0.0,0.0,0.0,25,500,27996.726500396773,,,,2026-02-02T00:10:03.000Z
29.99158126649083,15.938156883280547,997.9935988723423,0.22107063494788026,-0.3211192190035948,4096.826869806448,0.380067440573832,-0.7472173084867436,-1.8206594931993039,0.0,0.0,0.0,0.0,25,500,27993.565115463512,,,,2026-02-02T00:10:04.000Z
29.99576058700439,15.934987095657284,997.9922831354172,-1.252630552366014,-1.1105722052020726,4099.753591625116,0.5711026285913683,-0.8463469915126599,-0.22909010338315364,0.0,0.0,0.0,0.0,25,500,27991.71059259197,,,,2026-02-02T00:10:05.000Z
30.007339078818646,16.079540447324092,997.9920522691277,0.9881278379510393,0.85592525310527,4094.452421601793,-0.7706179501253388,1.2366197421429752,2.317353765614861,0.0,0.0,0.0,0.0,25,500,28003.541773538964,,,,2026-02-02T00:10:06.000Z
29.98853908039547,16.081199893221672,998.0033283614315,-5.709253325808782,3.4461494352924995,4093.510690593377,1.5206400960170445,-0.4626447418812982,-1.086109686325625,0.0,0.0,0.0,0.0,25,500,28004.837062946448,,,,2026-02-02T00:10:07.000Z
29.995342466069225,15.982800501456811,998.0012224855319,-1.7137037302555986,3.278513033483504,4092.442559502191,-0.3146014474420489,-1.2630353535770662,1.2855004964844134,0.0,0.0,0.0,0.0,25,500,28002.271484375513,,,,2026-02-02T00:10:08.000Z
30.005974628578812,15.957382809243432,997.9863870406638,-2.2521079218221005,-3.8455435441246726,4098.992088622978,1.5301856237965608,-0.48512994209987004,0.05465612091269875,0.0,0.0,0.0,0.0,25,500,27993.838163944467,,,,2026-02-02T00:10:09.000Z
30.00875281426635,16.11672470934457,997.987021589001,-0.5126813567449844,1.1541443676702792,4097.308731312708,-0.6421271738316033,-0.3300527352440008,-0.6029578088814181,0.0,0.0,0.0,0.0,25,500,27997.985081000865,,,,2026-02-02T00:10:10.000Z
29.998070846289085,15.964005133518675,997.9870032144767,-1.076095516980277,-0.35604658012767687,4095.888830658179,-2.0265777765994355,1.554962727725765,-1.3206416595298065,0.0,0.0,0.0,0.0,25,500,28015.95934783421,,,,2026-02-02T00:10:11.000Z
29.99588793189429,16.07459322245238,998.0181052608757,1.5956875597915332,0.3103106857307126,4096.559937252639,0.4021978249123513,0.9248262123767372,0.1396819652852321,0.0,0.0,0.0,0.0,25,500,27985.789166229006,,,,2026-02-02T00:10:12.000Z
29.986778820585563,15.98631568251419,998.0149272262869,-3.718673543320115,-0.7965660670850971,4093.7490219054034,0.24854510511898723,1.1475206166322423,1.4533971058146764,0.0,0.0,0.0,0.0,25,500,28018.858912804288,,,,2026-02-02T00:10:13.000Z
30.00525639922727,15.8952467218963,997.991477010009,0.090982952661504,0.23517725977440448,4100.891503959234,0.034393795307583075,0.819973642346786,-0.3892111451967638,0.0,0.0,0.0,0.0,25,500,28000.997198461177,,,,2026-02-02T00:10:14.000Z
30.01318779685147,16.16123121400237,997.9802340568,1.116672846423411,0.30281479214403745,4096.25844236395,-0.6422324784439893,0.9462436716153141,-0.08096142473677351,0.0,0.0,0.0,0.0,25,500,27998.198736100236,,,,2026-02-02T00:10:15.000Z
30.025651540585997,16.01200638957315,998.0012804424301,3.7132948731239095,-1.1579035146978462,4096.218789589209,-0.034572225485819015,-0.6880821265803181,1.010370850190332,0.0,0.0,0.0,0.0,25,500,28009.53378338802,,,,2026-02-02T00:10:16.000Z
30.00386446183518,15.928925602011192,998.0004694011624,-0.9635319421869504,-1.7927350956503616,4097.451533247798,-0.5112594578695273,-0.19860215535348436,0.34087079134628084,0.0,0.0,0.0,0.0,25,500,27979.327339309417,,,,2026-02-02T00:10:17.000Z
29.99949120348356,15.86091943322248,998.0031691698699,0.6489172087050341,-0.8973913652389685,4096.962018463473,-0.30234956633175064,-0.9899153130235488,-1.5722757797245785,0.0,0.0,0.0,0.0,25,500,28013.803195745797,,,,2026-02-02T00:10:18.000Z
29.99080189386849,15.870999920176317,998.0074137389248,-3.60772558512473,0.46851852891353113,4096.447768048558,0.841632255765075,-0.21048803053703335,0.09888721585518365,0.0,0.0,0.0,0.0,25,500,28018.577258289482,,,,2026-02-02T00:10:19.000Z
29.98121143086257,15.96270885959054,998.004517039534,-4.783912408626048,1.1979926833685282,4094.4190510891094,0.18421722953009348,0.684104990934741,1.5122349106655983,0.0,0.0,0.0,0.0,25,500,28010.87972867459,,,,2026-02-02T00:10:20.000Z
30.0017695924974,16.19251288835336,997.988835604685,1.6895487515633998,1.7066979546802932,4096.942936714272,0.6099513873319773,0.1345832848122468,-0.03694118646749832,0.0,0.0,0.0,0.0,25,500,27978.977146310892,,,,2026-02-02T00:10:21.000Z
30.023503391201544,15.941533812132576,998.0029404108716,-0.011120587296141132,-0.9883800461338255,4099.76404899295,-0.23186850662578992,1.3114808189602951,-2.741489429477377,0.0,0.0,0.0,0.0,25,500,28007.641677978005,,,,2026-02-02T00:10:22.000Z
30.01270812229657,16.14474548323462,998.0085382357533,2.3570253795968457,0.5676891346054735,4098.69084009231,-0.34201734580477505,-1.1414157922272192,0.388214991591073,0.0,0.0,0.0,0.0,25,500,28016.459985580186,,,,2026-02-02T00:10:23.000Z
30.01116564269114,15.986923633139691,997.9927599827699,-2.7468057779394983,1.925005183906597,4099.186373253278,-1.1534825308886436,0.5002383506982397,-0.19845643954403597,0.0,0.0,0.0,0.0,25,500,28015.427487877358,,,,2026-02-02T00:10:24.000Z
30.002456028170577,15.881884960889831,998.0029995646876,1.039804279057505,2.3311897902882563,4094.9775686471376,-0.370036612568197,-1.248302801869318,-1.8290944139212169,0.0,0.0,0.0,0.0,25,500,27985.919107527738,,,,2026-02-02T00:10:25.000Z
30.0035952316028,15.952678881154961,997.9944721928254,3.7376356810877063,-0.11766570826304441,4094.020790359483,-3.321114555589139,0.09417646917364228,-1.6792080900537842,0.0,0.0,0.0,0.0,25,500,28010.16356831603,,,,2026-02-02T00:10:26.000Z
29.97576252681722,15.871901207626255,998.0199616972094,0.8394112167145318,-0.4418634498792252,4095.7484261598006,-0.5902219663056348,0.7403334225564788,0.9751071432888088,0.0,0.0,0.0,0.0,25,500,28017.95570402779,,,,2026-02-02T00:10:27.000Z
30.00762510580764,15.914403154803615,997.9867317286113,0.5531630111820975,0.38224846767278436,4096.111449824577,-0.08187417719083905,-0.21450256682421923,-0.73238274559508,0.0,0.0,0.0,0.0,25,500,28000.29465718646,,,,2026-02-02T00:10:28.000Z
29.99420659430424,15.911425193812407,998.0115594893653,0.017112161648699664,-2.2994149457948114,4098.188383036942,0.563673654270156,0.5511266040869559,-0.9074963807359919,0.0,0.0,0.0,0.0,25,500,27985.472987772104,,,,2026-02-02T00:10:29.000Z
29.99298272653404,15.809619613251874,997.9832918723857,-3.1417629142518244,-0.38721902207101616,4092.6150707405704,-0.26867787752495675,-0.9597323348329341,-0.035638560931668735,0.0,0.0,0.0,0.0,25,500,28008.286525927248,,,,2026-02-02T00:10:30.000Z
29.996767430469514,16.151279606881474,998.0179305268522,2.711145871420696,1.4891727969462598,4099.059100638921,0.3476735422449994,-1.663689978196383,-0.6442029983199388,0.0,0.0,0.0,0.0,25,500,28010.538579686516,,,,2026-02-02T00:10:31.000Z
29.99642995510549,16.02110170302223,997.9885845093257,-1.2217152796101316,1.2838942588874023,4095.683984202842,-2.1797886613902455,0.5570296224878031,0.10004862777774516,0.0,0.0,0.0,0.0,25,500,27998.60791835674,,,,2026-02-02T00:10:32.000Z
29.992823644080282,15.93137215943819,998.0018967154399,1.0089665127660339,-0.540535208727778,4095.146237860105,-0.056836852206949735,1.7440102340757326,-0.20272002943667036,0.0,0.0,0.0,0.0,25,500,27988.09276544136,,,,2026-02-02T00:10:33.000Z
30.00013872072176,16.02217577464334,997.9837080681331,-3.126068613142507,0.4354364021743332,4093.9757912494797,-1.6795027929134034,-0.9960449401698921,-1.199995580093643,0.0,0.0,0.0,0.0,25,500,28009.81872084036,,,,2026-02-02T00:10:34.000Z
29.99441722403792,15.916451960635793,997.9865001888298,-2.358919329015561,-1.649300680581375,4092.6902866562687,-1.2083035156593327,1.2221941801067953,-0.5111977985613847,0.0,0.0,0.0,0.0,25,500,27992.311911343782,,,,2026-02-02T00:10:35.000Z
30.00100322955756,15.732893803463025,998.0089774704762,2.870174798444471,1.4069842964500496,4097.646341167924,-0.18716554786386091,0.04342340881641101,0.4427533213091045,0.0,0.0,0.0,0.0,25,500,28003.97346726539,,,,2026-02-02T00:10:36.000Z
29.9851282218545,16.295669163322653,998.0102816231147,-0.6946045779156859,-0.15564287227294618,4096.146635934377,1.2762639878735544,-1.335691521693076,0.04191804023862554,0.0,0.0,0.0,0.0,25,500,28015.58166355013,,,,2026-02-02T00:10:37.000Z
29.99785942229368,16.018959987667706,998.0023935893237,2.906550952085089,-0.5519029033922763,4093.4200782005178,0.37120676347005876,-1.1315053013521625,-0.08194248239183136,0.0,0.0,0.0,0.0,25,500,27983.41201903048,,,,2026-02-02T00:10:38.000Z
29.98903704410314,15.941098696068524,998.0074108166549,-0.15646131811703562,-0.7234476721867732,4093.409842455873,0.01823099713711716,0.015784773360650053,1.9373842411793845,0.0,0.0,0.0,0.0,25,500,28009.077639979692,,,,2026-02-02T00:10:39.000Z
29.99358550681502,15.806608518832256,998.0104487874265,-3.683795545915715,-0.1257877337997164,4095.3284306014198,-0.019530389467102203,-0.40446228792410366,0.7310375253855356,0.0,0.0,0.0,0.0,25,500,27997.934179696804,,,,2026-02-02T00:10:40.000Z
30.001433988430335,15.850585020485743,997.993158231362,1.7841351994634411,-0.8957552898639167,4099.338043050579,-0.7136288932044673,-1.312912976758239,0.8524412648213425,0.0,0.0,0.0,0.0,25,500,27998.193467160156,,,,2026-02-02T00:10:41.000Z
29.98396002385245,16.165449192955492,997.9860103856569,-1.1797846355112156,1.3162860720051266,4095.480817297273,-0.5439834133726836,-1.694039281225405,-0.16596840779492483,0.0,0.0,0.0,0.0,25,500,28005.14316434533,,,,2026-02-02T00:10:42.000Z
29.99177592622728,16.150193854879845,997.9998629661379,1.397377627034087,-0.7905670960323614,4092.9937140937636,0.42737604547079716,-0.8467193279265061,0.22014519035127497,0.0,0.0,0.0,0.0,25,500,27992.28615968586,,,,2026-02-02T00:10:43.000Z
30.005689643848363,16.075321503599895,997.994227988141,0.05042173508016423,3.1859281920547624,4095.508513871828,-1.3853605184444944,0.19380900833111825,-0.4310999895256928,0.0,0.0,0.0,0.0,25,500,27988.249808630713,,,,2026-02-02T00:10:44.000Z
29.98586822158134,15.888492296159018,998.003886214802,-3.0862364558857407,2.930421006962762,4095.4545528605045,0.5930540502830212,-0.006400752603138034,0.7775497655241282,0.0,0.0,0.0,0.0,25,500,27982.158052279694,,,,2026-02-02T00:10:45.000Z
30.017778671402787,16.150997398797703,998.0054802861209,0.3285895307411381,-1.7830869797090094,4090.606226714117,-0.38850706711885274,-0.5012379575000783,-0.11039990409904346,0.0,0.0,0.0,0.0,25,500,28012.31762709419,,,,2026-02-02T00:10:46.000Z
30.012044079561306,16.044978261794434,997.9931834920943,4.392446284305598,0.13940853885856044,4095.891410266964,0.8255570748695653,0.20188719429148277,0.2223777489305565,0.0,0.0,0.0,0.0,25,500,27996.28327814891,,,,2026-02-02T00:10:47.000Z
29.995054729155477,16.065492444835154,998.0070410854297,0.9859729170289184,-1.30131324267239,4095.5381309395825,0.9610934572320833,1.0400267198626876,0.16061130215516814,0.0,0.0,0.0,0.0,25,500,28005.699404123574,,,,2026-02-02T00:10:48.000Z
29.99212790312215,16.044617094444323,998.0065413837596,-0.11503550601092626,-0.653295126377223,4097.392412729627,-1.67308401250574,0.39412651043414787,-0.018166881405454506,0.0,0.0,0.0,0.0,25,500,27995.149679251183,,,,2026-02-02T00:10:49.000Z
30.002019399033355,15.84930128153739,998.0072331757889,2.1506868039137954,4.004854935289594,4099.69791218989,-0.5815807632272181,-0.12130867138958067,2.93818806715577,0.0,0.0,0.0,0.0,25,500,27988.38239496625,,,,2026-02-02T00:10:50.000Z
29.985525377429727,15.88018390492531,997.9959220762299,0.4213369304062216,-0.6151428342315984,4098.253130059095,-0.8555276879406237,0.9280720066606888,-0.6666192774947225,0.0,0.0,0.0,0.0,25,500,28006.52312609939,,,,2026-02-02T00:10:51.000Z
29.979978572751676,15.948978183359165,998.0077992216483,0.41906846052558866,0.7204520741548575,4095.4622226188903,-1.812727965073143,-0.959850302216295,-0.6757115301586923,0.0,0.0,0.0,0.0,25,500,28003.279625737247,,,,2026-02-02T00:10:52.000Z
29.995406648759474,16.064363970753313,998.0052000228068,-2.183250344318205,1.0826425880165567,4093.786948182517,-1.0325332762094106,-0.2249195395553516,0.6940967468117569,0.0,0.0,0.0,0.0,25,500,27997.631008460125,,,,2026-02-02T00:10:53.000Z
29.998659512334978,15.861956791775686,998.0064018464476,0.46769605157919675,-2.0012587449664814,4101.1467196065,2.44125584526534,-0.20108793560036814,-0.5951689990751792,0.0,0.0,0.0,0.0,25,500,28003.018960634414,,,,2026-02-02T00:10:54.000Z
30.000944272243537,15.98246535850558,998.0167778856309,2.0708868328338896,-1.7101909488184097,4096.118436868029,0.6095098962124401,-1.2369532584428453,-0.2914063613488932,0.0,0.0,0.0,0.0,25,500,27990.39515443756,,,,2026-02-02T00:10:55.000Z
29.99385259383882,15.982339048983695,998.0032777418993,-1.6721243042000493,-2.4120447428162377,4096.027858583826,1.917287968605754,-0.41987416228435775,-1.086410953355618,0.0,0.0,0.0,0.0,25,500,28010.60599774555,,,,2026-02-02T00:10:56.000Z
30.01273946729475,16.079273968932757,997.9939303777601,2.8489916424938952,-1.7719414677955538,4095.95174982578,0.8290984400183357,-2.074959680895303,0.4915579194025869,0.0,0.0,0.0,0.0,25,500,28012.923946385345,,,,2026-02-02T00:10:57.000Z
29.985048603415162,16.067467153560766,997.98889545469,-0.18341204829025196,-5.7000602186343645,4096.396169521536,-0.7418431610084755,1.9121780476629535,0.5042572444841515,0.0,0.0,0.0,0.0,25,500,28007.59304571337,,,,2026-02-02T00:10:58.000Z
29.988617378650417,15.898977407094787,998.0112793615999,-1.7755390230770813,1.0891648015872561,4095.711279176152,-0.381771196674043,-0.937413788436313,-0.3151920599234445,0.0,0.0,0.0,0.0,25,500,27996.280142409065,,,,2026-02-02T00:10:59.000Z
30.004866359561447,16.14466861694873,998.0035730767604,1.995264153840489,4.10838768251214,4094.8526759862393,0.5884361802403073,1.5861141314213119,0.7148166884800725,0.0,0.0,0.0,0.0,25,500,28000.593467946834,,,,2026-02-02T00:11:00.000Z
29.98838352614363,15.883676017124971,998.0167002198832,-0.5735884714765386,0.2956414780730539,4094.9062821175194,0.4375062034730363,0.03808450571949245,-1.8581250137335916,0.0,0.0,0.0,0.0,25,500,28015.688364481346,,,,2026-02-02T00:11:01.000Z
29.987996795478026,16.109223944190074,997.979704478088,1.5190297749722157,-2.832537718681215,4095.934493459568,-0.5773420157083338,0.5648641321559589,-0.7068534015143436,0.0,0.0,0.0,0.0,25,500,28012.81166217611,,,,2026-02-02T00:11:02.000Z
30.001233547922073,15.94498551016516,998.0091066708778,-0.5835172645170743,-1.285552765799896,4094.9131504577326,-1.509993170579207,-0.48879979835093157,-0.1699791862109306,0.0,0.0,0.0,0.0,25,500,28019.938690905088,,,,2026-02-02T00:11:03.000Z
29.98946477379684,16.016392595343337,997.9973886266458,-0.11965228705980739,-0.9177536900499939,4094.5743084346454,3.287761187388739,0.20792969196167435,-1.1722824969029528,0.0,0.0,0.0,0.0,25,500,27992.194811466867,,,,2026-02-02T00:11:04.000Z
29.998669155720794,16.02259874601043,997.9964647900512,0.9871204086685832,-2.0351695544267514,4096.212860455384,-0.14114967234280568,0.650489639988436,-1.748713037418722,0.0,0.0,0.0,0.0,25,500,27991.29787716013,,,,2026-02-02T00:11:05.000Z
29.99300143440342,16.01977074407088,997.9923519215985,0.5817941151800118,1.7203652767903133,4095.490045565158,-0.32573889318261995,0.6645524143941822,-0.3078959650384471,0.0,0.0,0.0,0.0,25,500,28001.34370287582,,,,2026-02-02T00:11:06.000Z
29.99138336296627,16.067449919843458,998.0089957101388,-3.991063560903477,1.6205200887506677,4099.007985977165,0.11333446390530184,0.7747733900743572,0.6940200870607419,0.0,0.0,0.0,0.0,25,500,28004.068957572963,,,,2026-02-02T00:11:07.000Z
29.97897694608655,16.039145949793355,998.0061353617729,-2.2424874801887835,-2.3109035876353192,4090.698060383214,-0.24272858931102861,-0.36833271003917634,1.2821083914265121,0.0,0.0,0.0,0.0,25,500,27998.577108349404,,,,2026-02-02T00:11:08.000Z
30.001395631528215,16.078364912987055,997.9885761797497,1.858819969581631,1.450162088895016,4098.183013703845,0.1227289077054837,-0.4803596724913551,-0.5472878832053729,0.0,0.0,0.0,0.0,25,500,27996.103155721645,,,,2026-02-02T00:11:09.000Z
29.987528100078872,16.046461996034513,998.0016492143792,-0.2642731778030945,3.0536253271545304,4098.492170384995,1.2869472861164193,-1.5941763252676036,0.7332158376215936,0.0,0.0,0.0,0.0,25,500,28012.673951828292,,,,2026-02-02T00:11:10.000Z
29.998317577964695,15.873554474107415,998.0070611433068,-1.0474626055428435,3.8051164104591195,4091.8532195351836,-0.12454847968642378,0.5232190111769367,0.6365420380756676,0.0,0.0,0.0,0.0,25,500,27999.092679094527,,,,2026-02-02T00:11:11.000Z
29.994878951016513,16.0269799074558,998.0017801052593,-2.7171480305149487,5.730424046171925,4095.314624811839,-1.1627104393277614,1.0823787113234427,1.2186081743344965,0.0,0.0,0.0,0.0,25,500,27987.84788582082,,,,2026-02-02T00:11:12.000Z
29.997934919413,15.943613009749466,998.0110784030003,-2.159472642551697,-1.803985298886395,4095.2571182680085,-0.16164379447861094,1.6159816799179296,-0.3501910303540016,0.0,0.0,0.0,0.0,25,500,27989.003109130645,,,,2026-02-02T00:11:13.000Z
29.99850324625987,15.889073752209272,997.9970996145611,-4.043597279923895,5.648440852790406,4093.1849766105643,-0.4644017814099108,0.30517263458050775,-1.7985004951846741,0.0,0.0,0.0,0.0,25,500,28002.470643251334,,,,2026-02-02T00:11:14.000Z
30.00193628250918,15.97101601073227,997.9774564232689,-0.20256143740306576,-0.7084127770175765,4094.444366624818,1.4238989372468513,-0.7664797729085693,0.07018585242274462,0.0,0.0,0.0,0.0,25,500,28030.026524849116,,,,2026-02-02T00:11:15.000Z
29.992722406985084,16.01832355990351,998.0018671756077,-1.1968751611620938,-1.1849309107610286,4093.7788483090685,1.1711190647375707,-1.6970961432894554,-1.013793740969723,0.0,0.0,0.0,0.0,25,500,27990.240562562547,,,,2026-02-02T00:11:16.000Z
30.012426964792734,16.024967502798777,998.001806257694,-1.9331757819706303,0.6541447497556906,4099.504540886847,0.10752500043079882,1.0416667330833504,-0.7235051090620076,0.0,0.0,0.0,0.0,25,500,27996.85125931327,,,,2026-02-02T00:11:17.000Z
29.981525999391444,16.105602474514026,998.0031118649671,-0.1362468503359062,-1.1641226681860248,4097.871356786295,-1.2787358548192564,-1.7962765667775356,-0.3012191440531824,0.0,0.0,0.0,0.0,25,500,28024.04804775266,,,,2026-02-02T00:11:18.000Z
29.997734088814727,16.130730911897157,998.0110697909797,0.7279412617054762,0.7980882812930522,4098.5431101899885,-1.2258922634399458,-0.3406040777437667,-0.3389276313491429,0.0,0.0,0.0,0.0,25,500,27995.157192701616,,,,2026-02-02T00:11:19.000Z
30.00836230976411,16.033628083075737,997.9804753674671,4.1863958644198895,-2.6401543754746033,4097.443344128086,0.015123261584553639,-0.2243068279436459,0.14155926689579443,0.0,0.0,0.0,0.0,25,500,28004.554608412713,,,,2026-02-02T00:11:20.000Z
30.004767725530026,16.051710637700943,997.9976151669566,-3.023766839126427,-0.47750520412686864,4093.7418964575654,0.3363229693212808,-0.06945513785101935,0.7031563164196175,0.0,0.0,0.0,0.0,25,500,28018.759107225913,,,,2026-02-02T00:11:21.000Z
29.990251644234714,16.009530903317565,997.99077342192,2.318762086601044,2.571164468723359,4094.9509594674405,-0.3746228193260549,0.03580260003584014,-0.3677355832759664,0.0,0.0,0.0,0.0,25,500,27990.48521319096,,,,2026-02-02T00:11:22.000Z
29.99191754507012,16.07672254636496,997.9879196961189,1.946203122030144,-0.11412258286231187,4096.978749122456,-0.48016958420723416,0.13814755636757506,0.3956975066080047,0.0,0.0,0.0,0.0,25,500,27996.907397779785,,,,2026-02-02T00:11:23.000Z
29.989932074406735,16.048698813883707,997.9992770100043,-1.558185478753401,0.28319157347976565,4093.5557443822163,-0.5927992331786469,-2.4153632620785297,0.014816009930505383,0.0,0.0,0.0,0.0,25,500,27995.156340663656,,,,2026-02-02T00:11:24.000Z
30.005992276306642,15.994551190614219,998.0070182203028,0.40647190917206205,0.950517209434623,4097.425996860345,-0.023393960243946223,0.014655909870126726,0.9354943958784453,0.0,0.0,0.0,0.0,25,500,27984.82104637033,,,,2026-02-02T00:11:25.000Z
29.992600762714844,16.21519825670043,998.0030094660486,-0.9152664986752305,2.3413232586353203,4095.5193492036838,-2.382762352073065,-2.2295755741118772,-0.18859185110631663,0.0,0.0,0.0,0.0,25,500,28015.693659456887,,,,2026-02-02T00:11:26.000Z
30.002551230881235,15.945381663655818,997.9931247757751,0.37137716083747785,-3.310449424378866,4095.2503583849007,-1.1013266287697099,0.7322180730909948,-0.07892667577455567,0.0,0.0,0.0,0.0,25,500,27994.145956615303,,,,2026-02-02T00:11:27.000Z
30.00264301414076,16.145445695670833,997.9985452840045,3.018262026809101,1.1690481036748694,4097.421919936407,-0.6270508454473506,-0.5551251558036121,-0.37440044799890676,0.0,0.0,0.0,0.0,25,500,27991.23754324178,,,,2026-02-02T00:11:28.000Z
30.023683934682353,15.864570707367307,998.0092989644463,1.211212465262626,-0.5362782784835265,4096.888526622972,1.2075031949519206,-2.1570367252233504,-0.16224853995849545,0.0,0.0,0.0,0.0,25,500,27995.555661119295,,,,2026-02-02T00:11:29.000Z
30.003132512598018,16.081361653645146,998.0068312924506,1.017216746466884,0.33327579062367707,4095.278067668362,-0.8138136419289294,-0.8142046773853758,-0.7834881283458742,0.0,0.0,0.0,0.0,25,500,28009.28831405154,,,,2026-02-02T00:11:30.000Z
29.991888559852494,16.143656835172685,997.9944722998678,-0.8606186399092848,2.1199003395247527,4098.318659606729,0.18046814183120646,-0.5700753391846538,-0.8825972861435134,0.0,0.0,0.0,0.0,25,500,28001.128935370078,,,,2026-02-02T00:11:31.000Z
29.985398497379336,15.809278092899207,997.9938250362434,-2.9681133298486704,-2.3883733028236884,4093.8378733448003,0.22654275093099605,1.1906996175550046,0.775765385282725,0.0,0.0,0.0,0.0,25,500,27992.083336945696,,,,2026-02-02T00:11:32.000Z
29.997241472853624,16.013895057305508,997.982835158394,-0.4169364210808158,-2.025288882886179,4097.231871213889,1.2979165056607622,0.196637741750245,-1.0832016831846014,0.0,0.0,0.0,0.0,25,500,28004.09149844915,,,,2026-02-02T00:11:33.000Z
29.998809141575727,16.071541404124403,997.9957058866642,2.4132163097278303,-3.8708599194276125,4097.186202515937,1.2625774069641502,0.3444449443505802,-0.3191180896979034,0.0,0.0,0.0,0.0,25,500,28008.125946977485,,,,2026-02-02T00:11:34.000Z
29.977893004726095,16.025196360412806,997.9826421106956,-3.054335713179295,-1.0983178835275529,4095.380907121372,-0.05750296879491637,1.181221634220601,1.0153427862709963,0.0,0.0,0.0,0.0,25,500,27999.762354120972,,,,2026-02-02T00:11:35.000Z
29.99286145839707,16.037815593560698,998.0206706968738,-2.11017873635339,2.660864688757633,4096.652266044484,-0.47548474118944284,-0.09614428792448947,-0.3527007950036071,0.0,0.0,0.0,0.0,25,500,27997.652390711344,,,,2026-02-02T00:11:36.000Z
30.002973525428274,16.013622316237665,997.9914488184313,0.25253547246813635,-0.24117437694693905,4093.4977728472295,-0.6638331028256903,0.7541879610324033,0.8287404536855749,0.0,0.0,0.0,0.0,25,500,28010.158759383823,,,,2026-02-02T00:11:37.000Z
29.994676443297337,15.89057521736384,998.0110898085532,-1.9693095696945249,-2.6802497913095715,4097.8480540384135,-0.2410632224657809,0.6838611139319919,-0.5910457207268417,0.0,0.0,0.0,0.0,25,500,27998.208147534864,,,,2026-02-02T00:11:38.000Z
30.009686237857057,16.236804559215543,998.018181062079,-1.5850468942304252,-0.971357489150094,4095.630195727114,-0.43403335432359996,-1.2864694935694123,-1.051163606350194,0.0,0.0,0.0,0.0,25,500,28016.0819150629,,,,2026-02-02T00:11:39.000Z
29.984416435552795,15.94964621366842,998.0021620140852,-0.8471971634563542,-2.975723406981246,4094.9545539589617,0.553627409358232,1.4729835776298295,-1.5948258549008207,0.0,0.0,0.0,0.0,25,500,27992.423651279096,,,,2026-02-02T00:11:40.000Z
30.006768828201533,16.04341612387789,997.9989998574362,-2.731234808380299,-2.2503722034623235,4098.098018451674,0.4203098174852043,-1.4203017800706945,1.3127240692726614,0.0,0.0,0.0,0.0,25,500,27992.190865342392,,,,2026-02-02T00:11:41.000Z
30.00913889741526,15.935316032291457,997.9867763474394,-1.9482436924327367,0.7776378205274266,4094.5913126189143,0.5918011911450157,0.9173666494778481,-1.1368711816344155,0.0,0.0,0.0,0.0,25,500,27990.962032199157,,,,2026-02-02T00:11:42.000Z
30.009564964758415,15.77241368099793,997.9949539987836,1.4068558335746175,-2.3477466526120576,4093.183077407273,1.2592837114361684,-1.5170730369056327,0.7471865901250933,0.0,0.0,0.0,0.0,25,500,27997.6115354331,,,,2026-02-02T00:11:43.000Z
29.984341436153457,15.907548712625102,998.0160396504787,-2.614739564461928,2.2252686104066037,4092.886741652952,1.862869121400177,0.6012367881516733,-0.9999470267933823,0.0,0.0,0.0,0.0,25,500,28000.025040613662,,,,2026-02-02T00:11:44.000Z
30.003145527958573,15.855239330772486,998.0035125262963,-3.1957442689896753,-0.142240581660672,4097.212019902691,0.12466339340755687,1.8619148781501726,1.3173839179398212,0.0,0.0,0.0,0.0,25,500,27986.74364090427,,,,2026-02-02T00:11:45.000Z
29.993312458814785,16.10915675392245,998.0002834820746,-1.2600499590677887,0.17118940788905088,4093.4391412950076,1.0994637713956532,-0.21297865655021128,2.2067827246151004,0.0,0.0,0.0,0.0,25,500,28000.967572679143,,,,2026-02-02T00:11:46.000Z
29.98593857558017,15.939313198395554,998.0131212320917,1.4639110050196915,-0.5567459352157881,4099.509588363969,-0.35166018383421516,-0.2563556428531463,-1.6865300596903368,0.0,0.0,0.0,0.0,25,500,28005.65354187286,,,,2026-02-02T00:11:47.000Z
29.99586132275026,15.948590866082004,998.0069629054846,-0.3938436159937791,1.5456956770874464,4091.8361411842325,1.1850069835830157,0.6104399993168492,-1.0847564341588138,0.0,0.0,0.0,0.0,25,500,27985.34508445207,,,,2026-02-02T00:11:48.000Z
29.990950220080993,15.893566928739626,997.9985212685222,-0.9291621562312367,1.5663197755540215,4099.39291273658,1.0615091571758442,-0.329396455962543,0.7731318638032247,0.0,0.0,0.0,0.0,25,500,27994.78828573619,,,,2026-02-02T00:11:49.000Z
30.00920750468164,16.00940353987151,998.0021625583568,0.0887175950312141,0.6701087038243428,4096.422034934405,1.0084159699429913,1.8182787037428214,0.5130429233658149,0.0,0.0,0.0,0.0,25,500,28005.67485728569,,,,2026-02-02T00:11:50.000Z
30.005130633430134,15.928354148363871,997.9923193496256,-3.491414865719304,1.1295782118152962,4095.806573776259,0.09406984119152385,0.1921922494586957,0.7769218547601916,0.0,0.0,0.0,0.0,25,500,27989.105807341242,,,,2026-02-02T00:11:51.000Z
29.98847555531891,16.09923547312468,997.9943895935363,0.9894113075500649,-0.42417933984085127,4094.910161826382,-0.6683581639908888,-0.32016950822072576,-0.5737555504043761,0.0,0.0,0.0,0.0,25,500,27996.840214780867,,,,2026-02-02T00:11:52.000Z
29.99275778686169,16.030203932308915,997.9979370137074,0.7668700628072883,1.084406013818097,4096.798272228704,-1.3945284378654765,-0.5402855278956832,1.9875341610233674,0.0,0.0,0.0,0.0,25,500,28010.88183568934,,,,2026-02-02T00:11:53.000Z
29.996193025743835,15.942817421427556,998.0055747106237,-0.8186169481914425,-0.6757555509476135,4095.9247305951503,-0.04003720752109928,-0.9329484701730206,0.11804946668977437,0.0,0.0,0.0,0.0,25,500,28017.95182763126,,,,2026-02-02T00:11:54.000Z
29.999275948526822,16.085023305183704,997.9875263702731,2.0118490235928332,0.004463244324804001,4098.206603764033,1.533012542249183,-0.6277549867574896,-1.2169625768435197,0.0,0.0,0.0,0.0,25,500,28004.39915211249,,,,2026-02-02T00:11:55.000Z
30.010063782748038,16.000794052302325,998.0007624033042,-2.2549921979060774,-0.5492874987325949,4096.228455297324,-0.3098449013640731,-0.35067339365859646,-0.2531485000429449,0.0,0.0,0.0,0.0,25,500,27998.307467141723,,,,2026-02-02T00:11:56.000Z
30.006907823264807,16.002149690568995,997.9961013783993,2.255817986507138,-0.9144370786383919,4096.300603522924,0.7851265854600545,-0.48763907349858004,-1.2035668962288326,0.0,0.0,0.0,0.0,25,500,27994.986019793643,,,,2026-02-02T00:11:57.000Z
30.000513919689748,15.853736509626808,997.9909907078153,0.30898733119050226,-1.3782235954435804,4095.2727755755723,0.8439514005189311,-0.6581752741371039,1.5909413585541052,0.0,0.0,0.0,0.0,25,500,28009.107540987716,,,,2026-02-02T00:11:58.000Z
29.997393511501052,15.99289138672147,997.9961550845051,-0.6731051797563468,0.935380207717771,4095.886108752558,-0.28368622092717277,2.0988412303524395,-0.6603312628001164,0.0,0.0,0.0,0.0,25,500,28011.33406399116,,,,2026-02-02T00:11:59.000Z
29.982266459653925,16.0321544639318,997.9767859673696,-0.03974727073662314,2.6212118256269266,4096.615603537784,1.3163448375195195,-1.0300950764894898,0.4924834847446222,0.0,0.0,0.0,0.0,25,500,27988.435642028824,,,,2026-02-02T00:12:00.000Z
30.012919976261262,16.133356682219834,997.9924241132597,-0.21452953162188348,2.342203943339119,4092.5796632146867,-2.9086607444805037,0.14663258764617476,-0.4706731449821802,0.0,0.0,0.0,0.0,25,500,28009.10426815944,,,,2026-02-02T00:12:01.000Z
29.995529034021345,15.924810637009667,997.9890051311793,2.440565792835434,-2.513130671890871,4093.3036291557887,-1.222750278738175,0.592521009760872,-0.6153873097625132,0.0,0.0,0.0,0.0,25,500,27993.929536982738,,,,2026-02-02T00:12:02.000Z
30.015548402404264,16.22781086233855,997.997200839574,-2.153358254942027,2.5784061028137466,4097.486528188046,-0.9156322963584598,0.6301079955837326,-1.9102541812810507,0.0,0.0,0.0,0.0,25,500,27991.40444226048,,,,2026-02-02T00:12:03.000Z
30.00196109292132,16.0556868316829,997.9772021017703,-1.5250384782931965,-0.6363170032358577,4096.3417308762555,-0.8197150228673898,-0.058607075782472,0.5981746029905671,0.0,0.0,0.0,0.0,25,500,27998.463557964496,,,,2026-02-02T00:12:04.000Z
30.020252842086215,15.84805881239662,998.0019089274351,2.0726057841449594,1.2014660302911833,4095.6320333272947,0.3362629511858955,-0.2407025718473096,1.299181252629184,0.0,0.0,0.0,0.0,25,500,28009.916132425624,,,,2026-02-02T00:12:05.000Z
30.006063215333665,15.915480188591445,998.0090942329641,-1.1910698703677185,-1.812430664094422,4096.036867866131,0.29003780305390187,0.4515474912395065,-0.9159675813651517,0.0,0.0,0.0,0.0,25,500,28003.0940532484,,,,2026-02-02T00:12:06.000Z
29.98567980368779,16.14209991642168,997.9988270362777,1.8010661546631832,0.28395982774801065,4096.695163410724,0.3939905721750079,0.2665216499782007,-1.5452291149986712,0.0,0.0,0.0,0.0,25,500,28002.823316647908,,,,2026-02-02T00:12:07.000Z
29.993855845197388,16.12432291429624,998.0049879187341,3.398871966017419,0.6274463657938142,4094.9204806393814,0.596081494132487,-0.25895883476751336,0.8033160427378291,0.0,0.0,0.0,0.0,25,500,28003.524416539996,,,,2026-02-02T00:12:08.000Z
29.99830865039328,16.00180934815605,997.994872694436,-0.8035900538832673,-2.9692095838393056,4094.4433905491956,-0.9501045691456493,-1.5618785717244308,-1.646241349106251,0.0,0.0,0.0,0.0,25,500,28004.676580186904,,,,2026-02-02T00:12:09.000Z
29.991262171128916,16.014991770305784,997.9844537887623,1.3627246531506108,1.2165343326883786,4096.391690510195,-1.218176066807319,-0.4679237223332475,1.2195329359482587,0.0,0.0,0.0,0.0,25,500,27998.858487824735,,,,2026-02-02T00:12:10.000Z
29.99622939182818,15.883538972627402,998.0000169132129,-2.307384562679717,2.6918700156766304,4094.04325444477,0.39631968200786294,-1.1465501637074578,-0.9043951229546204,0.0,0.0,0.0,0.0,25,500,28006.31888765392,,,,2026-02-02T00:12:11.000Z
29.98633060841418,16.132144274023535,998.0068037837699,1.5094665961356184,-0.34929589136325584,4096.816505511429,-0.6302320736464391,-0.6671595500663265,-1.1032927428246264,0.0,0.0,0.0,0.0,25,500,27993.40317804025,,,,2026-02-02T00:12:12.000Z
30.00005721281099,15.901223291322554,997.9867561187439,0.3988479719735342,2.720336261656026,4092.5948327915244,-1.5704750453679706,0.03322323851695945,0.24846242113129152,0.0,0.0,0.0,0.0,25,500,28006.510076509454,,,,2026-02-02T00:12:13.000Z
30.00237411949011,16.084474111112343,997.9953477272368,0.9460765643204304,-0.37938698690481504,4098.058311274652,0.9713442845414815,0.3587361439966162,-1.0381392850114375,0.0,0.0,0.0,0.0,25,500,28008.56985347834,,,,2026-02-02T00:12:14.000Z
29.98995890592794,16.135204236866514,997.9975288359909,-1.29114414407079,1.6991690620932345,4096.945194964826,1.3951019065022976,1.7804527512924062,-0.7071110812932093,0.0,0.0,0.0,0.0,25,500,28006.99136594567,,,,2026-02-02T00:12:15.000Z
30.01940254293482,16.004815555421953,998.0285140764529,-3.322166831134345,-4.437139931902199,4096.512059468628,1.5571608896986593,-0.5374063789038138,0.3539819326710066,0.0,0.0,0.0,0.0,25,500,28007.510288316942,,,,2026-02-02T00:12:16.000Z
30.000635132612803,16.09676113661222,998.0022337119472,1.0065041294990096,4.837555558626927,4097.965381967891,0.18700772147472028,0.7746256352751506,-2.429112337166646,0.0,0.0,0.0,0.0,25,500,28004.6486564023,,,,2026-02-02T00:12:17.000Z
29.99183259133877,16.18476397080257,997.9809442642114,-4.126806304958909,2.990916490485914,4099.330948888925,0.6259320959729026,0.30596002443783654,1.6424192459283222,0.0,0.0,0.0,0.0,25,500,28011.734429153425,,,,2026-02-02T00:12:18.000Z
29.983704607000348,16.026796879921072,997.9784714909816,-0.6347009844850696,-0.5692510085073578,4098.028740130037,1.3698682233619108,1.2959976706397898,0.043640132465737946,0.0,0.0,0.0,0.0,25,500,27977.283862160213,,,,2026-02-02T00:12:19.000Z
30.00059942889397,15.982469818356805,998.0073049883026,1.8823637328399394,-3.944178053287636,4092.318251537337,-0.6414157900234342,0.576228719595626,-1.292966012403528,0.0,0.0,0.0,0.0,25,500,28008.53745957565,,,,2026-02-02T00:12:20.000Z
29.997395114671868,15.993314714244848,998.0248503197599,0.38379547174607215,0.5760567366109783,4093.4408460665286,1.110677684054092,-1.0084814272863163,-1.0172453692868415,0.0,0.0,0.0,0.0,25,500,28019.754575271578,,,,2026-02-02T00:12:21.000Z
30.007830409072863,15.925701209732791,997.997190255154,3.8966852895796262,-2.8878510941475137,4094.750362844609,0.2753962341432087,-1.7230460292912313,0.9916463782608022,0.0,0.0,0.0,0.0,25,500,27993.781045250413,,,,2026-02-02T00:12:22.000Z
29.99856629735028,15.923441620726313,997.9965918040795,2.050218305163547,0.889707075114976,4096.052182100421,0.913711652342591,0.31126169966750483,0.6010529350741034,0.0,0.0,0.0,0.0,25,500,27992.662701416375,,,,2026-02-02T00:12:23.000Z
29.98806281217731,16.04424067638257,998.004307741762,-1.307796776651153,0.8231314383285638,4097.035318040938,0.18609302087593527,-0.5284509979003907,1.3867806572852113,0.0,0.0,0.0,0.0,25,500,28012.863190129738,,,,2026-02-02T00:12:24.000Z
30.016707182961778,15.983605017785072,997.9920170359165,0.05462675970287734,-1.8828063380040496,4094.548512373693,1.2962567097480018,-0.9803137459505973,-0.6827428448042349,0.0,0.0,0.0,0.0,25,500,27990.73260660521,,,,2026-02-02T00:12:25.000Z
30.004356248795073,16.032756917685127,997.9745584537957,-0.0947414050888719,2.2419340472287552,4096.373533528954,0.22352376254153686,-1.2675777045330776,0.29658383715080283,0.0,0.0,0.0,0.0,25,500,27993.332756874246,,,,2026-02-02T00:12:26.000Z
29.997458912884017,15.851006385014744,998.0103726438928,-3.1643535266922544,1.611149405612347,4094.4892341352934,-1.4839790594674176,0.1609754975871555,0.4265679117836776,0.0,0.0,0.0,0.0,25,500,28001.69948519698,,,,2026-02-02T00:12:27.000Z
30.001646385314498,15.990738117481285,997.993868178716,-1.8807978329687065,1.9516466745771268,4094.776964394016,1.451926632314722,1.507707699313365,0.6952675002522368,0.0,0.0,0.0,0.0,25,500,27992.01048789847,,,,2026-02-02T00:12:28.000Z
30.004740419565618,16.103011785009045,998.0105011786582,-1.1215218139597205,0.017715407337790756,4093.1866778063036,-0.947530740972112,-0.40867234570604166,1.1272811234320694,0.0,0.0,0.0,0.0,25,500,28008.750245019935,,,,2026-02-02T00:12:29.000Z
29.985711433861066,15.888107572302399,997.992390132097,-4.072441005711873,-2.831048133827413,4094.1535335077783,1.2530582102439143,0.5902703110753222,-0.7172639058443472,0.0,0.0,0.0,0.0,25,500,27992.09197877743,,,,2026-02-02T00:12:30.000Z
30.001576942199627,16.001652641413454,998.0012177912746,0.09498693650328591,1.9557445444222752,4093.2966307887673,-0.09024288144032204,-0.10226635021759252,-0.11417026776048074,0.0,0.0,0.0,0.0,25,500,28003.606333477066,,,,2026-02-02T00:12:31.000Z
29.99549876526706,15.81453906891016,998.0085483194749,-0.49814368930608144,-0.5407427982715823,4094.048253494045,1.1760109851977065,-1.289382089103393,-0.6101497455801451,0.0,0.0,0.0,0.0,25,500,28002.844824629967,,,,2026-02-02T00:12:32.000Z
30.0050729998563,15.869453797772682,998.0107035095107,-3.3457878026231485,-2.779560286385338,4098.1072835932155,1.134768614866765,0.7348113435104173,-0.052611873356375655,0.0,0.0,0.0,0.0,25,500,28016.638880724084,,,,2026-02-02T00:12:33.000Z
29.992598180753937,16.080766088767806,998.0023298866748,0.8084257305546642,2.704078731948652,4094.1012022223363,0.4301429743153713,-1.0946920440273713,0.6984327820629752,0.0,0.0,0.0,0.0,25,500,28011.653018662957,,,,2026-02-02T00:12:34.000Z
29.99395298144903,15.969071570668705,998.001832390958,1.431745489381919,4.198815041005019,4101.264764129674,0.5085353176271308,0.021626630593564705,-1.6540355002607023,0.0,0.0,0.0,0.0,25,500,27994.704724585463,,,,2026-02-02T00:12:35.000Z
30.01662871098564,16.182207286553854,998.0061970618018,0.4540689577297778,-0.08249625795840605,4096.986635801762,0.42262861719256595,-0.34152041500530517,1.1093715694592854,0.0,0.0,0.0,0.0,25,500,27987.355075935277,,,,2026-02-02T00:12:36.000Z
30.01230912090882,16.043244311042432,998.0046416953439,-0.6481363504179404,4.318242309206584,4096.36967224739,-2.013824756281078,0.8930774345656918,-1.1391821242637497,0.0,0.0,0.0,0.0,25,500,28008.379688419773,,,,2026-02-02T00:12:37.000Z
29.96704438820033,16.053059566488933,997.9870881946583,1.1828843035037098,0.18262945722269924,4094.2832844396376,0.11833021889820218,-1.0581509924706867,-0.30737031969723144,0.0,0.0,0.0,0.0,25,500,27993.466091652466,,,,2026-02-02T00:12:38.000Z
30.011567619824643,15.89235179501051,997.9872791764569,1.3604407209533822,-0.7609118083327023,4097.400619758818,-1.116064176071895,0.3908699078019598,1.2439419249661245,0.0,0.0,0.0,0.0,25,500,27996.64323262096,,,,2026-02-02T00:12:39.000Z
29.999263479737422,15.961489462315555,997.9789094089698,0.6148071394393768,-1.260916908370955,4094.8487243475242,0.17118714374566293,-0.8397974073487009,0.3280097179834053,0.0,0.0,0.0,0.0,25,500,27989.401723099363,,,,2026-02-02T00:12:40.000Z
29.99291817937101,15.926736381795239,998.0076650800085,-1.6492245008695219,3.274164815985485,4096.244019629291,-1.1429425463832155,-0.5111052123287851,0.33952994826365984,0.0,0.0,0.0,0.0,25,500,28006.79011930787,,,,2026-02-02T00:12:41.000Z
29.989928252642923,15.893455826044942,997.9960427022629,0.5532015310223614,-1.5602877627755436,4101.120169076537,-1.184951941226075,-3.635200227540102,-1.1806260452951107,0.0,0.0,0.0,0.0,25,500,27993.535068835627,,,,2026-02-02T00:12:42.000Z
29.9905088237172,16.066389312609612,998.0082019724538,2.390961301650958,1.4705386199499748,4095.8078802005507,1.6049345017539018,2.0920985716179086,-1.0440859358238408,0.0,0.0,0.0,0.0,25,500,27999.64958311697,,,,2026-02-02T00:12:43.000Z
29.993200640552416,16.086451586576867,998.0040371057346,-1.1932581172234604,-1.1183276701184166,4098.2985466525715,1.0694473881241897,0.5505569328262319,0.9412563966689189,0.0,0.0,0.0,0.0,25,500,27999.804969341076,,,,2026-02-02T00:12:44.000Z
29.98872867416318,16.039893719416746,997.9899757331843,4.1958786782648625,-0.9206135251487262,4094.5936471497484,-0.004142584944154457,-0.7673474859381645,-0.5891435454843897,0.0,0.0,0.0,0.0,25,500,28001.83560619914,,,,2026-02-02T00:12:45.000Z
29.986454003389273,15.9171932806774,997.9987977756647,-1.0512618679707688,2.060499387939134,4095.930023019006,0.1847686502490239,-1.124655688332994,-0.4949118732998493,0.0,0.0,0.0,0.0,25,500,28006.616385017198,,,,2026-02-02T00:12:46.000Z
29.98959619849156,16.033073003509745,997.9954517794833,0.06481402668027243,-0.7600736925787073,4099.541601271271,-0.24791602574300886,-0.4956487528793405,0.9639512510547117,0.0,0.0,0.0,0.0,25,500,27997.57179628106,,,,2026-02-02T00:12:47.000Z
30.003233938550657,15.808732159853434,997.9939077651974,-1.3449711920126723,-0.8095907588405864,4094.7460658844243,0.5698763759795229,0.7168795348194515,-1.0499135453695274,0.0,0.0,0.0,0.0,25,500,27992.585724181135,,,,2026-02-02T00:12:48.000Z
30.000500901485708,16.132300926870805,998.009152873255,0.44654167184052174,2.2656093943496143,4099.624897115994,-0.6760543665488049,-1.8920849255849255,0.269235132886258,0.0,0.0,0.0,0.0,25,500,27981.404553662447,,,,2026-02-02T00:12:49.000Z
30.005558564515518,15.870184982436257,998.0251074347054,-3.4844433852705503,3.1947945864432463,4097.415503870911,0.9937402628679574,-0.14158441929433813,0.04290732616769143,0.0,0.0,0.0,0.0,25,500,28001.026296293676,,,,2026-02-02T00:12:50.000Z
29.9993363016079,15.887954101756154,998.0111620364174,-1.0920835976334424,1.2893796065684666,4094.8750664482113,-0.25308684101411083,1.7706418724626733,-0.002685725863242228,0.0,0.0,0.0,0.0,25,500,27998.43000959382,,,,2026-02-02T00:12:51.000Z
29.986933206693553,16.01152922695702,997.9997304363264,-2.1842424006971344,-1.3095395512478984,4097.264815478111,-0.4198469958312289,-1.1339463359678041,-0.5184356318775039,0.0,0.0,0.0,0.0,25,500,27992.89527169879,,,,2026-02-02T00:12:52.000Z
30.004944409234938,16.020415956024205,998.0125950775996,0.2706766957845818,-1.021216998595159,4097.945108899254,0.0217130184848427,0.08038503876365498,-0.5798551814633284,0.0,0.0,0.0,0.0,25,500,28000.625524621526,,,,2026-02-02T00:12:53.000Z
29.98995310721125,15.992725140154821,998.0171290265031,1.9888947510178148,0.15983052748007498,4097.243619924435,-0.5911468299256105,2.2033098152577577,-1.0783641637948653,0.0,0.0,0.0,0.0,25,500,28008.55982672615,,,,2026-02-02T00:12:54.000Z
30.00646614301989,15.88898720590177,997.9860762921769,1.292012374229103,0.6418601238513151,4092.8595505602193,0.32868234949648295,0.6321516296907728,0.48266502604130657,0.0,0.0,0.0,0.0,25,500,28011.118880849473,,,,2026-02-02T00:12:55.000Z
29.98834079997043,16.11333479936033,998.0122485476136,-4.743318721717785,-1.9757318202795437,4094.54572564835,-0.5373625893133998,0.12592382048545514,-0.6681491915167361,0.0,0.0,0.0,0.0,25,500,27984.648625815757,,,,2026-02-02T00:12:56.000Z
29.993125233735963,15.831405079893075,998.0076968201874,4.084139305855761,1.4460758791597277,4095.5049627288968,0.46852360281883604,0.5066364549090028,0.9687446211672515,0.0,0.0,0.0,0.0,25,500,27996.391386989846,,,,2026-02-02T00:12:57.000Z
29.99638608359432,15.851673100955155,998.0118811905666,0.5905598812417368,0.17102665927919805,4095.8511331418,1.2160065389114765,-0.40086533500970234,-0.2245550415906529,0.0,0.0,0.0,0.0,25,500,28009.610252123985,,,,2026-02-02T00:12:58.000Z
30.00674404801057,15.989301722804552,998.0081328745601,-1.5529982809860006,-3.431416637276259,4097.241344195101,-0.7193216868081737,1.29963128530344,-1.0584504894210378,0.0,0.0,0.0,0.0,25,500,28015.96041034523,,,,2026-02-02T00:12:59.000Z
30.001759972521274,15.87357660181556,997.9977227099247,0.31425583798188167,-1.8578529649214608,4096.355402001866,-0.1305754572951713,-0.3993300229002119,-0.23781388214842067,0.0,0.0,0.0,0.0,25,500,27991.827363468416,,,,2026-02-02T00:13:00.000Z
30.00020001322151,16.122262527627594,998.0203287064418,0.35237964500538477,-1.0082573473033274,4093.32931128258,0.4613307130354217,-1.959181608735977,-0.41085719913647445,0.0,0.0,0.0,0.0,25,500,28013.783229292327,,,,2026-02-02T00:13:01.000Z
30.018856687850555,15.882178536458708,998.0033959860858,-1.3336974339031273,-0.14571537768211015,4096.760395702012,-0.4358573549814069,-0.39130310394045986,1.0091034117280526,0.0,0.0,0.0,0.0,25,500,27986.499037177655,,,,2026-02-02T00:13:02.000Z
29.98163016838775,16.155702715221032,997.995656729793,0.395833334684151,3.778557591007992,4097.221171490568,0.4643205608266651,-0.9667345298767035,-0.3690001892515323,0.0,0.0,0.0,0.0,25,500,28011.4828456312,,,,2026-02-02T00:13:03.000Z
29.989616223572995,16.10351221657716,998.0050597801504,-1.2149445752406145,0.47634261227925656,4097.119580895862,0.5553988606517399,-0.2811940121974293,-0.2762103812003258,0.0,0.0,0.0,0.0,25,500,27997.182436677947,,,,2026-02-02T00:13:04.000Z
29.98918811521961,16.12350557355076,998.0097239590173,-0.8087239853800455,-1.6815437797972501,4098.161561451109,1.083261776294304,-0.25908405908063087,1.4115467054924355,0.0,0.0,0.0,0.0,25,500,28015.628232656436,,,,2026-02-02T00:13:05.000Z
29.98229347690078,16.188710598295323,998.0009476107587,-1.372558271510169,0.44126160861432645,4097.667844309098,-0.6059900460849119,1.1974231998049074,0.508267321463349,0.0,0.0,0.0,0.0,25,500,27995.35968783745,,,,2026-02-02T00:13:06.000Z
29.992804804871138,16.008122792409576,998.0039313638352,-2.8653425794793055,-0.7041754949077619,4096.918360158457,-0.9427752402304745,0.6952927266643856,1.6627060160034965,0.0,0.0,0.0,0.0,25,500,27996.901092732398,,,,2026-02-02T00:13:07.000Z
30.006877691637968,15.898702540418004,998.000883670821,0.2916729404307678,0.6495164790670835,4095.8596685770826,-0.3075773895637438,0.2632654875753966,1.259045004063905,0.0,0.0,0.0,0.0,25,500,27998.666073707962,,,,2026-02-02T00:13:08.000Z
29.994083526014844,15.989699212423135,997.9933992426689,1.1705988730326762,1.1611353740712296,4092.678078132968,-0.9677523395470999,-0.0029454113325951153,-0.8871625883628546,0.0,0.0,0.0,0.0,25,500,27984.62949845277,,,,2026-02-02T00:13:09.000Z
29.996669970280138,15.943333439459103,997.9917817554137,1.0297671921527445,2.418461294447876,4096.859236438265,0.5644982040474971,-1.0588580088579944,0.9899508544001078,0.0,0.0,0.0,0.0,25,500,27982.375273292415,,,,2026-02-02T00:13:10.000Z
29.9827744517212,15.929080872748628,997.9859718371342,1.6398505052704686,-0.04857299134005169,4096.415375374326,-1.1617513001764113,-2.1811752376656774,1.5253032920745915,0.0,0.0,0.0,0.0,25,500,28005.101541930406,,,,2026-02-02T00:13:11.000Z
29.992034744248397,16.015085343680685,998.0151802003405,0.6486804200297364,3.2779210551996663,4096.54315767439,2.3330164182526882,0.11316001139278317,1.5328131323234198,0.0,0.0,0.0,0.0,25,500,28009.884623473532,,,,2026-02-02T00:13:12.000Z
29.995383012844123,15.968829578579225,997.9977658275187,-1.065450996433807,1.8160453250723825,4093.446502848359,1.2959278615737506,0.7946412035736589,0.9880959835766874,0.0,0.0,0.0,0.0,25,500,28006.07577502841,,,,2026-02-02T00:13:13.000Z
30.006424004225472,15.9247790315683,997.9657242489825,1.6793277288623776,-1.4148790896243757,4093.8378869191833,0.012575769600314238,-0.10833388324458919,0.9675229949091757,0.0,0.0,0.0,0.0,25,500,27987.460243858215,,,,2026-02-02T00:13:14.000Z
29.98325083602082,15.975459760741273,998.0039653307928,-2.71503507968387,4.419711331496928,4098.106305706666,0.867394492997976,-0.5348543227867003,-0.30266104367554975,0.0,0.0,0.0,0.0,25,500,28004.80188745072,,,,2026-02-02T00:13:15.000Z
29.99544991254279,16.05489784642037,998.0037582710451,-1.8013427650249603,0.6539890265401953,4095.920889692287,-1.6368018643107916,0.4645021652142125,-0.8373820843495747,0.0,0.0,0.0,0.0,25,500,27990.097960262963,,,,2026-02-02T00:13:16.000Z
30.01086818030069,16.09564172065927,997.9813343231717,-1.9284001428464894,-1.6702490079444703,4097.363001394745,2.523373331399558,-0.083332200624347,-0.3522173188974568,0.0,0.0,0.0,0.0,25,500,28004.076527082238,,,,2026-02-02T00:13:17.000Z
29.995549167143768,15.839707608680902,997.9916760379167,2.1601121182786205,3.3058261024608435,4096.056636752261,-0.5902146122004895,1.6857441919739613,-1.6647890014327629,0.0,0.0,0.0,0.0,25,500,28011.312991452025,,,,2026-02-02T00:13:18.000Z
29.978844385858814,15.969679891367146,997.9912371096544,1.8855770282801512,4.155555170396889,4096.059512278992,-0.12049741389935952,1.2327283420682844,1.3427953154217054,0.0,0.0,0.0,0.0,25,500,28003.67466853335,,,,2026-02-02T00:13:19.000Z
30.01279175777348,15.98586567945253,997.9925773230921,0.9746104740899897,-0.06605052743912113,4097.876567611952,-1.8559332871884366,0.9595080570233295,-0.28329295941771204,0.0,0.0,0.0,0.0,25,500,28014.68533902242,,,,2026-02-02T00:13:20.000Z
30.007348969425383,15.881747997777238,998.012127758617,2.1438597304235945,-1.0073005207511927,4094.9679105435653,0.4862873047408947,0.7577341142099038,1.2913307290649598,0.0,0.0,0.0,0.0,25,500,27998.50012528647,,,,2026-02-02T00:13:21.000Z
30.008693971750787,15.98802942669593,997.9985112245193,-1.7585655648239762,-0.34474991490732393,4096.192241553882,-1.1063441570771089,-1.290167414451457,-1.2314995772215995,0.0,0.0,0.0,0.0,25,500,27997.833506786956,,,,2026-02-02T00:13:22.000Z
29.982562163532545,16.014799560954003,997.9957276511518,0.6971902397219608,1.4294634550353995,4095.07544942259,0.1016557615660292,0.6629937020525997,1.0826249210022105,0.0,0.0,0.0,0.0,25,500,28000.673512977806,,,,2026-02-02T00:13:23.000Z
30.01512455725847,16.0518834545281,998.0112238994222,-0.25034885676632845,2.555713310061028,4095.131007545135,-0.5442744329245381,0.3763259576465752,-0.4948806581793196,0.0,0.0,0.0,0.0,25,500,27986.573589162013,,,,2026-02-02T00:13:24.000Z
29.992267239148887,16.007715802563165,998.0049534774519,1.6937642077698278,1.140974661727147,4095.3816557530627,-1.0777439349303435,0.6064247283911633,-1.2843694083091741,0.0,0.0,0.0,0.0,25,500,27995.970489243828,,,,2026-02-02T00:13:25.000Z
29.994905610557797,15.911905059000244,997.9825902174202,-0.23044846510439518,0.20344641694353957,4096.444267543267,-0.8043615017626171,0.49260948681305256,1.6271180521597577,0.0,0.0,0.0,0.0,25,500,27996.8486683026,,,,2026-02-02T00:13:26.000Z
29.99297222834008,16.201203002757186,997.9938337636083,-0.7698857768201623,2.996023540608855,4095.042502756673,0.2257880340855212,0.45276258784806556,1.1073116693407743,0.0,0.0,0.0,0.0,25,500,27997.16000056713,,,,2026-02-02T00:13:27.000Z
30.009469371819552,16.08291267716216,998.0032196208714,1.08181703712198,-0.6256729461030444,4098.511512251147,-1.2814909728688244,2.7008664695495948,0.21179242018578426,0.0,0.0,0.0,0.0,25,500,28002.682911671633,,,,2026-02-02T00:13:28.000Z
29.99820201647495,16.055271974464986,997.9906610986599,1.7523383343824657,2.061838676733814,4094.210785395561,-0.748811671023577,-0.07618566995191904,0.033937885134963125,0.0,0.0,0.0,0.0,25,500,27985.196708801766,,,,2026-02-02T00:13:29.000Z
30.004817410325877,16.100483125701093,998.0202955478842,-1.3366903896936033,-0.5761255967025573,4095.6262567116773,0.6632733812644779,0.9363373808293303,0.4395100188191182,0.0,0.0,0.0,0.0,25,500,27988.543860161393,,,,2026-02-02T00:13:30.000Z
30.000759010228844,16.02446091718105,998.0011287876365,-0.1221513427047522,0.8620459160217863,4095.1205378834516,2.602479874874313,-0.4709898102640032,0.19462857791741106,0.0,0.0,0.0,0.0,25,500,28011.320695966384,,,,2026-02-02T00:13:31.000Z
29.99904957996307,16.128630088552196,997.9924662366042,-2.1168812672833055,-0.22712512958090297,4098.893955768707,0.47758881955300486,0.7906415838876719,-0.7922759541714712,0.0,0.0,0.0,0.0,25,500,27979.927517759363,,,,2026-02-02T00:13:32.000Z
29.990532159362537,16.005687195028578,997.9887705635666,-4.996122034985879,-0.11170436530562172,4096.393109553023,-0.9172616421772875,0.9393198902324554,-0.41205226978492193,0.0,0.0,0.0,0.0,25,500,28006.16371068873,,,,2026-02-02T00:13:33.000Z
30.018121405873078,16.00017474602742,998.0092752758803,0.400919262827458,-0.7547730349244198,4098.063689078937,-0.367114170072311,0.3644260771353479,1.9607178320387029,0.0,0.0,0.0,0.0,25,500,27996.264403192024,,,,2026-02-02T00:13:34.000Z
29.98536606371495,16.06352284787912,997.9935213806301,1.2178107125092639,2.689708062361389,4093.028879253926,0.03158900615257829,1.6692469423765,2.672156742628014,0.0,0.0,0.0,0.0,25,500,28001.601224816633,,,,2026-02-02T00:13:35.000Z
30.004122539740347,16.15763575462909,998.0037992417829,0.524133618173451,-1.4658520762170701,4096.534100531739,-0.3494249506357074,-0.8842760363604175,1.562668505230683,0.0,0.0,0.0,0.0,25,500,28015.58098785334,,,,2026-02-02T00:13:36.000Z
30.003766565921072,16.15120486152893,997.9884848064313,-3.8991234355087343,-1.4804645050974168,4097.779261591247,0.903058166736933,-0.4872209416682221,0.4782239401626234,0.0,0.0,0.0,0.0,25,500,27998.68817214135,,,,2026-02-02T00:13:37.000Z
30.011543562861526,16.059284759826,998.0007019779152,-0.7016988601529491,4.241987131690219,4096.164567978551,0.21747348301422456,0.2123800860234896,-0.337749032701935,0.0,0.0,0.0,0.0,25,500,28006.253880055057,,,,2026-02-02T00:13:38.000Z
30.013880900323795,16.05166118585768,997.9936411410212,-4.4366955201021625,1.9556951293086628,4098.130960750131,0.9078523849098702,0.880806853484222,-0.798185893896966,0.0,0.0,0.0,0.0,25,500,28000.58566967682,,,,2026-02-02T00:13:39.000Z
29.998626114005834,16.069604241109648,997.9968460558653,2.7394022153083695,-4.770227397386073,4094.9654230997994,-0.31444379029762937,0.17942952129493323,-0.7322824104302025,0.0,0.0,0.0,0.0,25,500,27998.90623830247,,,,2026-02-02T00:13:40.000Z
30.005303943059246,16.09856209133366,997.9920371919961,-2.172109164236172,-1.1305174784208072,4098.818694880371,1.3255002197212566,1.285759036510566,-0.5532676586867606,0.0,0.0,0.0,0.0,25,500,27997.668247021596,,,,2026-02-02T00:13:41.000Z
30.017648737104526,16.129873193941325,998.0102562627781,2.5108072189197927,-3.6239786751241083,4100.597796247239,-0.1664855842815459,-0.6616898709663194,2.1511640414257696,0.0,0.0,0.0,0.0,25,500,28007.010583485062,,,,2026-02-02T00:13:42.000Z
29.999348232330778,15.976341591599615,997.9950899602487,1.8917392873682912,-1.9013813868305103,4095.2743228791205,-0.9711898691379917,-1.1405784894885544,1.8062822963825986,0.0,0.0,0.0,0.0,25,500,27992.683981338785,,,,2026-02-02T00:13:43.000Z
29.98933566524935,16.13180612898374,997.9985654280508,-1.8011807050721234,-6.2770293324680795,4095.1089949571983,2.1773203810422213,0.3081283365365046,0.7462783899353939,0.0,0.0,0.0,0.0,25,500,27988.67976811449,,,,2026-02-02T00:13:44.000Z
29.996155318873004,16.03429951140713,997.999048577192,-2.26556990253549,-0.27397915538788475,4098.906768954235,-1.8249777469611168,-0.07718027611369632,-0.9606131764128261,0.0,0.0,0.0,0.0,25,500,28000.74474973431,,,,2026-02-02T00:13:45.000Z
29.986953540013854,16.065093162249994,998.0161227012163,0.7007404327726765,-2.283883638322623,4099.159144291461,-0.7387387253049276,0.54286372035822,0.8930559267110364,0.0,0.0,0.0,0.0,25,500,28001.927840035885,,,,2026-02-02T00:13:46.000Z
30.00371816810995,16.1381949321534,998.008903085874,-1.688648074366142,0.11981051359287677,4094.9542799456935,-0.6270278518303946,-0.027402290866503937,-0.23861702851060518,0.0,0.0,0.0,0.0,25,500,27981.75841834601,,,,2026-02-02T00:13:47.000Z
30.010644562081406,16.074706225009066,998.0079068075828,0.20496928431641506,-3.2502425177650496,4095.1596263658084,2.5083062730565633,-0.34001979062345705,-2.1530094386441214,0.0,0.0,0.0,0.0,25,500,27999.895125713894,,,,2026-02-02T00:13:48.000Z
29.998789585079326,16.091599556315284,997.9842211337698,-0.9656551816138367,0.16582370634407986,4095.436430782279,1.8068588841465116,-0.07493757172372349,0.28710063740125935,0.0,0.0,0.0,0.0,25,500,27987.731230787856,,,,2026-02-02T00:13:49.000Z
29.983790399505462,15.961058146671759,997.993436076124,-3.5623168289312668,-0.8298325562406546,4093.3110989779316,1.4939281436421976,0.02884889479318494,-0.8419130408340553,0.0,0.0,0.0,0.0,25,500,28006.268431074477,,,,2026-02-02T00:13:50.000Z
30.010216508350577,16.14983115437497,998.0118861871583,-4.460936038248918,3.0039059303771913,4094.1626961070315,-0.3306586623763318,-0.3049812998483304,-0.8080534290900372,0.0,0.0,0.0,0.0,25,500,27981.963151441032,,,,2026-02-02T00:13:51.000Z
29.982237010384342,16.069568671107614,997.9882906918458,0.45336849698919435,2.82271372349125,4093.991718466496,2.426178003841775,-0.20313204632342813,-0.2504079935680075,0.0,0.0,0.0,0.0,25,500,28019.25075829863,,,,2026-02-02T00:13:52.000Z
29.98454045222077,16.01260657178405,998.0008401354812,-1.1231154926612508,1.570691206020566,4094.464404869792,0.3683520038409712,-0.40359333698691013,-0.4983229729424129,0.0,0.0,0.0,0.0,25,500,27996.618015833643,,,,2026-02-02T00:13:53.000Z
29.998216616125053,16.11010743868931,997.9893473849573,-1.1061796338282646,-0.6532275613224252,4095.9306302252267,0.9772633703031223,0.8566651198694065,-0.03425681910400801,0.0,0.0,0.0,0.0,25,500,27991.350380515127,,,,2026-02-02T00:13:54.000Z
30.002517852456755,16.25878304977605,997.9903509274459,1.3917276781875707,3.9707607905205866,4096.468429465073,0.17969538110620695,0.1940210045057993,-0.0823305500172053,0.0,0.0,0.0,0.0,25,500,27997.170275396318,,,,2026-02-02T00:13:55.000Z
30.004222474987582,15.883107549817806,998.0168078565287,2.3468845532648897,-3.1060705556796413,4099.101000985628,-0.04946657132325152,2.2567524721687664,-1.8758090928476314,0.0,0.0,0.0,0.0,25,500,28005.562708586338,,,,2026-02-02T00:13:56.000Z
29.999338604479536,15.919626737707672,998.0071927064157,-0.5450894427236184,-2.8071172591273252,4094.0032919185223,-0.25177867392637926,0.16070455127846184,1.520277988882833,0.0,0.0,0.0,0.0,25,500,28008.904700892348,,,,2026-02-02T00:13:57.000Z
30.01760043765135,16.268530530883588,998.009831402278,-0.681197413819723,-0.1675661997781293,4097.968644796953,-0.20963999341916223,-0.5508574703286617,-0.9833767229486798,0.0,0.0,0.0,0.0,25,500,27997.25688689975,,,,2026-02-02T00:13:58.000Z
30.000651683410833,16.042669484230437,998.0078374148017,1.0002860662277675,4.508076217842238,4095.572022311549,0.6084916486780788,2.6706753748630647,-0.952398385130473,0.0,0.0,0.0,0.0,25,500,27985.613095851877,,,,2026-02-02T00:13:59.000Z
30.01034668101753,16.019086967863156,997.9986071163777,-2.7138711393991506,-0.4046778137401751,4095.901072580695,0.367199798775388,0.41362637771433536,-0.3285532517902975,0.0,0.0,0.0,0.0,25,500,27987.877028663777,,,,2026-02-02T00:14:00.000Z
30.007869545640947,15.988461425833783,997.9930840329209,0.446306109495394,-0.36649048641856385,4097.349638984333,-0.031471370203683895,0.9901247868928167,-0.10833484736929419,0.0,0.0,0.0,0.0,25,500,28002.86387698741,,,,2026-02-02T00:14:01.000Z
29.987071262677954,16.120843600097142,997.9959790974058,1.103771943644308,-2.8838207122236184,4093.7545559568753,1.5095239926988544,0.5921029832024916,1.4589798168318389,0.0,0.0,0.0,0.0,25,500,28009.873271295106,,,,2026-02-02T00:14:02.000Z
29.998302695127144,16.26112473088103,997.9980817354561,1.3604604168352583,1.8918591705407568,4096.764819492368,-2.9667530687407306,0.6230110292977487,0.2694234520549011,0.0,0.0,0.0,0.0,25,500,28011.174752515843,,,,2026-02-02T00:14:03.000Z
30.02123320513281,15.933481145926665,998.0177628606933,-3.87350540500493,1.9063525086587076,4096.332904416426,0.509887247921195,0.5356540513524742,0.5664654841095343,0.0,0.0,0.0,0.0,25,500,28001.680925754106,,,,2026-02-02T00:14:04.000Z
29.9949564914606,15.990312327281067,997.9866364356897,-1.5227105396178813,1.5781504027998199,4096.984902528016,0.7177387066589793,-1.1020845647760653,0.2745361875832817,0.0,0.0,0.0,0.0,25,500,28009.672995661815,,,,2026-02-02T00:14:05.000Z
29.993253794756434,15.964927287143214,997.9944633855138,-1.7565265056469332,-1.2584413456947248,4096.578337287816,1.1469628682551696,0.36752904756141197,0.23146158249877297,0.0,0.0,0.0,0.0,25,500,28019.12349217592,,,,2026-02-02T00:14:06.000Z
30.001705755814772,16.073286497681927,997.9908703663369,0.19977390881842597,-1.4134135367460114,4100.910600279822,-0.06487144105336112,-1.324861303850239,0.3097295030870087,0.0,0.0,0.0,0.0,25,500,28011.903477127362,,,,2026-02-02T00:14:07.000Z
29.995314800707398,16.122239343765056,998.0105662319752,0.9614891595359679,-2.586244500809941,4094.7245200314974,0.2079200673839576,-0.17436283641253425,-1.9327341425689386,0.0,0.0,0.0,0.0,25,500,28009.220379014045,,,,2026-02-02T00:14:08.000Z
29.99206295420498,16.162093278533312,998.0185378825934,2.9934208148919628,0.16774500352186728,4094.938006089996,0.9859483833147212,-0.7256174565632872,-0.24991848483952864,0.0,0.0,0.0,0.0,25,500,27991.934428169076,,,,2026-02-02T00:14:09.000Z
29.995167166057023,16.07667182826203,998.0030878635982,-0.9899309607361462,-2.1608146585570034,4094.7537189471504,1.49116640428018,0.35747018584872403,1.1622611105711573,0.0,0.0,0.0,0.0,25,500,28009.62619620428,,,,2026-02-02T00:14:10.000Z
30.014320096713686,16.251933279124362,998.0039101583484,-0.9951449966184277,-2.3548330104985773,4094.8890457616794,-0.3005359851787682,0.33412624733823465,3.9423310108066856,0.0,0.0,0.0,0.0,25,500,28004.61232477889,,,,2026-02-02T00:14:11.000Z
29.998633813085224,15.94252470167926,998.0009132092305,2.299344037757494,-0.8473814338213519,4094.725225745387,0.2669757831275602,0.48114589076518677,-1.20430893253951,0.0,0.0,0.0,0.0,25,500,28006.50645628367,,,,2026-02-02T00:14:12.000Z
29.986719249672454,15.916545944756729,998.0043747898928,0.5931538770606102,-0.9783123503684323,4098.378033062215,1.6785739643487574,0.28729657274908715,0.4230799603243528,0.0,0.0,0.0,0.0,25,500,28012.611062789445,,,,2026-02-02T00:14:13.000Z
29.984882534619118,16.146934429331623,998.0077315516236,2.5353030223759476,-1.0759570576439101,4098.84100849598,-2.124027075878851,-0.6068253417863988,-0.5710465778743417,0.0,0.0,0.0,0.0,25,500,28003.585578483682,,,,2026-02-02T00:14:14.000Z
30.022068049320545,16.012283231959632,998.0042564051289,0.5774560060196726,0.9328891936805226,4094.8585074125012,-0.6900125998145852,-0.2610034893516796,2.0476519038968495,0.0,0.0,0.0,0.0,25,500,27998.974536693386,,,,2026-02-02T00:14:15.000Z
29.997766656305657,15.862405967658471,998.0049883432828,-2.3142332374265417,0.15809560430055844,4094.3352888537916,1.465835978602963,0.9203961612544849,-1.3537827607914814,0.0,0.0,0.0,0.0,25,500,27989.30134192339,,,,2026-02-02T00:14:16.000Z
30.004345785009654,15.968393702836256,998.0077541436349,-2.666256709555613,-0.5763120610222353,4096.942831112773,1.0925378336083031,1.0678566772943998,0.6249394903158797,0.0,0.0,0.0,0.0,25,500,27997.034836823546,,,,2026-02-02T00:14:17.000Z
29.992286227736603,16.025565865409728,997.9822172189874,-3.103024498117858,0.3660258566229641,4094.895553911438,0.5224452109266943,-1.1467830986265493,-1.40721109950419,0.0,0.0,0.0,0.0,25,500,28002.128522671628,,,,2026-02-02T00:14:18.000Z
30.003209859692713,15.935375176209265,998.0000200893014,1.3241036695169464,-1.9830540822092644,4097.265863635511,-0.44859687310912016,-1.5309276325126464,-0.31856666806083256,0.0,0.0,0.0,0.0,25,500,28002.776193401824,,,,2026-02-02T00:14:19.000Z
30.014593296516015,15.89853393129054,998.0030520904209,2.377193646174016,0.2105572478193559,4096.405846041703,-0.8818184989854194,-0.7268893832047121,-0.034313330749808996,0.0,0.0,0.0,0.0,25,500,28002.4387629867,,,,2026-02-02T00:14:20.000Z
29.993477368162562,15.979237086347412,998.0041614818052,3.698724282772762,0.30120498568926757,4092.9685117700055,-0.5912156192423738,1.0452075820322506,1.0696916817396078,0.0,0.0,0.0,0.0,25,500,28009.59509859761,,,,2026-02-02T00:14:21.000Z
30.004585867799484,15.893546657963828,997.9982911373821,1.6862106646464803,-3.0060937187149612,4099.09501040266,1.5480082208186925,1.2148840301830344,-1.0771668261585279,0.0,0.0,0.0,0.0,25,500,28008.65364700217,,,,2026-02-02T00:14:22.000Z
29.985942537241097,16.063513103898025,998.001607514998,2.3256771550699717,1.991387508740724,4099.591755346191,-0.6284426891553463,-0.9247118804011716,0.6633830488473854,0.0,0.0,0.0,0.0,25,500,27999.379117585435,,,,2026-02-02T00:14:23.000Z
30.02022866118367,15.805619515310715,997.9928009359531,-1.1600326653073694,-1.762867410453991,4094.774422619031,0.10142296423965788,0.3073093537363383,0.01877772338794696,0.0,0.0,0.0,0.0,25,500,27991.52737892544,,,,2026-02-02T00:14:24.000Z
30.002685359302447,16.009042492796542,997.982251552643,-2.3128316334877135,0.18061959841286993,4095.224596880128,-0.753707644861746,1.8344313331400877,0.2727933862859796,0.0,0.0,0.0,0.0,25,500,28003.833579367776,,,,2026-02-02T00:14:25.000Z
29.995872061556476,16.05195098881083,998.0098313710131,1.7001586648351066,2.3288234810705406,4096.57173078145,0.842774030099027,0.4153114772403338,0.9583327146851411,0.0,0.0,0.0,0.0,25,500,28022.463375476156,,,,2026-02-02T00:14:26.000Z
29.997021258767138,15.990945876025162,997.9886562839669,0.8353615044788013,1.8513535154277387,4096.668913579974,-0.5387262803464412,1.4215032852330935,-1.2825566930052876,0.0,0.0,0.0,0.0,25,500,28003.21242775279,,,,2026-02-02T00:14:27.000Z
29.994899618254856,16.109322289707087,997.9983954613689,0.2148887486817851,0.06866677713767096,4097.3170885453455,-0.09759389015441426,0.9987265700830984,0.8105949731485923,0.0,0.0,0.0,0.0,25,500,27997.04076047627,,,,2026-02-02T00:14:28.000Z
29.995410948358764,15.862943876579587,997.992508703671,0.7747429612659797,-0.7249980057641371,4100.020409077532,-1.6833821330428256,-0.9101987062279108,-0.5689048530894247,0.0,0.0,0.0,0.0,25,500,28005.35836152467,,,,2026-02-02T00:14:29.000Z
29.975525048576504,15.92989104986239,998.0158700927988,0.6463709649164118,1.8950238171511344,4095.646105545012,-1.6133682362049397,-0.18998142349707814,1.0958734549768259,0.0,0.0,0.0,0.0,25,500,28005.95736258761,,,,2026-02-02T00:14:30.000Z
29.99902034267903,15.96699653537491,997.999203552855,2.5676337197071226,1.3493899556172397,4094.403405510923,0.007673193321506307,0.0347544782918479,0.3345576345378801,0.0,0.0,0.0,0.0,25,500,28005.846506004058,,,,2026-02-02T00:14:31.000Z
29.998601213193943,16.07127245694093,997.9968954353711,2.5899711696339116,-1.23673004008826,4093.241361543971,-1.325157155197762,0.10413338802134002,-0.20952838151705544,0.0,0.0,0.0,0.0,25,500,28013.728801950456,,,,2026-02-02T00:14:32.000Z
30.004886615372605,16.02185075860461,998.0074786586872,1.088440704680694,-1.5897872940033808,4094.538139920116,2.1050866393345022,0.9163289534385712,-0.5900259690908214,0.0,0.0,0.0,0.0,25,500,28003.860929569535,,,,2026-02-02T00:14:33.000Z
29.994768562535583,16.21433659827424,998.0215647416761,1.6916057451258564,-4.144710363391996,4095.9337460542524,-2.0615231121122495,0.4086847622754085,0.8232949943553307,0.0,0.0,0.0,0.0,25,500,28013.254122354105,,,,2026-02-02T00:14:34.000Z
29.99228963685859,15.919421410302611,998.0040568952705,1.0281251048495517,0.3080636833671748,4099.589115727035,-0.8001752986641041,-2.936200943778115,1.2609516854809275,0.0,0.0,0.0,0.0,25,500,28002.302341137376,,,,2026-02-02T00:14:35.000Z
29.99992225055547,15.860501110141936,997.9962258053837,-0.9223394640692378,-0.16539549003679738,4094.9647774019277,0.01670086726755042,-1.312840273092726,-0.5328515408601846,0.0,0.0,0.0,0.0,25,500,28015.12498267509,,,,2026-02-02T00:14:36.000Z
29.983876318819096,16.178908898293304,998.0069659398135,1.5131293498262801,2.2723827492850845,4096.4475759032775,-0.3651329377957845,-2.187380914976043,-1.133006565781397,0.0,0.0,0.0,0.0,25,500,28012.067351957397,,,,2026-02-02T00:14:37.000Z
30.001434231875347,15.856914141606762,997.9842732093142,-2.7889901377185233,0.7181101869607334,4095.9671542078545,-1.104145456663919,0.17536524065533415,0.6942110429452255,0.0,0.0,0.0,0.0,25,500,28009.21799411553,,,,2026-02-02T00:14:38.000Z
29.981381807404784,16.068306271139903,998.0004642926007,2.1077831045917663,2.668458388345381,4098.376786546896,-0.957927839495268,0.24048764946776105,-1.4485309420337003,0.0,0.0,0.0,0.0,25,500,28007.89185735763,,,,2026-02-02T00:14:39.000Z
30.011208186488307,15.902132995797803,998.0199395765495,-2.38904587953207,-1.3947284558323416,4101.053864851748,-0.9906540774992385,0.28322495861071845,-1.3055124375829716,0.0,0.0,0.0,0.0,25,500,28023.015176770703,,,,2026-02-02T00:14:40.000Z
30.006842699556607,15.793068164915232,998.0015774739669,0.5716065735894659,2.276300661935237,4094.9382624541595,-0.2867216948200629,-0.9589282677146163,-1.0627002755278991,0.0,0.0,0.0,0.0,25,500,28010.766175886663,,,,2026-02-02T00:14:41.000Z
29.99073814123576,15.962521620618677,998.0010777765616,-1.6903079168523178,-1.0578327582093103,4095.0211211149635,1.9519290895174237,0.6741440051199892,-0.4154504830387495,0.0,0.0,0.0,0.0,25,500,27991.506829953756,,,,2026-02-02T00:14:42.000Z
30.006611380133382,16.089949996247714,998.0002063654035,1.1067779661488535,1.5551921235845443,4098.088321754138,0.0779372965582097,0.7162624964685291,-1.336331889215445,0.0,0.0,0.0,0.0,25,500,28002.459005514684,,,,2026-02-02T00:14:43.000Z
30.00111514224254,15.877822891152693,997.9960452371957,-0.06785045185581776,-2.917516785061387,4097.363782979252,1.182900489387524,-1.2551490672051577,-1.9387999093815778,0.0,0.0,0.0,0.0,25,500,27997.352832317727,,,,2026-02-02T00:14:44.000Z
29.989909897689152,16.057609472814484,998.0031449067236,-3.1895119163266648,0.47027059873237703,4099.693414651472,0.5069763458281417,-1.4660382014488722,-1.1354441943371232,0.0,0.0,0.0,0.0,25,500,28020.64476316798,,,,2026-02-02T00:14:45.000Z
29.97977123842771,16.076286356118644,998.0077527301166,0.8413992620369577,-3.96937588289182,4097.167856370652,1.1138623979822204,-0.0001316862269378586,0.6424744465726187,0.0,0.0,0.0,0.0,25,500,28012.514375595954,,,,2026-02-02T00:14:46.000Z
30.003164356834265,15.87283098584807,997.9966817994751,-1.1558415536654212,-0.5342749718835094,4095.281415818426,-2.799964302593586,1.791782273613359,-1.2715440721267672,0.0,0.0,0.0,0.0,25,500,28020.319510246212,,,,2026-02-02T00:14:47.000Z
29.99205718152865,15.977223871128762,997.975092482617,1.7622934416267382,0.8807079877558271,4097.181309661385,-0.30445802114822945,1.6997427421986424,-0.34026967795417,0.0,0.0,0.0,0.0,25,500,27992.40005471765,,,,2026-02-02T00:14:48.000Z
30.01094969569696,16.157707482232716,998.0046561750528,0.002651377468814459,-1.0419371024621915,4098.217407161166,1.3071354231507137,0.5634043604480524,1.946698462365562,0.0,0.0,0.0,0.0,25,500,28011.0167467855,,,,2026-02-02T00:14:49.000Z
30.00014033733882,16.065059261996375,998.0213312607652,0.7908419707760763,-2.1008752575119347,4097.640964362395,-0.5717358227493337,-0.7299966715800764,-0.04917413002709046,0.0,0.0,0.0,0.0,25,500,27986.35471016964,,,,2026-02-02T00:14:50.000Z
29.993004173035025,15.973850753542399,997.9962373859195,-1.9151379100304238,1.6922369385918674,4097.014548062215,1.7624731648696121,0.8868426594885851,0.34253098972959317,0.0,0.0,0.0,0.0,25,500,27984.07867665862,,,,2026-02-02T00:14:51.000Z
30.017978387330906,16.041529548125393,997.9852883661724,-1.1786644628547238,-0.2069255796938469,4098.133349379178,1.4838901537677616,-0.45242426480904147,-0.9460400182515531,0.0,0.0,0.0,0.0,25,500,27996.030438675258,,,,2026-02-02T00:14:52.000Z
30.00576446492603,15.931473669152956,998.0067741298474,-0.917277272202169,-0.9791412940613432,4098.338591180891,-0.4691307161274624,-0.7675070366738105,2.163474853700142,0.0,0.0,0.0,0.0,25,500,28015.12375137496,,,,2026-02-02T00:14:53.000Z
29.963449134848958,16.1113695678385,998.0174383226419,1.7134049604851114,0.08379184230855297,4098.764317982075,-0.5031635190463567,-2.143966831621994,-0.5412944891384287,0.0,0.0,0.0,0.0,25,500,27990.073849590462,,,,2026-02-02T00:14:54.000Z
29.99513608231209,16.111326006460214,998.0052937356971,3.3547541756109784,5.273338283891177,4097.297419775179,-1.0136058423544687,0.1023821983476529,-0.22810468445151663,0.0,0.0,0.0,0.0,25,500,27999.83188153177,,,,2026-02-02T00:14:55.000Z
29.986159110079875,16.012090591508606,998.0172470005417,-1.6103435034857525,2.3070056995630877,4095.6657638393663,-0.6295942318637977,-0.6298673491373752,1.3170586779673645,0.0,0.0,0.0,0.0,25,500,28011.888428682058,,,,2026-02-02T00:14:56.000Z
29.992002020622795,16.023070615645768,998.0079366854562,2.1536962893153606,2.3251473363756805,4096.293427372867,-1.2325890641689152,0.09643037952850442,-0.18173424485361891,0.0,0.0,0.0,0.0,25,500,28008.464131611592,,,,2026-02-02T00:14:57.000Z
29.998552676010814,15.900120312499432,998.0070685098568,-4.339354835451404,0.871092637984728,4098.511979408248,0.4288111804330056,-2.2993576962370614,0.05459803523326518,0.0,0.0,0.0,0.0,25,500,28022.16186578713,,,,2026-02-02T00:14:58.000Z
30.003540485085875,15.864796357293217,997.9948199931725,-2.3883788021845787,0.33297054515429414,4134.290037212826,-1.4560464933464334,0.16982667258368722,-2.988393985521384,0.0,0.0,0.0,0.0,25,500,28000.0337199221,,,,2026-02-02T00:14:59.000Z
30.002613657421136,15.962339525605847,998.0028540689075,-1.9175569123735496,-4.7921645766608325,4391.737346617746,0.6037330161902218,-2.431121163971628,-20.274832378057226,0.0,0.0,0.0,0.0,25,500,27995.583704553694,,,,2026-02-02T00:15:00.000Z
30.010778730765647,15.991259829030882,997.9997052904329,-2.7050173788814447,-1.3579606929262642,4135.137230930146,0.6280786969002486,1.087940253268552,3.077207675560346,0.0,0.0,0.0,0.0,25,500,27989.05518918921,,,,2026-02-02T00:15:01.000Z
30.006365983775087,16.1062627497388,997.9993626427944,-3.16717677957516,-0.961148826404949,4096.156451121101,-1.6612044051839225,0.5218912341350844,0.5462339366400554,0.0,0.0,0.0,0.0,25,500,27996.320000598826,,,,2026-02-02T00:15:02.000Z
30.005747469291254,16.09224277506183,997.9974613487204,0.8259978242755951,-3.749784128095066,4098.556903725214,1.5498186063283395,-0.2786647714245878,-0.6432484312125671,0.0,0.0,0.0,0.0,25,500,27988.96401040814,,,,2026-02-02T00:15:03.000Z
30.002014923231332,16.01848328883591,998.0022561346746,-0.42813539545572277,-2.3148315804308672,4096.38219813604,0.5136092944152219,0.5627198600820792,-0.7660804561469297,0.0,0.0,0.0,0.0,25,500,27982.035547200903,,,,2026-02-02T00:15:04.000Z
30.01286798852726,16.11905389843728,997.9870365501587,0.7588107952102194,-3.961672941845268,4096.092873096312,0.749698021444869,-0.9780742626635524,-0.6091360888575632,0.0,0.0,0.0,0.0,25,500,28019.63392581342,,,,2026-02-02T00:15:05.000Z
29.99683723456809,15.90565138211856,998.0081171839928,1.380945372243026,-0.07664767139474499,4093.28028771804,-0.7586652015427723,0.07237551561489243,-1.4012540141997682,0.0,0.0,0.0,0.0,25,500,28000.489067992756,,,,2026-02-02T00:15:06.000Z
29.997096967312647,16.107733688727837,997.9912225470722,0.5312339863450669,1.6375319416976322,4097.492507132054,0.6223791184731187,0.7947740384603357,-1.5904302585192973,0.0,0.0,0.0,0.0,25,500,28025.914668712292,,,,2026-02-02T00:15:07.000Z
29.980944266470274,15.920957128565053,997.99749728775,1.3155263523007474,2.2135490372486575,4097.290968362282,1.1263934497220656,-3.0942892490913896,0.29716714722490756,0.0,0.0,0.0,0.0,25,500,27991.607115633276,,,,2026-02-02T00:15:08.000Z
30.0105616404381,16.123969453006424,998.0033055989303,-0.13906457248453877,0.8295689241584823,4100.3265094466105,-0.09860839900467729,-0.4472243596775238,0.9385958031751119,0.0,0.0,0.0,0.0,25,500,27995.71191391296,,,,2026-02-02T00:15:09.000Z
29.999230742442208,15.998665353523002,997.9907272658161,-2.3739867766114893,-1.926792682397138,4095.384443530094,2.001922459248361,-0.02264413013637428,0.8710452931452174,0.0,0.0,0.0,0.0,25,500,27992.24630988243,,,,2026-02-02T00:15:10.000Z
30.029336057061712,15.800171332346226,997.9803353693769,2.1156283616415923,-3.864130317039919,4096.438300655328,0.04406463491293769,-0.19629361774576656,-2.3819912731366584,0.0,0.0,0.0,0.0,25,500,27993.59243935007,,,,2026-02-02T00:15:11.000Z
29.995944673082377,16.073015716403145,997.996169533223,-1.178224265562254,-3.513737398803004,4096.498767367421,1.1407858004524745,1.4571018262274051,-0.24506508704326077,0.0,0.0,0.0,0.0,25,500,28008.736037442093,,,,2026-02-02T00:15:12.000Z
30.000885781294166,16.080954575950077,997.9856890250742,-1.8711925975248518,-2.537965154508997,4099.154906559527,0.293008807258655,-1.1239011249228845,-1.102091955592559,0.0,0.0,0.0,0.0,25,500,28005.663239662645,,,,2026-02-02T00:15:13.000Z
30.005465049536085,15.954341994551141,998.0071231093267,-0.3558357516087963,-1.7777193960713493,4095.809408935226,0.5855215328568677,-0.621159243445229,0.1437374378208569,0.0,0.0,0.0,0.0,25,500,28008.75409425418,,,,2026-02-02T00:15:14.000Z
29.988981000270112,15.962874042160598,997.9884649642746,-1.825621838593026,-0.31949699598317327,4096.558043051541,-1.6713322676347722,-1.9158690263084484,-0.4178235188093812,0.0,0.0,0.0,0.0,25,500,28013.42271592152,,,,2026-02-02T00:15:15.000Z
30.00358547713879,15.98404547201154,998.014851555637,-0.8348607639788644,-2.0283284362539367,4097.2157930194335,0.37105373821536314,1.5102866512731454,0.5919119062445883,0.0,0.0,0.0,0.0,25,500,28011.073550441673,,,,2026-02-02T00:15:16.000Z
30.000346614320573,15.807484818737374,997.9999420711076,0.688107843126933,0.677951787336523,4096.373218246313,-0.734975101257266,-0.2462901426088,-0.019153090401341374,0.0,0.0,0.0,0.0,25,500,27989.91510255558,,,,2026-02-02T00:15:17.000Z
29.99696311810323,15.763527182690485,998.000591741946,0.6966834784922538,-0.46454700559894563,4095.107132770899,-0.8463983057776877,-0.438408888036707,-1.8960018949178892,0.0,0.0,0.0,0.0,25,500,27994.761814363308,,,,2026-02-02T00:15:18.000Z
30.01172603958743,16.130162563813037,997.9801936867145,-1.7956601328512587,0.0210914234820512,4096.388179985796,1.7441031844659785,-0.05248268231071405,-0.9670858727995406,0.0,0.0,0.0,0.0,25,500,28001.214828100718,,,,2026-02-02T00:15:19.000Z
29.990962512820893,15.917593233258943,998.0014486262885,-0.9754107458974892,2.2805011053424096,4098.14726349972,-0.2137702480623489,0.6362358284303241,0.005785114826653559,0.0,0.0,0.0,0.0,25,500,28037.278333447633,,,,2026-02-02T00:15:20.000Z
30.00274902113082,16.185526410957635,997.9991982008313,2.1486660095404875,-2.36046346840074,4093.9469694011777,-1.0033018309754966,0.3473634035161247,0.09011042923108632,0.0,0.0,0.0,0.0,25,500,28007.724001421313,,,,2026-02-02T00:15:21.000Z
30.01454664291385,16.137040180113893,997.9870091096508,0.9928002354678822,0.8374091565847367,4096.265939348294,-0.3591316281088747,2.6478842135570875,-1.4056768077040018,0.0,0.0,0.0,0.0,25,500,28001.066888084068,,,,2026-02-02T00:15:22.000Z
29.99293378244044,16.156719531426972,998.000872683388,4.150130078697083,-0.027946456952146616,4094.5997583701214,-1.3004502289219138,0.4539358884037746,-1.5364597035461218,0.0,0.0,0.0,0.0,25,500,28006.73274721746,,,,2026-02-02T00:15:23.000Z
29.99703114017308,15.934970104753285,997.996020769892,2.3602563474830554,-0.6669725619393905,4098.39009325785,1.43388446819627,-0.46524542916908107,0.05624533757317886,0.0,0.0,0.0,0.0,25,500,27993.96885945589,,,,2026-02-02T00:15:24.000Z
30.023453045634717,15.839159881306943,997.997832121821,2.288586137119878,1.7705126417319206,4092.9536261904323,-0.695680744166515,-0.5613567375239471,-1.4036673060505274,0.0,0.0,0.0,0.0,25,500,28002.624255110022,,,,2026-02-02T00:15:25.000Z
30.00474391065156,15.891311769340565,998.0002588176219,-2.775737100911604,1.7580283091140148,4094.8821563054566,0.5292999339436693,-0.39275895241680914,-1.6686294265007857,0.0,0.0,0.0,0.0,25,500,28009.5466218481,,,,2026-02-02T00:15:26.000Z
29.994938025233573,15.955354527284708,997.9952854578684,1.5277207032668452,-1.8929815919768562,4096.754423750129,1.3561067142103251,-1.501836924629838,-0.4451405126313417,0.0,0.0,0.0,0.0,25,500,27999.710043154588,,,,2026-02-02T00:15:27.000Z
30.008026247600785,15.762677026714936,998.0024645662695,-0.1062136033938213,-0.3643211677158482,4099.131048058469,-0.5001526812147293,0.03986420749158606,-0.4884460913386509,0.0,0.0,0.0,0.0,25,500,27992.434467459527,,,,2026-02-02T00:15:28.000Z
29.99431906448409,15.952457431087582,997.9991344451765,-1.101963607076499,0.5624233651681307,4095.868499477854,0.532022432272786,0.7834681062089172,-0.8784004773393012,0.0,0.0,0.0,0.0,25,500,27999.221259473205,,,,2026-02-02T00:15:29.000Z
29.9843508407584,15.97983219724889,998.0047276846839,0.336030681065057,-0.546013496045169,4094.8896009466134,-1.03008605490443,-0.6133636006232359,-0.7037369567249628,0.0,0.0,0.0,0.0,25,500,27996.804233914037,,,,2026-02-02T00:15:30.000Z
30.013723639452653,15.87055790284133,997.9947132540602,1.890423069222967,1.1700426645755966,4099.762314138881,2.445769569113684,-0.8073800562841116,0.013835723222394625,0.0,0.0,0.0,0.0,25,500,27986.428725803293,,,,2026-02-02T00:15:31.000Z
29.988969407358688,15.895951490175417,997.9893508024707,1.0016631820084232,0.5623840358205509,4093.1039721991674,0.9363801346166222,1.5159451462942337,-0.7201629036798193,0.0,0.0,0.0,0.0,25,500,27994.284478398073,,,,2026-02-02T00:15:32.000Z
30.02451712624997,15.97794014788192,997.9929113147156,-1.75694760268412,3.665122480712025,4091.6023880867597,-0.19260643876080602,-1.426483156621165,0.07069702166483936,0.0,0.0,0.0,0.0,25,500,27986.071872136694,,,,2026-02-02T00:15:33.000Z
29.995106676245378,16.03562865483103,998.0144265676885,1.4849178271852406,-3.060558271859575,4096.8800289001065,-0.7728337308889638,-2.0678183764773013,-0.38046853611733444,0.0,0.0,0.0,0.0,25,500,27987.63205109504,,,,2026-02-02T00:15:34.000Z
30.02133264681562,15.910917733199975,998.009559665262,-1.2751750841519278,-0.24487197949479494,4094.995891551295,-0.11399655283962636,-1.1529019436473826,0.1676501553866558,0.0,0.0,0.0,0.0,25,500,27988.590555121336,,,,2026-02-02T00:15:35.000Z
29.9863132893148,16.029225260957627,998.0121337913259,0.43336623792857243,-1.8170050230243822,4093.9575343657384,-0.3399837223515192,-1.5404327171242964,0.8782055654366451,0.0,0.0,0.0,0.0,25,500,28009.53451298226,,,,2026-02-02T00:15:36.000Z
30.010254935862662,16.013684600798786,998.0128271395816,-0.6067001349542684,1.2082149108780882,4097.416712894598,1.9529445539995067,0.3862260641045818,0.8392478453905953,0.0,0.0,0.0,0.0,25,500,28014.891650633595,,,,2026-02-02T00:15:37.000Z
30.004997262729848,16.00468858590184,997.9953368194283,-0.4377325034712514,-3.234343780091089,4096.487601427542,-1.2255347222149022,-0.36070450044957353,1.2882104710660833,0.0,0.0,0.0,0.0,25,500,27984.639203229617,,,,2026-02-02T00:15:38.000Z
30.008377462255552,15.934798587614342,998.002958119354,1.532485950081019,0.6926254204497732,4094.8718427385265,0.13480142329020342,-0.21968704502383987,0.8381468968971604,0.0,0.0,0.0,0.0,25,500,28015.801836662744,,,,2026-02-02T00:15:39.000Z
30.009680227066763,15.866662040396461,998.0007583900285,-2.080387439631796,-1.2600968626966822,4093.439391202658,-0.01833806663370996,1.1529341769747732,0.2385575315418043,0.0,0.0,0.0,0.0,25,500,27988.734058270395,,,,2026-02-02T00:15:40.000Z
29.99502254857719,16.169645197990075,998.0065953852559,3.890390148553866,-1.4683237322420282,4097.7449146565605,-0.11741030034486948,-0.6913348611627764,-0.4334316376401446,0.0,0.0,0.0,0.0,25,500,28007.468800939725,,,,2026-02-02T00:15:41.000Z
29.98691156157997,16.06303059164574,997.9971083175477,-3.6421721385889927,-2.8929964070813745,4097.300402355917,-0.10861665493834241,0.7750894117456407,-0.3877609228162241,0.0,0.0,0.0,0.0,25,500,28002.585585707664,,,,2026-02-02T00:15:42.000Z
29.999490822696607,16.100573165306074,998.0009297415709,-1.1953353665097142,-0.9301518924020121,4095.801648272441,-0.11607081012048345,1.511322799203203,-0.8777773064358103,0.0,0.0,0.0,0.0,25,500,28006.35851544713,,,,2026-02-02T00:15:43.000Z
30.00223030257585,15.991637031516108,998.0007227147762,0.740423779883482,2.1690010605818513,4099.693273992096,0.8730660663320997,-0.45566249801366066,0.004529291051558021,0.0,0.0,0.0,0.0,25,500,27988.34256947189,,,,2026-02-02T00:15:44.000Z
29.995281553788445,15.983597455773987,998.0053226239992,1.1686283328706197,-0.05037736705895894,4093.859830467348,0.6089844464924351,0.7370228555563136,0.6973874787119347,0.0,0.0,0.0,0.0,25,500,27981.87642717328,,,,2026-02-02T00:15:45.000Z
30.0027755397016,16.04906596807254,998.0065571722107,-0.2009514411434103,1.255360835748949,4092.9489496581505,0.4189116113727865,-0.2418179125289801,-0.7256676028830206,0.0,0.0,0.0,0.0,25,500,27991.970915898673,,,,2026-02-02T00:15:46.000Z
30.003296255311746,15.816531164954775,998.0009367103235,-0.11478140600308481,3.32928364393255,4094.6161838602375,-3.033989362145269,0.924098128840789,-0.037217858663773945,0.0,0.0,0.0,0.0,25,500,28004.268686499607,,,,2026-02-02T00:15:47.000Z
29.990899735534562,15.888535653064686,998.0012399078406,0.8211001706552331,0.5275111696451515,4095.908827967289,0.2997948741631638,-1.571489187576273,-0.6773622287217693,0.0,0.0,0.0,0.0,25,500,28019.569041754858,,,,2026-02-02T00:15:48.000Z
30.003949712816905,15.920222512197162,998.0022589802074,-0.4621389549153606,-1.1175991441246813,4096.486678898646,-1.6556393601700825,-1.6455122451253463,0.20935433018761473,0.0,0.0,0.0,0.0,25,500,27989.70276402314,,,,2026-02-02T00:15:49.000Z
29.997327879763052,15.954543357745823,998.0164655142062,2.7863625158698118,0.9345044303655796,4095.517527884287,0.6463201631358254,-0.39126771490754075,-0.5493833839499502,0.0,0.0,0.0,0.0,25,500,27999.011625133517,,,,2026-02-02T00:15:50.000Z
29.993000190997968,15.912030432052985,997.9827000220869,1.6786982284632044,-1.0885922926285838,4096.704110793029,1.4744973675705146,-0.8889248090597707,-0.7395105712940526,0.0,0.0,0.0,0.0,25,500,27992.509208014904,,,,2026-02-02T00:15:51.000Z
30.00787375138224,16.033280712525073,997.9903032033878,1.7456487020112692,-1.0088453665943389,4093.496921151619,-0.9262391125885509,-0.5167091094298853,-0.6799666949320253,0.0,0.0,0.0,0.0,25,500,27999.827738172236,,,,2026-02-02T00:15:52.000Z
29.992230087883065,16.008144723446282,998.0067367959645,-1.932313446740834,-3.0397855992379696,4098.887529208147,-0.2617807223427068,-0.21952658244713985,0.5033287738455666,0.0,0.0,0.0,0.0,25,500,27980.692146389705,,,,2026-02-02T00:15:53.000Z
29.995433324100954,16.139286468975136,998.0026978439884,-0.15877684881140575,1.8525149821687845,4095.8356976432146,-0.599355705052997,0.7200135318362517,-0.0967494053303549,0.0,0.0,0.0,0.0,25,500,28014.9804333539,,,,2026-02-02T00:15:54.000Z
30.000720508501868,16.247375915711256,998.0026274955015,-0.6009318974414074,-0.7720051512988786,4098.234591663177,1.2354317757568007,-0.4076605785659349,-0.4284217300000358,0.0,0.0,0.0,0.0,25,500,28000.240360782864,,,,2026-02-02T00:15:55.000Z
30.01374311620654,15.873714975985157,998.0066749549871,-2.0112027513789315,0.3641964916317241,4096.685450692756,0.09502788527207305,-0.8238613106230867,0.26140450254721065,0.0,0.0,0.0,0.0,25,500,28009.17165663986,,,,2026-02-02T00:15:56.000Z
30.001927840777242,16.014730521396846,998.0021399289312,0.7203283678915339,-2.071923857213279,4096.913506438307,1.7283293805663333,-0.3515133767588989,-0.41451621746765044,0.0,0.0,0.0,0.0,25,500,27997.677979766308,,,,2026-02-02T00:15:57.000Z
30.005282883324746,16.0145525878207,997.9944071752155,-1.075291515559633,0.8718952594309447,4097.139534560464,0.4137542029473876,-0.7691452798066177,1.1265178936857032,0.0,0.0,0.0,0.0,25,500,28001.906280761268,,,,2026-02-02T00:15:58.000Z
29.997023574640036,15.998580193023534,998.0062880914011,1.310807659700474,-1.5238824762701675,4096.895417120035,0.24245018063581938,-0.9340055020627144,-0.9738661536932566,0.0,0.0,0.0,0.0,25,500,28011.288724926468,,,,2026-02-02T00:15:59.000Z
29.999215103756235,15.89151754290345,998.00020887163,-2.1403831257886634,-0.2834174434036485,4097.285445519735,0.06820678260283634,-1.6130168135769691,-0.1869715128172817,0.0,0.0,0.0,0.0,25,500,28001.317168230944,,,,2026-02-02T00:16:00.000Z
29.999511227664804,15.908280255435745,997.9955242282111,3.438081225683642,1.7556520624782517,4098.658305060265,0.8179920992573367,0.06947811622107863,-1.4047652216670008,0.0,0.0,0.0,0.0,25,500,28001.677063241154,,,,2026-02-02T00:16:01.000Z
30.00293306236017,16.02404056119161,998.0069036062458,-1.7926653171841236,1.5815186244650585,4096.393042339403,-1.7376861982453433,-0.5687057065970534,-0.34687439189009384,0.0,0.0,0.0,0.0,25,500,27992.060589573746,,,,2026-02-02T00:16:02.000Z
29.997040324269516,15.905464992669277,998.0065103385829,0.43860467440087214,-0.04406014503388093,4097.418007515177,0.08534395552050993,0.9662787392346717,-1.67963549770663,0.0,0.0,0.0,0.0,25,500,27994.65576438321,,,,2026-02-02T00:16:03.000Z
30.013399998854762,16.0159271972167,998.002147664916,1.5837186207761351,-3.5362620654134367,4095.8205286114257,-0.07004644372796484,-1.4473960920589406,0.7463165225591263,0.0,0.0,0.0,0.0,25,500,27989.87184362159,,,,2026-02-02T00:16:04.000Z
29.99626833761498,15.97540502154544,998.01717119154,-1.1412808604002256,5.985621140121283,4098.880234430899,0.7254188271577661,-0.5420835550478789,0.7665037670055789,0.0,0.0,0.0,0.0,25,500,27992.619824115205,,,,2026-02-02T00:16:05.000Z
29.982927588647946,16.014165790312127,998.0132682673477,1.7049372868659012,3.491717940546272,4094.6472153958816,-0.18770160587403686,1.8129072206587489,0.7841701737244763,0.0,0.0,0.0,0.0,25,500,28012.512291104642,,,,2026-02-02T00:16:06.000Z
30.0274279660437,15.904669952956557,998.0100185719406,-2.4583671956008324,1.445349649776597,4099.601880865822,-1.03873443416267,-0.9396095170978495,0.028872480174467825,0.0,0.0,0.0,0.0,25,500,28018.08609310007,,,,2026-02-02T00:16:07.000Z
29.996726313090562,16.015746924233454,998.0256636557281,2.904235398365121,-1.5064075631819416,4095.9196840987115,0.007350674919699149,-0.23653325209612397,-0.879870404710092,0.0,0.0,0.0,0.0,25,500,27987.527251153708,,,,2026-02-02T00:16:08.000Z
30.013131697870914,15.911904741652341,997.99853536598,0.028298529931516585,-0.22718432340392936,4093.138449795764,-1.0828405288683434,-1.2158439828253684,-0.8003406320359496,0.0,0.0,0.0,0.0,25,500,28003.951717850367,,,,2026-02-02T00:16:09.000Z
30.0140479084196,16.01606956086569,997.9953519967069,-1.1928228159377592,-1.0868408595530339,4096.256208829822,-1.9252622125874854,-1.348427512780981,1.5301720552205211,0.0,0.0,0.0,0.0,25,500,27996.823086097997,,,,2026-02-02T00:16:10.000Z
30.009452143122505,16.133939612243914,998.008603630993,-0.598363544854869,2.5277118781927768,4094.6378966850502,0.727122481485493,1.5473109830876783,1.4356771037997966,0.0,0.0,0.0,0.0,25,500,28013.969685667158,,,,2026-02-02T00:16:11.000Z
29.998019727804024,16.026098385001607,997.99747365702,1.6178385387854388,0.5250057817036676,4097.6812870979775,0.5790615726946706,0.17103949263714724,0.12255515695077152,0.0,0.0,0.0,0.0,25,500,28001.34860218178,,,,2026-02-02T00:16:12.000Z
30.002866848198742,16.032187038238305,998.0001192771565,-1.1689105837008764,-1.5683277167196656,4094.694752041395,0.4670909439935746,0.13367883823762333,-0.5156340340803272,0.0,0.0,0.0,0.0,25,500,27999.92524295259,,,,2026-02-02T00:16:13.000Z
29.98725489790695,16.081720651749755,997.9901408003425,-1.4987153788455552,-0.941510198249564,4095.1076331335703,1.302928421945811,-1.6963162351162222,1.3686234226985106,0.0,0.0,0.0,0.0,25,500,27992.552306878402,,,,2026-02-02T00:16:14.000Z
30.019901477738184,15.859644165552673,998.0060665945771,-0.44307319516747634,2.2423762851398092,4092.220918538109,-0.6650318903039252,0.35874138810830297,-0.6945031613848099,0.0,0.0,0.0,0.0,25,500,27984.682199609077,,,,2026-02-02T00:16:15.000Z
29.991481940018172,16.1718921573723,997.9852899275446,-2.353924225539936,3.2001956936409566,4095.0953873615017,-1.431114142771255,1.1574219459938258,0.22884920809590747,0.0,0.0,0.0,0.0,25,500,28007.609384827494,,,,2026-02-02T00:16:16.000Z
29.99746099037259,15.894441000738762,997.9990356177884,3.641087815883631,3.056663126972491,4091.152241346742,-0.07002977680804456,1.1494770608285296,1.3519573053984584,0.0,0.0,0.0,0.0,25,500,28003.529785747516,,,,2026-02-02T00:16:17.000Z
30.0009898648704,16.087966099736892,997.9998464426249,-1.1327891824294465,1.514064130107955,4092.8321943530286,-0.34750029970591045,0.6683332296061608,-0.8363384996646277,0.0,0.0,0.0,0.0,25,500,28003.774441405203,,,,2026-02-02T00:16:18.000Z
29.99892560245163,16.074690998725632,997.9956396115758,1.6632335723608072,-0.5052497376052736,4097.520829312289,-0.8422957167700686,-1.129485577595404,0.8292235856371121,0.0,0.0,0.0,0.0,25,500,27994.006728973414,,,,2026-02-02T00:16:19.000Z
29.993431267177066,15.909783363849524,997.9824278524134,0.4189401672955452,-6.483027650658241,4097.571600317302,-0.07984915348779596,0.31312341719299164,0.5205607958438698,0.0,0.0,0.0,0.0,25,500,27998.5423155449,,,,2026-02-02T00:16:20.000Z
30.01394339052055,16.100888613676677,997.9823536890623,-1.9690681009639361,0.5943200476164432,4096.85091512357,-0.6116051462045847,0.6675849604766076,-0.03951654223156102,0.0,0.0,0.0,0.0,25,500,28007.910709861135,,,,2026-02-02T00:16:21.000Z
30.009502792834883,16.04978127664133,997.9925382759333,-0.011909418425458767,-0.003657517688200787,4094.0660477137417,-1.8360052833568312,-1.7944435850889013,-0.9934335991331157,0.0,0.0,0.0,0.0,25,500,28009.821126297313,,,,2026-02-02T00:16:22.000Z
30.003220472043257,16.188997864440225,998.0053905032876,1.568005558621496,0.27996419264270744,4095.904577287716,-0.4411766907937603,-1.1212795914817848,-0.7244397601032758,0.0,0.0,0.0,0.0,25,500,27988.215283840815,,,,2026-02-02T00:16:23.000Z
29.99600446944003,16.01933787513413,998.0028892486145,-0.3765226701726131,0.10779469406641276,4095.992794921819,-1.1363751667038573,0.8881573217434416,0.28945107285065863,0.0,0.0,0.0,0.0,25,500,27993.666519294988,,,,2026-02-02T00:16:24.000Z
30.010642758718443,15.98914566684774,997.9998356464117,2.386225891702056,-2.652524323898314,4093.683270621615,0.2316480716109227,0.8760457766719285,-1.4233367948813866,0.0,0.0,0.0,0.0,25,500,27986.101165779277,,,,2026-02-02T00:16:25.000Z
29.995355313672224,15.94852374720818,997.9911541151398,2.0430307855637277,1.1148171137023712,4099.006796603534,-0.6560347582406549,-1.5485830336213924,0.13074385901824978,0.0,0.0,0.0,0.0,25,500,28002.012644125934,,,,2026-02-02T00:16:26.000Z
30.01570391840338,15.825664472864883,998.0034113222126,1.8378297093166587,1.2644326280637006,4097.754724581151,1.1116314741410516,0.7950214592691726,0.5410509840616632,0.0,0.0,0.0,0.0,25,500,28008.84338312103,,,,2026-02-02T00:16:27.000Z
30.001112209154833,15.968177243524885,997.9820097072196,-0.9193135445459939,1.3646775641193183,4095.5580716523405,1.6038660672678657,0.0953033991536178,0.9852201728091007,0.0,0.0,0.0,0.0,25,500,27997.212844829504,,,,2026-02-02T00:16:28.000Z
30.012297815269726,15.972410160574112,997.9760345051762,-2.159684895562974,1.8931540071467732,4096.053771677989,0.6793813730119062,0.7810089546071515,-1.3983570744602225,0.0,0.0,0.0,0.0,25,500,27993.37143369,,,,2026-02-02T00:16:29.000Z
29.998861796738165,16.026205818255743,997.9975692844879,-1.2271752107255889,1.2081032898432464,4096.416765615895,-1.55102618198332,-0.6345213234339414,1.3162472971612738,0.0,0.0,0.0,0.0,25,500,27996.64698146195,,,,2026-02-02T00:16:30.000Z
30.00071533182041,15.857689688911753,997.9945394861991,0.3924818813334409,-0.8200588230778216,4091.9165302631513,1.5051959988790395,0.645183496480902,1.6953634941799354,0.0,0.0,0.0,0.0,25,500,28023.063133149764,,,,2026-02-02T00:16:31.000Z
30.012254210614586,15.976098778881312,998.0101317129764,1.091573427064711,-0.14167369583218045,4095.5056452349586,1.575720450373765,0.8438287744856245,0.41015156771359396,0.0,0.0,0.0,0.0,25,500,28011.919280999235,,,,2026-02-02T00:16:32.000Z
30.021939251518045,16.057625139202212,998.0015798377777,-4.343142809520895,0.18224973450675375,4094.636031504004,0.018790511307940762,-0.3513349354557117,-1.0380485814246605,0.0,0.0,0.0,0.0,25,500,28007.309971727296,,,,2026-02-02T00:16:33.000Z
30.01560366817505,16.067550967549252,998.0165073531,-0.01622640322350058,0.21539889821323696,4093.9967599802103,1.322926160335532,0.01775254617328601,-0.32810928836024106,0.0,0.0,0.0,0.0,25,500,28003.200678955825,,,,2026-02-02T00:16:34.000Z
30.00877134619378,15.814018482386267,997.9945178493131,0.31617845064636885,1.9964353119434595,4095.4377994142283,-0.5516751380466781,-0.6485216295046535,-0.047597245118507034,0.0,0.0,0.0,0.0,25,500,27999.87258535381,,,,2026-02-02T00:16:35.000Z
30.005892834329575,16.070640660865323,998.0048677229153,-0.5550885126311031,1.2873375060449816,4099.595373053699,-1.8662459348495894,1.6516389486858793,0.27046350873055675,0.0,0.0,0.0,0.0,25,500,27990.933678359048,,,,2026-02-02T00:16:36.000Z
29.994930513097405,15.975342608687852,997.9974772287059,2.5825476780317578,4.1546868791399065,4097.281685722534,-0.7602844386215937,-0.12027193932576595,0.02198155264360243,0.0,0.0,0.0,0.0,25,500,27989.38309575692,,,,2026-02-02T00:16:37.000Z
30.002952297411053,15.981498912250144,998.0138171972413,0.8435601485017418,4.412937959769344,4094.8576420204345,1.7293008660447564,-0.9220243251771819,0.2811651428946169,0.0,0.0,0.0,0.0,25,500,27994.320893234868,,,,2026-02-02T00:16:38.000Z
29.99086950816003,15.763548463014416,997.9979594955288,2.620383816161794,0.15929916522784998,4097.1451655627125,-1.4910799236114736,-0.7158259138747501,-0.09074675733912281,0.0,0.0,0.0,0.0,25,500,27990.46220120198,,,,2026-02-02T00:16:39.000Z
30.003757821336848,16.14935711625579,998.0085440678015,-0.43192104070046444,-7.673311096918739,4098.798710873172,-0.0004787180685054915,0.12677060114211314,0.2651070945122431,0.0,0.0,0.0,0.0,25,500,27993.921870379803,,,,2026-02-02T00:16:40.000Z
30.004400506606935,16.017679888501128,997.9892238103548,1.8749549850138498,2.473664932254533,4097.849267365826,0.034143893340212214,0.7533311717782117,-0.46052342116131384,0.0,0.0,0.0,0.0,25,500,27998.981043738804,,,,2026-02-02T00:16:41.000Z
29.980391548585317,15.84685395734773,997.9958478735687,3.270132789055039,-1.0807526779741088,4096.119260739841,-0.5129742439678118,-1.3358268451505217,-0.3381867169824685,0.0,0.0,0.0,0.0,25,500,27999.746984114372,,,,2026-02-02T00:16:42.000Z
30.000387386091916,16.037520157491645,997.9991595658807,2.623386898545322,-1.6029678436620136,4094.706126444589,-0.44352159983711503,1.8476600029424488,-0.5760251704766678,0.0,0.0,0.0,0.0,25,500,27993.796187246156,,,,2026-02-02T00:16:43.000Z
30.00414874899089,16.034447844084703,998.0126341753996,-2.184283186857466,-0.7968905499787337,4097.396446627227,0.07224913423620272,0.3086752940556164,1.9172595345040717,0.0,0.0,0.0,0.0,25,500,28004.952095546403,,,,2026-02-02T00:16:44.000Z
29.99916290142861,16.1222544152933,997.9780281305899,-0.507352155084762,-0.8932860936292129,4096.786970770843,-0.5621623419347272,0.4664559729694125,1.4639007861743227,0.0,0.0,0.0,0.0,25,500,27998.109936278517,,,,2026-02-02T00:16:45.000Z
30.003580488388565,15.969031123070913,997.9966735555355,-0.6903294108995929,1.2245396202107852,4097.790386440055,-1.422058497167931,-0.0971895438234364,0.5552941900136158,0.0,0.0,0.0,0.0,25,500,28002.14698631178,,,,2026-02-02T00:16:46.000Z
29.986582777566436,16.00119960689386,997.9963351987358,0.9785090701526552,-3.118871558252451,4097.270343603364,0.215031942943456,0.019258967351125547,1.3253089972677385,0.0,0.0,0.0,0.0,25,500,27992.554096150663,,,,2026-02-02T00:16:47.000Z
29.992241356944398,15.935719219976209,997.9792302647761,1.3727071100290662,-2.155441491583203,4098.099105430639,1.0733665824449723,-0.148283137927403,0.7984613389778825,0.0,0.0,0.0,0.0,25,500,28006.9287255451,,,,2026-02-02T00:16:48.000Z
30.010349381631638,16.059794861399276,997.9953596423925,-1.6777853480514726,0.6863171083948332,4094.929529576879,0.8695725186534211,1.0177959690359604,0.1812711595140552,0.0,0.0,0.0,0.0,25,500,27994.651538997485,,,,2026-02-02T00:16:49.000Z
30.000005716656457,15.921650965832495,997.9845933286881,0.13567702783387536,1.2458880608266163,4098.634788131269,-0.8097354673898115,-0.007928587453370405,-1.5055713410196836,0.0,0.0,0.0,0.0,25,500,28016.085542367386,,,,2026-02-02T00:16:50.000Z
30.00339878981315,15.910700948291977,997.9766933652196,-4.039854664312273,1.283083289872024,4096.395199209384,-1.2512279153776757,0.7670502184927098,-0.26216392012514006,0.0,0.0,0.0,0.0,25,500,27997.750086459087,,,,2026-02-02T00:16:51.000Z
29.994534788392915,15.993220246222007,997.997376871715,2.88389001160378,-1.574072557866598,4100.15052174525,-0.2841878821547786,-0.4338475233525722,-0.3350378920183519,0.0,0.0,0.0,0.0,25,500,27999.053159385054,,,,2026-02-02T00:16:52.000Z
30.00019494023277,15.877413622869618,997.9970385487919,-1.0247484813533871,-1.95653129853248,4094.621624363821,1.567791509795664,0.19564052831231576,-1.1330751730921569,0.0,0.0,0.0,0.0,25,500,28005.935884863422,,,,2026-02-02T00:16:53.000Z
29.976979878198648,16.160213121853925,997.9975504641704,0.11172787968899393,-1.0132696675758386,4099.471927606331,0.6455980789595456,-0.8039203442394212,-1.486162274606616,0.0,0.0,0.0,0.0,25,500,28008.11850193455,,,,2026-02-02T00:16:54.000Z
30.008460119384207,16.19272667277419,998.002528582459,-0.6192994279761225,0.47974550456945014,4096.395821566925,0.7039646767942336,1.216528232549537,0.4927193465670251,0.0,0.0,0.0,0.0,25,500,28009.195936801912,,,,2026-02-02T00:16:55.000Z
30.018079328389526,15.954640991457818,997.9912060317679,2.29205515002683,2.970954738545099,4094.697163992771,0.8898569517854946,-0.8337472407191158,0.32450432237081295,0.0,0.0,0.0,0.0,25,500,28017.75588033014,,,,2026-02-02T00:16:56.000Z
29.989349824507855,15.861340499344283,998.0179085601345,-5.675012882794758,-4.094874371541501,4095.0322283318915,0.42076656251858635,-0.32497944426132624,-1.167396980067612,0.0,0.0,0.0,0.0,25,500,28006.61885523404,,,,2026-02-02T00:16:57.000Z
29.990596678124906,16.033659203890206,997.9996670599187,-0.033220684651817975,-0.4414575139167331,4095.359305383611,0.12060854761357863,-0.3149604124547449,-0.7458785064361894,0.0,0.0,0.0,0.0,25,500,27999.33013511155,,,,2026-02-02T00:16:58.000Z
30.004408798982375,15.951789748203108,998.0128643046306,-0.21163751499539576,-2.6653568820504074,4096.848331892804,0.6623068966479679,-0.3539513876737683,1.1612222731541635,0.0,0.0,0.0,0.0,25,500,27994.70354084598,,,,2026-02-02T00:16:59.000Z
30.014738792905067,16.1174681132528,997.9832010075851,-0.9072727751833656,-3.3044853547069795,4097.045670976071,-0.5461661042180197,0.722495769442937,-0.8776965135165605,0.0,0.0,0.0,0.0,25,500,27998.661717168005,,,,2026-02-02T00:17:00.000Z
29.99997902682617,15.92128534044701,997.9916547034991,3.452453091271265,1.9339132906896332,4094.852599992123,-1.4144630113663208,-0.3166577647366437,0.1707989039338024,0.0,0.0,0.0,0.0,25,500,28014.84016490429,,,,2026-02-02T00:17:01.000Z
29.987706819791875,16.054451322242844,998.0068631480505,-1.7746589177115424,1.0892491489986773,4095.951290815478,0.7229969346243232,1.3939245305410728,-0.18977829956798103,0.0,0.0,0.0,0.0,25,500,27986.130336969778,,,,2026-02-02T00:17:02.000Z
29.99791382763362,16.01139935893917,997.9977343572432,1.5435923544713224,0.8988670318945244,4100.2845407172235,1.2377381057492252,-0.8184750861301682,0.5063634710620628,0.0,0.0,0.0,0.0,25,500,27991.80991883541,,,,2026-02-02T00:17:03.000Z
29.989700679196883,15.932373848938658,997.9892682061263,0.7125055774121671,1.8420516794619868,4099.455086340201,-1.1182319393560314,0.16937746994270692,-0.8561076526564303,0.0,0.0,0.0,0.0,25,500,27997.810132564664,,,,2026-02-02T00:17:04.000Z
29.993311537071314,16.024004982849195,997.9816137010135,2.523038505071032,-0.9594377935322721,4096.872647339348,0.8219214824159002,-0.7757859893125999,0.09008347754010702,0.0,0.0,0.0,0.0,25,500,27991.676845304533,,,,2026-02-02T00:17:05.000Z
29.996959589008465,16.087853255847484,998.0073320367225,-1.3343781695550108,-0.8652750326670565,4096.076006956337,1.68076571338819,0.4209727825314667,0.16872257734587723,0.0,0.0,0.0,0.0,25,500,27995.912280151577,,,,2026-02-02T00:17:06.000Z
29.990706754117582,16.00868485190554,998.0065160225495,-1.465937798247518,4.371461233445149,4096.240062653436,-0.0022462017571209794,-0.015949726976770034,0.23018080622921966,0.0,0.0,0.0,0.0,25,500,28018.062345383467,,,,2026-02-02T00:17:07.000Z
29.992220942758255,16.009728466512627,998.0024332069142,2.192139814954797,-0.4931421085191487,4097.227035945461,-0.8180021847417462,-0.15506204469847845,0.0790738579626132,0.0,0.0,0.0,0.0,25,500,27997.0190696037,,,,2026-02-02T00:17:08.000Z
30.000745340002222,15.912721657214632,997.9950409380922,0.8506426166602208,1.4702642261081824,4093.954414869603,0.12301867352675562,1.188474966503524,0.3446093205941101,0.0,0.0,0.0,0.0,25,500,28004.11648565163,,,,2026-02-02T00:17:09.000Z
30.002150358121373,16.114420479790414,997.9888690997237,-3.0898746933535173,0.012763081926629954,4095.485246925153,-0.5505339682007013,-0.6543418710551034,2.191770332050811,0.0,0.0,0.0,0.0,25,500,27983.41803150004,,,,2026-02-02T00:17:10.000Z
29.98576019666179,16.10445465781432,997.999470184601,-1.0786100289265408,-3.6965170601568302,4092.662831852245,-0.6167301099564017,0.5865151576180001,2.561297776771106,0.0,0.0,0.0,0.0,25,500,27988.975627306816,,,,2026-02-02T00:17:11.000Z
30.00396381722509,15.958944081131351,997.9868468139636,0.772765307696122,-4.089258007602536,4096.7984462452105,0.4331840672715426,-0.7689599126747924,-0.6392161407867218,0.0,0.0,0.0,0.0,25,500,28009.32683609622,,,,2026-02-02T00:17:12.000Z
29.996180661368687,15.9875711540517,997.9924841591943,1.6755284430931783,-1.1579684398798096,4097.294391879405,-1.6037294750298954,0.11268520016037374,-2.318242980352499,0.0,0.0,0.0,0.0,25,500,28016.68028438545,,,,2026-02-02T00:17:13.000Z
30.007202615235528,16.141422067269033,998.012612505814,-1.3584613063859101,2.112202503339978,4095.0336270754015,-1.4439289224922272,-1.1955753282234454,0.5954953007219735,0.0,0.0,0.0,0.0,25,500,28002.214105972886,,,,2026-02-02T00:17:14.000Z
30.007804975206877,15.886642917895255,997.9814916423687,-5.828511979633882,1.5765833132720073,4099.14797352658,0.019290880373942807,-0.6625171463067404,0.1862524599012663,0.0,0.0,0.0,0.0,25,500,27996.939837406102,,,,2026-02-02T00:17:15.000Z
29.99455458819045,16.060428839135877,998.0067752782691,1.0464463714740664,1.8281543284480672,4093.548468673995,-0.02230853891243119,-0.08214304557286504,1.0610418591835804,0.0,0.0,0.0,0.0,25,500,28004.961616308887,,,,2026-02-02T00:17:16.000Z
30.00614147694038,15.944138622686888,998.0149419595145,-2.4406413798879516,-1.9740923578726306,4093.0712502395804,0.34355457703993575,1.8146491673230778,0.28488589971531725,0.0,0.0,0.0,0.0,25,500,27974.025654837813,,,,2026-02-02T00:17:17.000Z
29.99163043960301,16.177807787675164,998.0081625971939,-4.034677596244823,3.231744980244627,4096.44890363712,1.8752253884833885,0.10080387045977413,0.05860393952571911,0.0,0.0,0.0,0.0,25,500,28002.29121343518,,,,2026-02-02T00:17:18.000Z
30.013237620628352,16.006344672866533,998.0039821287843,-5.664651849968282,-1.9297866003727686,4098.094196605224,0.10451403607582113,1.6546683158667064,1.1289065958772229,0.0,0.0,0.0,0.0,25,500,27989.538893998924,,,,2026-02-02T00:17:19.000Z
29.992008637991436,16.126037851814004,997.9953642715383,1.6279617203954824,0.42564879733993743,4099.367855382916,0.5981721503347945,0.22032329169091802,1.268780588413842,0.0,0.0,0.0,0.0,25,500,28007.94092982224,,,,2026-02-02T00:17:20.000Z
30.003527496086257,15.923867265153888,997.9935411194557,0.25723490080993305,-0.020704579815473377,4095.0822314742622,-0.975532935614632,-0.3870842444749391,-1.3865600587809983,0.0,0.0,0.0,0.0,25,500,27978.07701091819,,,,2026-02-02T00:17:21.000Z
29.998123908553556,15.875147131767573,997.9775186913394,-0.4513127614245033,-0.3477476406291727,4098.157361666863,0.7679376635165371,1.5393565226006936,-0.8166061871395836,0.0,0.0,0.0,0.0,25,500,27993.71624024091,,,,2026-02-02T00:17:22.000Z
29.989831054857625,15.976574054279888,998.0003700668027,2.7780487259255233,2.6771842765912135,4095.9229830609984,-0.5263908651106778,0.4370176220734189,-0.10559295928867828,0.0,0.0,0.0,0.0,25,500,27999.59024161892,,,,2026-02-02T00:17:23.000Z
30.009009157617854,16.026268345794684,997.9959775955127,1.274649366046145,-1.410221040331921,4095.6547454001184,0.07142083258109318,-0.6427215938827137,0.09843762392458368,0.0,0.0,0.0,0.0,25,500,27992.38208817044,,,,2026-02-02T00:17:24.000Z
29.99385868191133,15.948926831798358,997.9930196559131,3.232600085443833,-2.699210511423856,4097.7673198749735,-0.1088486250691617,0.47057145940029743,-0.22598320335224872,0.0,0.0,0.0,0.0,25,500,27996.24515599812,,,,2026-02-02T00:17:25.000Z
29.982999278350217,16.075830742627495,997.9997991897112,-2.785470944333993,0.03999097241283854,4097.304645756827,1.032974234914031,-0.2925947499076102,0.4342071778618859,0.0,0.0,0.0,0.0,25,500,28009.044343506765,,,,2026-02-02T00:17:26.000Z
29.97117986636832,15.979004643218957,998.000623694802,-0.06910124790792703,-0.799653468573053,4092.8472156860316,-1.3099765543749995,-1.9890341961712958,0.9961047893171002,0.0,0.0,0.0,0.0,25,500,27999.755039854826,,,,2026-02-02T00:17:27.000Z
29.99124955305572,15.79185628382334,997.9936444270263,-3.2334267498960285,6.754765838165292,4098.953080699452,-2.2832386346150395,0.9359731592656175,1.722709710720728,0.0,0.0,0.0,0.0,25,500,27990.694191950355,,,,2026-02-02T00:17:28.000Z
30.01375908419299,16.0552811979193,998.0161308078348,-0.45876466371093444,1.35301495287995,4098.760182708294,-0.2134326970879245,1.094934055641929,0.5789130237728995,0.0,0.0,0.0,0.0,25,500,28009.404000660077,,,,2026-02-02T00:17:29.000Z
30.012577384675037,15.911746294085285,998.0073060277912,-0.4972317075333547,-0.8186811504372487,4094.748874596981,0.4685312569051241,1.8379420299922753,-0.8523336784531098,0.0,0.0,0.0,0.0,25,500,28002.509808690713,,,,2026-02-02T00:17:30.000Z
29.992814015976524,15.963840261832349,998.0089627855838,1.2532272745261417,-2.112223138374173,4096.791607066875,0.15226937580750002,0.42214369219526265,-0.14737622519781826,0.0,0.0,0.0,0.0,25,500,28002.924874795848,,,,2026-02-02T00:17:31.000Z
29.996255450852985,16.155313120353934,997.9989669721637,0.09112776228379663,-3.7605768211375694,4096.988060372565,1.2322042374139113,-0.24872342408253253,-0.07535224125955695,0.0,0.0,0.0,0.0,25,500,27991.07488974772,,,,2026-02-02T00:17:32.000Z
29.99535086924444,16.17728117241211,998.0051123573226,1.2468142765598311,-2.050438171474866,4096.521347531648,0.43737267417966835,0.8349894273785858,0.514640239981159,0.0,0.0,0.0,0.0,25,500,27974.52393327338,,,,2026-02-02T00:17:33.000Z
29.986665678545503,15.942450656490719,997.991042953994,1.4068802662777884,0.22988354351826348,4094.8993896923093,-0.5638483318598599,0.8498203653189064,0.38816803343394224,0.0,0.0,0.0,0.0,25,500,27990.938687666436,,,,2026-02-02T00:17:34.000Z
29.990511681283767,16.057778663063186,998.0066625854025,4.309857354766284,2.854657303189539,4094.656753264124,-2.3254201541396804,1.638281183136422,2.0503966511115097,0.0,0.0,0.0,0.0,25,500,27989.921314219646,,,,2026-02-02T00:17:35.000Z
30.009811495194008,15.944772550957735,997.9979559739269,-0.6305933105722488,2.243378284775838,4095.9488918580173,-0.23731223419521827,-0.04462762306644215,-0.4615131352549084,0.0,0.0,0.0,0.0,25,500,27993.86703042819,,,,2026-02-02T00:17:36.000Z
30.005038878713794,15.97131270211014,997.9897801646498,-1.882045401332758,0.4581896632927588,4098.345458038519,1.027959002257798,-0.16557897256759446,0.3847505337668032,0.0,0.0,0.0,0.0,25,500,27991.581443340077,,,,2026-02-02T00:17:37.000Z
30.002730888585297,15.939422458510144,997.9997723332878,0.49216723063281764,-0.6463353314049693,4097.087200309189,-0.3920477826671146,-0.7155444197585275,2.354711397744092,0.0,0.0,0.0,0.0,25,500,28001.12698509047,,,,2026-02-02T00:17:38.000Z
29.98664853388339,15.827565631960352,997.9970794596975,-1.604560054279087,0.5376247128243085,4095.258771335828,0.028320263677764197,0.5374620867252017,-0.5852068969036013,0.0,0.0,0.0,0.0,25,500,28008.80877471046,,,,2026-02-02T00:17:39.000Z
30.00100703214034,16.00950552237337,998.0232306932722,2.963921536873072,-1.037275994969152,4097.5433974212965,0.42136025430670854,-1.5482616682308352,0.1451486961703552,0.0,0.0,0.0,0.0,25,500,28010.761614273528,,,,2026-02-02T00:17:40.000Z
29.97696155030512,16.028816538694617,998.0043539424848,-0.5664360778904651,3.4367279915277513,4090.30291475874,-1.0152923742498159,0.7760873728625646,-0.9448805011240154,0.0,0.0,0.0,0.0,25,500,28008.372118583637,,,,2026-02-02T00:17:41.000Z
30.008428026912604,15.932899825468887,998.0157971746745,-1.1311527357479807,-0.37838036255015994,4098.297531400744,0.6232358966388174,0.5878351218657896,0.08208689962743151,0.0,0.0,0.0,0.0,25,500,27991.023750241882,,,,2026-02-02T00:17:42.000Z
30.00258574900737,16.10877917114371,998.0113128710636,-0.9426314423022358,-0.17267571649345376,4092.5205724424436,1.6371217900017057,0.585070202458372,-0.7802171481376415,0.0,0.0,0.0,0.0,25,500,28000.5890079332,,,,2026-02-02T00:17:43.000Z
29.986547675479002,15.956391978290478,998.000377805998,1.436834846943282,-4.431644850041336,4095.275118117194,-0.17281335189340633,0.13822523650184043,1.0468009034913464,0.0,0.0,0.0,0.0,25,500,28015.6516584817,,,,2026-02-02T00:17:44.000Z
30.0161642555749,15.936278817514099,997.9955628079707,-0.3154939664629705,-0.3908696930455277,4093.7606602107476,-1.1290644218323018,1.5329782475310847,0.14731885903139533,0.0,0.0,0.0,0.0,25,500,27984.15265667027,,,,2026-02-02T00:17:45.000Z
29.982038353408313,16.05265031181081,997.982597734188,-1.2833336402607647,1.672968275929882,4093.4106370485583,-0.06660102702197371,0.8719934654268633,-0.9353972599822935,0.0,0.0,0.0,0.0,25,500,28013.48230044425,,,,2026-02-02T00:17:46.000Z
30.005303061822495,15.845731801002747,997.9912905644934,3.330703835247062,-2.1354451540770905,4098.321653574757,-2.2243841086088687,-0.6070771913756997,0.8405676977916716,0.0,0.0,0.0,0.0,25,500,27990.038966636104,,,,2026-02-02T00:17:47.000Z
30.005551717689787,16.09066790317028,998.0066275345775,-1.7123396813235001,-1.5014406689856257,4095.064597597376,0.336903263976616,-0.5891790496976468,0.17966603887158733,0.0,0.0,0.0,0.0,25,500,28002.93765287584,,,,2026-02-02T00:17:48.000Z
29.987603295606476,15.959783084260565,997.9969786961487,0.07113214806598706,1.5854220354673294,4096.6930077634615,0.4522743776485788,-0.8796738134146368,0.9528187772234549,0.0,0.0,0.0,0.0,25,500,28004.12785116969,,,,2026-02-02T00:17:49.000Z
29.999621493091897,16.098928607639408,998.0037582032573,1.3046123032204608,-2.9533144470361066,4095.9061588422414,1.6756362938455622,0.5512833327755875,-1.1476626279477486,0.0,0.0,0.0,0.0,25,500,28001.899130365695,,,,2026-02-02T00:17:50.000Z
29.983631721578472,16.128813052582917,997.9796972484866,-3.2626702208341465,2.115602015083837,4096.954081654446,-0.19399479256662508,-1.0001389212399567,0.36882441224866147,0.0,0.0,0.0,0.0,25,500,28022.284728942024,,,,2026-02-02T00:17:51.000Z
29.971536256836732,16.064015344235713,998.004535148491,0.9605210028118498,-1.064287780346204,4096.1536437821205,0.40848533814647026,1.0833921435833522,0.7733416946447087,0.0,0.0,0.0,0.0,25,500,27996.99168099529,,,,2026-02-02T00:17:52.000Z
29.98932123773068,15.91880267072717,998.010964815572,-2.1102153509608987,-0.7771364409824059,4093.434015551623,-0.8612881023859011,1.3229733083455433,-0.4233774902357365,0.0,0.0,0.0,0.0,25,500,27983.605121250763,,,,2026-02-02T00:17:53.000Z
29.99383375057738,15.874916829351559,997.9822424171019,1.645565561668005,-2.2477568102511882,4097.992533638894,-0.3564271205250787,-0.8790162689504512,-1.2590027269681512,0.0,0.0,0.0,0.0,25,500,28003.56447067527,,,,2026-02-02T00:17:54.000Z
30.006442561808107,15.856592733666476,998.0037156390636,-1.9253020238379526,0.7560925208557664,4095.0124868336775,-1.525185436662198,-0.1855485345928537,-0.041607495370393925,0.0,0.0,0.0,0.0,25,500,27998.299600152757,,,,2026-02-02T00:17:55.000Z
30.000674080850608,16.11029107017013,998.0134353465361,1.385538063697721,4.91974397005876,4092.8868362026806,-0.1947896212832356,0.016620981362413703,1.2281152937809285,0.0,0.0,0.0,0.0,25,500,28005.548012082192,,,,2026-02-02T00:17:56.000Z
30.00093545459386,15.986519988779982,998.0168008664934,2.2116661325894253,1.562994478921264,4095.143769678068,-0.30530915351856486,0.8839831604696676,1.1259303306340565,0.0,0.0,0.0,0.0,25,500,28008.820952418737,,,,2026-02-02T00:17:57.000Z
29.989855783767165,15.940077820546914,997.9949650092914,1.7228730512656099,-1.7285705238810716,4099.001519581268,0.29919976608889587,1.609343375609877,-0.42842843475557674,0.0,0.0,0.0,0.0,25,500,27999.663103282954,,,,2026-02-02T00:17:58.000Z
29.994699886959587,15.98679178484611,998.0077993034461,0.5026332964762048,2.271241170982952,4097.700443484227,-0.6235968803326393,-1.6854923928685774,-1.2830854363764426,0.0,0.0,0.0,0.0,25,500,28004.363104306423,,,,2026-02-02T00:17:59.000Z
29.99070073390131,16.10806212089542,998.0142978982001,-0.4626018858593989,-0.6333590918684989,4095.3026957311845,0.0833453509750919,-0.31818071752668287,-0.4311797203495725,0.0,0.0,0.0,0.0,25,500,28001.44237932237,,,,2026-02-02T00:18:00.000Z
29.9877502599297,16.077873978535955,998.0040138139078,-1.1528391526696877,2.7489699628551185,4095.301484591363,-0.33338005560766565,-0.26601669556034696,-0.4684776507319124,0.0,0.0,0.0,0.0,25,500,28017.918874440747,,,,2026-02-02T00:18:01.000Z
29.994063005730126,16.043850615570886,998.01285077589,2.942069381634208,1.6133528043287257,4095.3567298975654,-0.33149938829951425,-1.4006698548865477,0.4464467833047774,0.0,0.0,0.0,0.0,25,500,27996.294382471322,,,,2026-02-02T00:18:02.000Z
30.00074512385096,16.06378860574264,997.9996413834666,-1.3989904403352864,-5.8862831309434664,4100.153495967122,0.08036232596303014,-0.4851100193040616,-0.10500150290412151,0.0,0.0,0.0,0.0,25,500,27993.1292980199,,,,2026-02-02T00:18:03.000Z
29.994273614805756,16.018017235549696,998.0039431414377,-2.0741321471399923,-2.008159265910055,4096.763870904463,0.04052294231700992,0.42776894435061114,-0.753264211737142,0.0,0.0,0.0,0.0,25,500,28008.80730903111,,,,2026-02-02T00:18:04.000Z
29.99676497330575,16.030211305729644,997.9937839077354,1.33073787006566,1.8887704456707795,4096.860083294382,0.7611740390516385,-0.27867890283955715,1.104263067260668,0.0,0.0,0.0,0.0,25,500,27990.708201846574,,,,2026-02-02T00:18:05.000Z
30.006949148109115,16.022102523115105,997.9983539984232,-1.5922736063729908,0.3033145442900351,4098.060566908063,-0.12064303412983486,-1.5446211686074136,0.1404258674448342,0.0,0.0,0.0,0.0,25,500,28003.921578055826,,,,2026-02-02T00:18:06.000Z
29.994992455813094,15.999993875437244,998.0043371616988,-1.9001269949322543,-2.047511895415701,4096.477578318053,-0.3498853491230032,2.8740826980099135,0.4354156527309408,0.0,0.0,0.0,0.0,25,500,27998.304108463308,,,,2026-02-02T00:18:07.000Z
29.98666033369012,16.07533738838313,997.9930338067495,-2.88720852433953,-1.2671790309876254,4095.4819157083584,-0.18080744508722618,0.2661778652041803,-1.7249854341312671,0.0,0.0,0.0,0.0,25,500,27998.98679315458,,,,2026-02-02T00:18:08.000Z
30.00563453521601,16.03612821062004,997.9977641362686,-0.9658196789210354,-3.812473240178761,4095.60730030183,-0.7146641168409925,0.11169413010667499,-2.424264870697286,0.0,0.0,0.0,0.0,25,500,28024.3730462401,,,,2026-02-02T00:18:09.000Z
30.002658496485083,15.911928496889304,998.0076087368095,-0.1654300477929864,-0.17674657505279204,4095.8567974811717,-0.35991109356667156,-1.0979263630670464,-1.4375457814444081,0.0,0.0,0.0,0.0,25,500,28012.340867449224,,,,2026-02-02T00:18:10.000Z
30.003286594981724,16.052887438552265,998.0205255753318,0.48618345532139756,4.421379452031529,4095.92555552698,2.031158713073231,0.26070616197127533,-0.4805434256067757,0.0,0.0,0.0,0.0,25,500,28010.215795333195,,,,2026-02-02T00:18:11.000Z
30.006258386575357,16.02472470663793,997.9795056150836,1.9026124885989668,1.6098667814646512,4097.455259087274,-0.9126787606958671,-0.1642137840414943,0.5763560176138087,0.0,0.0,0.0,0.0,25,500,28005.305706404768,,,,2026-02-02T00:18:12.000Z
30.00456641527308,16.06114134689151,998.0197657666732,1.0537958473315874,4.380834002376846,4096.103891771615,-0.2786563338793094,-1.8885234127154062,-2.342246870407298,0.0,0.0,0.0,0.0,25,500,27993.084858785598,,,,2026-02-02T00:18:13.000Z
30.000287286924713,15.989579308638497,997.9974012823558,-0.3817444391063596,1.7647941795799604,4097.465280154431,-0.3874886632696904,-1.0702554400144162,1.5928520643719872,0.0,0.0,0.0,0.0,25,500,28002.61481686738,,,,2026-02-02T00:18:14.000Z
30.02391452662852,16.081174031376715,998.0096489986903,-0.39639135275943976,2.0549586867053833,4095.8385668397827,-0.24717161224439949,0.794926017673945,0.1705660267701262,0.0,0.0,0.0,0.0,25,500,28005.83324300829,,,,2026-02-02T00:18:15.000Z
29.98715031253698,15.993859144913385,998.0116109269999,1.0203149378303669,3.9481573754900476,4096.157270380632,-0.33123930887839503,1.9440176500004416,1.3602949929499102,0.0,0.0,0.0,0.0,25,500,28001.989854301395,,,,2026-02-02T00:18:16.000Z
29.994135827215114,16.072387968660056,998.0156449677394,2.545140325857139,0.7545265186844528,4092.003598630936,0.27924010122099974,0.3671654050430446,-0.8859700824741287,0.0,0.0,0.0,0.0,25,500,28000.94750327344,,,,2026-02-02T00:18:17.000Z
30.00967334364678,15.954352848404948,997.9927203813527,0.2526283989664004,-0.37445464301376047,4097.832655349405,-1.7101751013917943,1.1030832782933673,0.5038599341724908,0.0,0.0,0.0,0.0,25,500,27996.025507012106,,,,2026-02-02T00:18:18.000Z
30.001425862920957,15.961274594590105,997.9977472869189,-0.9382617084208179,2.0653150332440244,4096.692976951796,1.0371714725320045,-0.15575530858321,0.0851959299707875,0.0,0.0,0.0,0.0,25,500,28002.734586496812,,,,2026-02-02T00:18:19.000Z
30.007579230340113,16.060205252321012,997.9994640390105,-1.985732002171091,2.9076804742437696,4097.996020219719,0.6325827996421973,-0.0865461606806029,0.8176863130545542,0.0,0.0,0.0,0.0,25,500,27994.744286485464,,,,2026-02-02T00:18:20.000Z
30.00169756429537,15.966822660625526,997.996425661575,-2.890410528824451,-0.9599292854244179,4090.2074892436126,-1.2428715860631347,1.090979027619465,-0.23379136759971708,0.0,0.0,0.0,0.0,25,500,28007.03423179567,,,,2026-02-02T00:18:21.000Z
30.0137405655116,16.220578269474817,998.0131876097483,1.3325393440870463,-1.4431381646800585,4100.176749409561,-2.2690772729524014,1.6627772891794692,0.4732152090075886,0.0,0.0,0.0,0.0,25,500,27979.842287988424,,,,2026-02-02T00:18:22.000Z
29.989924891443668,16.0566444986779,997.9992317229899,1.1559570472791143,0.27771206486176037,4095.7208207436897,-0.9770721461414011,1.3010966934656216,1.1021953187712001,0.0,0.0,0.0,0.0,25,500,28013.5874356645,,,,2026-02-02T00:18:23.000Z
30.013424598894066,16.00249234861542,997.983814523352,1.1547270502133231,1.6629977338633242,4098.216365633475,-0.24266646142712253,-1.066363075384819,-0.6511762938917753,0.0,0.0,0.0,0.0,25,500,27986.88334098132,,,,2026-02-02T00:18:24.000Z
30.01170996493204,16.081990077675886,997.9936698617769,-0.2573188927041118,1.5961820973231233,4093.920188145749,2.580291898690775,-0.06695889031524577,0.24224423248964974,0.0,0.0,0.0,0.0,25,500,27989.327449759305,,,,2026-02-02T00:18:25.000Z
29.987897108857695,15.951931959002348,997.984215999733,2.8138694917835014,-2.8483352003751983,4097.225547810125,0.5432569649742733,0.2775246844762952,-1.8878622372223484,0.0,0.0,0.0,0.0,25,500,28004.088541856217,,,,2026-02-02T00:18:26.000Z
30.006306654098875,16.0923014819233,997.9977166121331,-0.9682369891696354,3.8232121341266434,4093.8931688736525,-1.8075896491814576,-0.2596779635075291,0.7025030190633578,0.0,0.0,0.0,0.0,25,500,28005.399418303547,,,,2026-02-02T00:18:27.000Z
29.999569600677635,16.089523521666354,998.0067254967457,1.910538474414411,-1.2823298587937009,4094.7524620786085,-0.689655504900944,0.38785754341559575,1.9546625434624896,0.0,0.0,0.0,0.0,25,500,28020.782779764042,,,,2026-02-02T00:18:28.000Z
29.99393417980881,16.125353405777954,997.993455233277,-0.07748578997908605,-0.5301299937771587,4099.828062707734,-0.05321243627298323,0.8205768116689474,-1.2444360477486953,0.0,0.0,0.0,0.0,25,500,28002.962845293092,,,,2026-02-02T00:18:29.000Z
29.981113808102823,15.955919046865143,997.9959696703537,-1.2167015293586751,-1.8053087199756395,4095.6186351984734,0.2536835542980969,1.0028097519551404,-0.09138126042794319,0.0,0.0,0.0,0.0,25,500,27999.595452340072,,,,2026-02-02T00:18:30.000Z
29.989891863288825,15.877726674586226,997.9972523470766,1.1850606146355227,5.396657671874175,4096.43486574636,-1.314748860310423,1.6858701522215231,0.8804813009141136,0.0,0.0,0.0,0.0,25,500,28001.912993785427,,,,2026-02-02T00:18:31.000Z
30.007081121401846,15.938984536079746,998.0014074249384,0.8192722373679874,0.4841413405759347,4097.740135461378,-0.1349902279770614,-0.3294411047248347,0.031417473466550466,0.0,0.0,0.0,0.0,25,500,28015.904877612877,,,,2026-02-02T00:18:32.000Z
30.008138412692606,15.971836948402725,998.0051608277863,0.7139455185338522,-1.7019501613631298,4096.9913637759455,-0.7176391376105407,-1.364033164839314,0.16509955149322578,0.0,0.0,0.0,0.0,25,500,28024.243999906645,,,,2026-02-02T00:18:33.000Z
29.997892895194237,16.166721160085174,998.0080725542794,0.1625568441123975,1.7278470999248918,4096.300837810287,-1.1037585626023165,0.3582345940144528,-0.39099944152363864,0.0,0.0,0.0,0.0,25,500,27998.15199701091,,,,2026-02-02T00:18:34.000Z
30.008169851431433,16.219501202912774,998.0225551698294,-0.07578616343366175,1.5382715586200661,4096.729922004933,0.2595956466989539,1.8838110311848022,-0.4281522530879146,0.0,0.0,0.0,0.0,25,500,28005.42772416172,,,,2026-02-02T00:18:35.000Z
30.009452600778943,16.0344662304644,998.00123495931,4.776743985740877,-0.3754540471597678,4100.8068311704765,0.7738771734428223,-0.4769758599540591,-0.08669415358537777,0.0,0.0,0.0,0.0,25,500,27999.256108155045,,,,2026-02-02T00:18:36.000Z
30.001546399586264,16.00093906080186,998.0073579305398,2.368513290392346,1.6812134255667663,4095.8847624059326,0.8410412769616195,0.6868469770637194,0.04167142213935586,0.0,0.0,0.0,0.0,25,500,27999.057336587462,,,,2026-02-02T00:18:37.000Z
29.992776663761497,15.965009216952579,997.9841244325232,1.4456537899710242,-1.6505839216617288,4096.40219809343,0.574386351133876,0.6957457924726428,-1.1814412615773098,0.0,0.0,0.0,0.0,25,500,28018.79050623865,,,,2026-02-02T00:18:38.000Z
30.004410541128156,16.082469035021088,997.9962081701443,0.22359831640677652,-0.9858365498985046,4098.1013087920155,-0.49736953314026283,0.19144204734460896,-0.06602198594602875,0.0,0.0,0.0,0.0,25,500,27990.742682761364,,,,2026-02-02T00:18:39.000Z
30.004869847076588,16.218858139199153,997.9972958310653,2.0143144011933383,-4.020433309132126,4098.211051865916,0.7145497614635058,0.00692472104371437,1.5685339387093264,0.0,0.0,0.0,0.0,25,500,27976.657187911165,,,,2026-02-02T00:18:40.000Z
30.006739443903502,16.178585089118826,997.9898268511101,1.0359895527829037,-2.6479021684391255,4098.3740606111205,0.3090544381042879,-0.9234292057213925,-0.4191337935889047,0.0,0.0,0.0,0.0,25,500,28003.174443590466,,,,2026-02-02T00:18:41.000Z
30.008654032700022,16.113797661260584,997.9946400726864,0.05240950554807132,3.6152616113413716,4097.277460444058,0.13394188295201317,-2.2816620724205774,-1.2372549828746278,0.0,0.0,0.0,0.0,25,500,28012.01006528762,,,,2026-02-02T00:18:42.000Z
29.986378354280788,16.112330253111384,997.9989251528234,-0.6071286505318301,3.282857255444629,4093.713990174539,-0.6116931217017983,-1.1118507066640289,-0.15141606798642662,0.0,0.0,0.0,0.0,25,500,28002.19896626251,,,,2026-02-02T00:18:43.000Z
29.994900707546343,16.083230988625413,997.9949533662583,-0.1618346753253764,0.13157729729792503,4099.266863064602,-0.49687612734152825,-0.39030414911169925,-0.7146128121242966,0.0,0.0,0.0,0.0,25,500,28005.02203551208,,,,2026-02-02T00:18:44.000Z
29.981013786543123,15.995270935429147,998.0260183418784,-6.340851471756111,3.325862894379675,4093.7073092139626,0.07388693612455402,1.0974226874227069,-1.3383418253219395,0.0,0.0,0.0,0.0,25,500,28007.52393381127,,,,2026-02-02T00:18:45.000Z
30.007469960383553,15.92634517774592,998.0051227534158,0.42120167859528357,-0.32014897321660957,4096.605270930478,2.4398744669855015,-0.10312806235137562,0.13916846173262085,0.0,0.0,0.0,0.0,25,500,28001.109110734094,,,,2026-02-02T00:18:46.000Z
29.997876885520196,15.997918591067206,998.0200102273886,-0.9769521602207194,-0.4868206051358159,4094.491448299961,0.30124248009139015,-0.5190257189181485,-0.710282037151078,0.0,0.0,0.0,0.0,25,500,28005.563076234484,,,,2026-02-02T00:18:47.000Z
30.004308140706975,16.042233960213135,998.0149265117883,3.185339996565768,0.11302129693111274,4095.871723306814,-0.611188502250286,-0.8909854419534304,-0.624714166853275,0.0,0.0,0.0,0.0,25,500,28005.396118986537,,,,2026-02-02T00:18:48.000Z
29.9852432125181,15.854636610128171,997.9936075386655,0.03868814162350858,-0.24984319064713084,4096.657524820607,-0.8323894449694428,0.6568058285094803,0.153427380385389,0.0,0.0,0.0,0.0,25,500,27980.413954027605,,,,2026-02-02T00:18:49.000Z
30.01400980849693,15.98470492706338,998.0003756046742,-2.3779268390699237,-0.43039264712036085,4096.642714430901,-0.4917666126562028,1.3583571664306051,-1.5331745953623346,0.0,0.0,0.0,0.0,25,500,28001.1386689373,,,,2026-02-02T00:18:50.000Z
29.98805660835381,15.917406764540873,997.9956517537893,-0.0997603082562354,2.2867962142991054,4096.84384150847,2.1772934475490655,1.0634357218674595,-1.7415696502511249,0.0,0.0,0.0,0.0,25,500,27984.272171670404,,,,2026-02-02T00:18:51.000Z
30.007745633043825,16.101384116106814,997.9983817724071,-2.0922421701250085,0.3002713079124062,4099.227422538117,-0.39925664594596205,0.6061496997584691,0.6708721945019316,0.0,0.0,0.0,0.0,25,500,27999.618284948927,,,,2026-02-02T00:18:52.000Z
30.001179501708926,15.94502915978433,997.9902356633081,0.9468148314249328,1.424963528867609,4096.907068603028,0.906870534610285,-1.47561274638294,-1.930833600724083,0.0,0.0,0.0,0.0,25,500,27995.047190511606,,,,2026-02-02T00:18:53.000Z
29.998105572224738,16.032822033198098,997.9955846467083,0.5818947286789707,2.062761050554662,4095.5116867294187,-0.3759282454713564,-0.3516742428437714,-0.9766776953073547,0.0,0.0,0.0,0.0,25,500,28010.34011254368,,,,2026-02-02T00:18:54.000Z
29.99729839893388,15.929997970706442,998.0035951888153,1.9156792622165353,0.7763715913094669,4097.928174336576,0.26118454127962865,1.9473042288896751,-1.7998395353884376,0.0,0.0,0.0,0.0,25,500,28002.4441275921,,,,2026-02-02T00:18:55.000Z
29.99361936990684,16.15976993259609,998.0033312205694,-1.5817635833891308,-1.9405426518164777,4098.378940977849,0.7917452740087223,1.1219504919152248,-0.4861364668488323,0.0,0.0,0.0,0.0,25,500,28004.731928460882,,,,2026-02-02T00:18:56.000Z
30.01295196176901,15.829924306346541,998.0025340366522,0.0680161924562936,-2.7057317779280776,4093.544784369726,-0.571902849809924,-1.537503218234725,0.4280587476511656,0.0,0.0,0.0,0.0,25,500,27998.085492820377,,,,2026-02-02T00:18:57.000Z
30.000126128343524,16.0475840376844,997.9994032517511,-2.7300435908532705,0.2975612696146104,4097.1948001396995,-0.6411116541527696,-0.0555905231992714,0.11233794873237668,0.0,0.0,0.0,0.0,25,500,28010.521812626062,,,,2026-02-02T00:18:58.000Z
29.98730778469647,15.872274233156007,998.0086074242523,1.402989563849429,-0.34251260964986896,4097.402345484622,1.6588696944553298,0.36309843266103875,2.391873389457284,0.0,0.0,0.0,0.0,25,500,27984.026746594773,,,,2026-02-02T00:18:59.000Z
29.99616039797965,15.949066734951515,997.9974295697392,1.037742360880244,0.17478285784024342,4095.40487299328,0.9845928948957969,-0.7621584630262199,1.0869156177890007,0.0,0.0,0.0,0.0,25,500,27991.044975478788,,,,2026-02-02T00:19:00.000Z
30.00128339027203,16.02061867036845,998.0139155233976,0.9916100420551417,-0.03210807849717238,4098.751413626624,0.7906723186907282,-2.3092040214088487,-0.9311578501566012,0.0,0.0,0.0,0.0,25,500,28012.86307121609,,,,2026-02-02T00:19:01.000Z
30.008978052814452,16.025535703131684,997.9815240244299,0.00323806271388224,5.167147320333134,4095.699888825935,0.787276293122914,0.09882404501643172,-1.1970550048264106,0.0,0.0,0.0,0.0,25,500,27995.64351500868,,,,2026-02-02T00:19:02.000Z
29.993953802794827,16.022926684109542,998.0065681102398,0.8295457815775819,-2.660452511282676,4096.251152906943,0.4595754883110654,-0.7877582576204393,2.706687940975501,0.0,0.0,0.0,0.0,25,500,27978.541679948292,,,,2026-02-02T00:19:03.000Z
29.994622234441955,16.01517491409755,998.0048837111225,3.2086782166171925,-3.9798925396422495,4095.6538563514323,2.017775813175065,-0.7838417390846841,1.0625720057333625,0.0,0.0,0.0,0.0,25,500,28014.52641276614,,,,2026-02-02T00:19:04.000Z
30.000234321271474,15.935815573812656,997.9932543344274,-0.5701885140840279,0.6647536670392193,4096.031158095163,0.043908301877156795,-0.3546803599307581,0.5893696072695719,0.0,0.0,0.0,0.0,25,500,28010.7693607136,,,,2026-02-02T00:19:05.000Z
30.008734248199474,15.983594667691118,997.9964476897314,0.277290367420169,-0.7528451091763906,4093.8074498262094,0.5772623672009194,-0.13367591465481174,0.07485181221561789,0.0,0.0,0.0,0.0,25,500,28007.10969406611,,,,2026-02-02T00:19:06.000Z
29.98631245464404,16.00316340161789,998.0046479093911,-2.1722525983628196,0.6321357394599024,4093.1198982348114,-1.4509129285940126,-0.009082794095686441,0.27352156747501716,0.0,0.0,0.0,0.0,25,500,28000.944060069516,,,,2026-02-02T00:19:07.000Z
30.005053546309917,16.019536039675888,998.0091593524714,-1.7365219231966647,1.1677660445680023,4099.18901012645,-0.8249606865912409,-0.8839898989220014,-1.4820732754824262,0.0,0.0,0.0,0.0,25,500,28016.60747018159,,,,2026-02-02T00:19:08.000Z
29.99535937469871,15.993431952719302,997.9825053683167,0.19562658618661477,2.568209390357795,4094.3060773033635,-1.2008189998350405,-0.2202095296340774,0.15703917019676786,0.0,0.0,0.0,0.0,25,500,28012.586184290623,,,,2026-02-02T00:19:09.000Z
29.996755674182516,16.072959042098447,998.0062824606765,2.2078670934038143,-3.0144516407678768,4094.017215301087,1.2740635835161493,-1.757423370402755,0.07123139745901451,0.0,0.0,0.0,0.0,25,500,28015.47856068792,,,,2026-02-02T00:19:10.000Z
30.020015757451297,16.009338697015096,997.9954234881444,-0.5125616485031449,-1.113435795714326,4091.6932197727924,-2.55254015202075,0.31103906536807824,-0.9041388431014801,0.0,0.0,0.0,0.0,25,500,28006.955004804473,,,,2026-02-02T00:19:11.000Z
29.998035307754485,16.02013259676216,998.011252897743,-0.47183305862424785,0.8575225177615277,4094.722076504621,-0.40231002275272265,-2.8562754133411574,-0.5385264535684786,0.0,0.0,0.0,0.0,25,500,28001.22795851251,,,,2026-02-02T00:19:12.000Z
30.007546937503086,15.961734765168849,997.9816072478618,-0.8137704890087494,1.540927191374453,4093.353820413185,-2.9937066026606227,-0.28949008043361957,1.5151763934435558,0.0,0.0,0.0,0.0,25,500,27996.008351289853,,,,2026-02-02T00:19:13.000Z
30.007189138372034,15.894755807338559,998.0244529896512,-1.0695133416886462,4.3868991005767715,4099.284030320273,-0.8312878954818901,0.9191861536769533,-0.1251749202948624,0.0,0.0,0.0,0.0,25,500,27987.31076157534,,,,2026-02-02T00:19:14.000Z
29.988199760859015,16.015402893073247,997.9911386006698,0.5899429114176431,1.9114079422277344,4098.019634178685,-0.49094894973186637,-1.0593406872748266,2.0711713025331107,0.0,0.0,0.0,0.0,25,500,28005.020456154663,,,,2026-02-02T00:19:15.000Z
29.98154605674777,16.120744604396293,998.0142996118678,-2.994515290357289,-0.11357719177255424,4094.6236993096445,1.384871093794044,0.7164302036574001,-1.7406794364873834,0.0,0.0,0.0,0.0,25,500,28005.853573347955,,,,2026-02-02T00:19:16.000Z
30.00820982092417,16.044386123073043,997.9993081538026,2.561879153333455,-1.7808715058853233,4100.5048716106885,0.39662793922145717,1.1557327121208922,-0.5221301862257478,0.0,0.0,0.0,0.0,25,500,27996.502186680926,,,,2026-02-02T00:19:17.000Z
29.989164538075514,15.918250605878521,997.991813332628,-1.330844596258921,-1.1285797054380384,4097.963530973983,-0.8331415233289663,-3.3078999524973884,-1.547278551246919,0.0,0.0,0.0,0.0,25,500,28006.136810281165,,,,2026-02-02T00:19:18.000Z
29.983358170454288,16.08147400258186,998.0026511400538,1.4438069708762828,-1.185405645914213,4095.350337232983,1.065963719731826,-0.15136290357574236,-1.2094224538918343,0.0,0.0,0.0,0.0,25,500,27996.678221684007,,,,2026-02-02T00:19:19.000Z
30.01026162214844,15.966488293220605,998.0102912544496,-2.5399971947877518,1.3104672570275213,4091.001188570253,0.01783225452975753,-2.875773427628275,-0.8282057056592972,0.0,0.0,0.0,0.0,25,500,28008.67427691347,,,,2026-02-02T00:19:20.000Z
29.989805732662244,16.07146539804803,997.9844729519925,1.3376802610924363,0.513994891171661,4100.581885145181,0.03756685870725232,-0.11820844557094608,0.31530962677059116,0.0,0.0,0.0,0.0,25,500,27991.178927068573,,,,2026-02-02T00:19:21.000Z
29.992274825243157,15.963120413510383,998.0070158884929,1.343889215628995,-2.647299141684358,4093.2208550664727,-1.202671507771992,-0.007171210981326812,0.26682617108038714,0.0,0.0,0.0,0.0,25,500,27989.44888464991,,,,2026-02-02T00:19:22.000Z
30.019743731550893,16.035330643982736,997.9998782150134,0.768404144011793,-0.871802938180866,4092.709202506086,-0.9900137139031393,-2.4825439859108385,-0.6792903196276054,0.0,0.0,0.0,0.0,25,500,27997.594212727814,,,,2026-02-02T00:19:23.000Z
29.983402646386185,15.948150266337565,998.0057704408257,-1.9888570435995845,1.7550951069028413,4098.045140864019,-0.8250972999455244,1.9248383620798655,-2.227799557336582,0.0,0.0,0.0,0.0,25,500,28008.287853955022,,,,2026-02-02T00:19:24.000Z
29.987437139585932,15.950694750352966,998.0001097535734,0.499096379196154,0.703324709948118,4100.8795048126785,0.046461273154189575,0.2860158076346249,1.4776928730321528,0.0,0.0,0.0,0.0,25,500,27988.41214535341,,,,2026-02-02T00:19:25.000Z
29.99540301857526,15.843373463290426,997.9942813116124,-2.366112369468778,1.137289232025541,4098.768545637021,0.0778857269806748,-0.8490234320820353,-0.28576471603635617,0.0,0.0,0.0,0.0,25,500,28010.49687019009,,,,2026-02-02T00:19:26.000Z
29.997597431601655,16.051207481916116,997.9888687674863,-0.5055265101923707,0.7658434201145261,4097.127818240105,1.544092663524045,1.4653794274985183,-1.1162901703011392,0.0,0.0,0.0,0.0,25,500,27983.574118656146,,,,2026-02-02T00:19:27.000Z
29.991062547178824,16.037016963482035,998.0067264511205,2.058826201910652,3.2528614692177187,4097.18950868333,0.38505516793783434,-1.7956132206423168,0.2749307810700873,0.0,0.0,0.0,0.0,25,500,27997.532541244058,,,,2026-02-02T00:19:28.000Z
29.98841344902677,16.042644271626095,998.006672719922,1.593403854141484,0.4720861276487401,4097.706831117561,-2.707565693672108,-1.2291710335183172,0.20444517052317407,0.0,0.0,0.0,0.0,25,500,27985.869238728974,,,,2026-02-02T00:19:29.000Z
30.01509994324432,16.02753305611318,998.0066227224769,0.030365885080866243,-0.772045595741396,4097.517857179573,0.26264198787169046,-2.2994555236698986,-0.3226764649999652,0.0,0.0,0.0,0.0,25,500,27973.901006358166,,,,2026-02-02T00:19:30.000Z
30.002629861241047,15.92377499666767,998.0042759631945,-1.9496131518456838,-1.831510082267121,4096.562382847938,-1.4500163561675328,1.801045196539334,0.14853101564150475,0.0,0.0,0.0,0.0,25,500,28003.664518047754,,,,2026-02-02T00:19:31.000Z
30.005851687442092,16.096589926449358,998.0094469887184,1.2911754243483868,0.4992189164194236,4096.208402207903,-0.9659709246115364,0.33234637147200347,-1.1550298404080184,0.0,0.0,0.0,0.0,25,500,27998.22188891369,,,,2026-02-02T00:19:32.000Z
29.998627748234416,16.099277930009226,998.0140606927977,0.038762475396050426,-4.881408029550168,4095.8748137442008,-0.8121694717263299,0.659401789848495,0.7599128431764837,0.0,0.0,0.0,0.0,25,500,27986.029010671697,,,,2026-02-02T00:19:33.000Z
30.00289454948859,15.921176253482942,997.981235821526,-4.640631196460847,-0.36857800366542387,4094.4920708222667,-0.6633383235123018,0.3010012339184757,-0.9968670947568703,0.0,0.0,0.0,0.0,25,500,27994.833861420153,,,,2026-02-02T00:19:34.000Z
30.009329016611098,16.053212399134996,997.9765820255614,1.5652596526330362,-0.4116797198426879,4095.4386498462663,-1.375149392040303,0.5737677611445846,-0.6055696553034319,0.0,0.0,0.0,0.0,25,500,28004.418252269294,,,,2026-02-02T00:19:35.000Z
29.990037009854547,16.087499118536797,998.0171794735988,-0.048465667739384294,-2.728941707234562,4092.614086371609,0.20348200345228765,0.07807771389598944,0.6488018161515753,0.0,0.0,0.0,0.0,25,500,27996.31850333011,,,,2026-02-02T00:19:36.000Z
30.00264835996518,15.952990172665627,997.9865895348541,2.4049024959661445,-1.8565316773119918,4095.8033207464105,-1.4108022850909592,0.27092134270744134,1.2039589650102338,0.0,0.0,0.0,0.0,25,500,27998.013188844317,,,,2026-02-02T00:19:37.000Z
30.00696042313408,15.970396431075566,997.989137567132,-2.1905410376856094,1.6193150602964825,4094.022817785698,0.3566676072498469,0.10760343622295077,1.5857745680463387,0.0,0.0,0.0,0.0,25,500,27996.01543429677,,,,2026-02-02T00:19:38.000Z
30.015447973463843,16.053411340821178,997.9971238568812,-6.353407626392001,0.46142349814992517,4093.7928213655687,2.2369710770616296,-0.6085918055692785,1.0557982384665718,0.0,0.0,0.0,0.0,25,500,27994.1769786857,,,,2026-02-02T00:19:39.000Z
30.019478909798018,15.84896702305857,997.9834602842129,0.5581677166903704,0.203576667414655,4096.359788302307,-1.3293590589340638,-0.04662476521466915,-0.3240721838017818,0.0,0.0,0.0,0.0,25,500,27994.04662725257,,,,2026-02-02T00:19:40.000Z
30.00069859796982,15.8911482778466,997.9961841330269,0.5831273533639455,0.6126950678640453,4098.784004572689,-0.28451030433922214,0.27359457326167763,-1.5410330691004628,0.0,0.0,0.0,0.0,25,500,27993.753026337043,,,,2026-02-02T00:19:41.000Z
30.01138638949687,15.901022499213044,997.9905189465587,-3.381343255212904,0.1852551758978471,4097.836633212005,-2.52345736251247,0.11054911955213079,1.4050555856028935,0.0,0.0,0.0,0.0,25,500,27992.468571239267,,,,2026-02-02T00:19:42.000Z
29.973298320666284,15.820368363517451,997.9976665913031,-1.9569990917332127,2.485725125716629,4092.8589987927535,-0.30093529297013316,-1.477772107753317,1.370695988904976,0.0,0.0,0.0,0.0,25,500,27989.82705402309,,,,2026-02-02T00:19:43.000Z
30.01552282909377,16.10849397741875,998.002798413049,5.510435487439803,0.2468583634072975,4094.020743726859,0.6427171526314838,-1.3449866686084093,-0.6719761533534957,0.0,0.0,0.0,0.0,25,500,27996.202876822823,,,,2026-02-02T00:19:44.000Z
29.992741163382792,15.801186818580833,997.9965646177457,-0.6112212283076067,-2.916426227637501,4097.881542375976,0.720639231357267,1.0828414339163912,0.9211890378245602,0.0,0.0,0.0,0.0,25,500,27993.60072147672,,,,2026-02-02T00:19:45.000Z
29.99758902551012,16.034311066343136,997.996059527146,1.4619179527524322,3.2602599297488206,4094.0350252129233,0.0773637302840967,-0.3069940458834018,-0.3321777939307386,0.0,0.0,0.0,0.0,25,500,27989.283013694843,,,,2026-02-02T00:19:46.000Z
30.00441104484367,16.08116833947552,998.0025799579679,-1.3013196547367674,0.7406805346576915,4095.550733700006,0.8892634247589758,0.5847253470359405,1.5012768835117287,0.0,0.0,0.0,0.0,25,500,28007.660146553568,,,,2026-02-02T00:19:47.000Z
29.998465576326844,15.970640404558674,998.0104429179795,-4.180605797706313,-1.1785074615901354,4097.100104198049,2.5460545359427917,-1.0921199097223964,-0.514864662403782,0.0,0.0,0.0,0.0,25,500,28012.326359719165,,,,2026-02-02T00:19:48.000Z
30.001964533795682,15.933163237526875,998.0160296434692,-0.340516493591811,-2.506803436590037,4094.0633110902727,1.7123046874375993,-1.47314587664653,1.9786512875485034,0.0,0.0,0.0,0.0,25,500,27999.998972253965,,,,2026-02-02T00:19:49.000Z
30.01587692968226,16.023284245073665,997.99781461746,-0.5312091205722104,0.7918284419160908,4096.210751012292,-0.5225209294096369,-0.843596612531713,0.7861205475982457,0.0,0.0,0.0,0.0,25,500,28000.664729879307,,,,2026-02-02T00:19:50.000Z
29.99615779954654,16.000183300059447,998.0182488915192,-0.7997564773367429,-0.23434400994875093,4093.3319490101635,-1.4511039864667385,-0.22256507077141327,1.7975448446859867,0.0,0.0,0.0,0.0,25,500,27993.074360341303,,,,2026-02-02T00:19:51.000Z
29.989130761834993,16.10035048624164,998.0087670683477,-0.2292816710127849,3.1482935720648175,4094.797264712098,-0.40615141657380355,-0.6651402992844123,-0.46379726964987933,0.0,0.0,0.0,0.0,25,500,28010.67031356791,,,,2026-02-02T00:19:52.000Z
30.018134638572985,15.737147885960205,997.9876799154603,0.5285365432912731,-0.6918145613336557,4096.639563868285,-0.9469827656173482,1.2939335231057139,0.405029604444193,0.0,0.0,0.0,0.0,25,500,28017.381811150764,,,,2026-02-02T00:19:53.000Z
30.005267642170047,15.908129252385187,997.9873879174438,-0.30023390250761317,-1.6747615793649338,4092.814012532937,0.45134754786463266,0.17952330153746154,-0.9692791983443653,0.0,0.0,0.0,0.0,25,500,27998.362061709744,,,,2026-02-02T00:19:54.000Z
30.019222389753136,16.056157688391604,997.994227121494,-2.5280123358947275,1.791592436471857,4096.880949475921,-1.1811935394294981,1.8489386185618586,0.8439892521191966,0.0,0.0,0.0,0.0,25,500,27994.785534716073,,,,2026-02-02T00:19:55.000Z
30.00863629910579,16.005044744277445,998.0144460398336,0.9723695831238778,1.8505637854336627,4095.9607244021468,-0.07282243259034207,0.4044081540714172,0.8990415328371245,0.0,0.0,0.0,0.0,25,500,28003.414752659548,,,,2026-02-02T00:19:56.000Z
29.986764056079867,16.075203415919688,997.9949863268444,-3.8987435106448465,0.337302735220391,4097.104979908834,0.8380140545363104,-2.412550817919811,2.3970239182011865,0.0,0.0,0.0,0.0,25,500,28001.289310440385,,,,2026-02-02T00:19:57.000Z
30.00645384671757,16.026201997623968,997.9810764317549,-4.1007149145684005,1.3527140953498167,4096.447828268129,-0.10069587281717701,1.0560416064585545,0.4820397972196492,0.0,0.0,0.0,0.0,25,500,27994.998445245426,,,,2026-02-02T00:19:58.000Z
29.990160519341174,15.986526293675869,997.9977111579111,1.4783609894031358,-0.0753742414844758,4098.7282808599475,-0.9463138227477964,-1.5095516224699548,0.7240942025060932,0.0,0.0,0.0,0.0,25,500,28004.711958330325,,,,2026-02-02T00:19:59.000Z
30.000074318024396,15.96977115569065,997.9801942803244,1.0140405442707137,0.46773020201849397,4096.250449005296,1.1748140575856918,0.23053366721133914,-0.47083037650378173,0.0,0.0,0.0,0.0,25,500,28009.381576073898,,,,2026-02-02T00:20:00.000Z
29.99924285596392,16.232505501587557,997.9894501435306,-0.11479073014807202,2.329981765127846,4095.1411889177493,-1.8789809447538273,-0.7746840576638448,0.5413793726352385,0.0,0.0,0.0,0.0,25,500,27992.141815986753,,,,2026-02-02T00:20:01.000Z
29.983823361953668,16.153494627403152,997.9941297159371,-2.790897009510144,1.250636668043006,4096.244595006065,-0.3277950558774631,2.1427110344641864,-0.3798912086875837,0.0,0.0,0.0,0.0,25,500,28025.420339797158,,,,2026-02-02T00:20:02.000Z
29.99187189510438,16.04955050980952,998.0014966891092,-1.4158218813481507,-0.3385488766652494,4097.086596058073,-0.04166002338133474,1.4395979274301354,0.11586075884199988,0.0,0.0,0.0,0.0,25,500,27984.67057842902,,,,2026-02-02T00:20:03.000Z
30.02205187300159,16.00784638934484,998.0102416232661,-0.525493495373008,2.704725091852301,4096.097720140651,0.01590865839963108,-0.7418206417017582,0.17451566154579515,0.0,0.0,0.0,0.0,25,500,27991.48309273659,,,,2026-02-02T00:20:04.000Z
30.00238377404841,16.053813254935342,998.0069413594338,-3.1917879371482267,-4.7297107455830245,4096.081183382408,0.1804960560780812,-0.12735766812111177,-0.35230487334917043,0.0,0.0,0.0,0.0,25,500,28002.339680303023,,,,2026-02-02T00:20:05.000Z
29.99824403865337,16.08268347178729,997.9882067520156,-1.4780573160464658,4.10414662284387,4094.5960166243863,0.6104398198094931,0.2445980696492174,0.0629450965419935,0.0,0.0,0.0,0.0,25,500,28022.468731183766,,,,2026-02-02T00:20:06.000Z
30.018128902199408,16.04188266857045,997.9962828773783,1.3046606763533597,-3.4119181897814705,4094.674198164898,-0.03540743904535086,0.8634140715616104,-0.3752951697134206,0.0,0.0,0.0,0.0,25,500,27994.374093083195,,,,2026-02-02T00:20:07.000Z
29.996037646899307,15.924861987661345,998.0007637558871,2.854610728578433,-1.254185649544592,4093.1947894564005,-0.3680582821436807,0.02915191232501268,-0.3797311250338392,0.0,0.0,0.0,0.0,25,500,27989.342536874043,,,,2026-02-02T00:20:08.000Z
29.99908579638031,16.17845107677245,997.9973779287556,-0.8388695053171012,-0.08183507039013808,4099.499153486374,-0.4075893446596956,-1.0248948993808669,1.0766646515022715,0.0,0.0,0.0,0.0,25,500,28005.492414784287,,,,2026-02-02T00:20:09.000Z
30.009908028561227,16.0246208227754,997.9973070477413,1.5129767086321968,-0.29296134145632274,4093.5122735292175,-0.6115158020383546,-0.7175586392000529,0.17541364182641137,0.0,0.0,0.0,0.0,25,500,27997.51405592282,,,,2026-02-02T00:20:10.000Z
29.995992642013835,16.20139300303898,997.9827725667535,-3.8281201411749346,2.0128220800531094,4094.6141896044082,0.7875433243268652,-0.0044817963767913305,0.3470662722002771,0.0,0.0,0.0,0.0,25,500,28006.652556949546,,,,2026-02-02T00:20:11.000Z
29.992534792606474,16.018714748687735,997.9884726584886,1.318902482227223,-2.1156732372204687,4094.563185468862,-0.6465284794765146,1.234456978764691,-1.4573047689855358,0.0,0.0,0.0,0.0,25,500,27999.292194500995,,,,2026-02-02T00:20:12.000Z
29.977462435846395,15.975434664787446,997.9959706015086,-1.607896829454962,0.5215336349661264,4097.789848753889,0.8467711090082444,0.42783786053604395,0.4234583318303899,0.0,0.0,0.0,0.0,25,500,27991.4283345787,,,,2026-02-02T00:20:13.000Z
29.99063501686617,16.138414012404645,997.9690677432505,0.6146912334159401,-1.156424196439508,4095.4101006434157,0.018999082259871004,-0.7734149266150159,0.5304234639752379,0.0,0.0,0.0,0.0,25,500,28023.48875970414,,,,2026-02-02T00:20:14.000Z
29.990539722540102,16.030118695807776,998.0064064432001,-0.4955048364794185,0.5902819586748332,4098.495484145347,-0.5212548068561296,0.64837277770979,-0.3983386226887527,0.0,0.0,0.0,0.0,25,500,27970.456094009194,,,,2026-02-02T00:20:15.000Z
30.001585666954686,16.01334226345093,997.9862732090029,2.6408280195676683,-0.12954451959575303,4094.6530187515123,0.6184072157441348,-0.3869848388781598,2.0850296762606915,0.0,0.0,0.0,0.0,25,500,28018.202387503497,,,,2026-02-02T00:20:16.000Z
29.99389541734272,15.87996357943574,998.0068683813327,-1.7488712966798363,0.18587130536595572,4096.557988324447,-0.7274539247231182,0.8904080051868413,-2.289227264184065,0.0,0.0,0.0,0.0,25,500,28009.33261904234,,,,2026-02-02T00:20:17.000Z
30.021580190108573,16.066021780513584,998.0059891600447,1.2552125951236621,-1.0998496649286913,4094.3293058934805,0.6381840407282129,2.5270104183286053,0.7843671357705463,0.0,0.0,0.0,0.0,25,500,27992.544107084726,,,,2026-02-02T00:20:18.000Z
29.98942371069765,15.950668961704409,997.9945630695689,-0.559014926593067,-1.0201279001921648,4100.290298255547,0.21272612119178486,-0.3588263709435495,0.7128048049548621,0.0,0.0,0.0,0.0,25,500,28018.72420104834,,,,2026-02-02T00:20:19.000Z
30.014006466868572,15.955220879092602,998.010005483257,-0.31661095601932754,0.5745450280548539,4093.624803161941,-0.5963246890919207,0.8016051597263709,0.5415829319994119,0.0,0.0,0.0,0.0,25,500,27986.285808007557,,,,2026-02-02T00:20:20.000Z
30.002197529551275,15.950945115459483,998.0074319734492,-0.3677077863184193,1.8874310115120887,4096.619641420454,0.5286348153345591,-0.7453933320377297,0.176212705638623,0.0,0.0,0.0,0.0,25,500,28010.081109620074,,,,2026-02-02T00:20:21.000Z
30.008067740357124,16.04390338346953,997.9969103852917,-1.6913462089882259,-1.1965586683956955,4097.267553761864,0.5465897256886387,-0.11226376719129758,0.5506793226250375,0.0,0.0,0.0,0.0,25,500,27979.17354886953,,,,2026-02-02T00:20:22.000Z
30.00746019594736,15.846462372642431,997.9957824038481,-0.028197931813343156,-1.7375350891458194,4096.827598194903,1.1575196058099577,0.029562286872101294,0.8681754795558938,0.0,0.0,0.0,0.0,25,500,27988.541218070295,,,,2026-02-02T00:20:23.000Z
29.977817644696877,15.97891546572742,998.0109723278566,-0.125296444243643,1.226920331343674,4095.6294246822445,0.9661470124092959,-0.19368366004438056,-0.725887583831994,0.0,0.0,0.0,0.0,25,500,27988.51638174352,,,,2026-02-02T00:20:24.000Z
29.999884473210233,16.09802789911094,998.0023201383941,0.4824804968134586,-0.0650077861153788,4095.740358600533,0.49127402072628285,2.463013688775024,0.2991956221800896,0.0,0.0,0.0,0.0,25,500,27992.493433395714,,,,2026-02-02T00:20:25.000Z
29.99737771862766,15.875433113065998,998.0104469716837,0.16901029138572515,1.660996267971904,4096.087622943958,-1.1275909512087632,-0.30659307467838237,-0.18331684202330392,0.0,0.0,0.0,0.0,25,500,28000.115811153788,,,,2026-02-02T00:20:26.000Z
29.988670219053088,16.017287896093457,997.9761102592565,1.5959890992244725,-1.8115944267422952,4095.7059959967432,2.448586988174057,0.586851538784868,-1.0937684002255086,0.0,0.0,0.0,0.0,25,500,27991.740236358917,,,,2026-02-02T00:20:27.000Z
30.004596260372157,15.936860057972916,998.0009848509702,1.8470172320947373,-3.5588778508468617,4097.92775823359,-1.4036162110718102,-1.9300868693234323,0.7171699746132896,0.0,0.0,0.0,0.0,25,500,27979.635890483023,,,,2026-02-02T00:20:28.000Z
30.017165403158774,15.959630688053437,997.9842259091303,-2.1012466436556023,-1.0660081636526686,4100.421046003183,0.949263174282309,0.4319965633696103,-0.5643604246840334,0.0,0.0,0.0,0.0,25,500,28004.634507687006,,,,2026-02-02T00:20:29.000Z
29.973269963561158,16.16551522603899,997.9997421149251,1.737545001181542,-1.532705218530032,4094.8850164299843,0.43128381688629847,1.1420545923522467,-1.497858674779467,0.0,0.0,0.0,0.0,25,500,28000.489509229275,,,,2026-02-02T00:20:30.000Z
29.994655303241583,15.8349510816455,998.0071382020834,-2.372672854219709,-0.15757680016059983,4093.2603940408417,-1.1741423724811146,-0.5275973425790509,-0.5391106607016489,0.0,0.0,0.0,0.0,25,500,28004.089273408983,,,,2026-02-02T00:20:31.000Z
29.987542338358864,16.076563033817163,998.0173914014575,1.17571177627547,-1.273690428540779,4095.8234359032976,-0.12430093887849918,-2.510222141040413,-0.7988988980931305,0.0,0.0,0.0,0.0,25,500,28001.71917909266,,,,2026-02-02T00:20:32.000Z
30.000717778262377,15.952207173122279,997.9906183327156,1.2394775694057374,1.4820339026728984,4101.159418675308,-0.07875288624464047,-0.0386517688273251,1.0284790091901104,0.0,0.0,0.0,0.0,25,500,28009.54235281985,,,,2026-02-02T00:20:33.000Z
29.9967437871685,15.947233601485433,997.9947429519469,-3.822633783325008,-0.5763005248450325,4094.3926508640607,1.3055827158105235,0.017183850385528075,0.15319314055807765,0.0,0.0,0.0,0.0,25,500,27999.24517646839,,,,2026-02-02T00:20:34.000Z
29.99394322787243,15.888843765751174,997.9990446709293,0.1859584930588193,0.30094899754780197,4099.2782336108885,-0.7133109002802115,0.7240750507443041,1.38238274568994,0.0,0.0,0.0,0.0,25,500,28010.125206348104,,,,2026-02-02T00:20:35.000Z
30.006895068283292,16.075389963727364,997.9902546889854,-0.9369922267206314,0.3152691168818879,4099.355401628153,-0.2619450064243539,2.010903035413434,-0.6665562312330459,0.0,0.0,0.0,0.0,25,500,27992.24303351899,,,,2026-02-02T00:20:36.000Z
30.016361813010572,15.980859538371599,998.0097855972879,-1.51753051587075,0.3899101848243747,4094.892823516584,-2.336069605021263,-0.38005365060030677,0.8741698718964994,0.0,0.0,0.0,0.0,25,500,27992.813296206612,,,,2026-02-02T00:20:37.000Z
30.02661318651758,15.968233058620536,997.9992990545463,2.701704661398011,-0.04825822090994681,4097.137966158371,1.7347627931235772,-0.8562881236602804,2.839622914807913,0.0,0.0,0.0,0.0,25,500,28013.76039395398,,,,2026-02-02T00:20:38.000Z
29.992603709515315,16.01098369292041,998.0012195702337,-1.3073582812748379,1.021201380820627,4099.256793246257,-1.0704682430200712,-1.1669178013714432,0.3560324671271402,0.0,0.0,0.0,0.0,25,500,28013.556686582273,,,,2026-02-02T00:20:39.000Z
29.98179124448182,15.98297128742582,998.0062017312678,-1.6127538582360996,-1.591310267651615,4095.241744518025,0.3269108642391749,0.19807861703159935,0.8616488623231527,0.0,0.0,0.0,0.0,25,500,28005.73742142781,,,,2026-02-02T00:20:40.000Z
30.005591964340784,15.799931212024648,997.9992828848362,0.15138988001018688,2.798835853307766,4095.5928392797955,-0.10140782972186395,0.4793542588185019,0.6935176642254062,0.0,0.0,0.0,0.0,25,500,27991.1089208714,,,,2026-02-02T00:20:41.000Z
30.016104847353233,15.950917581702264,997.9918246087183,1.3711794925968328,-0.4730747667370704,4094.8366381721025,-0.09800096678333993,-0.5456553943625845,-1.4220753274258267,0.0,0.0,0.0,0.0,25,500,27990.303675647043,,,,2026-02-02T00:20:42.000Z
30.008136899670408,16.089544089094833,997.999369797617,-0.2832971720202538,-2.6230982757973633,4093.9704865386143,0.809861984870875,0.7786827457257895,0.5858172974674507,0.0,0.0,0.0,0.0,25,500,28013.280639623612,,,,2026-02-02T00:20:43.000Z
30.016063470395302,15.849338353588768,997.9914381864048,2.3327410913385043,0.3761467139835461,4094.701444909868,1.6712624603036346,0.46538407681917565,0.3064563206495689,0.0,0.0,0.0,0.0,25,500,28012.72664927578,,,,2026-02-02T00:20:44.000Z
29.99774513329398,15.891006210014364,998.0010798088912,1.061951323928181,-1.70236096489497,4093.5521194664757,0.25149366994199174,0.04323168964489037,-0.2597473833983092,0.0,0.0,0.0,0.0,25,500,27999.3642064233,,,,2026-02-02T00:20:45.000Z
29.993904255602267,15.957320860460147,998.009969377208,-4.356422639462861,1.33066906901775,4096.0681669365185,0.6550780176305259,-0.9024147207441254,-0.8840363742048806,0.0,0.0,0.0,0.0,25,500,28023.4188492697,,,,2026-02-02T00:20:46.000Z
30.001154359074015,15.927437658136286,997.9882502170773,-1.0589339270140166,4.419211152084755,4094.4600535378827,0.32889153672704086,-0.4818643154847231,0.6939832403270371,0.0,0.0,0.0,0.0,25,500,28004.58900071946,,,,2026-02-02T00:20:47.000Z
29.996694468126332,15.997211451785839,997.9846762899856,-1.123684198703398,-1.5731441831157003,4096.467571823581,1.0175314239306263,-2.429755297682545,-0.9724037396106213,0.0,0.0,0.0,0.0,25,500,27988.928006259688,,,,2026-02-02T00:20:48.000Z
30.0066309402134,15.890692324832125,998.0004924993592,0.9587219068588446,0.6647446664479696,4092.8882087075926,-0.46291637948632713,0.23578706419803366,2.133645604681897,0.0,0.0,0.0,0.0,25,500,27997.24368900332,,,,2026-02-02T00:20:49.000Z
30.009697677780036,15.961214547619063,997.9923220038326,-5.249634112748224,-3.511011177409255,4096.661760464429,1.075390554416414,0.026341288747435226,0.11416908348812836,0.0,0.0,0.0,0.0,25,500,28000.054705780054,,,,2026-02-02T00:20:50.000Z
30.01048083664572,15.995200546840067,998.0003174527441,5.098019417435444,0.9078104588826944,4097.667057923218,1.110499865647384,0.18847899108948643,-1.2233070477865036,0.0,0.0,0.0,0.0,25,500,28000.86398636749,,,,2026-02-02T00:20:51.000Z
30.005105926708044,16.064894041620796,998.0032040352061,1.06205218978842,-1.7714275995993798,4092.012528714857,1.0825370086829098,0.5043190155645603,-0.5139962783283388,0.0,0.0,0.0,0.0,25,500,28012.500032178516,,,,2026-02-02T00:20:52.000Z
30.002458223266753,16.12447893860996,997.9785631377107,0.2977536078353822,-1.2496692368689648,4096.748113139695,-0.660147867336476,0.38582148643222297,-0.27813433828981726,0.0,0.0,0.0,0.0,25,500,27990.437110873358,,,,2026-02-02T00:20:53.000Z
30.00794426689251,15.973845284614656,998.0068984942766,2.3631354328382925,-2.202572979679656,4098.455337984947,-0.16833763423719086,-0.11038318064603528,2.412376653923846,0.0,0.0,0.0,0.0,25,500,27986.684877008876,,,,2026-02-02T00:20:54.000Z
29.98037008092347,16.18880602412458,997.9883033149705,4.68730810562525,1.464302452109471,4093.5807179626177,0.23946698878043493,0.048668043162752445,-0.8845889468094964,0.0,0.0,0.0,0.0,25,500,28006.02323683005,,,,2026-02-02T00:20:55.000Z
30.002105707523338,15.981609541945547,997.9997765204944,1.7414932891768065,2.014608714946525,4099.345144773675,-1.3708420448290057,-1.4043164166961695,-0.11621726325138722,0.0,0.0,0.0,0.0,25,500,27994.93015491074,,,,2026-02-02T00:20:56.000Z
30.000524780571705,16.082887514825654,997.9934061766456,1.89762619294324,0.046770429317015326,4096.838038018732,1.5949202080860148,-0.5837206456894258,-0.5378283698650225,0.0,0.0,0.0,0.0,25,500,28024.235061234667,,,,2026-02-02T00:20:57.000Z
30.002130803959716,16.193150773472677,997.9944804298522,0.26138004892876465,-1.7288534106714393,4094.5899762884833,-0.012276533502175885,0.05047105368346139,0.4992584855816643,0.0,0.0,0.0,0.0,25,500,28009.432203814755,,,,2026-02-02T00:20:58.000Z
29.999123764537458,16.013930840923592,998.0169395793962,-0.28305150673389656,3.1790460722077247,4095.8884618446846,0.2839278876047216,-0.7358535759123606,-0.5218834137050445,0.0,0.0,0.0,0.0,25,500,27994.746035476597,,,,2026-02-02T00:20:59.000Z
30.004318554934617,15.862647337842246,998.003192675208,-0.9515908880098023,-1.5008202555093124,4097.116653825044,-0.577004439727203,0.8601507958725464,-1.1390566661397103,0.0,0.0,0.0,0.0,25,500,28012.12853738784,,,,2026-02-02T00:21:00.000Z
29.99425397078466,16.009090385720764,998.0090468840295,-1.6522239834290842,-4.324064599854878,4096.152010782825,-1.3268775593670228,-0.6586320809550305,-0.1952945797961987,0.0,0.0,0.0,0.0,25,500,28007.30410795083,,,,2026-02-02T00:21:01.000Z
30.011295234294536,15.93883571117951,998.0015094135421,-1.3740281993989947,0.9167780199141368,4097.077511984893,-0.604029885474771,0.21630541124831631,-0.2993938433322431,0.0,0.0,0.0,0.0,25,500,28006.336971474633,,,,2026-02-02T00:21:02.000Z
30.004736497774136,15.972556797302754,998.0062001357466,-2.7011119286859664,-2.2095493472830334,4094.1586528138414,0.21920418763358843,0.11656565681533587,-0.5922443776240135,0.0,0.0,0.0,0.0,25,500,27998.777560684113,,,,2026-02-02T00:21:03.000Z
30.00150685857884,16.19849768824952,998.0041737836215,-0.15174290137004665,1.9772175869983495,4096.338721648072,0.6734288127536935,0.7462775936104097,-0.5388103588971175,0.0,0.0,0.0,0.0,25,500,28004.204508516385,,,,2026-02-02T00:21:04.000Z
29.99302483429364,15.877723657677613,998.0025445614468,-3.3693351544527737,-0.7622753933468377,4093.17257100619,0.16179154060272016,0.900791174028302,1.184695797881003,0.0,0.0,0.0,0.0,25,500,27978.970420994072,,,,2026-02-02T00:21:05.000Z
30.00815316885208,16.030046682230587,998.0110715590916,0.3818330482874214,1.2074264810883923,4095.777547877303,0.3467240162419504,0.6940326109679394,-0.3197402142675043,0.0,0.0,0.0,0.0,25,500,28013.17089404222,,,,2026-02-02T00:21:06.000Z
30.002066596984946,15.912227871967827,998.0015650545384,-0.07266121608468348,2.803000693104316,4094.1921847170706,-0.33702637468137664,-2.1060062013831335,-1.1341276624784327,0.0,0.0,0.0,0.0,25,500,27965.63937610332,,,,2026-02-02T00:21:07.000Z
29.99244516606463,15.969234205879909,998.0228514857222,0.29387059677337557,-2.417717729241444,4094.5289401148207,0.4962485662454281,1.1941481480131266,-0.4621159637998562,0.0,0.0,0.0,0.0,25,500,27995.578769059743,,,,2026-02-02T00:21:08.000Z
29.999433384575866,16.074484233520447,998.0096053157281,-1.0442631400399849,-1.131874261784811,4098.472186350421,1.482832866385907,1.5273082241945979,0.054335659465392594,0.0,0.0,0.0,0.0,25,500,27984.04289446806,,,,2026-02-02T00:21:09.000Z
30.006290826192412,16.031816394347302,997.9886045930226,6.153720740361007,-0.15134214531412687,4098.1826202411885,0.7047894424389869,-0.4821242843214694,-1.336269636551354,0.0,0.0,0.0,0.0,25,500,27994.991488587686,,,,2026-02-02T00:21:10.000Z
30.005515735388197,15.97749677310384,997.9982345029101,2.720231800360626,3.075102638068687,4097.218276241814,0.8095418882529403,0.2366469126728498,1.6259779600063986,0.0,0.0,0.0,0.0,25,500,27999.25882727588,,,,2026-02-02T00:21:11.000Z
30.004870089678082,15.935019967473536,998.003970775995,-2.4890850001694456,-1.316765435880891,4093.8153744706547,0.29401639930663104,-0.890831680130782,0.8675794775062722,0.0,0.0,0.0,0.0,25,500,27988.032064660838,,,,2026-02-02T00:21:12.000Z
30.00092531391741,16.03160781921536,998.0004449683571,0.4657361748537965,-1.1890073918980144,4095.3671831006104,-1.5031550695996019,-1.9483785067321513,1.4301727436187794,0.0,0.0,0.0,0.0,25,500,27972.25522757361,,,,2026-02-02T00:21:13.000Z
30.01025819533302,16.170768671715336,998.0068687341898,-1.2160122858746472,0.9562811511116168,4098.4261953999585,-1.0446665306312433,-0.7387152655423863,0.3921281254876826,0.0,0.0,0.0,0.0,25,500,28002.07065724141,,,,2026-02-02T00:21:14.000Z
30.012377965038116,15.909864805737637,998.0079701670484,-2.028959453414828,-1.1544574514211419,4096.28343382728,0.4548758006638433,-0.5401390394636103,-2.0936974501301004,0.0,0.0,0.0,0.0,25,500,28020.864397820278,,,,2026-02-02T00:21:15.000Z
30.007373226156755,16.191166388545778,997.986404130142,-2.68014414224787,0.30505176579523313,4100.638659079963,-0.010939051960085844,-0.3548507313518155,1.5353337166385135,0.0,0.0,0.0,0.0,25,500,27996.4871983315,,,,2026-02-02T00:21:16.000Z
29.99412548725144,16.119949745072514,998.0128107754472,0.8644333815185079,-3.1030748419362535,4096.786635678789,0.439842886472828,-0.9589140900059879,-0.8635683597098927,0.0,0.0,0.0,0.0,25,500,28009.593309562257,,,,2026-02-02T00:21:17.000Z
29.989419382827094,16.136935336757777,997.9950318253451,-1.3627604701391478,4.428659885113193,4096.38409823298,1.6764234178440736,-0.7334251668172389,-0.7821867440020989,0.0,0.0,0.0,0.0,25,500,28015.043848375568,,,,2026-02-02T00:21:18.000Z
29.994560602330285,16.03084323809296,997.9940409549414,1.9356520480504082,-2.6954184606188067,4095.381767071595,0.7260359992293337,-0.011006321628407697,0.1563251439554436,0.0,0.0,0.0,0.0,25,500,27980.99962075454,,,,2026-02-02T00:21:19.000Z
30.01953656747977,16.11711297755099,997.994008776073,1.987564429060878,-0.6435054079804167,4096.267081809565,1.2588862057428216,-0.770226983110142,1.3782298466701495,0.0,0.0,0.0,0.0,25,500,27995.427248485215,,,,2026-02-02T00:21:20.000Z
30.002816959138272,15.899116871754938,998.00808576406,2.747828770422899,-0.06496207168418923,4095.695060327239,0.09468138947073004,0.5435243325500279,1.0532871339523997,0.0,0.0,0.0,0.0,25,500,27987.23614388311,,,,2026-02-02T00:21:21.000Z
30.021264418275265,15.933195609215149,997.9973293230186,-1.7047735321482071,3.8253762687135913,4097.416217353377,-0.8072156774844398,0.6816606513974395,0.9062811201760208,0.0,0.0,0.0,0.0,25,500,27991.93722962022,,,,2026-02-02T00:21:22.000Z
29.998798016564127,16.07658138139204,997.9933644835567,0.9507312213840204,-2.64969156186548,4097.913404633589,-0.05786615921434102,2.3803877461644896,-0.3118270528745533,0.0,0.0,0.0,0.0,25,500,28017.020117011467,,,,2026-02-02T00:21:23.000Z
29.99741186329507,16.029584505522383,997.9957604084256,1.2649084332846017,3.9674082709575025,4094.428021078984,-0.8047518137191378,1.125679932123462,-0.32760752609211174,0.0,0.0,0.0,0.0,25,500,28002.236794864242,,,,2026-02-02T00:21:24.000Z
29.999259434633558,15.985162074150223,997.9820530834108,-0.9483563502079297,1.5143536422040451,4093.3375340928847,1.558294956772448,0.24310305832841442,0.3459436679800666,0.0,0.0,0.0,0.0,25,500,28007.88823601045,,,,2026-02-02T00:21:25.000Z
29.999078259199468,15.749739110939258,997.9915783623604,-1.5435439147857501,0.8341906488464921,4092.3275892537936,0.7903910765354696,-0.6202642966676787,-0.1300708412835327,0.0,0.0,0.0,0.0,25,500,27999.561008940364,,,,2026-02-02T00:21:26.000Z
29.992263490881324,15.956452595196183,997.9876041645134,3.2190413315519457,-1.9692673740359108,4097.015982653825,0.5205124966282796,0.2937473516739988,0.8893179073293531,0.0,0.0,0.0,0.0,25,500,27987.894473542645,,,,2026-02-02T00:21:27.000Z
29.988511517318333,15.882594621970174,997.997308306695,0.4549917514641075,1.1422824840761474,4093.793266787652,1.2359432022281034,0.3265959599163561,0.8301176644952266,0.0,0.0,0.0,0.0,25,500,28006.781156972185,,,,2026-02-02T00:21:28.000Z
30.005013366271807,16.04935343113115,998.0066419327028,1.271935501423476,-1.4469732448396,4091.694218814095,-2.0200564145232254,-0.5133130890056609,0.5913413211727055,0.0,0.0,0.0,0.0,25,500,28012.525753714428,,,,2026-02-02T00:21:29.000Z
30.010549007175975,15.980883147143276,998.0055387590094,-1.6441520236558549,2.5333225063968245,4096.777157209062,0.5881379513426596,0.7837313967528776,-2.5259612817693786,0.0,0.0,0.0,0.0,25,500,28003.173742161685,,,,2026-02-02T00:21:30.000Z
30.024449813006665,15.93716994558335,998.0125675049754,-2.4385689330443876,-1.9421240582154662,4100.985999034866,-1.3106457843043726,-1.3980980146818753,0.12798836367726404,0.0,0.0,0.0,0.0,25,500,28004.8912436176,,,,2026-02-02T00:21:31.000Z
29.99566287093309,16.26429104826243,998.010339758173,-1.1388995489842209,-0.22631698891216795,4095.9878581769203,-0.0072556984656611655,-0.24439983553751055,-0.10885388073270116,0.0,0.0,0.0,0.0,25,500,27987.65198613633,,,,2026-02-02T00:21:32.000Z
29.996473445131357,16.103817447669424,997.9947140328508,-0.24804277477999406,-1.110546176026343,4097.676981548903,-0.31170759246721447,0.5558584593174067,0.16802560175953143,0.0,0.0,0.0,0.0,25,500,28007.068636331493,,,,2026-02-02T00:21:33.000Z
29.99228770705549,16.105587214135607,998.0001907140075,-2.1284400136346977,-1.9750459248539893,4096.163658717095,0.6617366120969479,-0.287584147592097,-0.7543246385464069,0.0,0.0,0.0,0.0,25,500,28013.460138229264,,,,2026-02-02T00:21:34.000Z
30.011257274293737,16.220221514468218,997.9996744390578,-0.01968961730076601,1.4826396338158285,4095.8022206936175,0.22818728896095541,-0.20675440342927123,-1.3247859103992252,0.0,0.0,0.0,0.0,25,500,28004.045854742715,,,,2026-02-02T00:21:35.000Z
30.008149874547964,16.08021917826831,997.9784894731728,-3.377010376137,1.070917494819267,4097.8381529659755,1.3451171736117884,-0.13778586119228045,0.46313847997504015,0.0,0.0,0.0,0.0,25,500,27982.03216754123,,,,2026-02-02T00:21:36.000Z
29.991230654181255,15.922904599052714,997.9878274046309,-2.2400948449397444,2.4180203978019943,4095.419450911623,-0.6018971609326136,-0.8356012406877456,-0.3563013177320619,0.0,0.0,0.0,0.0,25,500,28016.356295007754,,,,2026-02-02T00:21:37.000Z
29.99097801913027,15.911210364830826,997.9983271332285,1.3418224965537502,-3.559750216416335,4096.534784628144,0.7091143896332839,1.1739009315742082,0.5746929937075994,0.0,0.0,0.0,0.0,25,500,27990.55176106356,,,,2026-02-02T00:21:38.000Z
30.009525147585958,16.096490275875425,997.9982710356486,1.2075810405557883,2.1283414046820877,4096.643395612392,0.16222321689883193,-1.018037671922815,-0.6709143776847711,0.0,0.0,0.0,0.0,25,500,28003.8778682689,,,,2026-02-02T00:21:39.000Z
30.003831961512084,15.794064572022481,998.005123250542,-0.7837535307737328,5.010897810713788,4094.6638190927138,-1.6352902700715526,0.3181593274098852,1.4159106404926767,0.0,0.0,0.0,0.0,25,500,28009.529762685608,,,,2026-02-02T00:21:40.000Z
30.00758388713011,15.992222036899044,998.0046364162954,-2.035528618153906,-0.9032821783538938,4097.984084699073,-0.9186164585230326,0.4136478982823735,1.0010648425707633,0.0,0.0,0.0,0.0,25,500,28010.79618322051,,,,2026-02-02T00:21:41.000Z
29.991172315216613,15.782887562244355,997.982293074979,-2.054807103052022,3.7902972242179396,4095.650080486609,-0.1498780335221683,-0.9486219012089668,0.29682710854588035,0.0,0.0,0.0,0.0,25,500,27981.999431882203,,,,2026-02-02T00:21:42.000Z
29.9812227513609,16.009884350838952,998.0051859673446,-0.7465364918826282,-0.5263225441196532,4094.4885096810144,1.1122924498917277,0.0731042543807433,-0.21328841338594717,0.0,0.0,0.0,0.0,25,500,28001.172172560728,,,,2026-02-02T00:21:43.000Z
29.991250349833198,16.085407025071195,998.0017858720645,1.2890369832905828,-2.744819475122614,4097.073019687141,0.4637230575571145,-0.9096321727447022,0.852408877798197,0.0,0.0,0.0,0.0,25,500,28000.510216108825,,,,2026-02-02T00:21:44.000Z
30.006877667300113,16.027941553460362,998.0062337318165,1.856491382688649,-0.6112648848135912,4094.203064036418,-1.1675008238807143,1.3910424750559454,0.39254781523740595,0.0,0.0,0.0,0.0,25,500,28014.390281877266,,,,2026-02-02T00:21:45.000Z
30.02111057978635,16.09381093589706,998.0106686558764,-0.9930634709639381,2.096407935350552,4096.056362314738,-0.14031622804715976,-1.138782936976213,0.23858418793060485,0.0,0.0,0.0,0.0,25,500,28004.587235424107,,,,2026-02-02T00:21:46.000Z
29.995705360104726,16.19648269416599,997.9985711702722,-2.3069848519695677,-1.6763529646630628,4095.9817620067115,2.01780644879303,-0.6538970942319644,1.0428654095596086,0.0,0.0,0.0,0.0,25,500,28014.48117661045,,,,2026-02-02T00:21:47.000Z
30.02275855881877,15.985646156273798,998.0124558823697,0.5356872757326666,-1.2006773180129742,4098.171791131663,0.11122333484085803,-1.2242250083555806,1.4265361544066402,0.0,0.0,0.0,0.0,25,500,28005.399175998853,,,,2026-02-02T00:21:48.000Z
30.008298197674918,16.28076507832789,997.9911059954611,-1.647069941251699,1.1870788645863817,4096.9493964657595,-0.32732557507239574,-1.357698726867552,-1.2524111844855446,0.0,0.0,0.0,0.0,25,500,27999.258337954387,,,,2026-02-02T00:21:49.000Z
29.98606967698291,16.021266995617015,997.9905426187963,-1.0365052777224049,0.00612023347714571,4095.9499460825095,0.4917396407562205,1.5912152908822934,-1.0503841073498064,0.0,0.0,0.0,0.0,25,500,28001.938594215382,,,,2026-02-02T00:21:50.000Z
30.002140338378112,16.094916506269037,998.0042877219014,2.650552180874075,1.1692459049734816,4097.6355325984005,0.76339307958197,0.5427746739125621,-0.780260725478798,0.0,0.0,0.0,0.0,25,500,28015.235969171026,,,,2026-02-02T00:21:51.000Z
30.00863974278412,15.938893728543492,997.9963123245469,1.654230857131536,0.47565908151667174,4098.780415098035,-0.4561683474800591,0.140293425700544,-1.5024245976435517,0.0,0.0,0.0,0.0,25,500,27987.03068164499,,,,2026-02-02T00:21:52.000Z
29.975745171014474,16.16193139796307,998.0026163256462,0.3159486245029034,0.9592506391031459,4097.115620612703,0.502574774371437,-0.6565769633469216,-0.06274852556915117,0.0,0.0,0.0,0.0,25,500,28009.059545101205,,,,2026-02-02T00:21:53.000Z
30.006444511579133,16.104171019854263,998.0199298211984,-2.5438380022254456,-0.8646023716190822,4096.020705239686,-0.32888949667080924,0.9076118110467684,0.6001164552445062,0.0,0.0,0.0,0.0,25,500,27993.72384008779,,,,2026-02-02T00:21:54.000Z
30.01172721179823,16.1471451302568,998.003934950735,0.4227931349413178,0.4634618840607851,4093.3763275353,0.7193276018294383,-0.824222439367453,-0.021418294952336624,0.0,0.0,0.0,0.0,25,500,27991.575209157512,,,,2026-02-02T00:21:55.000Z
30.00398868124131,16.005450442177395,998.0021216953886,2.125314581575053,-1.8547460113918672,4093.869772673849,0.16969315797128373,0.7936392943301029,-0.5341216416128957,0.0,0.0,0.0,0.0,25,500,28010.234263666163,,,,2026-02-02T00:21:56.000Z
29.999382787893186,15.874458243561671,997.9913077962135,-0.7512673315310712,2.576867245006777,4095.3895505912906,0.4819678270528922,-0.8725112766056362,1.126457757129158,0.0,0.0,0.0,0.0,25,500,27991.16912744989,,,,2026-02-02T00:21:57.000Z
29.998270734169985,16.04603974396254,997.9830002019338,2.7022281799734302,-1.2685494336346275,4094.7809755956814,-0.7591835461675044,-0.6445077018756719,0.14055640320674964,0.0,0.0,0.0,0.0,25,500,28003.770747169252,,,,2026-02-02T00:21:58.000Z
29.997686776723082,15.830298018667648,997.9992745338473,2.585490579036414,2.257694975098779,4095.626057394029,-0.8212863840728593,0.7582823861179211,0.34298296736631834,0.0,0.0,0.0,0.0,25,500,27995.110585778402,,,,2026-02-02T00:21:59.000Z
29.98824020196233,15.966381419637806,998.0106687024661,3.327465664286947,-0.4672139219657308,4096.113299849794,0.9454973046593947,0.8638273441557671,1.15423480489976,0.0,0.0,0.0,0.0,25,500,27976.430633041036,,,,2026-02-02T00:22:00.000Z
29.99312476168095,16.019108043663223,997.9967706199294,0.6104862530627059,0.4039980215146425,4097.059385508714,-0.07939638138549375,0.5974729338967611,-0.12324193885113374,0.0,0.0,0.0,0.0,25,500,28004.777159801044,,,,2026-02-02T00:22:01.000Z
29.99583405954348,16.237722429251075,998.004014624992,1.1747833996120245,-0.9899291017814014,4095.8590024438818,0.2850347420993615,-1.0496741157567948,2.0602140726246807,0.0,0.0,0.0,0.0,25,500,28001.26321272957,,,,2026-02-02T00:22:02.000Z
30.001134943462258,16.031854861194194,998.0142649727272,2.82837457666218,-2.031990862336058,4096.973003287652,-0.30639542708651957,-0.44672686572282877,-0.44781500387176604,0.0,0.0,0.0,0.0,25,500,27980.89919485585,,,,2026-02-02T00:22:03.000Z
29.99443185242343,16.013953746908303,998.0140151631323,0.8947878741379512,-3.489520775210603,4096.128948829621,0.898726774013644,0.1568987411985134,1.9979482045128998,0.0,0.0,0.0,0.0,25,500,27993.01410458461,,,,2026-02-02T00:22:04.000Z
29.99130870757502,15.99369675759647,998.004288158876,-1.0024682155804254,-2.110648317184919,4092.0490668672924,-0.6078099800296577,-0.8492809619100916,-0.9747351819124206,0.0,0.0,0.0,0.0,25,500,27981.930078832876,,,,2026-02-02T00:22:05.000Z
30.00759770859126,15.865790909523499,998.0017010647866,-0.8970856730557227,-0.6478177064318437,4094.1213292123625,-0.13560123990088283,1.370962760129293,0.5174849028804415,0.0,0.0,0.0,0.0,25,500,28007.316898872963,,,,2026-02-02T00:22:06.000Z
30.00370613971948,16.0085825840013,997.98481366951,0.47710990754747834,0.42375835765776815,4095.7118248885567,0.7859928127031317,-2.401946943950546,-0.6425321688062371,0.0,0.0,0.0,0.0,25,500,28013.879932027103,,,,2026-02-02T00:22:07.000Z
29.994607704632106,16.010288267613678,997.9936980535582,-2.5811228438924374,2.020758626566527,4093.580610514318,1.172967699164266,-0.7787395153691529,1.1195661169810924,0.0,0.0,0.0,0.0,25,500,28008.494906050462,,,,2026-02-02T00:22:08.000Z
30.005062784714877,15.903139150454628,997.9971924419198,-0.28651783072838527,-0.8915149195936978,4097.199857459992,-0.5237592910266834,-0.5095665028698317,-0.47823260785842847,0.0,0.0,0.0,0.0,25,500,28009.891301568,,,,2026-02-02T00:22:09.000Z
29.99546842106314,15.881325438557164,997.9914766838857,2.1930942364605075,-1.7639215285343481,4099.061501664687,1.959683981955883,-2.8439436647717677,0.2908711906440859,0.0,0.0,0.0,0.0,25,500,27994.82169594333,,,,2026-02-02T00:22:10.000Z
30.00063065029488,15.951842931723228,998.0024845326295,-4.382507702330562,-2.885429572005425,4098.437523703395,0.3132416936936163,-1.3962291302361909,-0.6505419960415696,0.0,0.0,0.0,0.0,25,500,28005.469280111105,,,,2026-02-02T00:22:11.000Z
30.00975044054723,16.00649329785727,998.0191164818349,3.06896420358903,0.9601272358082078,4095.5731142581394,-1.0429282618087377,0.6252895125420684,0.9372251736666143,0.0,0.0,0.0,0.0,25,500,27999.90931369858,,,,2026-02-02T00:22:12.000Z
29.99396258906834,15.954244581861854,998.0151776159266,2.244748437406319,2.7663890306586865,4098.9814522737,0.36905204858996804,0.030283636552963802,-0.6557512606391394,0.0,0.0,0.0,0.0,25,500,28001.853145160887,,,,2026-02-02T00:22:13.000Z
29.988275883921663,15.894912455034849,998.0024387986183,-0.9195292316609526,2.5326605359125773,4096.297334914404,-0.3829992144834577,1.5731360220429027,1.6834148447426684,0.0,0.0,0.0,0.0,25,500,28009.574314604546,,,,2026-02-02T00:22:14.000Z
29.998548654169788,16.02892722520043,998.0077943407202,1.0867816557436192,1.4198654962944748,4095.325828057764,0.4340684871831768,1.545226445884819,-0.9959971069613903,0.0,0.0,0.0,0.0,25,500,28011.754874206472,,,,2026-02-02T00:22:15.000Z
29.986365349838145,16.053886682416923,997.9927139568464,0.006295453812653266,1.277086634535198,4094.773194672918,-0.04285624766033802,0.4330463786039467,-1.3456279183281468,0.0,0.0,0.0,0.0,25,500,27996.102436103614,,,,2026-02-02T00:22:16.000Z
29.99722551490649,16.012129770922222,998.0146408935067,2.459980736877366,3.395247559418682,4095.3950606270237,0.07427369019014479,0.3132382490007116,0.9515520780790863,0.0,0.0,0.0,0.0,25,500,27985.923551886448,,,,2026-02-02T00:22:17.000Z
29.997193625206865,15.943701728612307,997.9843803340406,1.9653662855398824,0.664162922833621,4095.2236463629174,-0.9115933765861459,0.06593110857890049,-0.5916436402635217,0.0,0.0,0.0,0.0,25,500,27998.12595465307,,,,2026-02-02T00:22:18.000Z
29.975363158760945,16.059484102123225,998.0091282816109,-2.8001414463660184,1.2922593520483432,4096.340832444751,0.99006123071636,-2.65508201787949,-0.007237313449535615,0.0,0.0,0.0,0.0,25,500,27997.80726714686,,,,2026-02-02T00:22:19.000Z
30.005306351637444,15.980946271027301,998.004955897102,1.1745248269283535,-0.6415677237039982,4096.3211479620995,-1.1561273671510321,-1.3945595133260753,-0.32224115383572083,0.0,0.0,0.0,0.0,25,500,28002.845978800142,,,,2026-02-02T00:22:20.000Z
29.998173102333187,15.881091629265486,997.9924414061325,-0.4112557072864953,-2.724086741709515,4096.006092040307,-1.1087648954049951,0.10067550309893408,-1.3126082671526902,0.0,0.0,0.0,0.0,25,500,28008.32995918464,,,,2026-02-02T00:22:21.000Z
30.01181896452772,16.10362443550014,997.9979121324326,0.1656651410361998,-1.3676978009991525,4096.873876339493,0.36736034914748666,0.6160257087476715,-0.076993664138338,0.0,0.0,0.0,0.0,25,500,27980.85418034516,,,,2026-02-02T00:22:22.000Z
30.00215531979794,16.03535080192665,997.9886574729684,-1.456343801939631,-0.018318077069310542,4098.381292549573,1.6028442471779696,0.2896698121381407,1.264915894972302,0.0,0.0,0.0,0.0,25,500,27993.290864488084,,,,2026-02-02T00:22:23.000Z
30.007356085703154,15.988070969430426,997.989083599522,3.4962741382416707,0.1215707450026057,4097.899108270883,-0.3525930970644072,-0.8924649677156576,1.0031370033055655,0.0,0.0,0.0,0.0,25,500,27990.361118106826,,,,2026-02-02T00:22:24.000Z
30.01190038753207,15.842894779516527,997.9840894599938,2.080123639805152,3.8525717097107863,4093.0302040631,0.7009723227039657,0.9374062824694956,0.2317927626259248,0.0,0.0,0.0,0.0,25,500,28012.508937886916,,,,2026-02-02T00:22:25.000Z
29.998682829172292,15.92551397208648,998.007675139022,-1.4795423279459345,0.16255433518213738,4090.8921577301962,1.0733401768635453,1.4824440287546365,1.112268293035107,0.0,0.0,0.0,0.0,25,500,27997.916291066475,,,,2026-02-02T00:22:26.000Z
29.99999176811136,16.20185657123829,998.0120534496942,-2.669221213820465,2.3576868880512873,4097.868639822478,0.8146844372940691,0.9379896002913398,-1.0595185846941766,0.0,0.0,0.0,0.0,25,500,27994.871164304383,,,,2026-02-02T00:22:27.000Z
29.984264567766097,15.849165793811931,997.9783819213619,-0.7713452619556964,-0.8701544831526321,4093.2662426031693,-0.31120828917368143,0.9895993295904707,-0.3254543289050063,0.0,0.0,0.0,0.0,25,500,28005.383016924465,,,,2026-02-02T00:22:28.000Z
30.012395377452343,15.974865072035831,998.0183830551615,0.8690052921826115,-0.6233517715304683,4095.5504691962146,-1.0910467171940745,-0.5592257979552109,0.39580494073020817,0.0,0.0,0.0,0.0,25,500,27994.06993649084,,,,2026-02-02T00:22:29.000Z
29.998543026002785,15.998366423764638,997.9998799176336,0.480411687892446,-2.6580152744468966,4093.659773947881,-2.207547565671355,1.0759341227007992,-0.1304148268171117,0.0,0.0,0.0,0.0,25,500,27999.84805223203,,,,2026-02-02T00:22:30.000Z
29.98994269449652,16.032047678941154,998.0028985320488,2.506265649536487,-1.4846560257531436,4092.39603912484,-0.26284049946239324,0.14575863932765726,-0.24682333047655725,0.0,0.0,0.0,0.0,25,500,28018.14071200112,,,,2026-02-02T00:22:31.000Z
30.007397224864874,15.850282906417359,997.9852758716441,1.5798394443617045,1.0539627827275062,4097.08292545641,1.1780873685621747,0.5115555285220048,-1.2006437323210952,0.0,0.0,0.0,0.0,25,500,28017.862903238867,,,,2026-02-02T00:22:32.000Z
29.978202188080356,16.01741762564046,998.0132082575017,1.9391380515058136,0.01512036078826653,4097.518310320605,-1.124165984761934,0.3654318428247091,-2.0813413886427115,0.0,0.0,0.0,0.0,25,500,27995.926156769372,,,,2026-02-02T00:22:33.000Z
29.99570725777127,15.831389453752832,998.0020025009317,0.6537108012208747,1.8858772397944674,4094.8469791985467,0.7002098475187654,-0.12148710544041103,0.8178664249496361,0.0,0.0,0.0,0.0,25,500,27998.176381978403,,,,2026-02-02T00:22:34.000Z
30.009083110412117,16.00974287961955,998.0113882623978,-2.7785974604219805,0.36250789669010053,4090.81791541571,-0.9501525300518722,-0.8600024751223019,0.24322157325222585,0.0,0.0,0.0,0.0,25,500,27993.80971499269,,,,2026-02-02T00:22:35.000Z
29.995622781480343,15.934760208099041,998.0122085832065,-0.3913970622938029,-0.7049074632754836,4094.907511103495,0.10607257638683824,-0.08213666355404634,0.901998378210093,0.0,0.0,0.0,0.0,25,500,27980.741347249597,,,,2026-02-02T00:22:36.000Z
29.992820780490515,15.913413073308218,998.0133487442272,2.120179479817331,4.296593727573918,4096.783608010805,0.7077916141550177,0.9867616174828228,-0.4372359421583744,0.0,0.0,0.0,0.0,25,500,28010.36189345097,,,,2026-02-02T00:22:37.000Z
29.99583845202887,16.08348171586676,997.9935171922415,-0.10304585704929212,-0.18780713742609442,4093.042176862452,-0.6594954368384278,-0.4414758053129096,-0.712777884827594,0.0,0.0,0.0,0.0,25,500,28024.213421166718,,,,2026-02-02T00:22:38.000Z
29.979900707355313,15.976439375663611,997.9979203799211,1.0061807372474936,2.326001939410608,4096.366719839559,0.17048468069691408,0.893347262608146,0.006547966636634446,0.0,0.0,0.0,0.0,25,500,27995.565505623494,,,,2026-02-02T00:22:39.000Z
30.00715478431783,16.047371080490755,997.9938829792527,-0.6374966304922662,-0.8024184130893554,4095.969380301654,-0.4150913367253287,0.7370706706176718,0.8541996486128164,0.0,0.0,0.0,0.0,25,500,27991.832062727106,,,,2026-02-02T00:22:40.000Z
29.99877113958023,16.05068269113778,998.0089509646274,-2.05962369708369,1.419198958767133,4097.158582999202,0.7051486589381767,-0.2989373970198303,-0.23145221498765425,0.0,0.0,0.0,0.0,25,500,27997.2715320366,,,,2026-02-02T00:22:41.000Z
29.997276753900053,16.12699534889551,998.0033288922937,-0.2466881280922209,1.8560313183033736,4096.239160736828,0.2353171684846372,1.3888001036195767,0.8017851843284858,0.0,0.0,0.0,0.0,25,500,28000.850460478287,,,,2026-02-02T00:22:42.000Z
29.99731331383591,15.879174225837897,998.0106914486402,0.6180948860653078,0.41698394115116144,4094.053862118237,0.05650767442926739,-0.355546671190706,-1.0063080055930869,0.0,0.0,0.0,0.0,25,500,27988.64469889793,,,,2026-02-02T00:22:43.000Z
30.000140797984646,16.091901566251977,998.0111273880306,-1.3113754389228873,-4.708965845393204,4098.393143003329,1.5583499601419777,1.5095468626126316,-0.1614471331698672,0.0,0.0,0.0,0.0,25,500,27995.41521539016,,,,2026-02-02T00:22:44.000Z
30.00653437370672,16.001646162243805,997.9827274050906,-0.471422489713337,0.03650492171222589,4095.682940853946,0.6623061423683021,0.4341269815409725,-0.07011414407803107,0.0,0.0,0.0,0.0,25,500,28010.14897253938,,,,2026-02-02T00:22:45.000Z
29.99947936458801,15.96218754196304,998.0135077013056,-1.8789264839719653,2.460920095519951,4095.94539092098,-0.6903518661262891,-0.015865918453513532,1.22638994392192,0.0,0.0,0.0,0.0,25,500,28001.273806344674,,,,2026-02-02T00:22:46.000Z
29.9863836345182,15.885074948080971,998.0095086095777,2.238489835128192,1.0549616660554608,4094.1334640818536,-0.08586390079776185,-0.8878013803376538,0.2076273980159083,0.0,0.0,0.0,0.0,25,500,28012.70386028129,,,,2026-02-02T00:22:47.000Z
30.00575516121544,16.060659086154285,997.9963077511682,-0.588911515176068,0.8916777504584932,4095.113435497617,-0.07589878507966075,-0.08826023013504129,1.746077518294195,0.0,0.0,0.0,0.0,25,500,28003.647678528614,,,,2026-02-02T00:22:48.000Z
30.004985696910044,15.907777547866612,998.0034979276653,2.905511090252366,-3.444513867915038,4094.2303945719464,0.0803195726252119,-0.20375951349442029,-1.3476847999474826,0.0,0.0,0.0,0.0,25,500,27989.11082731227,,,,2026-02-02T00:22:49.000Z
30.002055269982165,16.051780658697716,997.9987633042841,3.057495701081817,-1.4409101413501177,4095.6541078801533,2.524509276607495,-1.2582963852509055,0.12991890441127968,0.0,0.0,0.0,0.0,25,500,27994.239860232803,,,,2026-02-02T00:22:50.000Z
30.010752413069614,16.192783077296713,998.0061605567863,-0.16209192944348752,0.8227152623028781,4099.423416960285,0.37085189271099683,-0.21761542271766712,0.1793980391804458,0.0,0.0,0.0,0.0,25,500,28002.484120635545,,,,2026-02-02T00:22:51.000Z
30.00030378676413,16.097997704035933,997.9962860361929,-2.0168974650946994,0.820766553573784,4093.256197714137,-2.035902570104776,-0.8038031800970857,0.6200931975868672,0.0,0.0,0.0,0.0,25,500,27988.774107240388,,,,2026-02-02T00:22:52.000Z
30.01111376088989,16.139143432515066,998.0047892724117,-4.1717957554666745,2.429333560265805,4092.7728772042465,-0.5427989717169651,0.5859917689787818,-0.8133599364488912,0.0,0.0,0.0,0.0,25,500,27987.476802670895,,,,2026-02-02T00:22:53.000Z
30.014072110214784,15.928099522277497,998.0006730530466,-2.944074146053583,-0.28973351029218875,4098.942340654987,-1.9323720874958086,1.306280475728203,1.684446339410836,0.0,0.0,0.0,0.0,25,500,27988.077994466345,,,,2026-02-02T00:22:54.000Z
30.005823128855244,16.0762733046132,997.995678060965,-2.74766964979732,0.8116481733476285,4095.5813526456964,-0.3297982570458398,-1.2269156762952407,0.012963941471759196,0.0,0.0,0.0,0.0,25,500,28005.15804387814,,,,2026-02-02T00:22:55.000Z
29.99252066378122,15.88557850448636,998.0019013624491,2.7569392549230094,0.032748483862587406,4094.66185452268,-1.9873102297264285,1.7123077283669226,-1.087067512934918,0.0,0.0,0.0,0.0,25,500,27996.337599845774,,,,2026-02-02T00:22:56.000Z
29.998692142814974,15.976651709742539,998.0270646957349,0.2316491744538922,-1.9738854730031137,4098.079809374793,-0.871590471068428,-0.12855103438512974,-0.01602499041361854,0.0,0.0,0.0,0.0,25,500,28011.82441631093,,,,2026-02-02T00:22:57.000Z
30.012388560340582,16.17412720562191,997.9931446337017,0.7792090481839756,-4.511582662189495,4094.7887689205263,-1.5207215296341199,-0.9750213849385142,-0.31316152288011356,0.0,0.0,0.0,0.0,25,500,27991.035796170534,,,,2026-02-02T00:22:58.000Z
29.985023721339306,15.939215779357351,997.9975005640874,-4.440842017870252,0.8620193842601533,4099.652019427094,0.38416017796747753,0.7577547802081833,2.783235142247329,0.0,0.0,0.0,0.0,25,500,27975.42599732046,,,,2026-02-02T00:22:59.000Z
29.996080463318215,16.111135618417308,997.9933188760036,-2.395932858434523,0.3478944168256227,4097.355851742678,0.0005393626288786419,-0.446454478255048,1.0499435995250135,0.0,0.0,0.0,0.0,25,500,27998.692948811968,,,,2026-02-02T00:23:00.000Z
29.996570351635533,16.101564673299972,997.9943678361448,1.774159552892574,-1.2363500842003379,4095.0241771837086,0.3029623074987311,-0.08173667603149418,0.049661355708217385,0.0,0.0,0.0,0.0,25,500,28016.475550303938,,,,2026-02-02T00:23:01.000Z
29.991347893996462,16.107474125022083,998.0081577435338,0.5735482247651724,-3.2383461130317297,4100.314616426531,-0.1045513885685264,-0.4042782442120789,-0.11191668519920464,0.0,0.0,0.0,0.0,25,500,28000.345694169486,,,,2026-02-02T00:23:02.000Z
30.008728789499187,15.873299802387873,998.0071588245963,-0.29441055737119454,1.2594790288174762,4094.7885701539935,-1.3942977502044178,-0.8167379318649001,0.951056862481465,0.0,0.0,0.0,0.0,25,500,27986.27906756867,,,,2026-02-02T00:23:03.000Z
30.003768150710407,16.05252009660157,997.9999413649667,1.129684717200245,-0.531840148391104,4097.484190744019,0.5135213692547353,0.7239970324019037,0.9988621603282145,0.0,0.0,0.0,0.0,25,500,27983.757234037934,,,,2026-02-02T00:23:04.000Z
29.992889416433997,15.984340143408314,998.0102629658527,3.27159561227163,1.1137494447362912,4096.598585160813,1.9222245602694528,-0.2863014028941872,-2.911549919320649,0.0,0.0,0.0,0.0,25,500,28011.979019139235,,,,2026-02-02T00:23:05.000Z
30.00605512920236,16.10884968575291,998.0079344329549,-0.44208492707410113,3.728097060823517,4098.603482578797,0.40921257860654675,-1.4366517921792459,0.6429931547333338,0.0,0.0,0.0,0.0,25,500,27991.92563228558,,,,2026-02-02T00:23:06.000Z
29.99841583765332,15.834499960027316,997.9983766581397,0.13873960531613885,-4.28286176063941,4099.1230223934535,-0.425924599317566,0.5510601242159328,0.02796654397862666,0.0,0.0,0.0,0.0,25,500,28015.417953276567,,,,2026-02-02T00:23:07.000Z
29.991098054267777,16.03677878890656,997.9846613525821,0.38519383746261027,-1.3992016174047277,4096.064008298132,-1.428067176105445,-1.2055823510237553,-1.3111438217869762,0.0,0.0,0.0,0.0,25,500,28006.540934488512,,,,2026-02-02T00:23:08.000Z
29.99287081589757,16.022637520284007,998.0082978300795,4.784219270547985,-0.4187512266238265,4094.493164259308,-0.9080669707599653,-1.1532601726752587,0.8802141396241769,0.0,0.0,0.0,0.0,25,500,27992.304312855955,,,,2026-02-02T00:23:09.000Z
30.00436051074776,15.800988326275107,998.00169664621,-4.198712528838051,2.909652348293301,4096.919944285878,0.45303965657205897,1.192606204977316,2.2461880135582653,0.0,0.0,0.0,0.0,25,500,28011.671368443116,,,,2026-02-02T00:23:10.000Z
30.009390098785218,15.911457964390502,998.000222234637,1.366446029577616,-3.27280603841297,4094.6445692604957,1.073118026799375,-1.1963398992102119,0.5567959468277808,0.0,0.0,0.0,0.0,25,500,27990.76102846737,,,,2026-02-02T00:23:11.000Z
29.995132317670453,15.816984778688315,997.9953395197999,-0.22960449751812734,3.871722051361209,4100.026774495053,0.26086617472197593,-2.3164448569274905,1.1004284422568642,0.0,0.0,0.0,0.0,25,500,27985.52662887555,,,,2026-02-02T00:23:12.000Z
30.00544441333669,15.92736446980771,998.0074464894911,1.1335434523683592,0.271711803132581,4096.273070662165,0.7998872897059834,0.6228614849614956,1.8041190919644037,0.0,0.0,0.0,0.0,25,500,27991.332546066555,,,,2026-02-02T00:23:13.000Z
30.015817541575775,16.054921708466516,998.0034849625243,-1.3147451079894488,-0.19200132346771648,4095.269356897376,0.7076782440272429,-0.3038634294811303,-0.8302621507200517,0.0,0.0,0.0,0.0,25,500,28007.687366515904,,,,2026-02-02T00:23:14.000Z
29.9874112944363,16.019536557564862,997.9976317195719,-0.09793006171690051,-0.39611952643781284,4096.3693606117295,0.5065343913859176,-0.21765512113811641,-1.8575714451669172,0.0,0.0,0.0,0.0,25,500,28011.379669890015,,,,2026-02-02T00:23:15.000Z
30.003556698728385,16.016940008059354,997.9877454545278,1.4228211589309903,-0.8725260643600576,4093.3057474209404,-0.6584735952612559,-0.3145003933502,0.6568660633095018,0.0,0.0,0.0,0.0,25,500,27996.03972737132,,,,2026-02-02T00:23:16.000Z
30.008306556912952,15.896025189106862,998.0106792910188,6.225820402087682,2.0962335185383094,4094.056771922979,0.17392351197515246,0.2316699390187268,-0.24761153644145104,0.0,0.0,0.0,0.0,25,500,27981.31688688861,,,,2026-02-02T00:23:17.000Z
29.99904850183401,16.112045049151053,998.0060490522316,1.616072378804143,-2.1370415081648777,4098.400827815889,-0.8483778038821382,-0.7527192419030679,-1.374173452371543,0.0,0.0,0.0,0.0,25,500,27984.43233538872,,,,2026-02-02T00:23:18.000Z
30.012382832108557,15.998118032163866,998.0025540289995,-1.6961311960610173,0.6908283632877072,4094.6862114420574,0.01742895295810179,1.4761148745657644,-0.0781699361357932,0.0,0.0,0.0,0.0,25,500,27989.323544281408,,,,2026-02-02T00:23:19.000Z
30.021988370382612,16.00337038122575,997.9734322600489,-0.8475193640454065,-0.7683633314139511,4093.906178034636,0.3308635310669119,-1.4762304803093984,0.7275473737906202,0.0,0.0,0.0,0.0,25,500,27987.0600312075,,,,2026-02-02T00:23:20.000Z
30.003433553483863,16.094039956894612,997.9996210574288,-0.9068282167677081,-1.5242668970281958,4097.073305505054,1.6787838073868548,0.4448749166771231,-0.14897166476435994,0.0,0.0,0.0,0.0,25,500,28002.654303760646,,,,2026-02-02T00:23:21.000Z
29.99766410267722,15.900865425230746,997.9975879629652,-3.59128634526003,5.171950351367792,4098.371408309326,-1.3097319743676321,0.6421210038765839,-0.7868276307350374,0.0,0.0,0.0,0.0,25,500,28019.381158447246,,,,2026-02-02T00:23:22.000Z
30.00976982807662,16.02285477698719,997.9938150431494,-0.6601803834028745,0.8381014695069201,4097.4379066213305,0.4815076309913054,-0.7596517608333779,-0.22350706029651027,0.0,0.0,0.0,0.0,25,500,28007.957765740255,,,,2026-02-02T00:23:23.000Z
30.008420688603778,16.042346249160143,998.0075423527857,1.46565816364349,1.2265310893222876,4097.992095371612,1.4812365916235948,-1.0237344452778183,-0.019476465301345502,0.0,0.0,0.0,0.0,25,500,27988.717691550093,,,,2026-02-02T00:23:24.000Z
29.974811690450817,15.945443184970616,998.0071486003417,-2.5484642381535902,2.2755535613373246,4094.486409822861,0.7588477658387964,1.0171742141701563,-1.9294822626260821,0.0,0.0,0.0,0.0,25,500,27993.056242343333,,,,2026-02-02T00:23:25.000Z
29.99997264443909,16.065237338075978,998.0043682471719,2.096965302101185,-2.8426998906370944,4093.1563786665165,0.8329454428250415,-0.9908607540167149,-0.14277495317069325,0.0,0.0,0.0,0.0,25,500,27995.007093207012,,,,2026-02-02T00:23:26.000Z
29.99605400533261,16.047712317062956,998.0103789091477,0.9755496421686763,3.5045838182440634,4099.002667303911,0.5876949018678121,-0.6066639407505668,-1.3443404721448917,0.0,0.0,0.0,0.0,25,500,28003.89214166993,,,,2026-02-02T00:23:27.000Z
30.00396705691514,15.989882328772257,997.9897770148597,-1.4684666439420757,-5.017914356990151,4095.354640322316,1.2983344897754168,0.8873089624597463,0.6590259520210962,0.0,0.0,0.0,0.0,25,500,28015.71254735852,,,,2026-02-02T00:23:28.000Z
29.998063417197063,15.986784910986513,997.9954634594324,-0.28305927467569486,-1.537532820077041,4095.49833396709,-1.087478168112368,0.03474123353902422,-1.561042575586778,0.0,0.0,0.0,0.0,25,500,27995.32599620549,,,,2026-02-02T00:23:29.000Z
29.99914823907729,16.05235476578713,998.0007479226318,3.196643615282066,-0.9180633463578007,4098.656388283698,-1.3859266659702465,-1.7971436676291046,1.0126922045509361,0.0,0.0,0.0,0.0,25,500,28015.387772910683,,,,2026-02-02T00:23:30.000Z
29.99136787240539,16.07884710400132,997.9937799798078,1.4670956270117317,1.1634467299410118,4097.112460018801,-0.006334140465255962,1.7470591445535142,-0.40916506921394147,0.0,0.0,0.0,0.0,25,500,28021.03910958422,,,,2026-02-02T00:23:31.000Z
30.007345292184244,16.006289991740665,998.007271692217,0.017567309796295633,0.43743653228297547,4096.911775544163,-2.16116210357171,-0.530010758779966,-0.5429757067720121,0.0,0.0,0.0,0.0,25,500,27996.500931337112,,,,2026-02-02T00:23:32.000Z
30.01655042221469,16.112018946040685,997.9947779915187,-0.4753666339219686,-0.3336294813967865,4100.330004689802,1.2306458041780113,-0.4027572899064173,0.29445459730197204,0.0,0.0,0.0,0.0,25,500,27996.243553789387,,,,2026-02-02T00:23:33.000Z
29.99152328050785,16.065852596243058,998.0129837000445,0.15321814090331923,-0.023994689255447732,4094.71296353924,1.2207151954954414,0.2557842523263653,-0.866034445223392,0.0,0.0,0.0,0.0,25,500,27996.39380632609,,,,2026-02-02T00:23:34.000Z
29.98602944976853,15.821153605027318,997.9906884059825,-1.0235271158846069,-1.9560460470451364,4097.8556802561625,-0.4333505550845262,0.6250767970040728,0.2787457541300641,0.0,0.0,0.0,0.0,25,500,28000.624899856877,,,,2026-02-02T00:23:35.000Z
30.000200032198276,15.859510330245786,998.021319836495,-4.209499011438029,-2.9944647889683464,4096.114026249794,-0.37077059666050965,1.961104291291467,-0.7321087746883707,0.0,0.0,0.0,0.0,25,500,27996.41820903218,,,,2026-02-02T00:23:36.000Z
29.99971344338965,16.118223521902166,998.020292973556,4.084355821069462,1.4530232446721205,4096.5371845577265,-0.07234747515067134,-1.6600681494056964,-0.5567345123247693,0.0,0.0,0.0,0.0,25,500,28008.841774613895,,,,2026-02-02T00:23:37.000Z
30.011709327861205,15.97532268685291,997.9990524685369,0.3106499983988029,1.3874122250723706,4099.056936852825,0.05202065043961975,0.8259522089259458,0.4053541693291353,0.0,0.0,0.0,0.0,25,500,27984.51168719607,,,,2026-02-02T00:23:38.000Z
29.987708050476215,16.016417582279747,998.0114617045092,0.7962945302450742,3.168988750314117,4097.0156715125795,0.1271739191942854,0.743009694050077,-1.1385807337343827,0.0,0.0,0.0,0.0,25,500,27994.65377904704,,,,2026-02-02T00:23:39.000Z
29.99462044824976,16.113929051765915,997.995995719395,-0.11581549975381744,-1.580034193630416,4097.0765921581,0.5582321068783032,-0.1371649108741167,-1.264337301762357,0.0,0.0,0.0,0.0,25,500,28003.291746730723,,,,2026-02-02T00:23:40.000Z
29.978522967607333,15.999358878262816,998.0101328649823,-1.470233601449176,1.3856304206018453,4098.145014674619,-0.17262635300847812,0.7872736948162223,0.24822550741034183,0.0,0.0,0.0,0.0,25,500,28008.700845071606,,,,2026-02-02T00:23:41.000Z
30.01374983636212,16.003726760958934,997.9982402166854,-0.37184896189754146,-0.5674134567294635,4095.270094540914,0.943193303477794,0.9342740176365468,-0.026899852489384587,0.0,0.0,0.0,0.0,25,500,28021.952850636808,,,,2026-02-02T00:23:42.000Z
30.002505446283234,15.913127076720826,997.987145601015,-3.1987895243886224,2.3809499703869643,4094.321580665322,0.4459477771253033,-1.3819627849870044,0.168692744809392,0.0,0.0,0.0,0.0,25,500,27987.10974772369,,,,2026-02-02T00:23:43.000Z
29.995365670860192,16.036999450722753,997.9646718181232,4.554172996106609,2.0439255533562832,4093.9103816119577,-0.6069634458726355,1.7497665058808303,0.3276392367214207,0.0,0.0,0.0,0.0,25,500,27993.479575858128,,,,2026-02-02T00:23:44.000Z
29.98677728521409,16.05865122189668,997.9973128655392,-2.469023996844792,0.4224187984489134,4092.067286821248,1.3351126678040974,-1.5587622531381418,0.05737555380698128,0.0,0.0,0.0,0.0,25,500,27977.335934267725,,,,2026-02-02T00:23:45.000Z
29.987695239418226,15.942211816299714,998.0027906250868,-2.063932567694359,-0.6790603133319731,4100.112414259881,-1.358256986122487,-1.1353162812387732,0.6080926239670689,0.0,0.0,0.0,0.0,25,500,27988.90130992647,,,,2026-02-02T00:23:46.000Z
30.004142668997915,15.907797862169414,998.0133031642604,-0.8805184087728009,1.9218643572165228,4093.7935832685566,-0.09216581082147648,-0.2617876736240963,0.09743628697865848,0.0,0.0,0.0,0.0,25,500,27982.31074703066,,,,2026-02-02T00:23:47.000Z
29.98892574954399,16.26262892551952,998.0003662503215,2.576151449704755,1.2938090465131316,4095.5574927528282,0.9669174010754679,1.9249405131870565,-2.007303899675303,0.0,0.0,0.0,0.0,25,500,27994.78702604936,,,,2026-02-02T00:23:48.000Z
30.001040054231485,15.990709153015171,998.0100291013472,0.029017998525308272,-1.3688808041723652,4095.446373400222,-0.7230731049121446,-0.30825662975338647,-1.7478845946618555,0.0,0.0,0.0,0.0,25,500,27997.716344073582,,,,2026-02-02T00:23:49.000Z
30.02042944861135,15.93163076603907,997.9954605845278,-2.472271592060925,-2.655597346958862,4096.6148133956185,0.30955564676715147,-0.03193389005081067,1.9279491802420827,0.0,0.0,0.0,0.0,25,500,28004.694542398374,,,,2026-02-02T00:23:50.000Z
29.996524123770552,16.070658644529225,997.9966272103047,2.508676721514679,-0.5770658013635924,4097.6314744250785,0.543339596999048,1.4320786039045634,7.186705886302617e-05,0.0,0.0,0.0,0.0,25,500,27997.0140046968,,,,2026-02-02T00:23:51.000Z
29.990385555560255,15.994920596477211,998.0105403568252,1.4620012535709628,3.030827630696418,4097.7209469767195,-0.860523867981239,-0.30031814256547273,0.9502416517170968,0.0,0.0,0.0,0.0,25,500,28004.699370804123,,,,2026-02-02T00:23:52.000Z
30.003820072054527,15.89142336767379,997.9753532551533,1.0768699144329048,2.2929743174660766,4094.833845122862,-0.07247771959403507,-1.1784367129306756,-0.3457039056270759,0.0,0.0,0.0,0.0,25,500,28001.14074167094,,,,2026-02-02T00:23:53.000Z
29.98774208259218,16.048305357165145,998.000129838289,1.4314684823416808,-2.2246549393411614,4095.665756572427,-0.15650383020921016,-0.4172348352383145,-0.05801509439393041,0.0,0.0,0.0,0.0,25,500,27989.666767942497,,,,2026-02-02T00:23:54.000Z
30.017199845303296,15.914687903092418,997.9960003865044,4.788723801164902,-2.335514831799842,4096.565159900977,-0.5517378518322928,1.3707918338057774,-0.4533646542708436,0.0,0.0,0.0,0.0,25,500,27983.137262941593,,,,2026-02-02T00:23:55.000Z
30.014036196685282,16.157645800215562,998.0136061120485,4.370189790072224,2.5493676993589727,4095.502617747633,2.3016748520507746,0.07086499705513648,2.465927331461365,0.0,0.0,0.0,0.0,25,500,28005.83681999896,,,,2026-02-02T00:23:56.000Z
29.998358283810465,16.04945046297524,997.9947175370502,-1.3734306860065906,-2.271271809515658,4099.21469115204,-0.7631063534454757,1.9306582590562598,0.2532424223641424,0.0,0.0,0.0,0.0,25,500,28016.465029850144,,,,2026-02-02T00:23:57.000Z
29.99102706818576,15.972311957547392,998.0051658496957,3.2477699856223046,1.0185906472840158,4096.9819499032765,1.0049302940678833,0.7379349262621552,-0.5348579055061975,0.0,0.0,0.0,0.0,25,500,28025.35385011682,,,,2026-02-02T00:23:58.000Z
29.995742301272248,16.01093470180221,998.0092151696933,0.7663363795178006,-1.2321424306726474,4097.4697555720995,-0.39280101688114194,-0.6448089363934834,-1.6515397134301908,0.0,0.0,0.0,0.0,25,500,28009.354547012346,,,,2026-02-02T00:23:59.000Z
29.997043343879145,16.09032881210982,997.9850740400587,0.9981916322754988,3.234089849043365,4097.325762537334,-1.0866361888852818,0.05107630446507834,1.9737334427358522,0.0,0.0,0.0,0.0,25,500,28014.57515211944,,,,2026-02-02T00:24:00.000Z
30.00383567131707,16.01859612535608,997.9986062969173,-3.384541663286657,-1.5408495982757577,4098.346947714971,0.1028142431550689,-0.8532181181418795,-0.16327838522830335,0.0,0.0,0.0,0.0,25,500,28004.61459704039,,,,2026-02-02T00:24:01.000Z
30.010396323293012,16.212210945723356,997.9956836356591,-0.34077153077639194,2.2867230604116564,4096.362043117408,0.6490933843875007,-0.66843303064877,0.7442291195615972,0.0,0.0,0.0,0.0,25,500,28003.020093855903,,,,2026-02-02T00:24:02.000Z
29.989634873692413,16.113586751639552,998.0094629324683,-1.6256471806731299,0.36971730812072934,4093.4063361040885,0.9205095750656788,4.479084251025757,0.8559972903065459,0.0,0.0,0.0,0.0,25,500,28001.110010237917,,,,2026-02-02T00:24:03.000Z
30.010109095653426,16.048760736756112,998.0067508184081,1.6561176297866185,0.5043897084685734,4096.799375903505,1.5622651106550693,1.018624510033811,-0.46283052343037057,0.0,0.0,0.0,0.0,25,500,27998.941903559793,,,,2026-02-02T00:24:04.000Z
30.006176856128114,15.906301412649151,997.9976679796994,2.14216100080561,-3.940617162702802,4094.697286212416,2.9452462899351,0.8610979890066731,0.672452775386156,0.0,0.0,0.0,0.0,25,500,28006.07076555429,,,,2026-02-02T00:24:05.000Z
29.994922105091934,15.985311189609801,997.9895259194958,-4.148972702032623,-4.405826706411437,4094.9427666365004,0.25051420375559713,-0.623180315308064,-0.6041382867516175,0.0,0.0,0.0,0.0,25,500,27994.794029186352,,,,2026-02-02T00:24:06.000Z
29.98913288104323,16.047887497005245,998.0103814669602,-0.0440697280085409,-0.44113188053462793,4097.17272803751,-0.6630921738253879,1.569584066281079,-0.9904263620394158,0.0,0.0,0.0,0.0,25,500,27998.525575484127,,,,2026-02-02T00:24:07.000Z
30.001162327172924,15.917713858424186,997.999323472234,2.2437230095885043,0.49381212683322345,4098.476566142867,0.4528743267948912,1.099415601792937,1.1644646925122124,0.0,0.0,0.0,0.0,25,500,27988.220337170354,,,,2026-02-02T00:24:08.000Z
29.98940411516298,16.129342687496294,997.9838162343433,-0.37335792462688994,-2.2503956554754465,4096.042543153472,-0.2662129504064916,1.8816212893577708,-0.15818937982219936,0.0,0.0,0.0,0.0,25,500,28004.749266690647,,,,2026-02-02T00:24:09.000Z
30.010236808491626,15.902584265822195,997.9846761960104,1.4581272900047288,-2.1773868209526843,4096.617666025198,0.9259661298522298,1.8331141483984492,0.5185128336026553,0.0,0.0,0.0,0.0,25,500,27990.409024588535,,,,2026-02-02T00:24:10.000Z
29.98876117227868,15.93627743019541,998.0043763343007,0.7023309352541681,1.122945259652266,4099.40442988927,-1.2971642963657217,-1.479089288097522,0.41092099388177106,0.0,0.0,0.0,0.0,25,500,28000.3374499048,,,,2026-02-02T00:24:11.000Z
30.005477061931632,15.943770081510511,997.9872419380723,0.6833204639052527,1.1257089609142612,4096.481506358977,2.3683345424004374,-1.1098394892699073,0.637931960055289,0.0,0.0,0.0,0.0,25,500,28005.004910936423,,,,2026-02-02T00:24:12.000Z
29.99919383635185,16.074382446063314,998.0185964749361,-0.5426299561365949,-0.2754821207758541,4101.203366228361,0.8560480947755128,-1.0037878154636364,-1.5565369342016249,0.0,0.0,0.0,0.0,25,500,28005.8589143137,,,,2026-02-02T00:24:13.000Z
29.99439375115625,15.919506363282922,997.9906292971564,-2.433161608271419,1.56040344237215,4097.131019291263,-1.6840040177961646,-0.943940643332437,-0.5852905313163699,0.0,0.0,0.0,0.0,25,500,28007.715085378153,,,,2026-02-02T00:24:14.000Z
29.99897168493681,15.820002342958094,997.9999963927464,-2.243060294850055,-2.348404591440293,4092.4784744816884,-0.7090289023149722,0.3234523642603904,-0.32447515749642497,0.0,0.0,0.0,0.0,25,500,27997.86708474852,,,,2026-02-02T00:24:15.000Z
30.010799831696342,16.108803883576172,998.0015911196616,1.4187050289106344,-0.7118698341739415,4097.506683242209,0.8160810441139388,-0.5668034520958176,-0.8314786729014906,0.0,0.0,0.0,0.0,25,500,28004.860637793896,,,,2026-02-02T00:24:16.000Z
29.988077425910063,15.955561371489443,997.9927062226076,0.038916511037766235,3.2957552115673465,4096.762316769766,1.1763440561714547,2.0725985407625185,0.4290068480163878,0.0,0.0,0.0,0.0,25,500,27995.133747368876,,,,2026-02-02T00:24:17.000Z
29.99587843444808,15.893149236784806,997.9776017296942,-0.2770244892144495,0.13664425987963508,4098.579505508165,-1.2722376272319633,1.9046798820816377,1.1868930775958975,0.0,0.0,0.0,0.0,25,500,27980.291262869898,,,,2026-02-02T00:24:18.000Z
29.99248256435313,15.924514144679746,998.0019089509761,-0.8477800846447051,0.2526250291739987,4097.34636270254,0.7130258504329489,-0.006461594079039767,1.3451846553462978,0.0,0.0,0.0,0.0,25,500,28005.303092737417,,,,2026-02-02T00:24:19.000Z
29.99961382866451,16.171676274918436,997.992467600099,-0.6103776909615035,4.611893171935479,4095.7230880320326,-1.9473398726619233,1.9553262161497902,-0.33920476520988363,0.0,0.0,0.0,0.0,25,500,28002.98488106864,,,,2026-02-02T00:24:20.000Z
29.993153191074875,15.93429563027271,998.0011653842762,2.093823588976279,-2.7986843316975416,4093.5514035274214,-0.08933586547104598,1.4881346272402018,0.2919658624579071,0.0,0.0,0.0,0.0,25,500,28010.133235028992,,,,2026-02-02T00:24:21.000Z
29.982319187576135,15.98766318946231,997.9987766894776,-0.6704881637360535,1.5928607332842208,4095.581953485428,1.1120468421032064,-0.4507065591772589,0.44564350449009926,0.0,0.0,0.0,0.0,25,500,27999.747112871282,,,,2026-02-02T00:24:22.000Z
29.989448624530677,15.955308163771399,998.0026329124807,-2.6821294266031375,3.327972559616199,4094.2989590915813,-0.5515157301029805,-2.0092153440255616,0.6212560942035293,0.0,0.0,0.0,0.0,25,500,27983.968366342826,,,,2026-02-02T00:24:23.000Z
30.016377550185382,15.876733745656624,998.0156187012066,1.4873035510803465,-0.6497158529970922,4094.8389531003904,-1.5069222991380136,-0.21796838496072934,-0.8781350730726438,0.0,0.0,0.0,0.0,25,500,27999.083692156357,,,,2026-02-02T00:24:24.000Z
30.002467282112864,15.925728143775304,997.9945381698727,-0.40975332772943446,1.7192615737096921,4097.177156808842,0.1462147963775593,-0.644622131078473,1.820580268264966,0.0,0.0,0.0,0.0,25,500,28008.865805647398,,,,2026-02-02T00:24:25.000Z
30.002123620538082,15.869889159299351,997.9953115534565,0.06279173106555289,-1.9640389944218095,4099.339809008703,-0.6047188666354781,0.20650562514583037,0.9265201843464447,0.0,0.0,0.0,0.0,25,500,28004.760348087962,,,,2026-02-02T00:24:26.000Z
29.997173876099914,16.09558812756807,997.9833420269724,3.2151566127990208,-1.373464791134703,4096.789343059646,0.6295583660658357,0.08922828687474911,0.952649343692441,0.0,0.0,0.0,0.0,25,500,27998.532554271053,,,,2026-02-02T00:24:27.000Z
29.99948374575891,16.010087906461358,997.998048160489,-0.04112111470101437,0.7699328320952686,4093.6082338759297,-0.8853264322180604,0.06301765889922856,1.2034600569003968,0.0,0.0,0.0,0.0,25,500,27983.364407720866,,,,2026-02-02T00:24:28.000Z
29.995701880771687,16.248267776217432,998.0040986998928,0.5783673462374507,1.5971333462211803,4096.889205336441,-0.7726368896531003,0.5236847413791645,0.5341359422659844,0.0,0.0,0.0,0.0,25,500,27989.739830450962,,,,2026-02-02T00:24:29.000Z
30.005269285310412,15.929108927500941,997.9951650512243,-2.3578469825966506,2.2418730248124916,4098.393262973292,-2.0210023208762435,-1.2125219470836786,-1.0273134230509724,0.0,0.0,0.0,0.0,25,500,28004.772388618512,,,,2026-02-02T00:24:30.000Z
30.001008088542594,15.914113975385439,998.0041643050041,-0.4393389047019203,3.139257173878986,4094.780434191361,0.16994471105148284,0.4113602775697078,-0.13897273155510673,0.0,0.0,0.0,0.0,25,500,27983.348428479258,,,,2026-02-02T00:24:31.000Z
29.988287317898415,16.153375976835534,997.9982249147452,1.2190520904172024,-0.13489311711036425,4095.731965666654,-0.16090493827659874,-0.4396161530170061,-1.6510533950619155,0.0,0.0,0.0,0.0,25,500,27996.817550852433,,,,2026-02-02T00:24:32.000Z
30.002537245031043,16.105797703206814,997.9869773376203,-3.1107474676824847,2.387223510345176,4096.029376389459,-1.188384670740071,0.199982199863687,0.4150725096990842,0.0,0.0,0.0,0.0,25,500,28000.384221789765,,,,2026-02-02T00:24:33.000Z
29.975412580767284,16.0384765021771,998.0031198507119,0.40169018623141917,-0.6846096868982979,4094.4302033738354,0.193798713767092,0.9574098452321899,-0.16921365816554673,0.0,0.0,0.0,0.0,25,500,28011.499371558402,,,,2026-02-02T00:24:34.000Z
30.004138591996778,15.888630848491173,997.9979416786643,0.2015821452896126,1.804182623176536,4097.296560867688,1.027070300644139,-1.2243997732210297,-0.04052238352693171,0.0,0.0,0.0,0.0,25,500,28006.144905511304,,,,2026-02-02T00:24:35.000Z
29.985906431431633,16.174499626772793,998.0012275782141,0.08257491117487877,0.41497759570436354,4095.7581037027844,-0.21556794341894983,-0.2812936526695694,1.2040011300856512,0.0,0.0,0.0,0.0,25,500,28009.62811232824,,,,2026-02-02T00:24:36.000Z
29.999039449138298,15.992789684022965,997.994330501168,2.0743177973164864,0.8913558141638478,4096.839064887814,0.26816694982197375,-0.11853423402886418,-0.4569940385564593,0.0,0.0,0.0,0.0,25,500,28003.018533240327,,,,2026-02-02T00:24:37.000Z
29.988053723968036,15.956932487150496,997.9934459747701,0.668877029697043,0.8470157480440749,4094.2250156443956,0.2733112495851642,-0.5142689715706409,-0.25212315877207636,0.0,0.0,0.0,0.0,25,500,27991.545890177884,,,,2026-02-02T00:24:38.000Z
30.00002823199533,16.114295973691828,998.0015741080755,2.956143796712888,-3.2094100195956243,4095.125083399353,-1.2043298271789604,0.8998294961329573,0.02197329596321629,0.0,0.0,0.0,0.0,25,500,27993.863395320914,,,,2026-02-02T00:24:39.000Z
30.00578278519276,15.997770487874627,997.9976940008796,-1.9871790311880724,-2.2482437177215466,4097.444762715655,2.0565858207075958,-0.7203883588004716,-1.8399922494136325,0.0,0.0,0.0,0.0,25,500,27990.673403607587,,,,2026-02-02T00:24:40.000Z
30.015028270852497,15.88343299143681,998.0172427824917,0.27184913443669595,0.20508287963504482,4095.2543336958165,-0.4708498301222839,-0.5554003994423388,-0.2660636557620032,0.0,0.0,0.0,0.0,25,500,28005.907808419262,,,,2026-02-02T00:24:41.000Z
29.984586423449887,16.004030259949857,998.0079873051216,0.16893357277989485,-3.374558159282337,4099.453927702467,0.6561162018602708,-0.7099191329520645,-2.4857949122861833,0.0,0.0,0.0,0.0,25,500,27993.060777810773,,,,2026-02-02T00:24:42.000Z
30.00975472955671,15.921865119842924,998.0054500425947,-2.13850898751016,1.6624222063995115,4095.200727628771,0.7692152772290496,1.0920554114388017,-0.5855215618957392,0.0,0.0,0.0,0.0,25,500,27996.059996869713,,,,2026-02-02T00:24:43.000Z
30.001311527053776,15.699065885731683,997.998225191985,1.9125900041826922,1.7431119325762838,4096.449369451504,-0.13959512711575175,-0.49244411241221675,0.8551890533928274,0.0,0.0,0.0,0.0,25,500,28000.22491238187,,,,2026-02-02T00:24:44.000Z
29.995493328471753,15.911828980784987,997.9797397655152,4.649346611705636,0.6543411057555805,4097.865181663747,0.6067950250596347,0.4600453908835562,0.44726655825106904,0.0,0.0,0.0,0.0,25,500,28016.413124465813,,,,2026-02-02T00:24:45.000Z
30.007598565050596,15.947226442913214,997.9919240507238,-0.03401214896766199,-2.2422680255158443,4093.1632685341337,0.24581922181638913,1.9757051012300741,-0.5948203104540761,0.0,0.0,0.0,0.0,25,500,28006.571339079434,,,,2026-02-02T00:24:46.000Z
29.997640751489147,15.884435489070695,997.9935270654742,1.0100421765475338,2.7602778777370296,4092.4783823760386,-1.417639757227406,-0.07481842035058532,0.040798218223812355,0.0,0.0,0.0,0.0,25,500,27992.271465753987,,,,2026-02-02T00:24:47.000Z
30.007175305164008,16.057524653211402,997.997250156137,0.1690369516306545,4.074421279436716,4092.9486873708597,-0.33227270125008823,1.1120606800331574,-1.0749895671304055,0.0,0.0,0.0,0.0,25,500,28001.518476572328,,,,2026-02-02T00:24:48.000Z
29.99007730286872,15.922255224267122,997.9996664050061,-1.4271693398143517,0.29415365489194795,4098.525168206855,-0.6125509023540618,1.671354084093128,-0.0023434031495201645,0.0,0.0,0.0,0.0,25,500,28016.513117604958,,,,2026-02-02T00:24:49.000Z
29.993670029677038,16.047842620083447,998.0065607496549,-3.6415205556040324,1.0210707569024726,4094.896283708215,-0.4617450413461271,1.0271915600404138,2.93032028549251,0.0,0.0,0.0,0.0,25,500,28006.15179328429,,,,2026-02-02T00:24:50.000Z
30.009436000527945,15.876668026363168,998.0027314556107,-1.4115469661907303,0.40347730959208783,4101.1163985713365,-1.3040031778366379,-0.016801315977740417,1.8458013203719315,0.0,0.0,0.0,0.0,25,500,27984.01747640501,,,,2026-02-02T00:24:51.000Z
30.014854005235705,16.090921892108256,998.0115920319147,-2.7839167619034626,1.0607383779975985,4094.871504802685,1.12643371674603,0.6421077589986135,0.05262213001726112,0.0,0.0,0.0,0.0,25,500,27990.84760571362,,,,2026-02-02T00:24:52.000Z
29.99964968100847,15.87235174733335,997.9968809802648,3.4082041561182357,-0.23911751325279215,4096.369102606394,1.601992654613413,-1.2873785931353454,0.16014416491537442,0.0,0.0,0.0,0.0,25,500,27990.08064497497,,,,2026-02-02T00:24:53.000Z
29.97212711074644,15.765846959060893,998.0025716294417,-0.2302193878464783,-0.06912847968760667,4099.084219905136,0.9780029759984087,-0.780043158149952,-0.979565314634551,0.0,0.0,0.0,0.0,25,500,28014.407298253598,,,,2026-02-02T00:24:54.000Z
29.998009507173915,16.123726258516324,998.0034384422778,-0.6918386580943414,1.8114352009947308,4100.012185776318,1.2705292241471429,-0.604675181631919,-0.8017891079510504,0.0,0.0,0.0,0.0,25,500,28012.562812358636,,,,2026-02-02T00:24:55.000Z
30.000324261178225,15.914410619626883,998.0024572628436,1.7783076495756118,4.691248323792881,4100.123007153273,-0.34463483700815617,2.240612120174282,0.3621843221046941,0.0,0.0,0.0,0.0,25,500,27993.749630222144,,,,2026-02-02T00:24:56.000Z
29.997672266233067,16.17569290581994,998.0128189024794,-2.243502205711776,-2.8001424688034775,4098.416732461186,-0.6362568349860365,-0.812584514255267,-0.524892565636485,0.0,0.0,0.0,0.0,25,500,27993.534197801928,,,,2026-02-02T00:24:57.000Z
30.003363385616655,16.05645919012081,998.0080377432274,-1.5337280760091048,-0.20762496880593376,4098.048125051623,-0.7785870468117115,-0.8274767512618296,0.904149594851582,0.0,0.0,0.0,0.0,25,500,28000.446917826623,,,,2026-02-02T00:24:58.000Z
29.995230900724028,16.079026331838126,997.986805967805,0.13614453849724206,-2.3609209704641643,4097.185053898403,0.6440649229572226,-1.0439209802489835,1.569685680977757,0.0,0.0,0.0,0.0,25,500,28000.746690460935,,,,2026-02-02T00:24:59.000Z
30.00838870860678,16.104547250046608,997.9988566890094,2.057537982846961,3.184049797152167,4097.556722152333,0.22706305314414962,0.5598117619307609,0.33262078478103885,0.0,0.0,0.0,0.0,25,500,27990.37674070677,,,,2026-02-02T00:25:00.000Z
29.98833286727269,16.011267934624907,997.9998602631777,1.0033700903375764,-1.1754759386397968,4094.897628567343,-0.07722171159842571,0.14262139266888282,0.10173720583992668,0.0,0.0,0.0,0.0,25,500,27997.508693251013,,,,2026-02-02T00:25:01.000Z
30.01236848707354,16.012405541783853,998.021515410637,0.4966502850317644,-2.886401587571588,4094.3636022331552,1.295148544195343,1.0867589770265649,-1.6807796249106517,0.0,0.0,0.0,0.0,25,500,27985.463967301468,,,,2026-02-02T00:25:02.000Z
30.01550078823961,16.12813400241943,997.9967020881876,0.1562354704720327,1.2763739976971469,4095.993251085178,0.404941353815343,0.6712596660773543,0.74761024527205,0.0,0.0,0.0,0.0,25,500,28012.72320704911,,,,2026-02-02T00:25:03.000Z
29.990869402619396,16.01113584956981,997.9901751609666,0.8004717110535503,3.4886222294862224,4095.6596307549503,-0.8386576375205848,-1.3803898467240674,-1.1436713015390583,0.0,0.0,0.0,0.0,25,500,27982.396694871684,,,,2026-02-02T00:25:04.000Z
29.99086400174397,15.927182315320339,998.0043832542948,0.40330581025850926,1.3271957371215255,4095.0935439013456,-0.6809088291356947,-0.8072777700103707,-0.41800912863341977,0.0,0.0,0.0,0.0,25,500,27982.28560578107,,,,2026-02-02T00:25:05.000Z
30.004106953137775,16.058575856016223,998.0049698571962,-2.0599445495538715,0.40959575456383446,4097.392774894914,0.6819932992541455,1.3653287482758214,0.959575892385135,0.0,0.0,0.0,0.0,25,500,28004.35039454512,,,,2026-02-02T00:25:06.000Z
29.98812779590257,15.788635658561505,997.9992622713627,0.09215844326630268,0.8182818455519878,4097.9106104171415,1.041732852654597,-0.203298244576805,1.029758164309032,0.0,0.0,0.0,0.0,25,500,27987.63123762166,,,,2026-02-02T00:25:07.000Z
29.995073971288978,16.13195588015602,997.9977973899703,-2.147377317835505,2.8296813256511095,4096.176813772584,0.5516802322559695,1.1875918180180127,-0.4665075273501172,0.0,0.0,0.0,0.0,25,500,27994.990350418655,,,,2026-02-02T00:25:08.000Z
30.01102526956456,16.13404391359651,998.0094890395607,0.16216508580164743,-1.7483985400282998,4098.95506016211,1.8968887478720813,-0.14968094791531705,-0.4089155349199863,0.0,0.0,0.0,0.0,25,500,28000.631728611028,,,,2026-02-02T00:25:09.000Z
30.00737606764477,16.11981666681231,997.9914640184573,-0.9612958829764828,-0.2236942081726259,4093.716621771733,1.635007165731419,-0.9676564282885214,-0.6993188732566719,0.0,0.0,0.0,0.0,25,500,28006.753008298667,,,,2026-02-02T00:25:10.000Z
30.019801963416896,16.11597719623777,997.9965904665713,5.078763245565723,-0.9053802970190667,4095.6126810814408,0.44103583485076286,-0.3032607776667061,-1.1978537453259108,0.0,0.0,0.0,0.0,25,500,27997.789178820512,,,,2026-02-02T00:25:11.000Z
30.001707841476,15.991582467465888,997.9947785013788,-0.07978876750342384,-2.3357306145834205,4094.566355358794,-0.8385806594815023,-0.9680497955496961,-0.6347954821042419,0.0,0.0,0.0,0.0,25,500,28017.7917179728,,,,2026-02-02T00:25:12.000Z
29.99389161997722,15.989331761550698,998.0109389459762,-2.8084791325231775,-0.6567505188336048,4092.266926765854,-1.3099875117317676,-0.5655527624024238,-1.6131300189146887,0.0,0.0,0.0,0.0,25,500,27999.9956101134,,,,2026-02-02T00:25:13.000Z
30.00051243511653,15.877035991022915,998.0028549420329,-0.26836042135384913,2.2154421919648972,4095.8346386283147,-0.38738174501471484,0.20092570656524597,0.6830625815082649,0.0,0.0,0.0,0.0,25,500,28011.90794708259,,,,2026-02-02T00:25:14.000Z
29.998494116605915,16.174804125171104,997.9893500590268,1.0387174912757762,1.133204296785451,4095.7565049832333,0.753213446416157,0.5116050903690205,0.39452360516187573,0.0,0.0,0.0,0.0,25,500,28002.785557803665,,,,2026-02-02T00:25:15.000Z
29.99863442890797,15.951498182697373,997.9903549360673,3.346727892305047,1.288621000216401,4099.026899486485,1.8266470793119378,-1.5901913232542981,0.5605292848705127,0.0,0.0,0.0,0.0,25,500,28021.312097580074,,,,2026-02-02T00:25:16.000Z
29.99976196291904,16.033988530975186,998.0187341512361,-1.178904799877437,0.2929512233066364,4097.26162336911,0.41744703441079983,-0.01736800750909817,-0.9544040505751428,0.0,0.0,0.0,0.0,25,500,28010.583635039242,,,,2026-02-02T00:25:17.000Z
29.990682332911536,16.02540452829548,998.0108321774811,-3.16485594804728,1.0466475654571772,4093.9516263513415,1.1687227942312366,-0.5866157355597524,-1.1950705635150563,0.0,0.0,0.0,0.0,25,500,28000.434697754725,,,,2026-02-02T00:25:18.000Z
30.002822177549707,15.865958081839585,998.0084155028152,1.6336740228619624,-1.6011806846962109,4099.708185132668,-0.24530748618780235,-0.6484148089588124,0.053514274313560234,0.0,0.0,0.0,0.0,25,500,28006.288307169074,,,,2026-02-02T00:25:19.000Z
29.985913367322414,15.82553249758768,998.0001224694097,-2.7611974117993023,-0.6190197718544586,4098.442067391051,0.6227691252275501,0.13268461913307683,0.06410256495022532,0.0,0.0,0.0,0.0,25,500,27997.39184144469,,,,2026-02-02T00:25:20.000Z
29.99283173392092,16.000558662086735,998.0150847324012,-0.8723108830149701,0.3840084739373535,4097.164195406937,0.8233568294771726,-0.550451872689212,-0.14726982751294532,0.0,0.0,0.0,0.0,25,500,27997.29100161645,,,,2026-02-02T00:25:21.000Z
29.9988112123686,15.95462438823885,997.9889659521402,-0.5152409710219881,0.5550317177637805,4095.5470318023004,-1.9795942758525282,1.382137994846674,-0.28948326918784945,0.0,0.0,0.0,0.0,25,500,27986.965891719643,,,,2026-02-02T00:25:22.000Z
29.977404466873445,15.991056314075667,998.0075296751221,-0.13926690660021634,0.640375709843746,4094.081121526553,-0.41343880237651026,1.1880618762510602,1.7107757776943866,0.0,0.0,0.0,0.0,25,500,27991.917383975328,,,,2026-02-02T00:25:23.000Z
30.00768991536345,16.106541563020322,997.9955672649347,1.3783289141486712,-0.2766705640327558,4095.2555864478577,0.9497003842778697,1.1818282939420395,0.4260250117929784,0.0,0.0,0.0,0.0,25,500,28020.609713851558,,,,2026-02-02T00:25:24.000Z
29.979468454901525,16.022494415053703,997.9975110668034,-1.3672685645727753,-0.7548468022606594,4098.177497239409,0.2744683356365649,-0.49491019549030185,1.970678391466491,0.0,0.0,0.0,0.0,25,500,27987.959686287213,,,,2026-02-02T00:25:25.000Z
30.00669587690898,16.075852254076473,998.0072578926483,-0.5474585043335214,6.315542566088596,4099.769172611869,-1.196515048150933,-0.9624988349193223,1.2689650254316331,0.0,0.0,0.0,0.0,25,500,27993.445072872164,,,,2026-02-02T00:25:26.000Z
29.98707190710072,16.044532816217558,997.9985644249132,-0.02854070589877701,1.8135745458647974,4099.086487056545,-2.4301223757273562,0.08202992938811553,1.7032709260173449,0.0,0.0,0.0,0.0,25,500,27999.06281323041,,,,2026-02-02T00:25:27.000Z
29.995950813092964,15.968366580676017,997.9956530014053,0.2991959150375761,0.8262949519052448,4095.0223011564276,-0.3657807453020064,-0.1503483662862672,-1.074462766356002,0.0,0.0,0.0,0.0,25,500,27999.395907052476,,,,2026-02-02T00:25:28.000Z
30.005191306469495,15.899819683280693,997.9950484235192,0.19565434941584534,-0.46641699641278794,4093.760765133422,-0.07158569289387905,-0.6088231624233649,0.5931709909980298,0.0,0.0,0.0,0.0,25,500,28003.83725819731,,,,2026-02-02T00:25:29.000Z
30.021981395194796,16.026471786811346,997.9801365425449,0.8720115504451595,-0.9024376538877531,4096.281772493822,-0.8839229498283454,-1.1757344466669615,-0.431765488993373,0.0,0.0,0.0,0.0,25,500,27995.30879291886,,,,2026-02-02T00:25:30.000Z
30.001164519777074,16.00838926193461,998.0076320361927,1.6876790192834745,-0.26160118745391137,4092.463121268874,0.1430849370279944,-0.04151796926807157,-1.6633867113595329,0.0,0.0,0.0,0.0,25,500,28004.453763669964,,,,2026-02-02T00:25:31.000Z
29.980173736718005,16.091515633750475,997.989933699272,0.785268231301936,0.5856576871733669,4096.64633542837,0.5063867472328947,-0.4040694502524733,1.4960031695555258,0.0,0.0,0.0,0.0,25,500,28011.423854411467,,,,2026-02-02T00:25:32.000Z
30.009536951326357,15.98490999302775,998.0185840940566,0.9071710470184369,-3.7608710881261627,4095.7047948274026,0.6706871707262329,0.6883470370380197,-0.29369252570562915,0.0,0.0,0.0,0.0,25,500,28012.666323439815,,,,2026-02-02T00:25:33.000Z
29.99768081595141,15.970265845488449,997.9971238745019,-3.1644463334929553,-3.1387791907493674,4095.0679269962634,-2.3559189249323222,0.6651060515214794,-1.0551016302666845,0.0,0.0,0.0,0.0,25,500,27997.32488199363,,,,2026-02-02T00:25:34.000Z
30.000699066544588,15.97705006162184,998.0130943979744,0.10045539833136088,-1.273764777877915,4092.810593865466,-1.3142850978081202,1.100799805422717,-0.41456386324869343,0.0,0.0,0.0,0.0,25,500,28006.11343428903,,,,2026-02-02T00:25:35.000Z
30.005578630298878,15.908127336499456,997.9819096896732,0.9590150960032172,0.41427887355713705,4097.02720021314,-0.30462264835473557,-1.2592955518800382,-0.7962241227738193,0.0,0.0,0.0,0.0,25,500,27988.53866377859,,,,2026-02-02T00:25:36.000Z
29.977746220430944,16.144690994482044,998.007314830212,1.4578823891409005,-0.47854629430370277,4094.9345983206763,0.5721731310374635,0.40105830769363265,-0.6936979676166672,0.0,0.0,0.0,0.0,25,500,27992.782839547275,,,,2026-02-02T00:25:37.000Z
30.00006536847735,16.113962875461578,998.0098855573251,-1.3847015484675884,2.9562424521989685,4093.6601663285796,0.48923401355003554,-0.7274657062336721,-0.22160339018264946,0.0,0.0,0.0,0.0,25,500,27988.262666013095,,,,2026-02-02T00:25:38.000Z
29.995903061100474,15.878697017104196,998.0130356363436,-1.31807854977729,-2.9647935739915376,4090.255475573437,0.4718699478766758,-1.2204142108110847,1.7308151930447429,0.0,0.0,0.0,0.0,25,500,27999.542553112402,,,,2026-02-02T00:25:39.000Z
30.012218349060056,16.080394814197255,997.9847196122721,-1.1482013505671966,-1.5026909392067407,4095.944970189899,-0.3834179419689318,-0.4286022369487101,-0.6663172165446257,0.0,0.0,0.0,0.0,25,500,27991.4078072364,,,,2026-02-02T00:25:40.000Z
30.00727113763339,15.815499493606763,997.9929728136291,1.0728277997826867,3.0401834819822025,4099.54450319334,-0.32763343730996075,1.0687049801346178,1.6592706642191906,0.0,0.0,0.0,0.0,25,500,27984.79306441195,,,,2026-02-02T00:25:41.000Z
29.983729980772186,16.098528923311104,998.0057650995276,2.067762109848417,0.2622386493502937,4099.322518429096,-0.7283292684217407,-0.3723183535704842,0.8488367959795216,0.0,0.0,0.0,0.0,25,500,27996.139947774187,,,,2026-02-02T00:25:42.000Z
30.01262625852349,15.930364954889232,998.0014844197884,-0.8149202145832032,1.769685165602317,4095.0858074868274,0.7681941281058479,1.5654546599591121,0.39627156358608606,0.0,0.0,0.0,0.0,25,500,27982.71416224219,,,,2026-02-02T00:25:43.000Z
30.004495250881604,16.035990055767826,998.0029335964257,1.8159246272540979,4.102493886538927,4094.7955758792764,-0.9204887877395782,0.5488785155203335,0.748120032251875,0.0,0.0,0.0,0.0,25,500,28013.271931036463,,,,2026-02-02T00:25:44.000Z
29.984527584025468,15.807049031045834,997.9963971339419,0.24695961832918842,-1.3876088358036451,4096.93754851215,0.8500363951895699,-0.394090478980577,0.013655663837457525,0.0,0.0,0.0,0.0,25,500,27994.424769387566,,,,2026-02-02T00:25:45.000Z
30.00055753103493,15.880129576832205,998.0155079861505,-0.24857155432487257,-0.19862867558406413,4094.0032291216235,0.20785323813764608,1.1600484289064086,1.286050103863426,0.0,0.0,0.0,0.0,25,500,28009.85316073638,,,,2026-02-02T00:25:46.000Z
30.01034826113856,16.04687029672494,998.0260846544828,-0.42276845963593795,-0.5448538018617431,4096.603583799639,-0.04504447845515359,0.4453967721142857,0.5669802632671008,0.0,0.0,0.0,0.0,25,500,27995.07932509965,,,,2026-02-02T00:25:47.000Z
29.987859561274266,15.929909181661722,998.0010397992401,1.4932227292043143,-3.909186008966551,4097.53216055677,-0.6567103997764666,-0.9325593884467054,-1.664665985025513,0.0,0.0,0.0,0.0,25,500,27988.050621740495,,,,2026-02-02T00:25:48.000Z
30.013775773358454,15.91600371296278,998.004534212455,0.6511556335741402,-0.6207936075119381,4098.453866447769,-1.3555418611641263,1.8588026355805152,0.29625193188996507,0.0,0.0,0.0,0.0,25,500,28011.75523971356,,,,2026-02-02T00:25:49.000Z
29.984873712258725,16.13958616974521,998.0005624374562,4.551650855295275,1.7621243747613309,4095.7996918470403,-0.6476527563780456,0.2594788230864766,0.7839731429926151,0.0,0.0,0.0,0.0,25,500,28000.887035831078,,,,2026-02-02T00:25:50.000Z
29.992087728233532,16.221095921127286,998.0128405339905,-1.7044492859946483,1.0811790836244817,4095.592652499646,-0.3300068686248863,0.018796191985491827,-0.28900121860121725,0.0,0.0,0.0,0.0,25,500,28018.869092859124,,,,2026-02-02T00:25:51.000Z
29.990571291646102,16.093701393681947,998.0082911628426,1.0362034040599515,1.2381663387760202,4094.2440348264868,-2.3690243115812515,-0.8555326699056159,0.12625587271393265,0.0,0.0,0.0,0.0,25,500,27995.334770737667,,,,2026-02-02T00:25:52.000Z
30.013769337315885,15.890811942826494,997.9893361942936,-1.0584020196230257,-0.751017961278999,4094.3462392919205,-0.19735515533466427,1.1795382676077382,-0.6128579946744069,0.0,0.0,0.0,0.0,25,500,27995.550697004335,,,,2026-02-02T00:25:53.000Z
29.99508983863451,16.17635193328177,997.9938729798951,-1.7385739739772876,-1.3121944720112828,4095.547042216197,0.9243573680260055,0.5172754273613065,-1.3776256560635605,0.0,0.0,0.0,0.0,25,500,28010.04790842219,,,,2026-02-02T00:25:54.000Z
29.98837182997339,15.843856774035162,997.9899070320699,-0.021734274069944288,2.538511343797241,4096.734731013632,0.5672179054338725,0.6292381802952409,-1.55037687093124,0.0,0.0,0.0,0.0,25,500,28010.11752650499,,,,2026-02-02T00:25:55.000Z
30.004452108789142,15.969550854592468,998.0269482233219,0.27470495881407203,-0.9946342927153391,4097.827169252467,-0.49620587574150743,-0.5075313435257685,-1.5370679870688635,0.0,0.0,0.0,0.0,25,500,28001.534303865148,,,,2026-02-02T00:25:56.000Z
30.006611809905927,16.005477776698736,998.0063531178358,5.836347110120185,0.5881640775864282,4094.3936420986392,0.04693629841522772,0.8341005719100684,0.6690447424705321,0.0,0.0,0.0,0.0,25,500,28033.352681898083,,,,2026-02-02T00:25:57.000Z
30.00667536094794,16.192403784383874,997.9940431377389,-0.36829163136640414,0.3266693613550769,4098.985377137919,-0.5561645694219997,0.9118135935708017,-2.4902817083763287,0.0,0.0,0.0,0.0,25,500,27997.194392076795,,,,2026-02-02T00:25:58.000Z
29.99728660834774,16.091265913755173,997.9932444795937,-2.260357458969367,2.9234340325142365,4095.457752797915,0.14876073333569612,-0.6687782387811225,-0.6664799269634811,0.0,0.0,0.0,0.0,25,500,27987.30536763031,,,,2026-02-02T00:25:59.000Z
30.002545343010368,15.953624230520049,998.0080523127297,0.5460214349887714,1.9428247153447193,4095.957265411303,1.5401078237440315,-1.416990139680991,-0.7656532852453778,0.0,0.0,0.0,0.0,25,500,27989.974449594192,,,,2026-02-02T00:26:00.000Z
29.993497669137707,15.905504372922024,998.0090492014966,-4.1492800750927366,-2.5905172413342417,4094.5055766417045,0.968498802624876,0.581373059338924,-0.2821595359874645,0.0,0.0,0.0,0.0,25,500,27997.25260510641,,,,2026-02-02T00:26:01.000Z
30.016748016779356,16.100219265380325,998.0079810771308,-0.18391356520853172,-2.37510633355008,4091.1515194794542,0.5207943056927528,-1.5733469496057397,-1.8564315499362027,0.0,0.0,0.0,0.0,25,500,28015.187750054916,,,,2026-02-02T00:26:02.000Z
30.01144205158658,15.946664104277964,997.9957444264135,0.03205056459032085,1.1578196361382684,4097.768090792722,-0.4928849123837183,0.15201577783777934,0.40388809474061865,0.0,0.0,0.0,0.0,25,500,27998.136561378535,,,,2026-02-02T00:26:03.000Z
30.010829568290408,16.021674008786498,998.0030584364441,1.5892007658904228,-0.12867529475833303,4097.473687794185,0.7499383929448385,-0.4472451047873071,-1.273161394159899,0.0,0.0,0.0,0.0,25,500,28015.66052098366,,,,2026-02-02T00:26:04.000Z
30.007941159345734,15.863022351074088,998.0011091509764,1.9472444988556938,-0.9103435679075278,4095.4373448857637,-1.686876951373053,1.218665210788921,1.132405540709269,0.0,0.0,0.0,0.0,25,500,28004.34425115378,,,,2026-02-02T00:26:05.000Z
30.00519733305995,16.05692578552242,997.9906373962756,-1.007139237815435,2.0312557679889416,4096.13398143445,-0.2523534819908905,-0.39284389076720727,-0.6217656875888323,0.0,0.0,0.0,0.0,25,500,28010.833692963606,,,,2026-02-02T00:26:06.000Z
29.9875563751585,16.048869514574747,997.9907350615713,-0.301228029259866,0.37491876417782166,4097.0318784354085,0.5837114198239499,1.1072729720038041,-0.09561302341192035,0.0,0.0,0.0,0.0,25,500,28003.87168626627,,,,2026-02-02T00:26:07.000Z
30.006333012362557,15.875837993834184,998.0041196504454,-1.5322416612213419,0.1049147737788879,4092.874908286227,0.7404212140477514,-0.5142094443630262,0.003773856555206271,0.0,0.0,0.0,0.0,25,500,28003.79248006622,,,,2026-02-02T00:26:08.000Z
30.001142652300633,16.103162311287164,998.0019645108105,-2.256125109615388,1.5596572815100993,4094.9418946453075,0.669884490215741,0.999991005059611,0.244241052860572,0.0,0.0,0.0,0.0,25,500,28007.52710601106,,,,2026-02-02T00:26:09.000Z
30.012633640849508,16.055474580824278,998.0055335171085,0.6197895587612691,-0.750217989887129,4097.588529359244,0.2948306892096945,2.0603415438368318,0.03701437749614225,0.0,0.0,0.0,0.0,25,500,27994.332915179144,,,,2026-02-02T00:26:10.000Z
30.008074191823823,16.07400242527801,998.007910230387,-2.5471710971931985,3.137037970945108,4093.4914211536616,-0.19572497908388292,-1.0680471383662404,-0.4271105487326319,0.0,0.0,0.0,0.0,25,500,27994.442864554527,,,,2026-02-02T00:26:11.000Z
30.00550380470153,15.962132130724987,998.014993826225,-0.8292538011437263,-1.576095246466016,4096.587115864333,0.5379759698264889,0.29203572173090797,0.3430485306940432,0.0,0.0,0.0,0.0,25,500,28003.495469861646,,,,2026-02-02T00:26:12.000Z
29.9831577520247,16.017895641128643,997.9922409561389,-1.9903479197984748,1.3138581326841763,4093.2868363907533,-0.9528610405863005,2.748782415910065,0.4661471304949542,0.0,0.0,0.0,0.0,25,500,28019.41111475506,,,,2026-02-02T00:26:13.000Z
29.999109994633915,16.00633788688653,998.0063023619873,1.0993663725805194,2.8676656773196894,4096.932859964867,-0.8446772632932499,0.06658882690292169,-0.7651346671096204,0.0,0.0,0.0,0.0,25,500,27984.59246774733,,,,2026-02-02T00:26:14.000Z
29.994421077400965,15.985182959524577,998.0074919881653,3.602860198532976,-2.7545909785441998,4095.928717035405,0.06173467646029673,0.061788270229648265,0.426367818973557,0.0,0.0,0.0,0.0,25,500,27979.7081438056,,,,2026-02-02T00:26:15.000Z
30.00252365924183,16.017050327816584,997.9968786958748,-2.6031759656066624,-0.6866703517048984,4092.769736368189,0.17319764270874738,0.7884989473510197,1.191720302401696,0.0,0.0,0.0,0.0,25,500,27997.362561637714,,,,2026-02-02T00:26:16.000Z
29.995844517285573,16.125644297379637,998.0012186318357,-3.706036965795138,2.2844147857711157,4098.329478708914,-1.8256151785646464,0.04108086409475417,0.7058941961045526,0.0,0.0,0.0,0.0,25,500,28010.30847080494,,,,2026-02-02T00:26:17.000Z
29.997240542239066,16.10749506387039,997.997134414433,-0.2497737707001348,2.3144890954620503,4094.530816846404,0.45514638094951854,-1.7072259945705526,0.932375241647187,0.0,0.0,0.0,0.0,25,500,28000.5137608568,,,,2026-02-02T00:26:18.000Z
30.004590339049066,15.881813932253115,998.0210859038335,0.03139559191551676,-0.34299120077647854,4094.379495125971,0.7727283779193933,1.1322873748389386,0.17192084890744544,0.0,0.0,0.0,0.0,25,500,27988.30670153185,,,,2026-02-02T00:26:19.000Z
29.99567861886431,16.098540181690694,998.0010485269044,0.43731861351459544,-1.469342187353719,4096.401138394462,-0.07728523746629531,-2.0029484138651927,-0.9361504460748792,0.0,0.0,0.0,0.0,25,500,28000.790934968663,,,,2026-02-02T00:26:20.000Z
30.00121591539574,16.119114337274805,998.0045150510871,-0.8926410304686898,1.9118716446615245,4098.297274698857,2.3744662832839922,-0.4167916511383418,-0.8096444597036451,0.0,0.0,0.0,0.0,25,500,27982.67026787117,,,,2026-02-02T00:26:21.000Z
29.98480588109126,15.984882232664763,997.9973601570308,-0.40127859765086366,2.3670982051632095,4093.9683563620433,-0.6829351063151862,1.2074257491566482,0.31988796785441165,0.0,0.0,0.0,0.0,25,500,28006.289170608743,,,,2026-02-02T00:26:22.000Z
29.991675985232398,16.050844710379778,997.9952036543375,0.7350208210812044,-2.3293266970247894,4096.123359699696,-0.3610871633868695,-0.35654242864278574,0.9427637251523103,0.0,0.0,0.0,0.0,25,500,27996.90891983547,,,,2026-02-02T00:26:23.000Z
30.00656043567203,16.0494001667303,997.986979973383,2.080861785289678,-2.4078272979327604,4096.857633000661,-0.39506690612720935,-0.6936964924644041,2.7859119139940556,0.0,0.0,0.0,0.0,25,500,27999.179675004547,,,,2026-02-02T00:26:24.000Z
29.987698078833034,15.91500333833257,998.0109986862473,-3.9100975406365657,0.4505133639671991,4097.386211214526,-0.07618761129101755,0.8792639051665606,0.9818219444386037,0.0,0.0,0.0,0.0,25,500,28004.27185470511,,,,2026-02-02T00:26:25.000Z
30.01245725077603,15.961804371247167,998.007684374974,-0.7378788780629244,1.258721266857784,4096.352883110554,-0.3287248129662911,-0.8511147868343866,-1.170435757497502,0.0,0.0,0.0,0.0,25,500,28002.05688917376,,,,2026-02-02T00:26:26.000Z
30.009743993553013,16.07508102388516,997.9969890355557,0.4276175878821268,-0.5981381704601098,4095.2659443218336,-1.4068105446048718,-1.2222257195919537,-0.7672725723599824,0.0,0.0,0.0,0.0,25,500,27994.58740426269,,,,2026-02-02T00:26:27.000Z
29.9973177006466,15.950417776316854,997.9909963009694,-1.835952209221472,1.3585876399646986,4094.3448195587025,-0.5465482962364754,0.2745139874932834,2.2785173159559986,0.0,0.0,0.0,0.0,25,500,28010.336128376464,,,,2026-02-02T00:26:28.000Z
30.029987341055026,16.09754995592623,998.0017990852642,3.462339263534599,-1.4202732136747642,4096.172287766093,-0.09762069577407609,-0.18292329841259092,-0.21438893197677833,0.0,0.0,0.0,0.0,25,500,28007.96932564639,,,,2026-02-02T00:26:29.000Z
30.012431035778484,16.130497244084975,997.9950230319371,-1.270819760457474,-4.229387198147471,4093.8557219760287,1.2285720820619974,-1.243673114188842,0.047514634761288484,0.0,0.0,0.0,0.0,25,500,27982.25715807776,,,,2026-02-02T00:26:30.000Z
29.990507204932943,16.11436718419805,997.9977795743137,-0.08258537401456567,-0.8478021446651921,4090.157299033011,2.2022432733729134,0.63695253999487,-0.9604169204092289,0.0,0.0,0.0,0.0,25,500,27997.697573285273,,,,2026-02-02T00:26:31.000Z
30.007461740537,16.197980460316945,997.9873644005539,1.1120441936845815,0.12646429302620235,4096.873119608315,1.3354738978506546,0.4644876055772338,1.5651034055742439,0.0,0.0,0.0,0.0,25,500,27989.197132063036,,,,2026-02-02T00:26:32.000Z
30.000658630663196,15.990926771770889,998.0021706958065,-1.182569577603789,-0.5516799197929131,4097.807869682172,-0.7753790296726064,-0.35975501660563197,0.5003332073206254,0.0,0.0,0.0,0.0,25,500,27987.319419008047,,,,2026-02-02T00:26:33.000Z
29.992232879091407,16.017720107396908,998.0023700320199,-3.6931460956088342,-2.3172065273189704,4091.2741351289164,-0.6958096106261655,-0.2913320061249465,-0.7746013478853117,0.0,0.0,0.0,0.0,25,500,28005.351336235115,,,,2026-02-02T00:26:34.000Z
29.98930090856834,16.032066304776265,998.0109472288424,-0.8573090538330665,-3.631297951757635,4093.98053859058,-0.15932857750935098,0.47039274200915654,-0.9938252888572712,0.0,0.0,0.0,0.0,25,500,27995.80738719335,,,,2026-02-02T00:26:35.000Z
30.009948933348884,15.993960207500926,997.9984925843137,2.058881111854081,-1.0281776087357957,4097.238308522011,1.7845588888535862,1.1903614197520662,0.3072039458978721,0.0,0.0,0.0,0.0,25,500,27998.572283510537,,,,2026-02-02T00:26:36.000Z
29.99402054535376,16.054217897410165,997.996664375228,-0.6737902535702771,1.7953115432994873,4100.1149909394235,-0.1654240521818934,-0.28279321010932484,0.04420617488045252,0.0,0.0,0.0,0.0,25,500,27993.30315066223,,,,2026-02-02T00:26:37.000Z
29.99898123644963,15.828879597098801,997.9844323913388,-1.6928686029179572,2.5123948788273647,4096.0415874153505,-1.3275074905374307,0.6546884930081445,0.8321102172211272,0.0,0.0,0.0,0.0,25,500,28003.7017545282,,,,2026-02-02T00:26:38.000Z
29.990789740717734,16.02049053886925,998.0110096094836,1.8513444190054433,2.37542676827691,4094.543994117542,-0.5011771369530351,0.5652002170845991,0.5469684731271998,0.0,0.0,0.0,0.0,25,500,28006.78346885319,,,,2026-02-02T00:26:39.000Z
29.992518420627015,15.862256335011711,998.0089282311656,-0.6615497920461054,-1.631819070297106,4095.6342071177905,0.757056001819417,0.8793072927089763,-0.2644803487686226,0.0,0.0,0.0,0.0,25,500,28021.702548629764,,,,2026-02-02T00:26:40.000Z
29.998730707999286,15.903737672239242,998.000287384414,-1.0203216273004345,-2.307412647260728,4098.749752838296,0.6899402768960868,0.039309198743465314,-0.5438015954613664,0.0,0.0,0.0,0.0,25,500,27998.190257355018,,,,2026-02-02T00:26:41.000Z
30.00388182292724,16.07328898110299,997.9867076894546,0.29891217932661907,0.9932692299597907,4094.708071641751,-0.2002166664916561,-0.9123255140663579,-0.15994214829883396,0.0,0.0,0.0,0.0,25,500,27985.515825252245,,,,2026-02-02T00:26:42.000Z
29.974116408364484,15.980088376155098,997.9878547296892,1.5415004192375747,1.2702000231958506,4094.4016159866997,0.6834146735600306,-0.4624991531999693,-0.5506808466567625,0.0,0.0,0.0,0.0,25,500,27994.961063095685,,,,2026-02-02T00:26:43.000Z
30.000169197991667,16.06976144747158,997.9945289407124,4.763427063465092,0.8003392104009949,4095.034512955636,-2.273172202546832,0.34285346578164794,-0.1301955328047618,0.0,0.0,0.0,0.0,25,500,28008.470599213815,,,,2026-02-02T00:26:44.000Z
29.99253878987415,15.977922339639887,998.0096522570886,1.6544722153148461,-4.028126548475527,4094.0933427834825,0.10382923503269768,1.818464378381593,0.016440928619381696,0.0,0.0,0.0,0.0,25,500,27992.273548098696,,,,2026-02-02T00:26:45.000Z
30.014023626534502,16.110640631639114,998.0029033763524,2.3196799327766886,-1.7337691697669333,4096.245340631989,0.8606854213686301,-0.48401962319627845,-0.897930893380057,0.0,0.0,0.0,0.0,25,500,27985.17872400545,,,,2026-02-02T00:26:46.000Z
30.029427526460054,15.97609192943787,997.9850664281112,-1.0119323979757107,-0.05937758057195686,4099.249356916939,-0.8328632751545352,0.8047874435273991,0.6306798620978803,0.0,0.0,0.0,0.0,25,500,27992.48182313712,,,,2026-02-02T00:26:47.000Z
29.996407209650464,15.804508151043688,998.004042119146,-2.0517362119389526,0.9744363892608543,4096.646158546232,-0.836338536496288,-0.32805645067676004,-0.3704277144696703,0.0,0.0,0.0,0.0,25,500,27994.666340822507,,,,2026-02-02T00:26:48.000Z
29.982777714392867,16.022539258201128,997.9916085342082,0.12466269923824592,1.5346147252049736,4095.4952929957476,-1.8664481527634753,0.11046875588613572,-0.8418843502853434,0.0,0.0,0.0,0.0,25,500,27989.173304520355,,,,2026-02-02T00:26:49.000Z
30.001168769699184,15.783114015429746,997.9947778777349,0.21433983051919242,0.28850704456408005,4095.416377462169,1.589895594810694,1.5153967492635925,-0.35160742828186803,0.0,0.0,0.0,0.0,25,500,28002.174765141164,,,,2026-02-02T00:26:50.000Z
29.997945706705067,15.854727909746758,998.0097173801253,-2.1570254827291944,0.6615676130764719,4092.8736183826068,-0.7201539770215667,0.7642925814204332,0.24225815662028627,0.0,0.0,0.0,0.0,25,500,27999.209777187934,,,,2026-02-02T00:26:51.000Z
30.019713506490014,15.911705347100144,998.0076550408378,-0.3505890598080257,0.16973091672220833,4097.766219554294,0.24104327786211174,-1.2412992727409569,0.08303819981330346,0.0,0.0,0.0,0.0,25,500,28007.89705240819,,,,2026-02-02T00:26:52.000Z
30.016665893433757,15.899229052222982,998.0109309988283,0.7986352034382618,1.371238748436966,4095.8443256059745,0.6039170414833746,-0.5724750238115909,0.4221181149044621,0.0,0.0,0.0,0.0,25,500,27995.541401650746,,,,2026-02-02T00:26:53.000Z
30.008653749705967,15.94549491955837,997.9997686648092,0.7207867900361603,0.625731302981822,4095.6390401728186,1.512067949141453,1.2562213444413588,0.898346125075529,0.0,0.0,0.0,0.0,25,500,28005.580647685685,,,,2026-02-02T00:26:54.000Z
29.994133059187874,15.89579321764689,998.0088302455787,1.0085757067685448,0.13147532009457474,4102.38621513569,-0.15389777398563528,0.14187804262849532,1.3049402040080331,0.0,0.0,0.0,0.0,25,500,27995.077292059763,,,,2026-02-02T00:26:55.000Z
30.006777665661808,15.859404733641433,997.9941386373624,0.5819294602748859,-0.5367375982747615,4096.597505816731,-0.5394297937784186,-1.1488401196158635,0.2854861626880532,0.0,0.0,0.0,0.0,25,500,27988.70387638191,,,,2026-02-02T00:26:56.000Z
30.002650063590682,16.154183574484076,997.997424340654,-1.0140173185401116,0.1625828500849622,4094.49641789981,0.17306764857055348,-0.8189524449737209,-1.0694023872354967,0.0,0.0,0.0,0.0,25,500,27994.569808647542,,,,2026-02-02T00:26:57.000Z
30.002413232032993,15.932185545360811,997.9967370677559,-1.0278012532976863,0.9691827576785497,4095.147284807589,1.284080276542287,0.7034935227111718,-0.26911080253030073,0.0,0.0,0.0,0.0,25,500,27983.817328109497,,,,2026-02-02T00:26:58.000Z
29.98441770151432,15.77692323468526,998.0002386501823,-2.397902795987752,0.5349507777961224,4098.296891418394,-0.17017253140078376,0.9944102812176302,-1.0043183843830081,0.0,0.0,0.0,0.0,25,500,28017.882156399828,,,,2026-02-02T00:26:59.000Z
30.010617953384536,15.963908162699074,997.9871350891369,3.56955007837019,0.7616528366905075,4096.226540821075,-0.9548690815840764,0.017855301482174405,1.6968540737122817,0.0,0.0,0.0,0.0,25,500,28001.42499747786,,,,2026-02-02T00:27:00.000Z
30.00107808328311,15.887526894197245,997.9977499509688,0.026900729238586014,2.685443722702371,4093.1234440433655,-1.5407578083153624,2.475313800936102,1.9874008825271634,0.0,0.0,0.0,0.0,25,500,27992.045931096694,,,,2026-02-02T00:27:01.000Z
29.998991586524554,15.911503237270718,998.0145165730152,-0.44970611158970386,0.5303278454931748,4097.83845786915,-1.2212973846052253,0.8241523634556386,0.6503111974963428,0.0,0.0,0.0,0.0,25,500,27996.22355837718,,,,2026-02-02T00:27:02.000Z
29.99399843504991,16.07103424813525,997.9890747183819,-1.8575841629049175,-1.2979970409463153,4094.663711828922,0.8643914974066649,-0.2434810696329004,0.8584588426390306,0.0,0.0,0.0,0.0,25,500,27975.4953601676,,,,2026-02-02T00:27:03.000Z
29.992063835003467,15.955184238121479,997.9867067871809,5.8713158046555565,1.767213571988338,4099.746595552435,-0.3206244763068115,-0.8157060480993442,0.25094319323665915,0.0,0.0,0.0,0.0,25,500,28014.343532250718,,,,2026-02-02T00:27:04.000Z
30.00317258581279,15.884740339878212,997.9875131167233,-2.146656064445791,-2.732396675337835,4098.160096131429,-0.6075209099207104,-0.9748843046390414,0.36605591546079125,0.0,0.0,0.0,0.0,25,500,28013.365480442142,,,,2026-02-02T00:27:05.000Z
29.98250837198142,16.044625350995723,998.0266185944407,-0.8576958512121468,-2.1628267614785743,4095.1053562086827,-0.7159672231839423,0.3354213204803695,-1.5974542183291225,0.0,0.0,0.0,0.0,25,500,28001.0754190416,,,,2026-02-02T00:27:06.000Z
30.0078949875965,16.114994083060907,998.0046485198087,0.831673672572121,0.6716945294401382,4098.56203272347,0.08504586020018182,-0.48877704491340684,-0.07393236525691027,0.0,0.0,0.0,0.0,25,500,28003.194622960633,,,,2026-02-02T00:27:07.000Z
29.989458945630044,16.053687216263985,997.9972973461566,1.2004259314885555,1.0327933355731576,4096.135711021055,-0.23945509376558377,1.6737437539834248,-0.8811530623462598,0.0,0.0,0.0,0.0,25,500,27987.323232230745,,,,2026-02-02T00:27:08.000Z
29.979413193137948,15.754644442834957,998.00068320413,1.915864110431368,-2.49010244700799,4097.705547350244,-0.2731321437192525,1.4663118029178595,0.2813565375383702,0.0,0.0,0.0,0.0,25,500,27988.050301047395,,,,2026-02-02T00:27:09.000Z
30.01821895315926,15.888501049760299,998.0022763939925,3.6152170155385264,-0.7656349619735,4096.969465634589,1.3493239278107392,0.6330665474972272,-0.0596098453885342,0.0,0.0,0.0,0.0,25,500,27983.027038508124,,,,2026-02-02T00:27:10.000Z
29.991419129506543,16.00474485306362,997.9935955002427,1.0123153109214247,-1.2121676644393173,4094.3072866900184,1.5380162818616334,-1.1789961729568956,1.9468219623461143,0.0,0.0,0.0,0.0,25,500,27998.389319142265,,,,2026-02-02T00:27:11.000Z
29.992778408384783,15.975570059473599,997.9948278325129,-2.112061599933335,-0.9733526457631935,4094.7129003353652,-1.6100216729089964,-0.672218872552405,0.9166276887228414,0.0,0.0,0.0,0.0,25,500,28010.61035404866,,,,2026-02-02T00:27:12.000Z
30.01134538331008,15.967272484606081,997.998423168678,-0.513890250243563,1.8871955525458917,4098.059921635162,0.3275927311429576,1.2556775257411008,0.2845119825216449,0.0,0.0,0.0,0.0,25,500,27996.167853712977,,,,2026-02-02T00:27:13.000Z
30.018544309005165,15.901724330715917,997.9927524491177,0.6156647450277699,1.4130109270945055,4095.330449335787,-0.7768620986213922,-0.563066199795102,-0.26693968713962596,0.0,0.0,0.0,0.0,25,500,28003.476958301777,,,,2026-02-02T00:27:14.000Z
29.984669984213966,15.859441591692256,997.9960306539298,4.136452083011648,-0.038244359707414965,4095.192703073516,-0.24825111386109355,1.1221417339195243,1.6760214587599298,0.0,0.0,0.0,0.0,25,500,28009.788338948936,,,,2026-02-02T00:27:15.000Z
29.990438319397494,16.2007781717813,998.0035309157734,-2.795610956848594,-1.0919238542298557,4094.0897548413013,0.3092783851266944,0.474603923034761,-0.029954646126529826,0.0,0.0,0.0,0.0,25,500,27983.75899322022,,,,2026-02-02T00:27:16.000Z
29.991173211778396,16.00271109531389,997.9900284682038,2.405153010450455,-2.699299340440281,4096.847198131187,-0.21271991693091935,0.05171788481318731,0.3316739616352778,0.0,0.0,0.0,0.0,25,500,28018.455654253794,,,,2026-02-02T00:27:17.000Z
30.009348016626955,16.06421217888674,998.0260994942095,0.3598287390928336,2.8403698775638975,4100.125049838486,0.23045988062763317,-0.7028328129354411,0.042249604426835,0.0,0.0,0.0,0.0,25,500,28011.57320387431,,,,2026-02-02T00:27:18.000Z
30.016391321279297,16.000625117358382,998.0075315661088,1.6756610704589614,1.1842278005698368,4093.8649341714913,0.6729702060319175,-0.0942438435247516,-0.4041539057073227,0.0,0.0,0.0,0.0,25,500,28005.138927177602,,,,2026-02-02T00:27:19.000Z
29.98919747438422,16.0046348698638,997.9872991526149,-0.20398943327186397,-1.4133382081462809,4096.048438913345,0.29457680054031987,0.18964795487489794,0.03650622238552014,0.0,0.0,0.0,0.0,25,500,28009.240945305362,,,,2026-02-02T00:27:20.000Z
30.01414745337968,15.993789660019072,997.975220964909,-1.6848652602526528,1.439198995249783,4098.824441110831,-0.6468363041676235,1.0325388983011217,-1.9619668506783159,0.0,0.0,0.0,0.0,25,500,28009.710763032752,,,,2026-02-02T00:27:21.000Z
29.992909658884713,15.887955414092557,997.9931249671487,1.501745558802664,-0.14044724114925133,4095.8407172175084,-0.6291996069703238,-0.8857356006337547,-1.5477064012411874,0.0,0.0,0.0,0.0,25,500,28002.926398865897,,,,2026-02-02T00:27:22.000Z
30.003361229029455,15.848551054196575,998.0068436064961,1.3088620542112424,-0.5742190097246858,4096.9047435924995,-1.4397052966180355,-0.26281684252611515,0.34963054166962754,0.0,0.0,0.0,0.0,25,500,28014.282779528927,,,,2026-02-02T00:27:23.000Z
29.987285463005723,16.038622537374497,998.0049046989445,1.9441139314794438,0.8704230565792047,4093.875212943706,-0.8539202975207183,0.04482313193228475,1.5681996905274862,0.0,0.0,0.0,0.0,25,500,27995.473396513826,,,,2026-02-02T00:27:24.000Z
29.99878069586418,16.01878424072712,997.9988915148965,-0.02660927075727062,-1.48299649982545,4096.856614194416,1.9620683618985282,0.6626783576861647,0.34822110414416885,0.0,0.0,0.0,0.0,25,500,28004.618112051954,,,,2026-02-02T00:27:25.000Z
29.998888872859272,16.09382808984597,997.9939855753886,-1.1996440466396987,-0.6875130390202201,4095.625711469991,-0.7920035740952445,-0.9084643375227769,-0.7203688548966539,0.0,0.0,0.0,0.0,25,500,28013.2164280125,,,,2026-02-02T00:27:26.000Z
29.996848416936846,16.0735360826642,997.9909586862601,-3.117573990047683,0.24292212839909177,4097.97145999136,-1.1933788124438198,-1.316569792887215,-1.4428537540673354,0.0,0.0,0.0,0.0,25,500,27973.088002439406,,,,2026-02-02T00:27:27.000Z
30.003849709813196,15.919148780725033,997.995974169289,1.6387465362788127,-0.9989023857704269,4098.3747721031295,0.31992786184477334,0.6739651517100497,0.7845272604756386,0.0,0.0,0.0,0.0,25,500,28004.379633459743,,,,2026-02-02T00:27:28.000Z
29.989929691351474,16.11325913089219,997.9898762002617,0.8477789648879721,1.338170420535048,4101.179127284037,-0.11036475929185985,-1.5179491149467033,-0.567195151015101,0.0,0.0,0.0,0.0,25,500,28007.246049784433,,,,2026-02-02T00:27:29.000Z
29.99116276701813,16.076502719515453,997.9960112224379,-1.9315652657279185,3.7381330073565215,4097.159266346427,-0.19559323684922542,1.2849797147621682,0.64323541855256,0.0,0.0,0.0,0.0,25,500,27982.915586341154,,,,2026-02-02T00:27:30.000Z
30.004378721449495,16.069084156985735,998.0133095093582,-1.0771473465932484,-1.5085962652142855,4096.651592633164,1.40904596641209,-0.15592609748290798,0.38986515806571725,0.0,0.0,0.0,0.0,25,500,28002.818200860165,,,,2026-02-02T00:27:31.000Z
30.01342035330976,16.22493267919788,997.9922876020075,-0.9335176239028811,-3.3302505926080888,4096.388768603155,0.5491266755583651,-1.5475310822744464,0.47830039225468934,0.0,0.0,0.0,0.0,25,500,27992.062940196403,,,,2026-02-02T00:27:32.000Z
29.99977186305952,16.204395876250818,998.0061088128306,-2.9659688639648363,-4.003480334952523,4095.2936674143784,-0.5299929317034754,-0.4804202194034942,0.03360170735355592,0.0,0.0,0.0,0.0,25,500,28003.96806281591,,,,2026-02-02T00:27:33.000Z
30.00503670773462,16.06899137665549,998.0076342381299,-1.6353647932102675,-0.30093628298996444,4096.6769676869235,-0.42447591759177994,0.3791236330692372,0.38364438496964126,0.0,0.0,0.0,0.0,25,500,27999.050007035894,,,,2026-02-02T00:27:34.000Z
30.007580800102975,16.056519720583754,997.9892039868147,-2.2676607136127083,-1.3263291802523656,4095.409197179722,-0.5025865139056851,-0.5327010875549777,-0.1194544012563351,0.0,0.0,0.0,0.0,25,500,27990.536718308296,,,,2026-02-02T00:27:35.000Z
30.008305051886335,16.108165518176968,997.9915662812544,-0.8249580237758734,0.41572100213416124,4096.336921952539,0.8747396215802571,0.020029748824347503,-0.6353065343682036,0.0,0.0,0.0,0.0,25,500,28011.096636636015,,,,2026-02-02T00:27:36.000Z
29.990464752741634,15.941604623032962,998.0106894343699,-1.4773949966591255,0.26519534405220213,4098.635195071216,-0.30814762945313745,0.7400783657052865,-0.9634990605160515,0.0,0.0,0.0,0.0,25,500,27995.816349760105,,,,2026-02-02T00:27:37.000Z
29.99222989769795,15.943017074240895,997.9907423596035,-3.2540098417334975,-3.2064336932281923,4093.9869148694406,-1.7931535024541505,-0.20219033538761957,-2.3850087979709786,0.0,0.0,0.0,0.0,25,500,28002.699637940215,,,,2026-02-02T00:27:38.000Z
29.993099254060564,16.06734214070919,997.9994251425079,4.045180461138963,-3.629767658962812,4098.279757122258,-0.04831967873434432,-0.9370576764661336,-0.18110956240450954,0.0,0.0,0.0,0.0,25,500,28013.14047623484,,,,2026-02-02T00:27:39.000Z
30.01928633800894,15.914352391087244,998.0203998382217,2.5050814620584614,0.5918664806921905,4098.6342301346795,-1.537026001127929,-0.298983997371841,1.519378182951953,0.0,0.0,0.0,0.0,25,500,27990.83305505617,,,,2026-02-02T00:27:40.000Z
30.005081929391718,16.059276948552327,998.0097983225706,-1.5580388430399712,0.270857669439914,4095.763862946018,2.184230601754902,1.41484013645926,0.7300800925375974,0.0,0.0,0.0,0.0,25,500,28000.080492479727,,,,2026-02-02T00:27:41.000Z
30.004633157203852,16.01568321665362,998.0008523045174,0.5448427933072197,-0.8516359967331025,4091.7562902019827,-0.9656679138472309,1.685064345333184,0.2277091184759583,0.0,0.0,0.0,0.0,25,500,27995.046728549565,,,,2026-02-02T00:27:42.000Z
30.003662357531837,15.914380989540788,998.0084073057453,0.83493017964259,-3.3142871702646093,4094.784356025811,-0.16186476535773067,-2.019926173942275,-0.734004994289151,0.0,0.0,0.0,0.0,25,500,27997.278203554622,,,,2026-02-02T00:27:43.000Z
29.986792065963805,16.002586651028828,997.9994407791469,2.3821717095469537,0.9427825255299815,4098.593989093122,0.2582027347011369,1.091027909191477,0.9973392257590772,0.0,0.0,0.0,0.0,25,500,28021.560852079063,,,,2026-02-02T00:27:44.000Z
30.01938190470777,16.130508159213843,998.010182318332,-1.6372100533201572,2.543799090847887,4095.9542638754024,-0.28865816067923,0.25014771603535624,-0.1193093118030249,0.0,0.0,0.0,0.0,25,500,28004.5677588407,,,,2026-02-02T00:27:45.000Z
30.00479187530787,16.008237045065385,997.9795373456865,2.184213567964852,0.5559648804378445,4094.00139553541,-0.29003040146619263,0.9239826791201501,1.5749343137890586,0.0,0.0,0.0,0.0,25,500,28003.135926766223,,,,2026-02-02T00:27:46.000Z
30.00723160112655,16.008654764761797,997.9986073400363,-1.0958106084138701,-1.6949477811301292,4094.9904501575434,0.4218272861608771,-0.5504882602676295,-0.9810872632946813,0.0,0.0,0.0,0.0,25,500,28005.240873339313,,,,2026-02-02T00:27:47.000Z
29.982344787110843,16.03289852789046,997.9791366009341,-2.6717248083372267,0.08910433114230262,4097.681240053009,1.5262159587962787,-1.768263509501486,-0.7499695279726564,0.0,0.0,0.0,0.0,25,500,28004.302596275826,,,,2026-02-02T00:27:48.000Z
30.007796438523616,16.045918852289162,998.0016135518823,1.4482731186289945,-2.73222816186737,4097.093467136403,0.7675090818172975,0.5844887886474618,-0.8472699442196283,0.0,0.0,0.0,0.0,25,500,27981.741864610147,,,,2026-02-02T00:27:49.000Z
29.996437875498724,15.966915953391881,997.9976382210173,2.5815168482448563,2.115921427677585,4095.5221358016606,1.4785138785735428,-0.940977261282717,-1.482118370434013,0.0,0.0,0.0,0.0,25,500,28022.96760820522,,,,2026-02-02T00:27:50.000Z
29.98677217025274,16.035026104796703,998.0136072984665,5.175817947061369,0.16368866905907764,4095.266351176371,-1.046619108093502,-1.3882924314848524,-0.9370446851917625,0.0,0.0,0.0,0.0,25,500,27985.356304748613,,,,2026-02-02T00:27:51.000Z
29.990462363341283,15.895092964040927,998.0071182736859,-2.399450530180427,-3.5363138235064637,4095.2164837019122,0.31736263325536135,-1.3184013824734664,0.10321625976591761,0.0,0.0,0.0,0.0,25,500,28017.325942660264,,,,2026-02-02T00:27:52.000Z
29.987351057915465,15.92009289431661,997.9947391231246,1.3978393701615777,-0.6013487208873652,4094.155179631003,0.15524605205827927,0.6009137824153344,-0.7122010248506275,0.0,0.0,0.0,0.0,25,500,28006.18015365022,,,,2026-02-02T00:27:53.000Z
29.987182158048853,15.932885089192437,997.9959378374342,-0.8196024875870661,0.9266030204684617,4099.230751378939,0.3510912916767348,0.13945246602919717,-3.856375329240597,0.0,0.0,0.0,0.0,25,500,28001.807790181345,,,,2026-02-02T00:27:54.000Z
30.000605478203642,16.046976268963412,998.0038069653023,1.5667174210480626,-0.6660952419510449,4095.3553590615775,1.3762319706355726,0.7824660218746737,1.0742732974201217,0.0,0.0,0.0,0.0,25,500,27996.945150239233,,,,2026-02-02T00:27:55.000Z
29.996132372112683,16.01602328275563,997.9942743940745,-2.940979102462501,-0.5517914428803478,4098.434317041651,-0.22078914979205405,0.6690752544963648,-1.6840937293474054,0.0,0.0,0.0,0.0,25,500,28026.051605510933,,,,2026-02-02T00:27:56.000Z
30.003340693621613,15.986564042275605,997.9996762721362,-2.525539551397128,-2.4488044140945435,4099.042632103845,-0.4055033665540877,-0.42093356458376585,0.589228284886637,0.0,0.0,0.0,0.0,25,500,28006.044895601743,,,,2026-02-02T00:27:57.000Z
30.01675975871068,16.06907699895853,998.0131669806451,-1.5517496463329676,1.1330819741633122,4097.996621796296,0.5339807974186639,-0.07047357387745573,0.031214589669564773,0.0,0.0,0.0,0.0,25,500,28000.176880649185,,,,2026-02-02T00:27:58.000Z
29.998704962863727,16.037886208274234,997.9917086981646,0.15792809133616903,-1.2969384000382749,4095.136759374564,-1.7782027275658474,-0.5114375287825396,2.1173728164203425,0.0,0.0,0.0,0.0,25,500,27994.647372954896,,,,2026-02-02T00:27:59.000Z
29.977551107060417,15.971002322001713,997.9955232563404,-1.2821625330767108,-4.312890754010065,4096.807460180673,-0.2368520491221783,-0.21032777286549081,0.9969574815226198,0.0,0.0,0.0,0.0,25,500,27993.44851731253,,,,2026-02-02T00:28:00.000Z
29.99758041788452,15.896476915718019,997.9969256765455,1.3181086878268393,-0.7425147413407877,4095.951608787218,-0.13419768928545298,-0.967254737981066,-0.5046045954849743,0.0,0.0,0.0,0.0,25,500,28000.506108471724,,,,2026-02-02T00:28:01.000Z
30.011933944363978,15.918029119877325,998.0315807342619,2.053789236515829,1.962299431140706,4094.19259627854,-0.9203586163069253,0.3904842938743351,-0.702063562355312,0.0,0.0,0.0,0.0,25,500,27990.693969683387,,,,2026-02-02T00:28:02.000Z
29.99914060527503,15.85331905346071,998.0060824266251,1.1991550824907116,-0.7738588931998948,4096.648718563443,1.0570590113565772,1.0751207489817565,1.5027276807992853,0.0,0.0,0.0,0.0,25,500,28006.796510479446,,,,2026-02-02T00:28:03.000Z
30.01529330653692,16.014056955015082,998.0113206833905,3.237575279321736,3.4759699702470406,4093.6419204176805,-1.0622403173432842,-0.8166130298209866,-1.4758710971014117,0.0,0.0,0.0,0.0,25,500,27993.543576327636,,,,2026-02-02T00:28:04.000Z
30.00452941593138,15.913786121754633,998.0076812571187,0.831653258910686,0.8579358970970341,4098.375358776923,-0.1358730483637962,1.2812696454013426,0.19087993591870805,0.0,0.0,0.0,0.0,25,500,28010.04955514446,,,,2026-02-02T00:28:05.000Z
29.981617302656026,15.950467701801612,998.0083539386599,-2.433793420680334,0.6775163245607322,4095.070765405403,0.29315722532296834,0.11352149647794171,-0.131120463249672,0.0,0.0,0.0,0.0,25,500,28009.82587381311,,,,2026-02-02T00:28:06.000Z
30.001095822504382,15.987240931937114,998.0047357353733,2.7267530270766795,-0.2567965318352177,4096.4023193117455,1.3534515614761184,0.24107897640581327,-0.34322606870467587,0.0,0.0,0.0,0.0,25,500,27999.445643208757,,,,2026-02-02T00:28:07.000Z
30.002970012942647,16.104399519133068,998.0036526920006,-1.2103124712119948,-0.13657241552858126,4096.5665757430925,-0.010556434880853316,-1.6994295196075182,0.3535139844484254,0.0,0.0,0.0,0.0,25,500,28005.80302229855,,,,2026-02-02T00:28:08.000Z
30.010803558012736,16.09287905983168,997.9854925534553,1.82083699937114,-0.526847270239008,4095.4821900525917,0.9361535941282105,-1.807262309565734,0.18955986050867568,0.0,0.0,0.0,0.0,25,500,28006.30363909527,,,,2026-02-02T00:28:09.000Z
30.018196365716115,15.994529152874602,998.0035786455634,3.1474684331102125,-0.6045387841650529,4097.17338760295,0.7005953972771274,0.14411636277968193,0.45740074279174425,0.0,0.0,0.0,0.0,25,500,27985.37668390855,,,,2026-02-02T00:28:10.000Z
30.009077255197088,16.12655034894003,997.9989165640761,0.9133760214607983,1.0617343241342976,4095.050192686755,0.12345755616914253,0.7897321246320076,0.13897565236328388,0.0,0.0,0.0,0.0,25,500,28017.316929886536,,,,2026-02-02T00:28:11.000Z
30.004404797973873,15.798765149067913,998.0054545690285,-2.9923176263292994,-1.871662459581131,4097.742594594914,-1.0895134082734554,-0.6713804436449524,0.41768140501724765,0.0,0.0,0.0,0.0,25,500,27997.44256285713,,,,2026-02-02T00:28:12.000Z
30.006761882715782,16.18772205497665,997.9992914083336,-1.836424333019583,-2.1517876574485193,4093.3080406395065,-1.4345808609043489,1.6700939005830893,0.09336519293159469,0.0,0.0,0.0,0.0,25,500,28006.955735134157,,,,2026-02-02T00:28:13.000Z
29.998319931935505,16.06924997143046,998.0076316429273,2.645488933770271,-2.2463901017507553,4096.252759159092,0.10650540141918646,0.7349359742543154,-0.6594268872163145,0.0,0.0,0.0,0.0,25,500,28007.23623511053,,,,2026-02-02T00:28:14.000Z
29.985371221631926,16.01028032850199,998.0093993257115,-0.33824537128563276,4.091309095354308,4099.877857998116,-0.5426968739026136,-0.9083412517079852,0.004001260236595398,0.0,0.0,0.0,0.0,25,500,27975.104629084646,,,,2026-02-02T00:28:15.000Z
30.00041496086223,15.910864031924794,997.9708783997536,0.15914706988433167,1.06068580334116,4093.9993373507887,0.9192610916812918,0.030848667053507126,-0.71438655970402,0.0,0.0,0.0,0.0,25,500,27993.430708052507,,,,2026-02-02T00:28:16.000Z
30.00365290327459,15.956193263386954,997.9956610718183,1.5176488323272186,0.6089844033602896,4094.6445100589503,0.7458565180985776,2.476929133723412,-0.7803766047308504,0.0,0.0,0.0,0.0,25,500,28008.40368820426,,,,2026-02-02T00:28:17.000Z
29.98796342374088,16.060935089557805,997.9814261309411,1.392645724160647,-2.115029340586863,4097.027815699318,-0.1846109944370498,-1.2425640027997056,-0.3361500027177518,0.0,0.0,0.0,0.0,25,500,28000.622524594353,,,,2026-02-02T00:28:18.000Z
30.013266216395,16.06320793835314,998.0023894455464,0.5575996247709214,1.246684601349657,4096.3591635638795,-1.1577129239412693,0.5282699389151054,-0.11942316073584242,0.0,0.0,0.0,0.0,25,500,28006.88969336338,,,,2026-02-02T00:28:19.000Z
30.010054110154826,16.06683933705908,997.9969929162214,-0.41733674244093166,-0.23314269290665732,4096.701260198547,0.5107355496072734,-0.3227445527233424,0.03522530634781082,0.0,0.0,0.0,0.0,25,500,28000.923665614453,,,,2026-02-02T00:28:20.000Z
29.986282385847122,15.927150326563353,998.0135582847058,-0.6253368914647146,0.42833788226349967,4096.978374260295,-1.0179494461351504,0.7068962909185121,0.9163788273633305,0.0,0.0,0.0,0.0,25,500,28012.293817938033,,,,2026-02-02T00:28:21.000Z
30.0136583228879,15.907015228698478,998.0020724466181,1.715797650582686,-1.953240631727112,4097.269442937123,-0.758463922930865,1.2672736463183818,-0.4984640825408434,0.0,0.0,0.0,0.0,25,500,28001.140338884445,,,,2026-02-02T00:28:22.000Z
29.9969168563079,16.01952052443525,997.9951447002354,1.1071390621355865,0.3205377148351534,4098.219399683912,-0.9794157382151545,-0.3862370887113674,0.1968519264748205,0.0,0.0,0.0,0.0,25,500,28014.240890967805,,,,2026-02-02T00:28:23.000Z
29.992215084348818,16.076985395777147,998.0093857153985,-0.5146000012355793,-0.8476670764129663,4096.819637313857,-0.13850102193995345,1.1189122717071738,0.11802771394381888,0.0,0.0,0.0,0.0,25,500,27990.199714227878,,,,2026-02-02T00:28:24.000Z
30.010792776927467,16.000318484950487,997.9968179754218,2.1642246259862814,-1.5312223140603756,4095.517484690763,1.1701923340705616,2.221203394271961,-0.6086282874660651,0.0,0.0,0.0,0.0,25,500,27998.72359930521,,,,2026-02-02T00:28:25.000Z
29.9994894558724,16.148148424688518,997.995020024441,-0.25806823025956754,1.4682126716144974,4097.345147402405,-0.005040870223528701,0.06627473734423478,0.07374078620654491,0.0,0.0,0.0,0.0,25,500,27994.06600431418,,,,2026-02-02T00:28:26.000Z
30.01899185320837,16.00331374621901,998.0039362541464,-1.7033243486687866,-3.075415617060005,4099.799763869791,-0.44321869242769574,0.7848886874941853,1.0027214151773136,0.0,0.0,0.0,0.0,25,500,28003.886360640623,,,,2026-02-02T00:28:27.000Z
29.991471119561133,15.999929135616702,998.0161297138994,-1.5179413978066896,1.129552528628301,4095.7347325072346,-1.5256149300452442,-0.5904407702032749,0.1865062168834001,0.0,0.0,0.0,0.0,25,500,27997.213320551175,,,,2026-02-02T00:28:28.000Z
29.982683424760275,16.067055999119265,998.0085355190824,-1.957481672619532,1.3689722671059923,4094.050941390659,0.5521245847298429,0.019259309031212417,0.22658392902730803,0.0,0.0,0.0,0.0,25,500,27997.704858129062,,,,2026-02-02T00:28:29.000Z
29.99719561718834,16.121923013759204,998.0056693096528,-0.5448200332073744,-1.7592873511024814,4098.214161338574,-0.7804046059286275,-0.17667509270824255,-0.7053283309426673,0.0,0.0,0.0,0.0,25,500,27992.952336367496,,,,2026-02-02T00:28:30.000Z
30.007892224990606,15.865074474019545,998.0275094853353,2.467448556672386,-1.6406569222649348,4095.7592376720927,0.11751761915809661,0.7969359256585957,1.9688588512048761,0.0,0.0,0.0,0.0,25,500,27995.392644830714,,,,2026-02-02T00:28:31.000Z
29.990728570144643,15.88819882919644,997.9926758996364,-1.6101903620610176,-0.4460513625328044,4091.654660907972,-0.3542186159166406,1.2046759357569254,-0.648356370322501,0.0,0.0,0.0,0.0,25,500,27999.897229360835,,,,2026-02-02T00:28:32.000Z
29.986698996172002,15.968673856225596,997.9924528216305,0.3769515220362058,0.5640724209244411,4097.694843354301,0.8381772195994377,-0.10965484911745936,-1.6677834605474777,0.0,0.0,0.0,0.0,25,500,27979.78654848817,,,,2026-02-02T00:28:33.000Z
30.002289274027028,16.315894178458866,998.0014556948043,-1.3133786912548264,-0.305709983628451,4094.9293436280923,-0.15723639202855216,1.5336228457329233,0.8601841202180764,0.0,0.0,0.0,0.0,25,500,27976.98236143969,,,,2026-02-02T00:28:34.000Z
29.985363127898324,15.973853143745906,998.0151502638411,-0.5206180825428751,0.8671249203837585,4095.8189334353915,-0.05892635452305161,1.530047441561629,-0.11481703964842598,0.0,0.0,0.0,0.0,25,500,28000.591459423074,,,,2026-02-02T00:28:35.000Z
30.003066926996134,15.987821705698943,997.990583140237,-3.0200824239705044,3.525959305074798,4096.663960661138,0.4857471474554596,0.8468537431799008,-0.3030418209470751,0.0,0.0,0.0,0.0,25,500,27972.308234347664,,,,2026-02-02T00:28:36.000Z
29.996593769487717,16.06183519298079,998.0175457259757,-0.4410764583130748,-1.0154335382994277,4096.380999359558,2.1069401822631857,-0.5160265317217283,-0.5455537804115271,0.0,0.0,0.0,0.0,25,500,27998.06857723192,,,,2026-02-02T00:28:37.000Z
30.004944664883524,16.097692890281348,997.9856087751059,-0.3874107596099241,-3.430359941406841,4097.418903634278,0.8884469303585544,-0.6118288167399027,1.871714624315838,0.0,0.0,0.0,0.0,25,500,27996.228362388087,,,,2026-02-02T00:28:38.000Z
29.986161711960754,16.016978511645476,997.9987878194928,1.0805758880713907,1.6518471660613063,4095.1290272588603,-0.08860610634860941,-0.8123813546900387,0.3545902786046827,0.0,0.0,0.0,0.0,25,500,28005.420378698607,,,,2026-02-02T00:28:39.000Z
30.01298163151444,16.116434749504027,998.0017346566567,0.4465618265107411,3.3666291518550593,4097.026211596352,0.003197990615288397,0.9491660702381609,0.5497512216450848,0.0,0.0,0.0,0.0,25,500,27993.27981620948,,,,2026-02-02T00:28:40.000Z
29.998169655150065,15.880602881697408,997.9911736808368,-2.3967842499040906,0.7855367261022488,4095.480906644832,-0.5248594603244346,-1.2117682074893643,0.16261562358226733,0.0,0.0,0.0,0.0,25,500,28015.69514769292,,,,2026-02-02T00:28:41.000Z
30.00763522667905,15.923391157525728,997.9937876563507,2.1683964880870854,-2.175497350707336,4097.477620961775,-0.9499957035196952,0.6768376541110072,0.27004961344519623,0.0,0.0,0.0,0.0,25,500,28008.481628732305,,,,2026-02-02T00:28:42.000Z
30.00959875461285,16.116248695057966,998.0079663047934,0.4206060804439907,-0.24778472647040187,4097.230734968026,-0.552750787066322,-1.081109347824113,1.3986246105594142,0.0,0.0,0.0,0.0,25,500,27984.877059683484,,,,2026-02-02T00:28:43.000Z
29.98842555047634,16.001094311478347,998.0144155574251,0.39678703435497337,-2.2370469684232646,4094.1291225959108,-0.7721489637119425,0.8235461198419735,-0.250854661227695,0.0,0.0,0.0,0.0,25,500,27997.156536425256,,,,2026-02-02T00:28:44.000Z
30.00882257509608,15.873754939499133,997.9788538963751,-0.018364706770277874,1.2857109879258952,4098.17196423235,0.6533683837958855,0.017219582730560564,-1.4569375455207298,0.0,0.0,0.0,0.0,25,500,28015.271851441837,,,,2026-02-02T00:28:45.000Z
29.985749332248556,15.867746206838278,998.0018023638546,-1.0355148944444394,-2.702580805396869,4094.928073109772,-1.071194857868986,1.3336385618598274,0.8680546542277768,0.0,0.0,0.0,0.0,25,500,27993.023680946004,,,,2026-02-02T00:28:46.000Z
29.986298622572402,15.91890591946553,997.9988669109639,0.4356046794974522,-0.6002575736564,4097.616115596562,1.3332105613800442,1.141454578321271,0.496701612242392,0.0,0.0,0.0,0.0,25,500,27999.471076749745,,,,2026-02-02T00:28:47.000Z
30.019639992359885,16.000212554215793,998.0010739635562,0.9511768718571648,-2.008675652587813,4096.734574626803,0.7520463836188297,1.4350654120021116,0.10797981288504269,0.0,0.0,0.0,0.0,25,500,28014.041275758547,,,,2026-02-02T00:28:48.000Z
30.011118533687966,16.046737956972677,997.9968323352439,-3.49379138269111,0.25364937026992374,4099.676367353591,0.02050172936766847,1.4608187182891128,0.4707532415477864,0.0,0.0,0.0,0.0,25,500,27994.594043839374,,,,2026-02-02T00:28:49.000Z
30.020736641754336,15.967094000005586,997.9870951303044,-1.0775216746921914,-0.7326833542755153,4095.5530680352563,0.00031861146506831443,0.1436308339881977,-0.3707442202941741,0.0,0.0,0.0,0.0,25,500,28011.22979940083,,,,2026-02-02T00:28:50.000Z
29.99629785969392,16.038499918923954,998.0154229697805,-0.5098939408071786,0.3535242065005277,4095.3013664077635,-0.5572813096145535,-1.1587930664246047,0.020692582854259692,0.0,0.0,0.0,0.0,25,500,27990.900003973864,,,,2026-02-02T00:28:51.000Z
30.00102428664078,15.956293351330638,998.0115932959833,0.5123412113885563,0.04470110993273132,4095.9611607882243,0.27008441134776406,-1.0525230549973785,-0.13170025385990994,0.0,0.0,0.0,0.0,25,500,27971.123861498538,,,,2026-02-02T00:28:52.000Z
30.005273547467525,16.12239202016169,997.9989601081111,2.386622011854252,-1.9733180554482208,4095.3936404343312,1.088092463208589,-2.0868485293159376,-0.5914882570709169,0.0,0.0,0.0,0.0,25,500,28012.285293164405,,,,2026-02-02T00:28:53.000Z
29.99987804433406,16.255184009457235,997.9951168678753,-1.5434816291935647,1.2537541270580437,4097.599883803884,-0.7031564622558137,-1.0836658334280935,1.1891727831050025,0.0,0.0,0.0,0.0,25,500,28004.387350400575,,,,2026-02-02T00:28:54.000Z
29.99253863979304,15.960738726791558,997.99390559371,-0.995923693635684,-0.0975313036862306,4092.767378783127,-1.5333920889187305,0.06882365770464906,-1.4122586274178004,0.0,0.0,0.0,0.0,25,500,28005.045642753346,,,,2026-02-02T00:28:55.000Z
29.991039153021198,16.047993281079894,997.9741434677519,-1.0250682212931002,-1.977058015731801,4093.8926351617074,0.7032182548567439,-0.5596541808251622,2.3608821718129667,0.0,0.0,0.0,0.0,25,500,27989.070372086946,,,,2026-02-02T00:28:56.000Z
30.00213862232829,16.039841082415013,998.003538200746,-1.603055180209083,4.481853112411585,4093.8643941568416,0.3243659742438005,-0.18013560440985132,0.8773622092064753,0.0,0.0,0.0,0.0,25,500,27989.86647383503,,,,2026-02-02T00:28:57.000Z
29.989331401583378,16.013869542625994,998.007803235903,-0.6943729902245249,0.9528603334342495,4097.900615183948,-1.1201988014411794,0.49271541946140096,-1.777975534702351,0.0,0.0,0.0,0.0,25,500,28011.50436519736,,,,2026-02-02T00:28:58.000Z
29.98905136507633,16.065325094534128,998.0013790211611,1.5416044399759423,-0.30652110679861083,4099.421226745164,-0.733391370914118,-0.304065258065758,-0.2241663294909295,0.0,0.0,0.0,0.0,25,500,28002.432073074044,,,,2026-02-02T00:28:59.000Z
30.003935720111546,16.047882118897984,997.999136635654,-2.1076709907286912,2.830409053403647,4095.791101562925,-0.8591042740501407,-1.1218288004125843,-0.16854591590355783,0.0,0.0,0.0,0.0,25,500,27998.825439426622,,,,2026-02-02T00:29:00.000Z
29.999048406485144,15.95289464296151,998.0013338350849,0.8556287903058064,3.6836312187732143,4095.66235655362,-0.7245322690342489,-0.05323366756343213,0.39188662894211224,0.0,0.0,0.0,0.0,25,500,28002.209266621143,,,,2026-02-02T00:29:01.000Z
30.00937206270582,16.131654577262267,997.9914677401924,-3.403804460036671,-0.2906988446277704,4096.140104326227,-0.32368275404118774,-0.8984904867728449,-0.9893782707397202,0.0,0.0,0.0,0.0,25,500,28015.085055300122,,,,2026-02-02T00:29:02.000Z
29.99575088589917,16.02016662474868,997.9950044477263,-1.1226759928844119,0.694794972869524,4098.323756605217,-0.2665473042807473,-0.2707864969790631,0.03202534336821736,0.0,0.0,0.0,0.0,25,500,28007.236882270525,,,,2026-02-02T00:29:03.000Z
29.994187440500244,15.961519958016964,997.9983366697177,-0.6589786004359721,-1.9760056360058817,4094.145293731619,-0.6507936550684602,1.3427769644230034,-0.12111939812264694,0.0,0.0,0.0,0.0,25,500,27995.253548026147,,,,2026-02-02T00:29:04.000Z
30.004235533960355,16.24432025238474,998.0069667657476,3.3497193458281296,-0.294385501536023,4096.4767379654695,-0.7581638194999282,-0.2705053040961747,-0.7376183625734388,0.0,0.0,0.0,0.0,25,500,27985.9651213888,,,,2026-02-02T00:29:05.000Z
29.991879751254462,15.98837866228444,998.013788583733,-0.549604609505376,-0.39812510751973973,4097.950395259565,-0.22878434391938154,1.770957553347745,-0.8767522314712319,0.0,0.0,0.0,0.0,25,500,28005.88053761828,,,,2026-02-02T00:29:06.000Z
29.993418722744433,16.025494384142377,997.9977085215703,-4.402486946901837,0.369654067243308,4097.0021883398795,0.16769153485956126,1.4316359869379698,0.9188046467023571,0.0,0.0,0.0,0.0,25,500,27990.76031989366,,,,2026-02-02T00:29:07.000Z
29.993815456096208,16.017544034458034,997.9895521446243,-3.9977778137224997,0.6655209572740207,4096.379163233198,-0.3162965363648446,-0.5793053085790432,-1.6965825400425936,0.0,0.0,0.0,0.0,25,500,27988.176230623812,,,,2026-02-02T00:29:08.000Z
29.997902978937045,15.98701053890488,998.0003564679076,0.06805917269336198,1.1196568976561199,4098.002092185135,1.1586670233413017,-1.1111237664157756,0.47787893609605137,0.0,0.0,0.0,0.0,25,500,28013.15749186874,,,,2026-02-02T00:29:09.000Z
30.017724365432958,16.044866470504402,998.0201149111259,1.2275417115798173,0.47528531259991824,4090.5935354140015,0.5080877144207865,-0.05255416192019341,0.7975103068781241,0.0,0.0,0.0,0.0,25,500,28008.72405746758,,,,2026-02-02T00:29:10.000Z
29.98623211175043,15.915500009090838,997.9904219356487,0.7509117152545056,-2.421485253258329,4097.355750639062,-1.5908458568586958,1.153327763396889,-0.21855833833841642,0.0,0.0,0.0,0.0,25,500,28003.856859266805,,,,2026-02-02T00:29:11.000Z
30.012955075821175,16.059654338652305,998.0088584074713,0.3351402116019806,-1.8769342114821699,4094.691848633745,0.5237277654138535,-0.4901909062286882,0.05237283972499601,0.0,0.0,0.0,0.0,25,500,27987.61602939063,,,,2026-02-02T00:29:12.000Z
30.007377867562898,15.824164597160758,998.0133596055612,2.3245191950113337,-1.092815238927346,4092.338734206287,0.6055439825855826,0.908090298262139,1.1634949996973813,0.0,0.0,0.0,0.0,25,500,28017.89266060767,,,,2026-02-02T00:29:13.000Z
30.0156697884737,15.870193024874288,997.9963998514017,-1.0791824414742632,-0.5644811838464576,4097.02240519905,-0.43473496812419127,1.2084399891360882,-0.7048515107240569,0.0,0.0,0.0,0.0,25,500,28010.28868314716,,,,2026-02-02T00:29:14.000Z
30.031366860483224,16.18257245471685,997.9929927542228,1.7898211120536505,2.1015485809442267,4098.747317090326,-1.4951975873031556,-0.7740256503626058,-0.601652428889124,0.0,0.0,0.0,0.0,25,500,27996.962143989374,,,,2026-02-02T00:29:15.000Z
30.01431453020788,15.874381997327822,998.0057495668283,-3.2640297700528347,-2.325877973705826,4095.7251029707445,0.00806675941113609,-0.6760510882885871,-0.49548368109930824,0.0,0.0,0.0,0.0,25,500,27994.847199418393,,,,2026-02-02T00:29:16.000Z
30.00925666947908,15.804004114796314,998.003532167728,-1.8098956658761325,-0.7148300963413998,4097.905749094406,-0.007708651482244078,0.7126620321270069,1.1653255992232814,0.0,0.0,0.0,0.0,25,500,28000.78489741309,,,,2026-02-02T00:29:17.000Z
29.98687503648375,15.876858383093381,998.0069477417132,-3.6140827898636325,1.9060189964280996,4099.224556515977,-1.1216462365331947,0.1518475496415706,1.2922937468847076,0.0,0.0,0.0,0.0,25,500,27995.215813334613,,,,2026-02-02T00:29:18.000Z
29.98813777738489,16.174005726919674,998.0207370943149,-0.5496906013395845,-0.5997549489932245,4098.629828907168,-1.4512192162599356,-0.6860615265436788,-1.395890234463619,0.0,0.0,0.0,0.0,25,500,28022.11853956785,,,,2026-02-02T00:29:19.000Z
30.003601901843652,15.820813825972728,998.0016704655337,-0.09252243453268508,0.9208312996856481,4099.279929058743,-0.08755354645343943,-0.3521804481195873,1.0062407473116368,0.0,0.0,0.0,0.0,25,500,27996.14471625295,,,,2026-02-02T00:29:20.000Z
29.983019238520804,15.904418581740845,997.9880777515104,0.22820298445303983,-0.2790840858558071,4097.484254982144,-0.23307719205082192,-0.07051955272741914,0.818908306347284,0.0,0.0,0.0,0.0,25,500,27989.3211712846,,,,2026-02-02T00:29:21.000Z
30.00615439251291,15.8541807515683,998.0006664000217,0.12376670577427042,0.5135665146494457,4096.150867277804,-0.4172653653223936,-1.5648544249554606,1.5535948104498276,0.0,0.0,0.0,0.0,25,500,28015.884158583332,,,,2026-02-02T00:29:22.000Z
29.97865078109239,15.972587080291,998.0024155679421,-1.855106661623456,-0.4569450876190811,4092.7960683762058,-0.08341073474656137,0.7656431064826952,0.3851080321263795,0.0,0.0,0.0,0.0,25,500,27994.309381667128,,,,2026-02-02T00:29:23.000Z
30.011522333855645,15.956397910181927,998.0126716863709,-0.38048168882643135,1.334130945456708,4095.5078750237403,-1.1027763738203191,-0.4786921889391912,-0.04426012027857669,0.0,0.0,0.0,0.0,25,500,28007.86430108117,,,,2026-02-02T00:29:24.000Z
29.996782996880665,15.951924349327296,997.9980323560458,-2.994893337211497,-3.0901128148128705,4094.3135068093675,-0.4348206128661142,-2.783716223798099,1.1452166865716589,0.0,0.0,0.0,0.0,25,500,28006.753876060862,,,,2026-02-02T00:29:25.000Z
30.001265969454703,16.185613379940513,997.995909321663,2.7264579502645008,-0.7266240167770901,4100.341885434996,0.5333250306143476,-0.023870968309452716,0.6989037915017654,0.0,0.0,0.0,0.0,25,500,27999.41437949455,,,,2026-02-02T00:29:26.000Z
29.992516277035794,15.880092468236246,997.9862880600383,-0.607252145796002,0.5931453533886163,4095.648228375135,-0.3499700803512888,-0.7415712588935076,2.2448984141487265,0.0,0.0,0.0,0.0,25,500,27990.270032354772,,,,2026-02-02T00:29:27.000Z
29.981014735897773,15.98978122202829,998.0054741279206,-0.9777722380873825,1.067390496012386,4096.246409613569,-1.671972471792552,1.6888221923026767,0.9587078449618279,0.0,0.0,0.0,0.0,25,500,27999.518170730214,,,,2026-02-02T00:29:28.000Z
30.012346952791944,16.033860124632074,998.0334820718554,3.1778806568881657,2.9859052455076553,4097.102970752081,-0.47269227772357164,-0.5854450209199682,0.1535479764239154,0.0,0.0,0.0,0.0,25,500,27988.301388936678,,,,2026-02-02T00:29:29.000Z
30.01335701394955,15.901979073792786,997.99777409016,-2.4844930670984584,-0.7820493337311528,4096.087204892745,-1.0701584635068604,-1.097643363578611,-1.1741043803761713,0.0,0.0,0.0,0.0,25,500,27999.762822374632,,,,2026-02-02T00:29:30.000Z
29.996485122347963,16.04865899812466,998.0045195495452,-2.251174228063938,2.9589635237217458,4099.390102080862,0.26713629646173076,0.5079326699620159,-0.5809171771941184,0.0,0.0,0.0,0.0,25,500,28007.727814664595,,,,2026-02-02T00:29:31.000Z
30.00661929564734,15.960018950544669,997.9945216714668,-2.1924406497371303,-1.318047653319341,4094.7547012765313,0.3188374033804253,-0.6604473680075832,-1.435954978028016,0.0,0.0,0.0,0.0,25,500,28017.17780066192,,,,2026-02-02T00:29:32.000Z
29.996091085797897,16.037430906618987,997.9871871508001,-0.1357427633989638,2.6572928230892874,4096.389214910474,-1.658774625086031,-0.7794562012522323,-0.21506203606086322,0.0,0.0,0.0,0.0,25,500,27989.12150884056,,,,2026-02-02T00:29:33.000Z
30.002884898442662,15.989200074847435,998.004342359392,0.8632632592751946,1.6349342533967448,4094.5150588286037,0.759012970582189,0.5095013828244059,0.9260675932328454,0.0,0.0,0.0,0.0,25,500,27997.49541396004,,,,2026-02-02T00:29:34.000Z
30.0075913919892,15.794946877443369,998.0002818828343,1.4793509362356674,-1.8269171592644455,4093.3599549775586,-1.1121863012785584,-1.040467307889566,-0.003671088480515556,0.0,0.0,0.0,0.0,25,500,27994.751889157746,,,,2026-02-02T00:29:35.000Z
30.00555084924574,16.130609871276572,997.9761444585694,5.143990634989938,0.6140784745036437,4094.7764618181895,1.5591822904823514,-1.457273658199453,1.0217252687600726,0.0,0.0,0.0,0.0,25,500,28002.737393775074,,,,2026-02-02T00:29:36.000Z
30.013409696134094,16.207045831535407,998.0161002871574,-4.4988649084015275,-0.10247167106438308,4095.9259264059033,-0.04877626450061687,1.725998002094337,0.3375737334390134,0.0,0.0,0.0,0.0,25,500,27984.78191623689,,,,2026-02-02T00:29:37.000Z
30.005188806757054,15.982324581806518,998.0041596437634,1.2174711782488339,1.251169187350001,4095.1413955509656,-1.2463934985391623,0.5794987376006449,-0.4030922897540097,0.0,0.0,0.0,0.0,25,500,27990.71337322875,,,,2026-02-02T00:29:38.000Z
30.000280846170387,15.910204794813339,998.000738955501,-1.1142611451444624,-0.44654317686661915,4094.6151580402525,-1.1419860706926814,-0.26420928499436513,0.0876251551699639,0.0,0.0,0.0,0.0,25,500,27983.079834419314,,,,2026-02-02T00:29:39.000Z
29.992385810321228,16.15060127211757,997.995780231359,-1.1728302977775469,-0.614492451323463,4093.187365072656,0.34809529178734483,-0.003477209701936022,0.4720966910550961,0.0,0.0,0.0,0.0,25,500,27985.616954593348,,,,2026-02-02T00:29:40.000Z
29.99521494619676,16.189038290286746,998.004052941105,-1.2395442565077552,2.7381891655257027,4095.8337888547426,-0.3912998898983776,0.505864358116156,0.1392233984636159,0.0,0.0,0.0,0.0,25,500,27993.395622060878,,,,2026-02-02T00:29:41.000Z
30.00810051396725,15.983120458841,998.0045139595242,-1.8175393416159467,-0.19744178891134592,4092.990559251938,-0.09665390961814083,0.9733374496134207,0.15068422885191396,0.0,0.0,0.0,0.0,25,500,28016.70882612826,,,,2026-02-02T00:29:42.000Z
29.98498173481086,15.978131938477949,998.0040132137373,3.3690496692069036,1.6528446483835326,4097.520111927379,1.6127802326970393,-0.7559752913150118,-0.7690501075867064,0.0,0.0,0.0,0.0,25,500,28003.476004769327,,,,2026-02-02T00:29:43.000Z
30.01105807303413,15.99200889023285,998.010679930445,1.6845946540278054,-0.45070297008839955,4096.164879505869,-0.6992440642290753,0.36614652596568237,-0.432976265242216,0.0,0.0,0.0,0.0,25,500,28000.649958735998,,,,2026-02-02T00:29:44.000Z
29.997188562739854,15.83254511107547,998.0129527123383,0.046391957114749645,3.3333265184550465,4093.08489700107,0.05996285769570662,-0.5067041762102386,2.2584607961546443,0.0,0.0,0.0,0.0,25,500,28013.468860040284,,,,2026-02-02T00:29:45.000Z
29.99181394095592,15.970887412130677,998.0200559306362,2.7020315049740007,-1.3566692586709868,4095.3815818459,1.4198444873730531,-0.1889812445126243,1.2284664904235425,0.0,0.0,0.0,0.0,25,500,28003.835978811836,,,,2026-02-02T00:29:46.000Z
29.989012758232185,16.171494188754924,997.9916315781755,-3.025057930597751,-1.2282870624943694,4094.495687188819,0.27051347546640014,0.1606928674649046,-1.4738408968097159,0.0,0.0,0.0,0.0,25,500,28004.77576111397,,,,2026-02-02T00:29:47.000Z
30.006743677856484,15.983131133922944,997.9942657848624,-2.6614102626618523,3.049034362231806,4096.638349020838,-1.606602735358006,-0.006678573052672211,-2.3669689575063617,0.0,0.0,0.0,0.0,25,500,27995.269755348203,,,,2026-02-02T00:29:48.000Z
29.999853586461967,15.89599654721278,998.0036118216705,-4.3559354643893755,-0.8898927817905057,4098.680900892046,0.5053890117321368,0.7355668983025718,0.07619242144872226,0.0,0.0,0.0,0.0,25,500,27993.62671644391,,,,2026-02-02T00:29:49.000Z
30.015887652232298,16.04966856193045,997.9922090914126,-1.398829080246575,3.2021486123287852,4092.2496550607084,-1.1630028577834441,0.48708655911559395,0.8934728944259902,0.0,0.0,0.0,0.0,25,500,27986.888730502687,,,,2026-02-02T00:29:50.000Z
29.98736924349474,15.933280120150588,997.9938198492763,0.3233970534095058,1.7836811591896256,4096.230052158295,1.406807528732965,-1.5081692093721777,-0.5199418374222072,0.0,0.0,0.0,0.0,25,500,27993.989104339587,,,,2026-02-02T00:29:51.000Z
29.99421836376938,15.993354787633207,998.004752295815,0.20571715586466816,-0.3092994131216669,4095.679734408867,-0.8228676049979778,-1.3578232070654421,1.021658728197938,0.0,0.0,0.0,0.0,25,500,27997.19476585901,,,,2026-02-02T00:29:52.000Z
29.999077788418727,15.873115121945272,998.0090084235497,0.2986838221197609,-3.626586944034317,4097.342680152901,2.9695095077456646,-0.36971668475929287,0.059654565007084104,0.0,0.0,0.0,0.0,25,500,28003.44718947517,,,,2026-02-02T00:29:53.000Z
29.9924814325603,15.896337583881326,998.0127592795278,-2.8221136621321636,-0.03863660854367135,4096.426393256475,1.4673759883276782,1.8286252624418249,-0.16306127972697482,0.0,0.0,0.0,0.0,25,500,27999.63241584955,,,,2026-02-02T00:29:54.000Z
30.000061186641418,16.07376592548636,997.9980738558625,1.606309485228044,0.20326010706684935,4094.4960613365224,-0.7966125696279787,-0.8515918325016023,0.7561151761751815,0.0,0.0,0.0,0.0,25,500,27996.349305341322,,,,2026-02-02T00:29:55.000Z
30.003195007664154,16.01158667794011,998.0046315296354,0.4792550364779959,2.334435466608746,4095.3618921286666,0.020013805001610485,-0.20822270961275288,-0.5318757929022689,0.0,0.0,0.0,0.0,25,500,27990.883232481032,,,,2026-02-02T00:29:56.000Z
30.004844842391297,15.922394261315718,998.002427577359,1.466108562931997,3.1768943524802236,4094.407948286393,0.7536442816334635,-0.5363460269565219,-0.2867063218036532,0.0,0.0,0.0,0.0,25,500,28003.991268079553,,,,2026-02-02T00:29:57.000Z
30.015061671308846,16.01195351303049,998.0001765744518,-3.7855243551801037,-1.3699743582874953,4098.2509757524285,0.7836604742267077,-0.55404438408808,0.6768765146885132,0.0,0.0,0.0,0.0,25,500,27995.02233912966,,,,2026-02-02T00:29:58.000Z
29.986965275712183,15.939285329127275,997.991839908348,0.6229817175955797,1.6023635279763655,4135.966531852145,0.4423362599761972,0.17823974390505556,2.67530972766623,0.0,0.0,0.0,0.0,25,500,28003.53796507992,,,,2026-02-02T00:29:59.000Z
30.003377603199354,15.921623983062982,997.990567889108,-2.375530479835054,1.530804312026699,4394.802381371506,1.25215903696611,1.4007772761956514,21.908776273377736,0.0,0.0,0.0,0.0,25,500,27980.867278904065,,,,2026-02-02T00:30:00.000Z
29.99353057180412,16.11640343972483,998.0066667477996,-0.7946465051027237,2.1468254048208903,4135.802586927171,-0.12296894663436952,0.45596839988058907,3.400531077588272,0.0,0.0,0.0,0.0,25,500,28003.364211629698,,,,2026-02-02T00:30:01.000Z
30.004300133800236,16.078287755318875,997.9916718062011,1.0687297972727667,0.997379824271089,4094.68214794141,-0.36671766857603316,-0.8035309614270922,0.6221045757747115,0.0,0.0,0.0,0.0,25,500,28007.469069027964,,,,2026-02-02T00:30:02.000Z
30.00431332186353,15.997872715036891,997.9822308117517,0.18218721251182635,-3.88499538192354,4092.9725712147742,-0.3468639879246106,2.753229510803207,-0.04950464606506815,0.0,0.0,0.0,0.0,25,500,28006.195308593637,,,,2026-02-02T00:30:03.000Z
29.990130806167677,16.01443373372497,997.9996823867671,-1.7030799595586377,-0.3108448650555194,4092.393720647488,0.8583732319721272,0.07857322096112584,0.8747546767096062,0.0,0.0,0.0,0.0,25,500,27998.032795746494,,,,2026-02-02T00:30:04.000Z
29.99098847657366,15.999160198266566,998.0145524030215,0.01254631236883657,-2.3114151498338305,4092.831728113989,0.3651810403026461,-0.5772209563821133,-0.3226077728016462,0.0,0.0,0.0,0.0,25,500,28009.153183154245,,,,2026-02-02T00:30:05.000Z
30.005116430634697,16.048700925917355,997.972051495616,-3.063070630487286,-0.4052115458361477,4096.534253302023,0.2912836656902564,1.4120963746775894,0.28237775119951514,0.0,0.0,0.0,0.0,25,500,27987.27041117044,,,,2026-02-02T00:30:06.000Z
30.00023404510744,15.920049834154431,997.9971166972684,2.300534791796592,1.960008472267788,4097.01745004646,0.795234249257182,-0.4690706179438185,-0.9162930470045603,0.0,0.0,0.0,0.0,25,500,27999.107939347934,,,,2026-02-02T00:30:07.000Z
29.997803781592683,16.086250473336865,998.0067521486533,-0.4105680389925025,0.6103016717499453,4092.8376185959355,-2.051052407853855,1.6629136549874428,1.0394413922305916,0.0,0.0,0.0,0.0,25,500,27998.066041988393,,,,2026-02-02T00:30:08.000Z
30.00657986829775,16.03535658378908,997.9817650356679,2.237099888510652,2.2961817327948655,4097.790076628152,0.3100688238751504,-0.8706427909666666,0.29060469726179183,0.0,0.0,0.0,0.0,25,500,28010.36399689041,,,,2026-02-02T00:30:09.000Z
30.007317184758623,15.973694366211046,997.997866670838,-1.053063374192086,0.6835078414270787,4095.033877896633,0.21856888887371573,1.4300303889213692,1.9825130636978765,0.0,0.0,0.0,0.0,25,500,27979.795068294756,,,,2026-02-02T00:30:10.000Z
29.994703698872982,15.951222196849146,997.9886054275545,-1.0471519768131659,-2.5966518793378053,4096.293586023971,1.6688080813007051,0.20104766428169443,2.392298383669758,0.0,0.0,0.0,0.0,25,500,27989.418702820727,,,,2026-02-02T00:30:11.000Z
29.991479468623574,16.08411309417668,997.98992821886,-1.528373573275693,-5.041694013145469,4099.2244412565105,-1.528587982263667,1.2910522327024336,0.7633194514331476,0.0,0.0,0.0,0.0,25,500,28017.472508086306,,,,2026-02-02T00:30:12.000Z
29.987380810231624,15.984951368384989,997.995975817923,1.7523478633861507,0.2976175233591807,4097.793678631731,1.557186632376758,1.9017657087015443,0.06842531120790343,0.0,0.0,0.0,0.0,25,500,27975.69433876155,,,,2026-02-02T00:30:13.000Z
30.000334541202015,15.930110690417017,997.9887685210987,-1.4188623146569517,-0.42785293270233077,4095.462938704188,0.07540912892466581,-1.1326072905212539,-0.9460645121255687,0.0,0.0,0.0,0.0,25,500,28008.144239716876,,,,2026-02-02T00:30:14.000Z
29.985768397228515,15.961543023302568,997.9879369929685,1.289190864830353,-1.9538914787637642,4094.2176155491693,0.48898953066004497,1.2757718207583224,0.9047498032588243,0.0,0.0,0.0,0.0,25,500,27992.99672836973,,,,2026-02-02T00:30:15.000Z
30.00099428458229,16.076920464888914,997.9994076824846,-0.7649047953385805,-3.401254499302756,4091.6963691973415,1.6759187876093766,-1.4089039044254048,0.21028456389522832,0.0,0.0,0.0,0.0,25,500,28002.54702603646,,,,2026-02-02T00:30:16.000Z
30.012168367914246,15.838944679875397,998.0222713906054,-3.9519265997832393,-1.4694864269454184,4094.561693361515,0.560761268005573,-1.0471843552482283,0.5380348391544619,0.0,0.0,0.0,0.0,25,500,28014.137824038593,,,,2026-02-02T00:30:17.000Z
29.996465402297137,15.964459109441952,998.0075774331744,-1.1406281355729322,-0.3889829697295521,4095.5777395223445,0.4003682894625609,-0.803409459792437,1.7297873874562433,0.0,0.0,0.0,0.0,25,500,28002.932068710787,,,,2026-02-02T00:30:18.000Z
29.9946379571946,16.107058266967577,998.0101053276704,-2.3582164287256964,1.3317556474127803,4094.0256409456974,0.2422911858023184,0.5036366361778611,-0.8244232886633468,0.0,0.0,0.0,0.0,25,500,28014.34533376761,,,,2026-02-02T00:30:19.000Z
30.01997844773627,15.983178322789675,998.0079726243841,0.06780544736467502,0.3772621631359601,4095.7374860658156,-0.4834781349943769,0.033015876934859634,-0.9243041684813366,0.0,0.0,0.0,0.0,25,500,27995.07650819213,,,,2026-02-02T00:30:20.000Z
30.015097018191877,16.027281673227783,997.9930248638732,-2.3808154713489804,3.2161344943454577,4096.153703765917,-0.028489124510392892,-0.16713608416283599,-0.23642593837068013,0.0,0.0,0.0,0.0,25,500,27996.398237441572,,,,2026-02-02T00:30:21.000Z
29.992354021294446,16.10867689645372,998.0031083222912,1.8519502014292335,-2.0712081120907886,4095.550288036384,-0.7155127661227486,0.14623527902236097,0.8212011497518233,0.0,0.0,0.0,0.0,25,500,28007.86842248848,,,,2026-02-02T00:30:22.000Z
30.001390131810588,16.08923296533972,998.0109769426094,-0.18215172070605445,1.7621177841148667,4094.699994838353,-0.044566899425482,0.5912895892934729,0.5548672402144881,0.0,0.0,0.0,0.0,25,500,27995.60569539718,,,,2026-02-02T00:30:23.000Z
30.00328678242348,15.955994122696008,998.0082833746778,-0.35519198951747794,0.09459748625745584,4096.337309343933,-2.3359306970550966,0.6682481239413528,-0.8956885116957725,0.0,0.0,0.0,0.0,25,500,28005.97346381038,,,,2026-02-02T00:30:24.000Z
30.00203660422726,15.986960644779616,998.0019455100737,1.3117842755751652,1.3893382482371692,4096.883881299139,0.42903956756754863,1.094166835615131,0.7565529007024825,0.0,0.0,0.0,0.0,25,500,28011.83804216578,,,,2026-02-02T00:30:25.000Z
30.018146734477128,16.090476390172903,998.0052004649419,1.927813868151725,-0.8730297265310871,4093.819201845114,-0.12173725378362549,1.8200348127674395,-1.201212818893263,0.0,0.0,0.0,0.0,25,500,28008.683368942875,,,,2026-02-02T00:30:26.000Z
30.000872298924193,16.09394694872839,998.0246287396517,-0.04019750353930329,2.1433607477811796,4098.821864759492,-0.3362037366667643,-0.021362372441476974,-0.8377416743488576,0.0,0.0,0.0,0.0,25,500,27984.210884345535,,,,2026-02-02T00:30:27.000Z
30.00237234875631,15.991194987468505,998.0083944321716,-1.5424005990985812,0.5904495166904855,4095.8028237354315,0.21975808394014318,-0.5210889621309163,-0.11545731718918943,0.0,0.0,0.0,0.0,25,500,27996.586192229504,,,,2026-02-02T00:30:28.000Z
30.006886622951463,15.994645434770757,997.9968484064281,-3.547939232224259,-1.3588899698354988,4096.03769924589,-1.4335639229654407,0.6135361291851883,-0.5534312459752201,0.0,0.0,0.0,0.0,25,500,28002.818324840548,,,,2026-02-02T00:30:29.000Z
30.011899197160478,16.026768369453386,997.9992596299373,-1.37209951407036,-0.024048057826376295,4097.416428846514,1.9292699966212825,-1.1442548162646202,0.8898594886509348,0.0,0.0,0.0,0.0,25,500,27997.561064603706,,,,2026-02-02T00:30:30.000Z
30.00936899194304,16.13669006900173,997.9894584860341,-1.2344244932959232,-0.47911171787419904,4096.466432262527,-0.10276746148759967,-0.6787041321116114,0.2863784830010945,0.0,0.0,0.0,0.0,25,500,28000.793660133917,,,,2026-02-02T00:30:31.000Z
30.005380847863115,16.106756612065794,998.0234703594795,0.2141149059845935,0.9783567012755874,4097.906273267827,-0.14584443297218957,0.9993809463927898,1.7655611776272604,0.0,0.0,0.0,0.0,25,500,28002.95070744269,,,,2026-02-02T00:30:32.000Z
29.98441300194606,16.069338670379903,998.0160386972544,-0.6902937622760543,-2.359553498749017,4096.574248330404,-0.9653962101329223,-0.12412837481770417,-0.24718536535441432,0.0,0.0,0.0,0.0,25,500,27994.734318792824,,,,2026-02-02T00:30:33.000Z
29.995118622759417,15.89213307239361,998.0008321303627,1.3758659441028562,-0.058703404231389096,4094.775125250719,0.02394638244926125,-1.208192458358039,-0.1222021510407434,0.0,0.0,0.0,0.0,25,500,27998.06561119544,,,,2026-02-02T00:30:34.000Z
30.008194212072052,15.972516659345175,998.0218082011877,-1.225966542541379,0.7906145052986617,4096.723007050412,1.3869598902732805,-1.4898030653651742,1.210382609061763,0.0,0.0,0.0,0.0,25,500,27988.18965271993,,,,2026-02-02T00:30:35.000Z
30.002503986972794,15.97777133263101,998.0063240004496,-0.11408233370588353,0.06604661438606646,4093.7125475853586,1.035916209432034,0.04871667939380729,-0.0909208031237956,0.0,0.0,0.0,0.0,25,500,27995.221582130926,,,,2026-02-02T00:30:36.000Z
30.00826128633823,16.14184850326035,997.9956915358239,2.3679748863937786,2.6938824887779913,4096.217119411553,0.8544377511405561,1.1418965369680099,1.4940052477075458,0.0,0.0,0.0,0.0,25,500,27984.73321397234,,,,2026-02-02T00:30:37.000Z
30.018871660616714,15.976113560882036,998.0090645254052,0.683650427909933,1.548045548142105,4095.933540018711,0.5463989516672716,1.1285457775311865,0.5408282103844916,0.0,0.0,0.0,0.0,25,500,28001.164966956927,,,,2026-02-02T00:30:38.000Z
29.988230367949406,16.12534428230776,998.003986434718,-0.12007508337712902,-0.01496159348149323,4095.583766285455,-0.35854252756260974,0.11088050289283735,-2.352786469885359,0.0,0.0,0.0,0.0,25,500,27998.067777956414,,,,2026-02-02T00:30:39.000Z
30.011379101748044,15.942930132946891,998.0083785677828,-1.203888883870354,0.4333781949953463,4095.742924977122,-1.450163167036702,2.008909419096128,1.177570414149464,0.0,0.0,0.0,0.0,25,500,27990.842047879512,,,,2026-02-02T00:30:40.000Z
29.996696365375065,15.950911604233925,997.9863090814034,-1.2664627934299542,0.5913311029639992,4092.236301909005,-0.20103877186663505,-0.10482036594046269,0.9127268131198087,0.0,0.0,0.0,0.0,25,500,28017.852598088288,,,,2026-02-02T00:30:41.000Z
30.00935349819275,16.048145410581313,997.991896858428,-1.7012265059038956,0.8065992083336481,4094.902550184518,-0.23587146453367722,-0.13856762339741077,0.9513326061105448,0.0,0.0,0.0,0.0,25,500,27997.545885169533,,,,2026-02-02T00:30:42.000Z
29.99958779256632,16.156814670557175,998.0148847083012,-1.0820137315657987,-3.651315991329216,4096.1856898022825,1.048794439671241,-2.567435909739,-1.910978378545258,0.0,0.0,0.0,0.0,25,500,28002.865529440794,,,,2026-02-02T00:30:43.000Z
30.02127004538893,15.978822287073212,998.0169313749157,1.5113316774886292,-0.6030525915386943,4096.319712783995,0.3093904424598202,-0.44736294916121566,-0.6629899612710476,0.0,0.0,0.0,0.0,25,500,27993.613668351547,,,,2026-02-02T00:30:44.000Z
30.001300869362616,15.74372321381388,998.0141511272697,-0.4437765425845374,-2.9688781363868526,4093.944649718148,1.6123115279035483,0.8520150349084945,-0.5887048335567698,0.0,0.0,0.0,0.0,25,500,27995.856519792625,,,,2026-02-02T00:30:45.000Z
29.99359485775644,15.84358165976611,998.0221864690359,-2.699546138762462,2.556561894918973,4098.531415681729,1.1974885400381745,1.563961336859704,-0.8411213675603924,0.0,0.0,0.0,0.0,25,500,28003.244134708486,,,,2026-02-02T00:30:46.000Z
30.004198746227917,16.029796155616445,998.0057736829822,3.536338586119567,-0.12169904000585546,4094.267650303571,-0.4564956095040957,-0.8302346336672846,1.7419225318939382,0.0,0.0,0.0,0.0,25,500,27996.67748950193,,,,2026-02-02T00:30:47.000Z
30.003239427807184,15.852520397321824,998.0050708336283,0.6399303822903261,-0.3866818993592455,4097.938914401054,-1.7951291966198684,0.4622523292930485,-0.011767837823633949,0.0,0.0,0.0,0.0,25,500,28000.03303356888,,,,2026-02-02T00:30:48.000Z
30.011380970941104,15.913443717360359,997.9908679309877,-2.8138868010263387,1.7935946640664704,4096.854388723744,1.385575233941481,1.0468790323232877,-0.03656094262917065,0.0,0.0,0.0,0.0,25,500,28008.068246153536,,,,2026-02-02T00:30:49.000Z
30.00448052798605,16.001234195063827,997.9941946855915,-0.8836978544816477,0.8446495948997493,4094.7075453803122,1.3593852232307442,0.011208153195899085,0.5520083103157789,0.0,0.0,0.0,0.0,25,500,27994.819738204813,,,,2026-02-02T00:30:50.000Z
30.02475064639169,15.755063275425353,997.9801173907769,0.2217727656568357,-2.2572690287584143,4099.550621785219,-1.366211590902226,-2.2832804575272303,0.569301667889382,0.0,0.0,0.0,0.0,25,500,27986.67838816762,,,,2026-02-02T00:30:51.000Z
29.998885958645978,15.962027421067454,997.9967851398764,3.409184186594754,-0.1418107250547376,4093.612726336487,1.5092400198275007,0.24728999957425232,-3.3348927106258297,0.0,0.0,0.0,0.0,25,500,27984.737357103215,,,,2026-02-02T00:30:52.000Z
29.999003800502194,15.883519144213974,997.9794147391117,-2.2162249165177386,-0.6703339464527697,4097.83830834722,0.3821171705925179,0.7614306240608931,-0.6463575371493634,0.0,0.0,0.0,0.0,25,500,28014.38439036387,,,,2026-02-02T00:30:53.000Z
29.99396113949947,15.850082028209926,998.0108096617087,1.9520814387118932,-3.489065777212108,4098.001164636086,0.16068549812565303,-0.9474228950184589,-1.4127885777912768,0.0,0.0,0.0,0.0,25,500,28009.311467005755,,,,2026-02-02T00:30:54.000Z
30.000856683383542,15.919781556078194,998.0038839886855,2.798972853944686,-1.3805524664744093,4094.658759581847,1.6147832542473273,-0.254154530874387,0.40030609315481963,0.0,0.0,0.0,0.0,25,500,28006.557996671876,,,,2026-02-02T00:30:55.000Z
30.00231059121083,15.893079107493056,997.9797383075361,-1.2573086101491404,-0.36708064403293117,4098.784930600129,1.3446851732306149,-1.1554960421287641,-0.2888924143340474,0.0,0.0,0.0,0.0,25,500,27995.63947194128,,,,2026-02-02T00:30:56.000Z
30.002812105299558,16.04694802179923,997.9981013630784,-0.5550272377204669,-0.2299018629836852,4095.499906970802,0.6513309519952039,-2.5701475485803527,0.01538756450126866,0.0,0.0,0.0,0.0,25,500,27986.669199890122,,,,2026-02-02T00:30:57.000Z
30.00067187675494,16.119652678668288,998.0196765562234,-2.0726184947475406,-2.9644628473546173,4096.57738725856,0.47321706581198303,1.0270044117876564,-2.078519748890523,0.0,0.0,0.0,0.0,25,500,27997.17698386504,,,,2026-02-02T00:30:58.000Z
29.993901787832726,15.963557314838894,997.9987433384916,-0.40692228216060977,2.303331166094951,4096.5206436775425,0.6163942905303591,-0.0037485338018516225,-0.3098522246904981,0.0,0.0,0.0,0.0,25,500,27999.06645628714,,,,2026-02-02T00:30:59.000Z
29.991183348719176,15.940387422095316,997.9900162905636,-0.07317994868586233,-0.20420611778287787,4095.731382517059,-0.4000574338825259,1.5976749967049828,1.1151302518328152,0.0,0.0,0.0,0.0,25,500,27988.684483332527,,,,2026-02-02T00:31:00.000Z
29.996248262751646,15.95857949988421,997.9821449773069,1.319299996164741,0.07510615332112582,4097.621616546319,-0.05510144973232095,0.8573221919061772,1.4094494831021676,0.0,0.0,0.0,0.0,25,500,27985.303436869515,,,,2026-02-02T00:31:01.000Z
30.01141537660235,15.889181289206153,997.9824435338755,2.1803669420408935,0.8012832766796734,4097.586977441105,-0.9023171545945426,-0.35420976166544893,0.7188634195406998,0.0,0.0,0.0,0.0,25,500,27982.69687393596,,,,2026-02-02T00:31:02.000Z
30.013567996854913,15.871125810438032,998.0053557996786,-1.4961921292432943,-1.5761525078073424,4092.5029360535236,-0.3330397757389188,-0.08318066010440868,-1.3354652934481188,0.0,0.0,0.0,0.0,25,500,28006.57393187544,,,,2026-02-02T00:31:03.000Z
29.999230354635596,15.835444554710666,997.9956612737767,-3.934650128451989,0.9127119462653925,4098.608680485756,-0.36663387866893304,0.5661773907701725,1.2594018029921237,0.0,0.0,0.0,0.0,25,500,27987.946416847968,,,,2026-02-02T00:31:04.000Z
29.990584170335325,15.867047904168183,997.996490058584,-0.042489558552484256,-0.734149292036366,4092.6750160239285,-0.6353053696216646,0.9668834167557434,0.7240022550000158,0.0,0.0,0.0,0.0,25,500,28003.09410320716,,,,2026-02-02T00:31:05.000Z
29.999188263896833,16.163199100711264,997.9957025333656,0.587075059937281,-1.793171081294383,4098.065092408683,0.1367465026484631,0.3226706307420114,-0.11718903406453861,0.0,0.0,0.0,0.0,25,500,27996.022001465928,,,,2026-02-02T00:31:06.000Z
30.0209166543527,15.930957896463655,997.9985976005054,0.4988353753700833,1.1468949867107978,4098.253410273655,-0.3239808507005772,1.1055931452894843,-2.025036314509744,0.0,0.0,0.0,0.0,25,500,28005.89637908776,,,,2026-02-02T00:31:07.000Z
30.009989678353165,15.705837152823623,997.987728370013,-0.653346495018088,2.9833477176036154,4093.8180671395694,0.5022347203519739,-0.2966687366744715,0.953594950662517,0.0,0.0,0.0,0.0,25,500,28003.35824511969,,,,2026-02-02T00:31:08.000Z
30.005507426915326,15.9412943061519,998.0031610499369,0.249504199327869,1.4496587469716635,4095.178371424091,-1.6223206132937653,-0.9971435467856863,-0.5921663299833791,0.0,0.0,0.0,0.0,25,500,27997.680625821085,,,,2026-02-02T00:31:09.000Z
30.009626849170527,15.840958546323918,997.9857729375624,3.030889616704495,1.8459551302808617,4093.788590663028,-0.11335479410729969,-0.06480925356113022,0.34616582105478094,0.0,0.0,0.0,0.0,25,500,28001.304534252093,,,,2026-02-02T00:31:10.000Z
30.015405666113413,16.005948493999718,997.9924415754195,0.7634683379250186,-1.041261213124598,4095.5701579394226,0.13155164017749568,0.2051848907361836,0.06839386063666252,0.0,0.0,0.0,0.0,25,500,27998.896638916234,,,,2026-02-02T00:31:11.000Z
29.988471337984528,15.9951646344763,998.0101082769767,-0.7467368500061689,-3.195239458336913,4095.3839314316283,-0.31062923983688057,-1.2015353947392868,1.5383949844382783,0.0,0.0,0.0,0.0,25,500,27993.84652849367,,,,2026-02-02T00:31:12.000Z
29.996079601313028,16.005588563769205,998.0037620499972,-1.0003956341919915,2.9802750441996824,4097.559321064538,-0.17239269980923128,-1.336722084146622,-0.12536698599750856,0.0,0.0,0.0,0.0,25,500,28009.80082785458,,,,2026-02-02T00:31:13.000Z
29.99471278367163,15.995927392125482,998.006856818462,-0.3397047153554613,4.10902977880952,4098.620617492239,-1.5852460107298574,0.4473862964734275,-0.015113590085947844,0.0,0.0,0.0,0.0,25,500,27995.76926246758,,,,2026-02-02T00:31:14.000Z
30.005871143970708,15.962728969538025,998.0215038839282,3.2734799236612795,3.085613547539364,4098.79136762158,0.35647710466949206,-0.4063568513704236,1.57861539047863,0.0,0.0,0.0,0.0,25,500,27999.131498537485,,,,2026-02-02T00:31:15.000Z
30.001601108906396,15.854410387846002,997.9994034598969,-0.3666014190523946,-0.6715718779594994,4094.8756639468434,0.6476059825670705,-0.1658409056620021,-0.6582222437501886,0.0,0.0,0.0,0.0,25,500,27985.848749003424,,,,2026-02-02T00:31:16.000Z
30.007563112906894,15.992534592802858,998.0002146026003,-0.03958868904141594,-2.3092686774576885,4095.581556252511,0.49353729420376685,-0.3596926657008235,0.814322851407777,0.0,0.0,0.0,0.0,25,500,28002.74044603845,,,,2026-02-02T00:31:17.000Z
29.994931126501328,16.101892458913568,997.9973567904415,-0.9646271418726059,-2.131365395639133,4092.633123615558,1.038727059442183,1.5206009017632118,-0.19861572287846402,0.0,0.0,0.0,0.0,25,500,27993.894184028544,,,,2026-02-02T00:31:18.000Z
30.013719520506793,16.18136730837952,997.9955658585261,2.1979667148839295,-3.3674651352280973,4094.3882598670075,0.20152960578250198,1.261761160395,-1.0025419620049292,0.0,0.0,0.0,0.0,25,500,27995.23151340842,,,,2026-02-02T00:31:19.000Z
29.999306662918507,15.9762008672694,997.9898940917261,3.91967450948935,-0.21475723682009074,4097.929703266195,0.47868118065093707,-1.2373536900391682,0.0011609867208726128,0.0,0.0,0.0,0.0,25,500,27991.604391391156,,,,2026-02-02T00:31:20.000Z
30.00694545551958,15.987039005471631,998.000840648112,0.9012260988627766,3.211355916164909,4099.2311656470965,0.1560907384568524,-0.532793213080447,0.6917051136079876,0.0,0.0,0.0,0.0,25,500,27998.760035521118,,,,2026-02-02T00:31:21.000Z
30.01195406498923,16.05004271790889,998.0035504860659,0.1655458075708515,-0.2833252637444865,4093.53130225624,0.6875507195924941,0.850004267969593,1.3537098399765113,0.0,0.0,0.0,0.0,25,500,27979.93527384963,,,,2026-02-02T00:31:22.000Z
30.01115124315495,16.14932415594721,998.0041077033919,0.07356566634846956,0.6046458006965498,4094.8150714816943,-1.577229636132122,0.6019362371032422,1.4746939853456824,0.0,0.0,0.0,0.0,25,500,28006.823570129134,,,,2026-02-02T00:31:23.000Z
30.003608284084017,15.951370338949545,998.0006436382687,-4.768613577571491,2.751193928608417,4095.9471884860823,-0.8935809679780109,-0.04145796232978563,-0.29476407422553264,0.0,0.0,0.0,0.0,25,500,27999.613352253207,,,,2026-02-02T00:31:24.000Z
30.008193469063826,16.069265131695033,998.0092617080481,1.4903017285696347,-0.8081906236647993,4096.5603223176395,1.586899657033091,-1.1376002049642353,-0.9872492320322136,0.0,0.0,0.0,0.0,25,500,27995.32714398798,,,,2026-02-02T00:31:25.000Z
30.017416606639724,15.917718073447562,998.0002943669074,0.26833283199168706,4.07106291343919,4094.3807929601567,-2.4604358220962053,-0.6825400461535457,-0.3187388995774793,0.0,0.0,0.0,0.0,25,500,27984.51769334209,,,,2026-02-02T00:31:26.000Z
30.005136012339747,16.03298489902655,997.9959069811176,0.8566841013214499,3.9841888149949067,4096.848122088928,-0.14017792982534394,-0.5167675675462897,-1.1815307533301556,0.0,0.0,0.0,0.0,25,500,28004.3306668648,,,,2026-02-02T00:31:27.000Z
29.992703535979384,16.097060417661837,997.9907301181803,-1.4229243881674096,-0.26222267736096533,4095.052321305858,1.1722749596080682,0.2769943311191006,-0.21738619941650508,0.0,0.0,0.0,0.0,25,500,27993.65672439705,,,,2026-02-02T00:31:28.000Z
30.00583050730964,15.87091393934522,997.9845102478843,-0.7689137579541833,-1.1550685280384256,4095.9710954582433,-0.09326066554176463,1.7037271546972377,-0.3416652836197584,0.0,0.0,0.0,0.0,25,500,28013.060868702483,,,,2026-02-02T00:31:29.000Z
29.999627187819804,15.947485527798179,998.0146041517794,-0.822049873006346,1.394476092780626,4097.0925684960075,-0.4050110714506975,-0.686880234788128,0.7274902041567654,0.0,0.0,0.0,0.0,25,500,28004.8631896233,,,,2026-02-02T00:31:30.000Z
29.976519988655955,16.0954783096695,997.9930094537451,2.0432459681460777,-0.695049885037716,4096.012844539622,0.1294216768153004,-1.0260352475552401,-2.2059351799143783,0.0,0.0,0.0,0.0,25,500,28015.34655688687,,,,2026-02-02T00:31:31.000Z
30.00461998023703,16.06161612305148,997.9907433285671,-0.7575196732061866,-2.3131104341346727,4095.127228218947,-0.35312018000244655,-0.1085864768279433,-0.7336079460866397,0.0,0.0,0.0,0.0,25,500,28001.369700407886,,,,2026-02-02T00:31:32.000Z
30.001166506500155,16.103594614031486,997.9958246177167,4.165320644219595,2.5624773070459606,4095.7807803921482,0.03084949275693916,1.0317389805140589,-0.7255183044419155,0.0,0.0,0.0,0.0,25,500,28010.778227611623,,,,2026-02-02T00:31:33.000Z
30.011564177714973,16.084843964645408,997.9972161121347,0.8617248380300748,2.43289477455416,4095.8232740815893,-0.6833810365201296,-1.4468829667607033,1.1871272524080254,0.0,0.0,0.0,0.0,25,500,28004.627710452984,,,,2026-02-02T00:31:34.000Z
29.992499063425118,15.96588964720833,998.016385124359,-2.551365319991463,0.31102320752712165,4095.259977940236,1.1086744199557241,1.4536341508749477,-1.113844377401017,0.0,0.0,0.0,0.0,25,500,27995.490185877963,,,,2026-02-02T00:31:35.000Z
29.984942903376208,16.21991901483947,997.996718528969,-0.2570925865039137,-2.5257295074563557,4095.4824078746656,1.423264921065661,-0.1720313621156695,0.22665735964899383,0.0,0.0,0.0,0.0,25,500,28001.872100184843,,,,2026-02-02T00:31:36.000Z
30.001686808594105,16.01369099907534,998.026333835654,-1.3033502443128313,-2.4590525024347722,4099.197294341009,-0.13339032211162255,-0.7343200023133737,-0.12812841441978132,0.0,0.0,0.0,0.0,25,500,27991.66013733541,,,,2026-02-02T00:31:37.000Z
30.003801773876056,15.69442910508558,998.0006369720465,-4.3887649396400485,0.2144585768383055,4097.121838895882,-1.3864894206912433,-1.6001892867621594,1.0430425268363819,0.0,0.0,0.0,0.0,25,500,28020.687794329744,,,,2026-02-02T00:31:38.000Z
30.000938329453856,15.97176536276227,998.0205702824898,3.198941880227579,-0.9997420690100645,4095.4090393639417,-0.5238431703133952,0.7065207734206274,0.5958318645105473,0.0,0.0,0.0,0.0,25,500,27998.991348902946,,,,2026-02-02T00:31:39.000Z
30.000207086836856,15.953082874300067,998.0089392928143,1.4062850844400079,-0.6821858642832164,4097.393908809022,-0.18398866010296422,-0.17117119524153482,0.1212437318203795,0.0,0.0,0.0,0.0,25,500,28000.262102915185,,,,2026-02-02T00:31:40.000Z
29.989312730457936,16.079524916736727,998.0036103741985,1.066414635798625,2.043926310120007,4095.332361020488,0.5055388769032081,0.1707054827545068,-0.5546668745880683,0.0,0.0,0.0,0.0,25,500,28003.899858616336,,,,2026-02-02T00:31:41.000Z
29.99861082863025,15.954881468480187,998.0157784813324,0.3308073205994085,1.4663586348451154,4098.346249275173,-1.008013223170678,-0.9008117410113639,-1.8523425031098761,0.0,0.0,0.0,0.0,25,500,27989.130546756835,,,,2026-02-02T00:31:42.000Z
29.996515941704956,16.109896999581913,998.0112222979394,-2.7640351373848753,2.756285360995226,4096.739284384396,-0.7691623186421507,-0.31909603425102373,0.24708565568740534,0.0,0.0,0.0,0.0,25,500,28013.213711056665,,,,2026-02-02T00:31:43.000Z
30.010727087407673,16.05580993724067,998.0063467908419,-0.9672342791108735,-1.9812464467545152,4095.7853957119914,0.5106761378588074,-0.4865812463547379,0.5304897985298728,0.0,0.0,0.0,0.0,25,500,27989.746704492318,,,,2026-02-02T00:31:44.000Z
30.003793253640307,15.899990953852994,998.0231759400978,1.6835615495680254,-0.6863831373734239,4096.8954338516205,0.9389088320395578,-0.10059310537820755,-1.574867612474653,0.0,0.0,0.0,0.0,25,500,27987.485294376387,,,,2026-02-02T00:31:45.000Z
29.997220028782547,15.985962666438857,997.9950160728805,-2.1024400595650055,1.5179633909202255,4092.858247695863,-0.6215940451706842,-0.6695523263758105,-1.2336941643285493,0.0,0.0,0.0,0.0,25,500,27998.33475987297,,,,2026-02-02T00:31:46.000Z
30.01723884876423,15.92244665557246,997.9900508632404,-5.063538632501627,0.8961566820257835,4093.7464650621805,-1.333217053950996,-1.5341809606872214,0.2523299733716759,0.0,0.0,0.0,0.0,25,500,27987.207025022104,,,,2026-02-02T00:31:47.000Z
29.99731092323785,16.018475864685367,997.9932376925818,-0.45421201556185203,3.0647607651752438,4093.612149987202,3.284118201287884,2.728499745296607,0.33914168620787005,0.0,0.0,0.0,0.0,25,500,28015.619405361915,,,,2026-02-02T00:31:48.000Z
30.005577867238863,15.921850913276488,998.0175227319008,-0.2835151080550772,0.8410734118081385,4096.285886189527,0.7833042370887136,-1.363404247337514,-0.9906473100920593,0.0,0.0,0.0,0.0,25,500,27997.69296730317,,,,2026-02-02T00:31:49.000Z
29.998330786664106,16.007443523050906,998.0145076002109,0.2711268328294183,3.696218208211105,4099.46502999897,-0.2670037617670316,0.18145900694253897,-0.5740647135680381,0.0,0.0,0.0,0.0,25,500,27967.788325021596,,,,2026-02-02T00:31:50.000Z
30.01631152515028,15.972769424900958,997.9947473810051,1.4570372870290724,1.0800356034462815,4100.462600292385,0.8690312755308397,-1.7720278284240423,-1.8364888385704266,0.0,0.0,0.0,0.0,25,500,28001.99948518125,,,,2026-02-02T00:31:51.000Z
30.000868597758135,15.984777674532017,997.9764534871241,1.2752116244624172,2.1243348951773204,4097.276102202882,-0.1244566297144221,-1.997047436617975,1.3772639038132337,0.0,0.0,0.0,0.0,25,500,28005.53505986854,,,,2026-02-02T00:31:52.000Z
30.001164142278906,16.20509403797981,997.9979415496363,0.5175396104878432,-0.6470298935689143,4097.001688949889,0.8671568891001863,0.09782649185226754,-1.2998744073684523,0.0,0.0,0.0,0.0,25,500,27995.785677516098,,,,2026-02-02T00:31:53.000Z
29.99860129641227,15.96395147732928,997.989867356914,2.3910627761734187,0.02857442376797813,4092.3978845316947,0.15939319777622218,0.17436758776830327,0.5422593912485507,0.0,0.0,0.0,0.0,25,500,27986.44106974239,,,,2026-02-02T00:31:54.000Z
30.001965119260014,15.806556691238281,997.9950606402851,-3.0379395616266294,1.8218888076789506,4094.914652400532,0.09127189816757326,1.2614989908023837,-0.03496069615338034,0.0,0.0,0.0,0.0,25,500,27998.966929833336,,,,2026-02-02T00:31:55.000Z
30.01199537838648,16.101582614473436,997.9894559095226,1.0091636289547805,3.2259563411861087,4094.4244324961837,-0.11358186823078863,0.3995468410157058,1.289593619624759,0.0,0.0,0.0,0.0,25,500,27995.18294532773,,,,2026-02-02T00:31:56.000Z
30.008458438446848,16.1007955901802,997.9839046192302,1.253076726673885,1.458473898621506,4094.7583048034976,-1.4473813334630898,-0.14981071874579097,-0.7922540927747564,0.0,0.0,0.0,0.0,25,500,27990.24428080141,,,,2026-02-02T00:31:57.000Z
30.00028076181116,15.802105982620317,998.0188320436833,-2.479124572160479,-0.16634354386923897,4095.66371236283,1.9380948993931397,-0.9496002440650042,0.0612527103403872,0.0,0.0,0.0,0.0,25,500,27989.361749299052,,,,2026-02-02T00:31:58.000Z
30.017013251064565,15.929910037879193,997.9931633179606,-3.0057412173647786,2.7546700590566835,4095.0558188446057,-0.9415339202677434,1.4990120682335486,-1.69842690923735,0.0,0.0,0.0,0.0,25,500,28001.562357489373,,,,2026-02-02T00:31:59.000Z
30.008729856413424,16.04358105568465,998.0141266780325,-1.4918842529512026,-4.383957312559762,4092.0414003792484,-1.3600235763105946,0.928851246050224,-1.9385268369397537,0.0,0.0,0.0,0.0,25,500,28009.030218003896,,,,2026-02-02T00:32:00.000Z
29.995618188808027,16.052420326121705,997.9977862909016,-1.3230828850305838,-2.844469003013747,4097.495820512235,-0.2128598827563673,-1.2463294777484246,0.5963335838654739,0.0,0.0,0.0,0.0,25,500,28004.61543837997,,,,2026-02-02T00:32:01.000Z
29.98619651646266,15.999527623654728,997.9886919579545,1.5068389270048614,1.363268447336778,4093.8545139485204,-0.9614718135105067,0.03796372821063529,-1.785025839069702,0.0,0.0,0.0,0.0,25,500,27982.720021414116,,,,2026-02-02T00:32:02.000Z
29.995849861982034,16.001782537893327,998.0050906838993,-1.2290775673821899,0.02821671250624971,4096.478493728222,-0.05171279056027103,0.14405223152649677,-0.22821753443453083,0.0,0.0,0.0,0.0,25,500,28006.15478004556,,,,2026-02-02T00:32:03.000Z
30.004133487785502,15.906141212691681,997.9960894314306,-1.712697036562408,1.2110273022483304,4100.1481653395,0.6877638485617686,-0.3456536566056691,1.0112954479729197,0.0,0.0,0.0,0.0,25,500,28007.72474012027,,,,2026-02-02T00:32:04.000Z
30.005972003706315,15.760015128654432,997.9979289889434,-1.2232674733891182,0.1288150448638841,4094.1612308168274,0.995302900529223,0.7718504858067948,0.7466848560946794,0.0,0.0,0.0,0.0,25,500,28013.936967508478,,,,2026-02-02T00:32:05.000Z
30.01359137683302,16.204950731818354,998.0014490593434,2.2372646683084234,1.1418913892077454,4090.9394249545076,0.8147307216216817,0.8317331383481771,-0.6645854879485937,0.0,0.0,0.0,0.0,25,500,27990.50112243908,,,,2026-02-02T00:32:06.000Z
29.98905454024881,15.90313327222933,997.9918778716425,0.026086748753904265,-1.6288056419863812,4095.4279915562397,-0.3056320547856803,-0.19048569780510585,-1.5885031364081725,0.0,0.0,0.0,0.0,25,500,27999.433973606352,,,,2026-02-02T00:32:07.000Z
29.995608446660533,16.01765056900645,997.9837886364588,-0.3585020507138236,1.1409721721593815,4098.201919269997,0.049591827661585874,-0.28086924579765843,0.5094948616555286,0.0,0.0,0.0,0.0,25,500,28005.67524250304,,,,2026-02-02T00:32:08.000Z
29.988223573301255,15.984115200434067,997.9994873038527,-0.22001099740210295,1.988829056415169,4099.916694908441,0.40787905089749094,1.4989584626675316,1.3422567828601808,0.0,0.0,0.0,0.0,25,500,27994.724463018603,,,,2026-02-02T00:32:09.000Z
29.986612007884204,16.089719755227353,998.0096391770263,2.5841206686530453,2.441101207862465,4093.540900811095,-1.7577874239420725,0.9328388923622372,-0.6622380786656235,0.0,0.0,0.0,0.0,25,500,28005.519098503468,,,,2026-02-02T00:32:10.000Z
29.993721812540468,16.011489721348216,997.9909840874109,-1.4983434532064837,4.0271085892973995,4096.993398446473,0.5705847001198596,0.07236038990838448,-0.8033128584071165,0.0,0.0,0.0,0.0,25,500,27999.759736737822,,,,2026-02-02T00:32:11.000Z
30.00366612244294,16.0153440953092,998.0015396226627,2.631016581880208,0.48819688700477315,4095.0693790864398,-1.4572992875838315,-1.6292090390800535,-0.5249019628689985,0.0,0.0,0.0,0.0,25,500,27991.535451833446,,,,2026-02-02T00:32:12.000Z
30.007713944348904,15.736568175199107,998.0150550714854,0.42099259784300724,0.5478221736943578,4095.7881032913915,2.0403465989064893,0.3440001063050359,0.5716087108071156,0.0,0.0,0.0,0.0,25,500,27992.387577613095,,,,2026-02-02T00:32:13.000Z
29.990516458933783,15.916666092745775,997.9991023511272,-0.32083876395069544,-3.0463449283476955,4101.288686694034,-0.40451508464169533,0.6980834649176682,1.2285176064149128,0.0,0.0,0.0,0.0,25,500,28012.492893562747,,,,2026-02-02T00:32:14.000Z
29.99190724080613,16.0744633046599,998.000860943718,5.001800995868563,-1.06282280227685,4092.9940593432098,-0.18487517719459123,-2.754521628398373,-1.2396068113805223,0.0,0.0,0.0,0.0,25,500,27990.035813376035,,,,2026-02-02T00:32:15.000Z
29.982201768246767,16.065466822507194,998.000552123536,-2.1112789795971927,-0.3861641480132253,4096.507479322989,-0.7697070992378554,0.2518694483180255,-1.498281809324653,0.0,0.0,0.0,0.0,25,500,27988.319997158305,,,,2026-02-02T00:32:16.000Z
30.00214352208277,15.904834717638279,997.9931765557411,-0.7073715191340121,2.10063910455271,4096.935386343531,-0.6299700318556897,-0.4166919867957354,2.339996321932448,0.0,0.0,0.0,0.0,25,500,28003.443788647317,,,,2026-02-02T00:32:17.000Z
29.992678610980292,15.842197141727889,997.9900664548156,-2.4648624783280004,-1.2220022481792583,4098.171572649879,2.27409356914324,-0.22085428012955155,-0.17732278789003864,0.0,0.0,0.0,0.0,25,500,27999.694272156576,,,,2026-02-02T00:32:18.000Z
30.01663031378212,16.012657930672294,997.9901073763068,1.9049239410723389,1.5926800394976648,4096.195966306942,0.9403696886232976,-0.9073809527633206,0.25289279569030954,0.0,0.0,0.0,0.0,25,500,27986.88378622573,,,,2026-02-02T00:32:19.000Z
30.004098087996496,15.709322595120419,998.0036818319701,3.378377867303358,-0.003243433926760247,4096.616101079008,-1.5492024451478383,-0.14818929040364195,-0.691930840617639,0.0,0.0,0.0,0.0,25,500,27994.805798259105,,,,2026-02-02T00:32:20.000Z
29.998285542565434,15.885132574766224,998.0075787236193,3.339845562809278,-0.3543362302295238,4095.2167028651565,1.5042129006852296,1.3919915761813313,0.489962309452716,0.0,0.0,0.0,0.0,25,500,27991.832185217394,,,,2026-02-02T00:32:21.000Z
29.993588875724555,16.17601610751553,998.0080508223843,2.4478975062920094,0.49778793826651285,4096.538253882491,1.1932422751414316,-0.44639849881551563,0.9600608747015225,0.0,0.0,0.0,0.0,25,500,27993.583324537532,,,,2026-02-02T00:32:22.000Z
29.985053297798057,16.144506732887375,997.9962145714625,-0.39524093559193124,-0.7823127445056851,4095.3136154490053,-0.28121246228828845,0.9655735587931837,0.2997961715729297,0.0,0.0,0.0,0.0,25,500,28025.249703968067,,,,2026-02-02T00:32:23.000Z
29.986321282230545,16.048724935876514,998.0109330854093,-0.730481954979693,-0.858074496185331,4097.243143779712,0.3066969420298376,-0.8063312188796102,1.7408580770144348,0.0,0.0,0.0,0.0,25,500,27996.97420095326,,,,2026-02-02T00:32:24.000Z
29.99377859045428,16.030733631448125,998.0030736381951,-3.34233954498813,-3.409571811580229,4095.2607793279126,-0.014944079421074246,0.7587561926560389,-0.3267445899410919,0.0,0.0,0.0,0.0,25,500,27991.187490558277,,,,2026-02-02T00:32:25.000Z
29.993010971179757,15.80498292154756,998.0007074222179,4.071747070363585,-0.49590841465577923,4096.754200787805,1.9725799044469323,0.0016558556219512324,-0.2628824730353762,0.0,0.0,0.0,0.0,25,500,28020.217874907998,,,,2026-02-02T00:32:26.000Z
29.99000828157154,15.925933276335089,997.966606433374,0.9379561562969354,-0.959936292297453,4095.94147437263,-0.7962901889920904,0.3520248287892806,0.23140635127741563,0.0,0.0,0.0,0.0,25,500,28008.882547981924,,,,2026-02-02T00:32:27.000Z
30.003770947274422,15.970483140203422,997.991825903884,-0.9839138097389661,-1.031961978698159,4098.252100501544,0.14601060977572694,0.007153256097487521,0.46496164550609703,0.0,0.0,0.0,0.0,25,500,28007.248255605853,,,,2026-02-02T00:32:28.000Z
30.00514265592415,15.92805862504988,997.9847890209776,2.656113777973935,0.8337461251800807,4095.897212552823,-0.4281453309928047,0.6416252324412085,0.22794726206260926,0.0,0.0,0.0,0.0,25,500,27991.669057056988,,,,2026-02-02T00:32:29.000Z
29.99541367602698,15.964975666509213,998.0062707350706,-1.9455290335200017,1.3172639055810194,4092.4539350635864,-1.4330404046178542,-2.567585117933758,-1.284415026955091,0.0,0.0,0.0,0.0,25,500,28011.914833576866,,,,2026-02-02T00:32:30.000Z
30.019351522682655,16.12992244243463,998.0009503333193,0.8132440684453481,0.4643890092846552,4098.523843001428,2.191638255054987,-1.4198253134575696,0.31251516619556136,0.0,0.0,0.0,0.0,25,500,28008.162745882328,,,,2026-02-02T00:32:31.000Z
29.98253270633484,15.945817693872868,997.9892801361361,-0.34525826858166936,1.990830380898949,4094.188535398275,-1.1815665791024124,0.41708049800864466,-0.3741735848034373,0.0,0.0,0.0,0.0,25,500,28001.47089581838,,,,2026-02-02T00:32:32.000Z
30.000581638989722,15.965906081944324,998.0030436255847,1.277354279760602,1.1511238516607303,4094.692467322702,0.2201291874877759,-2.0435383538962357,-0.5809770140746456,0.0,0.0,0.0,0.0,25,500,27982.836968771277,,,,2026-02-02T00:32:33.000Z
29.99781419795912,16.073953128668375,997.9857650763379,-0.12714707837224293,-0.5901123796112843,4094.808677411913,-1.7407006063803354,-0.5305803556472093,0.03248205475324366,0.0,0.0,0.0,0.0,25,500,27999.800799975223,,,,2026-02-02T00:32:34.000Z
29.994492991180326,15.85805242813972,997.9895623690173,-2.9018557822224484,-0.9257125714287595,4098.7488761863415,-0.39907053924309327,-0.05434084103664975,-0.9615226873292143,0.0,0.0,0.0,0.0,25,500,28017.299307141653,,,,2026-02-02T00:32:35.000Z
29.99302337153987,15.915979542116116,997.9928977866914,0.15115274534007564,0.6256444735336929,4091.7286515720425,0.4219688214334575,-0.8281401376128967,-1.1353913238732314,0.0,0.0,0.0,0.0,25,500,28002.20382819742,,,,2026-02-02T00:32:36.000Z
29.999930401170875,15.926227741224317,998.0054013632184,2.0977282837507243,1.1475342198038017,4102.27549706732,-0.8247339795023627,-0.6915614026937736,-2.6154689600038497,0.0,0.0,0.0,0.0,25,500,27996.235334729183,,,,2026-02-02T00:32:37.000Z
29.997744721726782,16.005559214655175,998.013994416792,-0.05843281170797049,2.7956886140629966,4098.112113618132,0.586801850735655,0.27158220015359236,1.7472373285098912,0.0,0.0,0.0,0.0,25,500,27997.715426569113,,,,2026-02-02T00:32:38.000Z
29.996081234728873,15.965503793250633,997.9941399155166,1.550230243178172,2.3823460898801914,4096.446477828258,-0.26904109188808245,1.0092949557798092,0.5557313191030023,0.0,0.0,0.0,0.0,25,500,27998.40747693186,,,,2026-02-02T00:32:39.000Z
29.987012803650106,15.968665909065287,998.0132245864161,-2.0910589713481063,-1.082946013014338,4095.8902119987674,1.1600825123986132,-0.9584493812548077,-0.11676412130630513,0.0,0.0,0.0,0.0,25,500,27992.00385786223,,,,2026-02-02T00:32:40.000Z
29.983818881821897,15.933514601289751,998.0004740355062,-0.052521586539704276,-0.20401256025452338,4096.571108149716,1.3617609133402233,-0.5750581961873702,-0.6672232368866481,0.0,0.0,0.0,0.0,25,500,27999.587551706372,,,,2026-02-02T00:32:41.000Z
29.997114835248045,15.892916973978524,998.0023613816093,-1.2490209101771548,1.34203560983554,4097.042244856759,-0.5867447607300117,-0.7312609733270449,-2.876032282046417,0.0,0.0,0.0,0.0,25,500,28014.427345295455,,,,2026-02-02T00:32:42.000Z
29.995979038955035,16.060914292421057,997.9993619544227,1.4939616802094196,2.135995556117944,4097.2904311719,0.07673285939295683,-2.4213797518772786,-0.7285288762214843,0.0,0.0,0.0,0.0,25,500,28013.29454878911,,,,2026-02-02T00:32:43.000Z
29.99802963139723,15.966219588103774,997.9980268624662,0.06298312452399155,1.8779389374095843,4097.111208932007,0.1834542264722327,0.14171179031750872,0.7158663371640762,0.0,0.0,0.0,0.0,25,500,27992.45664089676,,,,2026-02-02T00:32:44.000Z
29.998913782021106,16.06190189801474,998.0043930003674,1.380147352673225,-0.12775566566269336,4096.17916136251,0.6193492954346985,0.9347177458284922,0.9421743035938688,0.0,0.0,0.0,0.0,25,500,28012.758973845506,,,,2026-02-02T00:32:45.000Z
29.994774976581173,15.888837266951885,998.0074032118619,2.175420852315732,-2.508045304857033,4095.6053231593855,0.014381996244265737,1.0166432073158822,0.6422919936033016,0.0,0.0,0.0,0.0,25,500,28007.611413126528,,,,2026-02-02T00:32:46.000Z
29.997875925761818,15.933475784225037,997.9911538869636,1.3832371502427767,-1.9978727524911826,4095.697453432693,0.1902109593428422,-0.8707663764407388,0.15839195575246848,0.0,0.0,0.0,0.0,25,500,28006.333385376118,,,,2026-02-02T00:32:47.000Z
29.991464716918966,15.977881697215324,997.9981069953043,0.5462368685872884,0.5452670286388286,4095.610183439295,-0.2434064747951195,-1.2516980485201425,1.303874145931379,0.0,0.0,0.0,0.0,25,500,28004.319118816402,,,,2026-02-02T00:32:48.000Z
30.01523945809163,15.987213296318378,998.0166927509722,-1.9964245170228105,0.6844511588486911,4098.267540193734,0.11523986697201831,0.021605547591684655,-0.32853722208854036,0.0,0.0,0.0,0.0,25,500,27990.696236212207,,,,2026-02-02T00:32:49.000Z
29.9920025985185,16.075436872593222,998.0017718865432,-0.005572221333802476,-2.19735874686877,4097.187113444562,1.2979401935351325,0.8292736865664673,1.0851889161343613,0.0,0.0,0.0,0.0,25,500,27995.944218150427,,,,2026-02-02T00:32:50.000Z
29.996290192905345,15.956949071040764,998.0028669385443,-1.0661808040316663,0.08913922177854326,4090.1192227306715,0.6460832412118543,0.15485044831038394,-0.38458244372021294,0.0,0.0,0.0,0.0,25,500,28008.329184031212,,,,2026-02-02T00:32:51.000Z
29.99276211210886,16.074674224281086,998.0116726853897,-0.6881279134084531,1.2624487139435663,4097.31180155306,0.701255639443369,0.28930463587376126,-0.8811413088777623,0.0,0.0,0.0,0.0,25,500,27987.93129656125,,,,2026-02-02T00:32:52.000Z
29.99259418459795,16.03749440085597,997.9949875550071,-0.7490683015005017,-2.3024533150142883,4096.389472389437,0.7230703241355783,1.1418309277362335,-1.005712980422521,0.0,0.0,0.0,0.0,25,500,27989.592248946043,,,,2026-02-02T00:32:53.000Z
30.00024641566638,15.989314738991705,997.999660393781,-1.959851149564489,2.209994403608829,4095.962582487108,-0.1538087778810355,-0.7391365592307034,-1.0644964211729528,0.0,0.0,0.0,0.0,25,500,28003.06197424766,,,,2026-02-02T00:32:54.000Z
29.998977657901168,15.904870120350347,998.008168448966,-3.9146771782679797,-0.7550622971196503,4095.2229630938223,0.3188270435795304,-0.21997008667302992,0.6590680288024853,0.0,0.0,0.0,0.0,25,500,27992.10467339341,,,,2026-02-02T00:32:55.000Z
29.99540539609625,16.075687526546332,998.0123890223127,-1.3362860966555337,2.515226225153302,4098.248225439972,-1.0851736783357446,1.6346055117612015,-0.7427455710970785,0.0,0.0,0.0,0.0,25,500,28008.238943537006,,,,2026-02-02T00:32:56.000Z
29.997165240084456,15.907366253268634,997.976348567065,0.3867589038483181,-1.066904891551801,4097.895052924246,1.268807656316957,-0.19681112309762697,-1.0330288450349439,0.0,0.0,0.0,0.0,25,500,27992.457820437434,,,,2026-02-02T00:32:57.000Z
29.99280186449007,15.997871961984272,997.992633312091,-2.6963540908549803,-2.053250965768358,4094.4542446643527,-2.7829604323432204,-1.2673369659665712,0.71373521966136,0.0,0.0,0.0,0.0,25,500,28002.443801448633,,,,2026-02-02T00:32:58.000Z
30.00401725637726,15.994605955706392,997.9900163469365,0.031364472943248685,-0.9162739796834392,4096.814104574249,-0.08714839233542518,-0.6693560962502948,0.3279703904722328,0.0,0.0,0.0,0.0,25,500,28003.280715646506,,,,2026-02-02T00:32:59.000Z
30.020551927425906,15.979290485738272,997.9987617489661,3.8005368486219293,-0.1902962461546403,4094.0566865309174,1.1408959771502742,-0.9381798512212423,0.962591982845802,0.0,0.0,0.0,0.0,25,500,27995.179053221025,,,,2026-02-02T00:33:00.000Z
29.99125158722767,15.961068027701469,997.990773272234,2.0461131105044785,-0.7769598135429618,4093.240763670422,-1.3638679336293416,0.35716258570127063,0.5125995112727985,0.0,0.0,0.0,0.0,25,500,27997.603533703455,,,,2026-02-02T00:33:01.000Z
30.003939632237348,15.917792330503833,998.006641054995,3.2870830182410584,-0.4320028431462267,4094.74656555082,0.3997799176168511,-0.8959470035887789,-0.7531115801973117,0.0,0.0,0.0,0.0,25,500,27993.1998851996,,,,2026-02-02T00:33:02.000Z
30.000449489570208,15.838306356262992,998.0017241034105,0.7822557538654524,0.6679302993523807,4097.724786944766,-0.6807664465790269,0.2710342528612446,0.07610241646858744,0.0,0.0,0.0,0.0,25,500,27999.813952943477,,,,2026-02-02T00:33:03.000Z
30.006686297581325,16.140380473284036,998.0088919016936,2.335019645972892,-0.34235873959279883,4097.906250090752,-0.3688032651888687,-0.7360652185406498,0.12513299076967724,0.0,0.0,0.0,0.0,25,500,27990.38312759912,,,,2026-02-02T00:33:04.000Z
30.00696792960496,15.950827653574276,998.0095300795738,-1.4479294609355748,-0.13222478790401407,4097.026170840195,0.9459409606394378,-2.123378538398228,-0.9191586584740024,0.0,0.0,0.0,0.0,25,500,27997.76492248503,,,,2026-02-02T00:33:05.000Z
30.002054126972187,15.987188790488252,998.0067908601842,-1.2886805340439684,-3.418452798405192,4097.450191573696,0.1980569258851502,0.3066197869819221,-1.1046249740939926,0.0,0.0,0.0,0.0,25,500,28007.484910077954,,,,2026-02-02T00:33:06.000Z
29.99960179423885,15.986577261606605,997.996642094489,-5.4782804122749456,0.7833960320209454,4097.03235657423,-2.0343558678843627,0.1484636815468889,-0.6807216091177045,0.0,0.0,0.0,0.0,25,500,27988.632489209394,,,,2026-02-02T00:33:07.000Z
29.995655498003515,16.109560433722876,998.0010427753875,2.372290948084598,-0.17840659538333595,4094.717036809554,-0.9764255397315984,0.5177578157088407,2.0365823566720804,0.0,0.0,0.0,0.0,25,500,27995.129305880222,,,,2026-02-02T00:33:08.000Z
29.992350396468915,16.193319422151763,997.9953912609468,3.080647959639772,3.220585960965742,4096.863845089348,0.9753357348887596,-0.6729872191652566,-0.4127440942215489,0.0,0.0,0.0,0.0,25,500,28005.18262409985,,,,2026-02-02T00:33:09.000Z
29.999031543390483,16.015984741958867,997.9863526468603,-1.10635449069454,-1.8791303345079164,4097.600819050455,0.4489427181929976,-0.7795444753593765,1.2328667913867144,0.0,0.0,0.0,0.0,25,500,27979.223552183194,,,,2026-02-02T00:33:10.000Z
29.987154111685822,15.984299733154309,998.0095378784708,-0.5079034127944702,-3.616590656999029,4097.508582659627,1.7481355725242844,0.4014668584815456,-0.4686605094797979,0.0,0.0,0.0,0.0,25,500,28018.55584036399,,,,2026-02-02T00:33:11.000Z
29.994061440098825,15.887654299284058,997.9991593537274,-1.507724227381923,1.2361369878600839,4098.377826742949,1.6826475940132972,1.519019572530981,0.888838819539992,0.0,0.0,0.0,0.0,25,500,28010.45257914031,,,,2026-02-02T00:33:12.000Z
30.011068536244725,15.855641155058724,997.9849738803588,0.7653071029549832,0.6930540366260008,4097.416607694402,-0.3422451301467918,0.011168009506327682,0.902491655557847,0.0,0.0,0.0,0.0,25,500,27984.616644197627,,,,2026-02-02T00:33:13.000Z
30.000985122210796,15.82260250703559,998.0053694957109,2.2498650906064817,-2.0168660410622916,4096.702896415083,2.5032378050694883,0.42458509604714495,0.9525905079520448,0.0,0.0,0.0,0.0,25,500,27978.958042000682,,,,2026-02-02T00:33:14.000Z
30.008926644189355,15.920415504047654,997.9977605108238,-3.485543947762082,-3.059497910008183,4098.140300476633,0.02447966985191076,-0.32158768442570723,0.3878273420089586,0.0,0.0,0.0,0.0,25,500,28000.29617587334,,,,2026-02-02T00:33:15.000Z
30.014696438866583,15.79091452026869,997.9794019602738,0.8188770612845045,3.07479346136858,4095.946957481502,-0.9626685344090254,-1.5436305218736848,1.3773665787811513,0.0,0.0,0.0,0.0,25,500,27988.79755804098,,,,2026-02-02T00:33:16.000Z
29.998229705440853,16.107882995374013,997.9862627072754,-0.5533435434382908,2.8282207812135636,4094.2362506975446,-0.6336398659105773,0.9674294191540579,0.37835396935272786,0.0,0.0,0.0,0.0,25,500,28009.614932901983,,,,2026-02-02T00:33:17.000Z
30.002073258341937,16.042309624399344,997.9929938884134,0.2267887839333787,-4.974913517412259,4095.6738660721126,-2.256725105289419,0.9084142390861619,1.7135297293402796,0.0,0.0,0.0,0.0,25,500,28003.940021621318,,,,2026-02-02T00:33:18.000Z
29.99698154105847,15.974835948531522,998.0021051205845,0.9179880033485819,-0.9164460585130019,4094.510194710387,1.607019008249281,0.7107740251751941,-1.6199198031884334,0.0,0.0,0.0,0.0,25,500,28001.233790163373,,,,2026-02-02T00:33:19.000Z
29.991873942395245,16.11093839807608,998.0078801998505,-0.3764048775456423,3.3283841095677986,4094.6496434500514,1.5947619890438636,-0.18194543834241864,0.3482862476668184,0.0,0.0,0.0,0.0,25,500,27994.297436149765,,,,2026-02-02T00:33:20.000Z
29.990470317406675,15.892884392259672,998.007537689307,-0.20717370681156122,-0.9521251155557339,4095.710962658569,-1.015507438813321,0.5970560997385407,0.28332359253566647,0.0,0.0,0.0,0.0,25,500,28016.000076397893,,,,2026-02-02T00:33:21.000Z
30.008431503725966,15.918001894463545,998.0060286295493,-0.4277503351092778,-0.9812244680533053,4094.415160158,-0.22788428838190591,0.8937617973878307,-0.9365198458054912,0.0,0.0,0.0,0.0,25,500,28007.534521007216,,,,2026-02-02T00:33:22.000Z
30.002086272804856,15.806620671969826,997.999656376283,1.9406324035765627,-0.5655186552587367,4095.384076940722,0.0956075441125776,1.6201586849567073,0.5795842217637382,0.0,0.0,0.0,0.0,25,500,28006.031658090207,,,,2026-02-02T00:33:23.000Z
30.01846603072081,16.07743536950202,998.017222323106,0.8375199202549931,-2.2417939475363187,4092.2127706660926,-0.9603530521421138,0.988526104647442,-1.490082675576618,0.0,0.0,0.0,0.0,25,500,28012.000559646276,,,,2026-02-02T00:33:24.000Z
30.00972052012924,15.918965871369073,998.00699871244,0.44116707547472156,-3.4095514884560885,4096.426587414746,-1.7551020312711616,0.06382122503363889,-0.6541843257603286,0.0,0.0,0.0,0.0,25,500,27989.81139136507,,,,2026-02-02T00:33:25.000Z
29.992687870104636,16.00156956132758,998.0022210536924,-2.5419034421845654,2.1050946214694974,4096.002410950725,-0.21035760377691182,-1.3082532554243715,-1.9990878128978078,0.0,0.0,0.0,0.0,25,500,28012.847378690392,,,,2026-02-02T00:33:26.000Z
30.008403421802267,16.100257640057468,998.0056658810573,-0.7571594864263084,-3.6858738124953514,4094.3658227378637,-0.32107942945924683,0.15565829767174108,1.5586265169628146,0.0,0.0,0.0,0.0,25,500,27997.353917036373,,,,2026-02-02T00:33:27.000Z
29.996949244608977,16.13708507554994,997.9960096499684,1.7973383206783484,0.4945429042175118,4097.318491336865,-0.38841124098877516,0.2565773958493077,-0.23154949394529548,0.0,0.0,0.0,0.0,25,500,28003.347296966025,,,,2026-02-02T00:33:28.000Z
30.01216859709129,15.997085364850943,997.9994275639897,0.07539314624784581,1.7731589855152992,4097.875140275253,0.22271606260096463,0.709029775318304,2.1668840348163116,0.0,0.0,0.0,0.0,25,500,27998.43536990328,,,,2026-02-02T00:33:29.000Z
29.99513666122757,16.038423743627135,997.9791804596044,1.3190629391782767,-2.902452597802317,4092.784880271262,1.4295196585259922,1.3538918593234255,0.802949926519495,0.0,0.0,0.0,0.0,25,500,27981.221343936264,,,,2026-02-02T00:33:30.000Z
29.989475740397573,15.909614975395634,997.9961325233752,3.5330236006552673,-1.8485368051901432,4094.4745504428674,-0.3030927196917261,-0.09515051205677928,0.44809821335102445,0.0,0.0,0.0,0.0,25,500,28009.57348260972,,,,2026-02-02T00:33:31.000Z
29.992042449229388,16.16833733430075,998.0175988801577,2.077212138417633,2.42635837678318,4094.4617153004256,0.17044299872136284,2.1009871898131114,-0.5862276942809993,0.0,0.0,0.0,0.0,25,500,27981.755166770927,,,,2026-02-02T00:33:32.000Z
29.99255335097585,15.983384943970064,998.0014837527729,0.18631667539948468,1.0657834404540798,4094.120193797782,0.726870523744936,-1.7592870200405772,-1.04635003568742,0.0,0.0,0.0,0.0,25,500,27990.334793999875,,,,2026-02-02T00:33:33.000Z
29.991597482353814,16.008028495186814,998.0010673977736,-1.0219783403914542,-1.2345714137577743,4097.658949683863,0.5541429265127488,0.41934187246162524,0.5229715738969453,0.0,0.0,0.0,0.0,25,500,27995.471753695718,,,,2026-02-02T00:33:34.000Z
29.994273917243948,15.959314692773678,998.0099860409515,-5.1070991921117965,2.404498006722342,4095.6123477224546,-0.614423524447842,-0.7985203921840281,-0.07151400927298215,0.0,0.0,0.0,0.0,25,500,27980.463844539907,,,,2026-02-02T00:33:35.000Z
30.008566918703252,16.119924899841376,998.0035782541562,-0.33676984494570505,2.4130714469086048,4095.470970317379,0.09637712311403587,-1.907221999688803,-1.339270315485301,0.0,0.0,0.0,0.0,25,500,27988.993773771963,,,,2026-02-02T00:33:36.000Z
30.01796044208266,16.01995939230832,997.9921351619574,-0.6520249916336983,0.5381053860314142,4091.9922752711864,0.5475398201690533,-0.20177437629915856,-1.5168584165083185,0.0,0.0,0.0,0.0,25,500,28002.448200907842,,,,2026-02-02T00:33:37.000Z
29.986698104844464,16.07609345774136,998.0002365751219,0.7807323887907514,-1.8003204557473258,4097.270836060418,-1.1283513375107777,-1.4571726984209565,-0.9587037291435838,0.0,0.0,0.0,0.0,25,500,27996.533488084646,,,,2026-02-02T00:33:38.000Z
30.012635130428333,16.035395813997887,997.9886478087532,-0.3078104539493752,-0.8268974069435906,4093.521483210293,1.263539010796508,-0.16142789803281682,1.8209672252662306,0.0,0.0,0.0,0.0,25,500,27997.35847126275,,,,2026-02-02T00:33:39.000Z
29.995222962840256,15.9779590616784,998.0018361217062,-0.6407701188735887,0.5727734879107803,4096.119865260533,1.431588905214111,0.03476924809445675,2.213277918011304,0.0,0.0,0.0,0.0,25,500,27990.849935490114,,,,2026-02-02T00:33:40.000Z
30.003478825312023,16.09294685612996,997.991622500476,-3.5587978610144413,-0.37718965829497647,4096.5547538759165,-0.7227802554444938,1.1185414093359494,0.20498914730890982,0.0,0.0,0.0,0.0,25,500,28000.46181323758,,,,2026-02-02T00:33:41.000Z
29.98345853969427,16.03453161945754,998.0092829461204,-1.879935658300133,1.8779143564697027,4098.721317191677,0.1936700183481687,-1.5075851347639375,0.1489427962412884,0.0,0.0,0.0,0.0,25,500,27996.747519748034,,,,2026-02-02T00:33:42.000Z
30.005240350173448,15.903902093915276,997.9948975937823,0.953302081601115,-3.0595481602186725,4093.3823592017616,0.6422782566710317,0.9084451656457725,-0.33632037182952107,0.0,0.0,0.0,0.0,25,500,27983.590345989815,,,,2026-02-02T00:33:43.000Z
29.97994687603184,15.901078861619062,997.9917529609087,3.431815262265389,-2.9885270581324774,4089.9609756883583,-0.5456141563287527,0.09808045027979402,-0.9344853483095023,0.0,0.0,0.0,0.0,25,500,27997.99081330429,,,,2026-02-02T00:33:44.000Z
30.003139350723103,16.014882672903163,997.9988716801168,-0.19505076749124686,0.36174222296486486,4096.367699089507,0.48161384568809446,1.0288491536095945,1.375179057607244,0.0,0.0,0.0,0.0,25,500,27987.580881730817,,,,2026-02-02T00:33:45.000Z
30.002572560470295,16.090745790238763,998.0036539181913,0.6556221471482466,-0.9830888276138091,4099.601022363022,0.16325562629216542,-0.43175117503112775,1.873576393897136,0.0,0.0,0.0,0.0,25,500,28008.976971119424,,,,2026-02-02T00:33:46.000Z
30.001910076342956,16.16394205485064,997.9879266800316,1.9049563139056107,-1.2540972293954817,4098.477892705879,-1.4679181776388008,-1.3322445867634454,-0.8934190858392855,0.0,0.0,0.0,0.0,25,500,27996.084932653015,,,,2026-02-02T00:33:47.000Z
29.99265089849367,15.82227865424192,997.9947873340268,-1.6217878724004995,-3.5361134383487944,4096.419318830549,0.4591613159785581,-1.2174993262158662,-0.08283837842460157,0.0,0.0,0.0,0.0,25,500,28025.215244307306,,,,2026-02-02T00:33:48.000Z
30.005495266744298,16.00256598490987,998.0010516230569,0.7336280865708845,0.03909168959636351,4095.0167276287357,-1.1001424162710358,-1.291807453667116,-0.4498663007101679,0.0,0.0,0.0,0.0,25,500,28009.669025365216,,,,2026-02-02T00:33:49.000Z
30.003910815094166,16.048964766217498,998.0133836854953,-1.480980212664317,-0.10551021600153132,4097.614245193275,0.9392028516620472,0.47781415292065516,-0.42023907486497714,0.0,0.0,0.0,0.0,25,500,27998.697308247127,,,,2026-02-02T00:33:50.000Z
29.99790047216359,16.029566913499476,997.974712842357,1.7296488769820226,1.3069579639034814,4094.052907600591,-0.6712110751338888,1.4769220222146995,1.1859082554298621,0.0,0.0,0.0,0.0,25,500,28005.794788332238,,,,2026-02-02T00:33:51.000Z
30.006718503071752,16.100932710503372,998.0061516320368,0.30280609590346524,0.1378122662419442,4096.952715538712,-0.16128543366114506,-0.5649515266552204,-1.3119615453661218,0.0,0.0,0.0,0.0,25,500,27979.102008112885,,,,2026-02-02T00:33:52.000Z
29.999043958534344,16.06555339764915,997.996164344356,0.5969036279628795,-0.2652081564809935,4097.010940318333,1.372278913446575,0.6291352982577835,0.46646969093630625,0.0,0.0,0.0,0.0,25,500,28009.6237940691,,,,2026-02-02T00:33:53.000Z
30.00528777158909,15.901449981641965,997.9950538965311,-1.5651971948371781,2.3540012735806743,4098.120419814998,0.4963816465288452,-1.5234420581356198,0.7282381073058656,0.0,0.0,0.0,0.0,25,500,27991.797095028425,,,,2026-02-02T00:33:54.000Z
29.99874120672606,15.898520831130927,997.9931887303986,1.4140647192215698,-2.6249346068971,4101.519320077822,-1.0794739195745453,0.180321249177299,-0.14215117360181917,0.0,0.0,0.0,0.0,25,500,28000.897330370444,,,,2026-02-02T00:33:55.000Z
30.002167019911095,16.031245485615173,997.9963610441637,4.169425842462032,1.0727784376951524,4096.7848319343575,-1.0149165707990837,0.6685626163371267,0.8930678269867728,0.0,0.0,0.0,0.0,25,500,27992.7237748715,,,,2026-02-02T00:33:56.000Z
30.00574722941075,16.099050542442253,998.0062081720091,-2.0158233908564123,-3.3422943295906977,4094.982072748585,-0.5993027886237254,-1.4481247752768684,0.14765184053745017,0.0,0.0,0.0,0.0,25,500,27993.786816247568,,,,2026-02-02T00:33:57.000Z
29.99602087426382,16.01434175529527,997.9946321352885,-0.6795180152950476,-1.6767237600016154,4095.948851375616,0.39464408335666606,-0.20388346897985454,1.2171299211561122,0.0,0.0,0.0,0.0,25,500,27998.188679100207,,,,2026-02-02T00:33:58.000Z
29.987661634137456,15.842206693043172,998.0165859201581,0.46321494833618365,-2.4253142652466275,4092.4618481902216,0.35829981493276813,0.7159171404855652,-1.5222053049258542,0.0,0.0,0.0,0.0,25,500,28000.768327750066,,,,2026-02-02T00:33:59.000Z
30.002760790055483,15.895282858468372,998.0062386678429,1.572812423991633,1.5638850709038365,4094.610573737822,-0.8431023046628692,-2.933770647229477,-0.3487752610068693,0.0,0.0,0.0,0.0,25,500,27999.730841192108,,,,2026-02-02T00:34:00.000Z
30.01189391378613,16.069151585586532,998.0019797212515,-1.1190925705789379,-0.13082046719078802,4095.181435123774,-1.167209485614359,1.3354530617017426,-0.0718131428510346,0.0,0.0,0.0,0.0,25,500,27999.98015375862,,,,2026-02-02T00:34:01.000Z
30.002991509729576,15.965135490908287,997.9983394388219,-5.66606058028548,-0.027006489185953504,4094.951823204131,0.28158340508583424,0.35367937589104814,-2.672207384471349,0.0,0.0,0.0,0.0,25,500,27983.743172925184,,,,2026-02-02T00:34:02.000Z
30.003181423146962,16.01179573032033,998.0118985420382,2.71837898832805,-2.213465975458902,4096.304709744068,-0.18186006579016192,0.7167276477173428,-1.0859527335785348,0.0,0.0,0.0,0.0,25,500,28023.32049604264,,,,2026-02-02T00:34:03.000Z
29.999578238935033,16.106541803915174,998.0133601968676,1.5210122391682852,-0.5993869918657784,4094.3551601352356,2.1572158874477374,-0.41271927919476437,-0.8135992543587863,0.0,0.0,0.0,0.0,25,500,28002.31980329068,,,,2026-02-02T00:34:04.000Z
30.00739118652773,15.879779095238005,997.9883861785274,-3.48589506097333,-1.5269306066182233,4098.2420613346485,0.03660365656307895,-1.7227224815653555,0.9482059948233497,0.0,0.0,0.0,0.0,25,500,28004.375673456372,,,,2026-02-02T00:34:05.000Z
29.99814064583862,15.958575734409804,997.992981018946,-1.2151375835591118,0.766910029708432,4096.000414129837,1.8142528277002747,0.5340629563169517,-0.7068433463146004,0.0,0.0,0.0,0.0,25,500,27996.60008889205,,,,2026-02-02T00:34:06.000Z
29.99546101218873,15.947712718662606,998.0063463020639,3.1363648590546522,-1.9821822706632273,4095.9813993577227,-1.17038359810434,-0.08259032541651207,-0.8180789873059771,0.0,0.0,0.0,0.0,25,500,27991.258453054423,,,,2026-02-02T00:34:07.000Z
30.01105298252875,16.035540253652787,998.0093668094445,2.895592836915732,2.6595887304101518,4095.344210566974,-1.5732129395617072,0.03211545543232061,0.8174857806561917,0.0,0.0,0.0,0.0,25,500,28001.5103573097,,,,2026-02-02T00:34:08.000Z
29.994694616817075,16.0772888178272,997.9969965945169,1.8772800453578893,-3.351160899248189,4096.310381367718,-1.1200851325255345,1.0876069851989536,-1.6179106457900545,0.0,0.0,0.0,0.0,25,500,28002.89276910641,,,,2026-02-02T00:34:09.000Z
30.008894709464517,15.851973254310122,997.9925755514029,-0.3522248679197253,-1.6130396649131227,4097.6501965293355,1.1891297814534663,0.762063873862598,-2.071244067443572,0.0,0.0,0.0,0.0,25,500,28013.01808877455,,,,2026-02-02T00:34:10.000Z
30.011059354619576,15.999446364083372,998.0007861262596,0.16597483762501994,3.3544010199321925,4094.2657395685783,1.756101589693534,1.9212374170896127,-0.36159230006934645,0.0,0.0,0.0,0.0,25,500,28020.77617683515,,,,2026-02-02T00:34:11.000Z
30.00566816932062,16.08693291040462,998.0147669343074,-0.261851610252253,-0.8702774959240688,4094.6837670218497,-0.782179453952634,0.15385422887349898,-1.4477067680783553,0.0,0.0,0.0,0.0,25,500,28014.7702240399,,,,2026-02-02T00:34:12.000Z
29.987507644804275,15.814521354853916,998.0004103426005,2.256479566537675,-2.629757328808824,4095.3925479424465,-0.46056602975955757,-0.6912124377911172,-1.409679294659649,0.0,0.0,0.0,0.0,25,500,27982.3347107658,,,,2026-02-02T00:34:13.000Z
30.000271549092226,15.99356075585604,997.9873605923018,-1.7516848129902203,0.4381431250753373,4093.3082581530534,-1.1689809102124997,-0.18841684690872626,0.5734337916879819,0.0,0.0,0.0,0.0,25,500,27995.395818591904,,,,2026-02-02T00:34:14.000Z
29.997980000029415,15.878421555921678,998.0010958322757,-1.6115993097684094,-0.9507844844290845,4094.361484280557,-1.8116398471183872,0.41566337253860625,0.8759738379125791,0.0,0.0,0.0,0.0,25,500,28003.358171199543,,,,2026-02-02T00:34:15.000Z
29.995040007446647,15.935843309645048,998.0078274807123,2.0205491736720314,-1.6717405112366117,4095.0475582529107,0.7184116977766297,1.0158565189929774,0.7888642158521251,0.0,0.0,0.0,0.0,25,500,27995.997143475877,,,,2026-02-02T00:34:16.000Z
30.001427515873463,15.749496541051847,997.9989862268865,-0.08872291102312327,-2.191741621597435,4097.748778361425,0.22302030296216313,-1.4670339514387187,1.1087766603072329,0.0,0.0,0.0,0.0,25,500,27999.561731832542,,,,2026-02-02T00:34:17.000Z
30.007692063474977,16.139273411875504,998.0125816681249,2.756934710907616,5.536747211251886,4096.525122658004,0.010487982673875443,0.008537615179168945,1.2411343200148017,0.0,0.0,0.0,0.0,25,500,27978.54863755907,,,,2026-02-02T00:34:18.000Z
29.99541447339869,15.96441708725965,998.0086584903552,-1.3430244139610914,-0.5031038003682727,4096.387179822735,-1.40005653716338,1.6095416570383692,-2.128590208826931,0.0,0.0,0.0,0.0,25,500,28009.142130009834,,,,2026-02-02T00:34:19.000Z
29.998286173257263,15.919280813596409,997.999382410763,-0.1095567206776502,-3.8511347206657542,4097.701795924336,1.6399566818286606,-0.2402088710025202,0.4504119599294666,0.0,0.0,0.0,0.0,25,500,27981.245447611935,,,,2026-02-02T00:34:20.000Z
29.99758941066168,16.032826704545716,998.0004314401964,-1.8448259696879066,2.9874195180110683,4095.7252564232012,-0.5033567380494731,0.9310118548691044,-0.5296081995695587,0.0,0.0,0.0,0.0,25,500,27984.275104758526,,,,2026-02-02T00:34:21.000Z
30.011638710455443,15.895768976731276,997.9815824029482,0.01472536284713427,1.2221418102211414,4096.780929699858,0.5336264248164758,0.4931175272160051,-0.7474242459904361,0.0,0.0,0.0,0.0,25,500,27989.853292157084,,,,2026-02-02T00:34:22.000Z
29.997428993821895,15.88627554711187,998.0121022672491,-2.957093873997598,-1.5329328620395755,4095.793556494135,-1.4545614052447244,0.95586060652498,0.5604146322087054,0.0,0.0,0.0,0.0,25,500,27999.024660462313,,,,2026-02-02T00:34:23.000Z
29.987655943422382,16.15103291698137,997.9967048265133,-0.9752668419099256,-1.8662381773722834,4096.5307246987995,-0.19052518962003737,-0.8097605415999324,-1.7302954798957517,0.0,0.0,0.0,0.0,25,500,27983.772746448212,,,,2026-02-02T00:34:24.000Z
29.984265651610094,16.18086630283268,997.9960004326073,-2.8725077298562356,1.3469455923164615,4094.834482684777,0.2913744562385839,-0.8054016700655807,-1.75110860587232,0.0,0.0,0.0,0.0,25,500,27989.396077659352,,,,2026-02-02T00:34:25.000Z
30.00362729566566,15.940793632771753,997.9945014639347,1.3878464663825163,-0.4938366549789093,4091.1223656834472,0.3270752180533076,0.020271892122288065,0.6335727440817172,0.0,0.0,0.0,0.0,25,500,28011.489450423094,,,,2026-02-02T00:34:26.000Z
29.99239318260114,16.10673547099162,998.0045669756249,1.4331786795193033,-3.8519556368902026,4095.7314416756276,0.15464854323662508,-1.5322217872403114,0.4877860175108979,0.0,0.0,0.0,0.0,25,500,27998.876396469746,,,,2026-02-02T00:34:27.000Z
30.006687245052724,16.03560404439881,997.9887130699924,-3.46052546096869,3.5744799292093368,4098.8454962722,0.4945224920487726,-0.2697406066116577,0.13673265587151023,0.0,0.0,0.0,0.0,25,500,28004.33546978698,,,,2026-02-02T00:34:28.000Z
29.98668780011493,15.858616870828966,997.9901582721828,2.6677714910011456,-0.867980924431914,4097.852430804483,-1.1305204560329611,0.25287665751566707,-0.8799134047231368,0.0,0.0,0.0,0.0,25,500,27987.637572157502,,,,2026-02-02T00:34:29.000Z
29.994610878333894,15.907186810615022,997.9994747489831,4.994830252839708,2.9911434729648527,4097.930794969182,0.19737260543966004,1.7846356069497724,0.7438296345821243,0.0,0.0,0.0,0.0,25,500,27999.461639754427,,,,2026-02-02T00:34:30.000Z
29.9866943115048,16.155109979919693,997.9937348666841,0.0920127734726819,2.55686991593143,4098.472261443612,0.11375768348027737,0.40271818926982167,0.6803028920604759,0.0,0.0,0.0,0.0,25,500,27998.641333936885,,,,2026-02-02T00:34:31.000Z
30.004346107155488,15.857320496717582,998.0033523357338,-1.2822285204492896,-2.0020190889656284,4096.1773151819225,0.23167268419506085,0.6252284708731023,0.08530451504745419,0.0,0.0,0.0,0.0,25,500,27992.047295290937,,,,2026-02-02T00:34:32.000Z
30.006488475406247,16.228099933807485,997.9941011072063,5.648661182006093,2.0663797287262957,4096.394631414812,0.07234521731918178,1.1644758470500058,-1.1773210412697714,0.0,0.0,0.0,0.0,25,500,27999.48922895882,,,,2026-02-02T00:34:33.000Z
30.003386251576366,15.942863782408821,998.0159503626437,-2.6379369966050215,-1.3028850997273624,4094.764696209131,-1.2732127739133976,-0.9646575888950566,-0.42524834572950676,0.0,0.0,0.0,0.0,25,500,27981.07874707177,,,,2026-02-02T00:34:34.000Z
29.989140636795963,16.158081490629325,998.0069345750678,0.040212933738196774,-3.733401173607884,4095.367854287946,-1.3177997521089737,-0.16508266237098573,0.8378336775244427,0.0,0.0,0.0,0.0,25,500,28004.386087443363,,,,2026-02-02T00:34:35.000Z
29.992542362558893,15.969443620535717,998.0068088621238,0.35924454526384686,-0.849196332044285,4097.2315422995425,-2.2142681858845514,2.4254125918038927,1.3271912228017868,0.0,0.0,0.0,0.0,25,500,27996.005072824468,,,,2026-02-02T00:34:36.000Z
30.002343139886115,16.079990359150116,997.9939503824618,2.6902952409048293,0.795275003552558,4098.407768874337,0.8175345098452976,-0.07912222238450871,-0.32653660337632845,0.0,0.0,0.0,0.0,25,500,27997.427806081767,,,,2026-02-02T00:34:37.000Z
29.983122585918757,16.139503314012067,998.0240567967444,0.7194779502535769,-0.9254732959926758,4095.721107448638,0.8276575097351987,1.1164307487822072,-0.24967296780826237,0.0,0.0,0.0,0.0,25,500,28008.517658021166,,,,2026-02-02T00:34:38.000Z
29.99758865055612,16.1389953817681,997.9956098898573,-0.9972677915769028,-0.6140966818502029,4095.0996214702973,0.8435502912221203,0.9637378771731072,-0.16168910802506112,0.0,0.0,0.0,0.0,25,500,28004.32033477458,,,,2026-02-02T00:34:39.000Z
30.01516905353336,15.941563446920703,997.992861897227,-1.9023687407759122,2.287132089857226,4096.0010559177135,0.3067899624614518,-1.4781137143876892,0.2748930089109721,0.0,0.0,0.0,0.0,25,500,27996.816608109388,,,,2026-02-02T00:34:40.000Z
29.998200444508196,15.914261190010087,998.0070674259696,-0.6836436404922711,0.21298796058018368,4097.202413497858,-2.133119217718111,0.3104792770059333,-0.5810673000600238,0.0,0.0,0.0,0.0,25,500,27988.83413970888,,,,2026-02-02T00:34:41.000Z
29.98511455360968,15.991878799024887,998.0019522813294,-2.0138547218902882,-1.686596622569905,4093.112290367733,-1.026710491785266,0.14674747220522566,-2.8941850575715837,0.0,0.0,0.0,0.0,25,500,28013.286614047876,,,,2026-02-02T00:34:42.000Z
29.993925907523238,15.869952037896603,997.9918161569076,0.09565063956936588,1.404060647334653,4091.4076380937254,0.17041541759311193,0.3299587878404347,1.1927690016470966,0.0,0.0,0.0,0.0,25,500,27986.598779980723,,,,2026-02-02T00:34:43.000Z
29.993693076743224,16.023926417561057,998.0219584716209,-1.128392359720973,0.3953511339084903,4094.8989263010167,0.13551800279179543,-0.75411247979106,1.7946889471625493,0.0,0.0,0.0,0.0,25,500,28006.29366902601,,,,2026-02-02T00:34:44.000Z
30.021403087798365,15.917920334772248,998.0097559949819,-2.9880755865795012,-5.043209602924086,4093.5585751481717,-0.2227482131520212,-1.116919511912159,-0.6123998596057125,0.0,0.0,0.0,0.0,25,500,27984.026060557935,,,,2026-02-02T00:34:45.000Z
30.01665679080514,16.10827097735429,998.0000400530126,2.5102915767498075,0.8567058275428974,4094.9837196047056,0.3689172029082467,-0.4760100000208513,-1.066653368918774,0.0,0.0,0.0,0.0,25,500,28009.17873303145,,,,2026-02-02T00:34:46.000Z
30.007309354341015,15.942988758378187,998.0240111013109,-0.9953450468580788,0.7836574154322032,4095.704439362365,0.011651707685245566,-0.09779499708420289,-0.1371005223902222,0.0,0.0,0.0,0.0,25,500,28010.106008528837,,,,2026-02-02T00:34:47.000Z
29.996569240692587,15.825774103051998,998.0081078014429,-2.536273609950625,0.04024225916171997,4095.093503181954,0.12077046555136169,1.184984447600316,-0.1875038837287729,0.0,0.0,0.0,0.0,25,500,27980.873891568117,,,,2026-02-02T00:34:48.000Z
30.012006296609798,16.14009147761693,997.999880990302,-0.3365182689750831,1.7834011621391503,4098.904935068941,-0.6390653328320162,1.817310819725607,0.9955185771629596,0.0,0.0,0.0,0.0,25,500,28004.49335052688,,,,2026-02-02T00:34:49.000Z
29.988665403609495,16.018336800333188,998.0228143764517,0.1367431319353175,-1.3447871686530044,4096.653489529204,0.9820109861215902,1.3965978462231778,0.05463944164503786,0.0,0.0,0.0,0.0,25,500,28003.665036477498,,,,2026-02-02T00:34:50.000Z
30.01076575315244,16.002913489042008,998.0065898473348,-3.492933451158067,0.6729995776418017,4096.600948719221,-0.43077160868038405,0.8601852107818442,-0.7926228303711832,0.0,0.0,0.0,0.0,25,500,28007.03049304686,,,,2026-02-02T00:34:51.000Z
30.0092797353742,16.10943947849462,998.0061524526232,0.6632953342515255,-3.1339187423347057,4097.244414288087,-1.3306490830206263,-1.0043402622995898,-1.318409450558049,0.0,0.0,0.0,0.0,25,500,28003.652402750184,,,,2026-02-02T00:34:52.000Z
29.998486542653506,16.087157650229816,997.9961365237284,-2.094315137380529,0.8141807667976636,4093.7223337644386,-0.7709990128187286,-0.4088961749894955,0.8656341848196735,0.0,0.0,0.0,0.0,25,500,27990.3768430721,,,,2026-02-02T00:34:53.000Z
30.011391863133507,15.923814645598958,998.000494134857,3.4220576183815754,3.906119391079793,4098.07822357484,-0.3484661913619803,0.2099260524129978,0.5995112411642496,0.0,0.0,0.0,0.0,25,500,27997.8276703253,,,,2026-02-02T00:34:54.000Z
29.99552778870536,15.955021839397384,997.9958930700413,1.0479210241534695,-1.9897127049350822,4095.848471426929,0.9940027883688467,-0.632439038076175,1.0605598780918188,0.0,0.0,0.0,0.0,25,500,28016.646465364338,,,,2026-02-02T00:34:55.000Z
29.987349144019017,15.888704474994066,998.0143973574604,-0.7997999802186331,-1.5196042639755505,4097.340961234482,-0.042267998434793036,0.5772056525279509,-0.9681867507210938,0.0,0.0,0.0,0.0,25,500,27988.921865240503,,,,2026-02-02T00:34:56.000Z
30.00977965013,15.853554794487518,997.9839058585658,-1.490335540634701,-1.4200308857831045,4093.8562855339196,-0.186148218965649,0.7204861082542877,1.8384368995283291,0.0,0.0,0.0,0.0,25,500,28003.228579583512,,,,2026-02-02T00:34:57.000Z
29.999147570708605,16.05785925349154,998.0136587043306,-0.2099354151272479,0.25999645160319057,4092.892482467968,-1.2486634247626274,0.5362900625654685,-1.743694507057237,0.0,0.0,0.0,0.0,25,500,28011.51253873955,,,,2026-02-02T00:34:58.000Z
30.006017806032986,16.03921843100417,997.991226574713,1.2255814831665794,-2.1260725457074363,4097.6357793160505,0.7854825898295763,1.0251346045575813,0.7096010214014796,0.0,0.0,0.0,0.0,25,500,27990.092471911394,,,,2026-02-02T00:34:59.000Z
30.018208865915593,16.076082921152253,997.9994207879683,-0.05098825717039932,0.8424947573819603,4096.752819052195,-0.6519521540233857,-0.9045912137130739,-1.9095827671969017,0.0,0.0,0.0,0.0,25,500,27985.832133528842,,,,2026-02-02T00:35:00.000Z
29.992777459276038,16.128160544149594,997.9970478361217,-0.43431761427371324,1.6936798909383304,4094.195896891285,-0.10002785894133592,0.9328287040921978,-0.7903313816984677,0.0,0.0,0.0,0.0,25,500,27987.33897666349,,,,2026-02-02T00:35:01.000Z
29.9985662049516,16.077447479492566,997.9947984751351,0.11674058163579129,1.0686944269075687,4094.2606738374507,1.4801830768818647,-0.6956454501201963,1.561022930447959,0.0,0.0,0.0,0.0,25,500,28003.949713615762,,,,2026-02-02T00:35:02.000Z
30.01569634504578,16.086345947630527,998.0068978414813,-1.2077178624739093,-3.536830851276145,4098.250869568829,0.5087633310493045,-0.9409359526428854,0.8313642544759895,0.0,0.0,0.0,0.0,25,500,27987.253962270082,,,,2026-02-02T00:35:03.000Z
30.006687317308554,15.792203874182785,997.9999481078667,-0.6864118536860754,1.9903353303172122,4093.6211762142652,-1.6282540477151743,0.5321161341863817,-0.5462204154871819,0.0,0.0,0.0,0.0,25,500,27998.64639959368,,,,2026-02-02T00:35:04.000Z
29.993002172557954,15.9693014758075,997.9933230123985,-4.171584877810008,1.8747348285073597,4099.285345906512,-1.7695102363524722,1.2158735621989807,-0.5188370428216882,0.0,0.0,0.0,0.0,25,500,28013.712713963032,,,,2026-02-02T00:35:05.000Z
29.990449822964607,16.096457649467,998.0015399553017,1.9474524617047355,1.6603227446926088,4094.1987585307043,-0.06431045011924605,0.48801348637600983,0.10062211083544212,0.0,0.0,0.0,0.0,25,500,27999.486918755912,,,,2026-02-02T00:35:06.000Z
29.994719193598968,15.883179126379478,997.9930391327333,0.5975955606435238,0.74568449731165,4097.276783851216,-1.212740614874805,0.02080402377254423,0.5141409907607227,0.0,0.0,0.0,0.0,25,500,27992.221872118393,,,,2026-02-02T00:35:07.000Z
29.99261585295197,16.009167138283775,997.99462224501,-1.5469116880668603,0.4403786284102656,4095.342763048502,0.6485467476329978,0.31015382610150705,1.2515793826826966,0.0,0.0,0.0,0.0,25,500,28001.254096727134,,,,2026-02-02T00:35:08.000Z
30.002373481194894,16.05194644406135,997.9850273691096,3.7974699627104775,2.0647787962527935,4097.206374862165,0.04226306496497919,0.1364269180672801,-0.4562340046084945,0.0,0.0,0.0,0.0,25,500,27999.313271459316,,,,2026-02-02T00:35:09.000Z
30.000784345071978,16.04428534938385,997.9954969100652,0.1740329607847731,3.847026975206909,4094.9117719957717,0.16538476902386298,-1.1259508961353941,-1.6117850634872015,0.0,0.0,0.0,0.0,25,500,28004.52657638803,,,,2026-02-02T00:35:10.000Z
30.002792377542754,16.03687963079583,998.004942045264,-2.0722871439503936,-1.9060809267296996,4095.6744141878553,-0.7067431816423531,-1.2426201449449152,0.15696862704876002,0.0,0.0,0.0,0.0,25,500,28016.19144553819,,,,2026-02-02T00:35:11.000Z
29.9915918719844,16.059891271904558,998.0003712491796,1.7134748429409168,2.1562507915895437,4096.081838350791,1.7413836552867057,-0.07882587947345479,-0.4574308375083948,0.0,0.0,0.0,0.0,25,500,28003.96768858837,,,,2026-02-02T00:35:12.000Z
29.999291660924747,16.01807438949282,998.0181506366897,0.796096433018525,-0.1724341960149055,4093.995625088437,2.8425937280104594,0.07985683576930377,-1.3006337047484473,0.0,0.0,0.0,0.0,25,500,28020.33782511766,,,,2026-02-02T00:35:13.000Z
29.97944300226044,15.8537071792609,998.0261281747372,0.7891599709684387,-0.2593461040572014,4097.48164869084,-0.2785847237567147,0.011332378367734082,0.2976689153127944,0.0,0.0,0.0,0.0,25,500,28004.553019034774,,,,2026-02-02T00:35:14.000Z
30.001450063173614,16.05069555354035,997.9953578160367,-0.851511209303181,-3.0730613807640768,4094.9735728670566,0.35303924841500095,0.6761016136499133,-0.21311375409278915,0.0,0.0,0.0,0.0,25,500,27992.32668707292,,,,2026-02-02T00:35:15.000Z
30.01175440644956,16.028474656055373,997.991666822423,0.9009914475560694,-0.5695788190307901,4095.54280016932,0.09741734306431259,-0.2154767161643399,0.3065122064697944,0.0,0.0,0.0,0.0,25,500,28022.883029942284,,,,2026-02-02T00:35:16.000Z
29.98575254090654,15.855025154914454,998.0112981654636,-0.5235165804421891,-1.9945299159368308,4094.011301250783,-0.25968686344106867,0.562979181904856,-0.8944442001871804,0.0,0.0,0.0,0.0,25,500,27998.751819826546,,,,2026-02-02T00:35:17.000Z
30.004834282306476,16.137973521108655,998.0033520824203,1.1118829032916844,-0.9277088590118914,4090.8753326824094,-0.8320704677327967,-0.14458676732644785,0.4867105303254986,0.0,0.0,0.0,0.0,25,500,27989.45107768109,,,,2026-02-02T00:35:18.000Z
29.993889856482394,16.053383769974804,998.0113587427702,-3.8098889080212777,-2.1963727675562996,4095.6179444747995,-1.0849679874804772,1.823358962036466,-1.3170981967549784,0.0,0.0,0.0,0.0,25,500,28023.2372866363,,,,2026-02-02T00:35:19.000Z
30.008025011536933,15.861965167902254,998.003988307312,-0.8677469259583782,-0.8978167746260127,4100.825230843226,-1.1355972655255242,0.08071372672644667,-0.8277313896965831,0.0,0.0,0.0,0.0,25,500,27992.668831138195,,,,2026-02-02T00:35:20.000Z
30.001586474512123,15.918277483602784,997.9980564215332,3.4443101956163895,-0.8122207140468065,4097.569208575796,0.40524002554914546,2.340722611525677,-0.2429142310872777,0.0,0.0,0.0,0.0,25,500,27992.27610567964,,,,2026-02-02T00:35:21.000Z
30.004047041126604,15.943594795825382,997.9981131495178,-1.534134910800601,0.19350983687760062,4095.9614792405314,-0.5196744782036353,0.35201159109086433,1.7418184149597142,0.0,0.0,0.0,0.0,25,500,27994.485294919556,,,,2026-02-02T00:35:22.000Z
30.000648238987555,15.943523656119934,998.0043277677837,-1.2076765949863733,-3.229499724582662,4095.4742183415833,-2.5782928501405302,-0.21367717058821567,0.7848253685484937,0.0,0.0,0.0,0.0,25,500,28001.646264133222,,,,2026-02-02T00:35:23.000Z
30.013283318063845,16.029305018881843,997.9978888610428,-0.8959226768999502,-2.891036295490647,4096.044931785624,0.44485822059832236,-0.8994479762596744,1.0771925042677897,0.0,0.0,0.0,0.0,25,500,28009.30861397449,,,,2026-02-02T00:35:24.000Z
30.003474104776952,15.902364824894175,998.012195012432,-2.4296122717772866,0.7238285414610531,4097.09423823035,-0.03826128246415587,-1.4428885740576936,1.4170770333431444,0.0,0.0,0.0,0.0,25,500,27973.51208386312,,,,2026-02-02T00:35:25.000Z
29.992945762859975,16.112813674712193,997.986976627605,-4.416561552456504,-1.5948762341401979,4093.6383743693823,1.346673001401146,-0.9914422843961568,3.6028321358108735,0.0,0.0,0.0,0.0,25,500,28009.265004853114,,,,2026-02-02T00:35:26.000Z
30.00098715052321,16.1045803451368,998.0121414363606,-0.4611727970472257,2.1490595804598622,4098.228643389338,0.3731223970910093,-0.8796063091639899,0.041589067558433994,0.0,0.0,0.0,0.0,25,500,27994.454653976703,,,,2026-02-02T00:35:27.000Z
29.99631118957034,16.06193173095996,997.9812659925209,0.27171884816331376,0.4505394440300934,4097.430762630883,-1.4786735963102973,0.3948200204121767,1.4204009231298556,0.0,0.0,0.0,0.0,25,500,27995.871055568397,,,,2026-02-02T00:35:28.000Z
30.001623999065195,16.004424177539384,998.0014510228636,-0.10501013707730435,1.2135243004128147,4097.436371451416,-2.229676640729981,-0.5261653710601875,1.012635254401941,0.0,0.0,0.0,0.0,25,500,28017.15191810921,,,,2026-02-02T00:35:29.000Z
29.99580230287633,16.093744751515153,997.9966895726938,-0.2897571238957737,2.8213846408417895,4096.8769514776195,-0.7194723843379374,0.18692705255449762,0.9960325033075258,0.0,0.0,0.0,0.0,25,500,28002.13308159869,,,,2026-02-02T00:35:30.000Z
29.993231892644538,15.9724052277196,997.9848364429635,0.08608174170077529,-0.6194216236131451,4096.039233315388,-0.6251074206936527,1.281978362376686,1.7742396180401812,0.0,0.0,0.0,0.0,25,500,28004.477013478652,,,,2026-02-02T00:35:31.000Z
30.001992722127483,15.927551113861679,997.9793998058332,2.045682943101528,-1.1489734108325513,4097.345722471933,0.9431592010001667,-0.0878083516348536,-0.4193130309844765,0.0,0.0,0.0,0.0,25,500,27999.514398851803,,,,2026-02-02T00:35:32.000Z
30.000557896286164,16.119010964561973,997.9890248532989,-0.38089237185843355,1.7434051711976268,4097.183628267483,-0.008870932289573393,2.079156698466804,-0.4986850239363795,0.0,0.0,0.0,0.0,25,500,28007.636425838824,,,,2026-02-02T00:35:33.000Z
30.010639558450457,16.0317542757019,998.0004568432656,-1.1481651541745392,1.0190271278593719,4095.291918578118,1.133688498098509,-1.1758109803391978,0.31976551348186155,0.0,0.0,0.0,0.0,25,500,28016.18010572955,,,,2026-02-02T00:35:34.000Z
29.99585044120867,15.93159423594186,997.9939781587123,-0.5622509697761726,-0.3746606196426017,4094.8527964542063,-1.3248330557026347,-0.15058354837492782,-0.18269977192188713,0.0,0.0,0.0,0.0,25,500,27975.24934716927,,,,2026-02-02T00:35:35.000Z
29.980191461525045,15.958225763295841,997.9895905109883,1.1586935195135515,2.7829159339118843,4096.2037125905235,0.965264384380448,-0.5393129236109787,0.3185008529981731,0.0,0.0,0.0,0.0,25,500,28010.846179907363,,,,2026-02-02T00:35:36.000Z
29.99636129201537,15.926357201623473,998.0135228108293,2.824053757086499,-0.4244886196798611,4099.098040302991,0.7209891534309195,0.9365066060570079,1.5627487850530115,0.0,0.0,0.0,0.0,25,500,28015.470330638753,,,,2026-02-02T00:35:37.000Z
29.983735692410836,16.202217485882862,997.9876781532207,-1.2562874783383566,0.06554727511156286,4093.521785848692,-2.0182341114311964,-2.239791630366121,-0.4781467227062784,0.0,0.0,0.0,0.0,25,500,28005.010632479007,,,,2026-02-02T00:35:38.000Z
30.004156719740966,16.000409843745054,998.0067911733155,0.19786757405776742,0.04244530166851681,4093.0649494684953,1.3226178412607723,-1.4431152891778112,-0.30467896259373045,0.0,0.0,0.0,0.0,25,500,27993.226375772952,,,,2026-02-02T00:35:39.000Z
29.983261020716512,16.01577713112537,997.9911100299162,0.6767148838719192,-1.8691877897969422,4096.329521682473,0.09345849176635274,-0.10734682245096279,0.17431100352657702,0.0,0.0,0.0,0.0,25,500,27988.477275521,,,,2026-02-02T00:35:40.000Z
29.99011628937586,16.072121904786194,997.9887719406685,-1.9851560134576458,0.15517077897278192,4096.101775403712,0.3920445038685057,1.5513777210094932,-0.22831842602516925,0.0,0.0,0.0,0.0,25,500,28023.61845686913,,,,2026-02-02T00:35:41.000Z
29.99637665541725,15.8784639017393,997.9939616137308,0.04083433442583626,2.7935203547969825,4096.346683328741,-0.8648961124284227,0.2258418340373073,-1.9140058280134873,0.0,0.0,0.0,0.0,25,500,27990.95016313377,,,,2026-02-02T00:35:42.000Z
30.01543950604761,16.109654726628623,998.0061991604721,-2.93134771468419,0.8899366307523516,4096.487906395817,1.2752470129219724,-1.3515474542642338,-0.5801276426989396,0.0,0.0,0.0,0.0,25,500,28015.17641571056,,,,2026-02-02T00:35:43.000Z
29.989271098842853,15.939215386921214,997.986285342434,-3.5381006074787975,0.062126852797862876,4095.5535954907305,-1.1858523292388699,-1.1971665926902302,0.6873732422375044,0.0,0.0,0.0,0.0,25,500,28003.905113244757,,,,2026-02-02T00:35:44.000Z
30.000124049831467,16.183001628611514,998.002874552605,0.733492815784514,-0.32353456233133804,4098.9797268772045,0.832092018373946,1.6729897028449527,1.4375467509326465,0.0,0.0,0.0,0.0,25,500,28020.458308060148,,,,2026-02-02T00:35:45.000Z
30.005799765769574,15.968734126998541,997.9903924000233,-0.7677494826615656,0.6617340568127025,4092.798192043047,0.8206074759086712,-0.6211347987962408,-1.1546185675377267,0.0,0.0,0.0,0.0,25,500,27996.817398356903,,,,2026-02-02T00:35:46.000Z
30.014840605532207,16.103764001476318,997.9921923312976,0.40456081524243825,1.4995332569783701,4094.3430059504394,-0.9741674281722221,-0.942963372449764,-1.159282399230843,0.0,0.0,0.0,0.0,25,500,27983.92419076383,,,,2026-02-02T00:35:47.000Z
30.007777947517216,15.750320188288091,998.0040064158904,-0.035789954016700105,1.218477661779506,4095.793490479702,1.983373599422574,1.4773725606308605,0.030233802717335615,0.0,0.0,0.0,0.0,25,500,28000.02170847196,,,,2026-02-02T00:35:48.000Z
30.010939069516326,15.882486692391403,998.0217348282995,-1.9528000973275947,-0.6637297236439583,4092.7136223776915,0.2315284802175192,1.0110970055869908,-2.0755950648778367,0.0,0.0,0.0,0.0,25,500,27985.135523620997,,,,2026-02-02T00:35:49.000Z
30.008643070588516,15.970639284100237,997.9908898301002,-0.09050860392867295,0.6495631882202291,4095.6482911911357,0.6538926102710242,1.2740596432667959,-0.4449702029871274,0.0,0.0,0.0,0.0,25,500,28026.770605312075,,,,2026-02-02T00:35:50.000Z
29.98790877028604,15.79692170018751,998.0071988058365,-2.4662026100297103,0.9598794822965573,4099.322940331456,-1.5271207953357557,-0.9500418802658166,-1.7360420595513935,0.0,0.0,0.0,0.0,25,500,28006.294982240808,,,,2026-02-02T00:35:51.000Z
30.00359692104317,16.06008844488414,997.9968728762277,2.7819447160028012,-2.0143899750539567,4096.041772976592,2.117730003008565,-1.5251056410143606,1.3690612998424652,0.0,0.0,0.0,0.0,25,500,28007.781304493543,,,,2026-02-02T00:35:52.000Z
30.00848660952172,16.031295812543625,997.995252565452,-2.7119406897199276,0.33646108236738875,4096.461401811437,-1.2245569402250898,0.1331664893627056,-0.7693311543504044,0.0,0.0,0.0,0.0,25,500,28007.78770283026,,,,2026-02-02T00:35:53.000Z
29.99043499710326,15.900917235014012,998.0107137600975,-0.3915705419371627,-4.322607772604724,4093.479670469655,1.0248864327659304,0.33512613307366396,1.6528341863390272,0.0,0.0,0.0,0.0,25,500,27993.064103193767,,,,2026-02-02T00:35:54.000Z
29.99420240123276,15.99840413701355,997.9915647718914,-2.084543176094497,0.9650674196423701,4094.767277183921,-0.9947717179316954,0.3646018037048318,1.113521353458339,0.0,0.0,0.0,0.0,25,500,27998.67969507483,,,,2026-02-02T00:35:55.000Z
29.99196807704873,16.080647722992314,997.9884588677321,1.1408423467215911,1.3206861091253632,4095.249607239352,-0.6189888028476827,1.4781839356390019,-0.6463172976974167,0.0,0.0,0.0,0.0,25,500,28001.103646313597,,,,2026-02-02T00:35:56.000Z
30.00772622985968,15.789695048313003,998.0046017579522,-0.6628627425630057,1.4950922515729188,4095.3645698064875,0.7887540438854471,-1.7337670900082482,-1.0719596368460775,0.0,0.0,0.0,0.0,25,500,28019.438884634194,,,,2026-02-02T00:35:57.000Z
29.99930718879671,15.872651098376535,998.0159478379649,-1.0373334392424203,-0.790093704339135,4098.563287590007,1.0275527136751572,0.8596950512977658,-0.19354574916758863,0.0,0.0,0.0,0.0,25,500,27988.429082014176,,,,2026-02-02T00:35:58.000Z
29.99679154105665,15.966491170077665,998.0074999470529,1.7064030901031089,0.6180936700480696,4097.11538212145,-1.271284249114102,-1.0966250441473178,-0.10464662425820322,0.0,0.0,0.0,0.0,25,500,27992.714161102453,,,,2026-02-02T00:35:59.000Z
29.987183300833472,16.002372362663248,997.9859298261927,0.05886118335510437,2.8479076910823338,4093.777084086126,1.0904721690569938,0.8557353208608411,0.34614694395240136,0.0,0.0,0.0,0.0,25,500,27996.37068893774,,,,2026-02-02T00:36:00.000Z
29.99932605746806,15.994138857839845,997.9938466695603,1.0332888918719345,2.8275392965825175,4096.493009556864,1.044980495133194,-0.47495670452137745,-0.7765432895301789,0.0,0.0,0.0,0.0,25,500,27993.26353340889,,,,2026-02-02T00:36:01.000Z
29.99432411645015,16.08892947854357,998.0097959824158,-1.9626518730349296,-0.058345398453121255,4096.996443496993,-0.9379534088448924,-0.8139717958905116,0.746394873522203,0.0,0.0,0.0,0.0,25,500,27985.410735454825,,,,2026-02-02T00:36:02.000Z
30.00243339565264,16.04772112456554,998.0158111021791,-2.809633887855014,0.27863926145911966,4098.280298077043,1.5986475935911102,-0.6099027069492022,0.26532805499989953,0.0,0.0,0.0,0.0,25,500,27972.95295479575,,,,2026-02-02T00:36:03.000Z
29.988570328013544,16.069663484057106,998.0022871132527,0.2144159240802673,2.221822289468866,4099.161081373137,-1.456857628248038,-1.4456102007765625,-0.34039515671586396,0.0,0.0,0.0,0.0,25,500,27981.73155534329,,,,2026-02-02T00:36:04.000Z
30.001779062595062,15.861012426719563,997.994208274659,-0.6376927109894625,-3.0016040305243497,4093.9698116163445,-0.6247725827776154,0.04042893983346719,-0.7120406554180231,0.0,0.0,0.0,0.0,25,500,28010.990299325815,,,,2026-02-02T00:36:05.000Z
29.99561049229501,16.014482385479937,998.0164601883937,1.2528693449078885,-0.6461514853540491,4094.3782849775794,0.47900262409198874,-0.7726733906604571,-0.18488498309868595,0.0,0.0,0.0,0.0,25,500,27999.91781099021,,,,2026-02-02T00:36:06.000Z
29.98750703074265,15.969285749076205,997.9992540641484,-0.1598169053250994,2.671140911073513,4093.484844282171,-0.8535662847026064,0.7862982309002783,-0.8169012518275693,0.0,0.0,0.0,0.0,25,500,28008.35538916254,,,,2026-02-02T00:36:07.000Z
29.986727159621218,16.146207188166876,997.9939419142585,0.4101506784692598,1.9504010833695322,4095.531960281786,0.263819085679341,0.6400560810329173,0.058438694883587584,0.0,0.0,0.0,0.0,25,500,27994.174864040917,,,,2026-02-02T00:36:08.000Z
29.98822979611977,16.01743956373779,997.9922506746183,-3.246765059882487,0.7385275552998093,4096.932716748893,0.24107607880329518,1.6881570529027907,0.08543868521990976,0.0,0.0,0.0,0.0,25,500,27999.01664339741,,,,2026-02-02T00:36:09.000Z
29.997936009425594,15.933094606528398,997.9880498165301,3.7768738792285133,-3.011664810661241,4097.9746690331785,-0.18707426992272058,0.3663274835410772,0.26170728347633937,0.0,0.0,0.0,0.0,25,500,28016.13157500959,,,,2026-02-02T00:36:10.000Z
30.001209954343636,16.085250127595504,998.0283358042946,-0.32848397006406377,-0.09982046608232403,4095.848097952715,0.8324005385905596,0.5206777670800737,1.7662424096718539,0.0,0.0,0.0,0.0,25,500,28015.527226056573,,,,2026-02-02T00:36:11.000Z
30.002698236323774,16.056329779586466,998.0142095786546,1.395173940678398,-1.179830792499866,4095.3603049534904,-0.22836079265763917,1.4000998118278138,-0.13244471969957244,0.0,0.0,0.0,0.0,25,500,28009.41972132592,,,,2026-02-02T00:36:12.000Z
30.003075529177284,15.917839832735952,997.9934370668395,-1.672183340439253,0.662077805634427,4096.303515984498,0.23154106881380565,-0.6276626960266963,1.0045978671244824,0.0,0.0,0.0,0.0,25,500,28002.024177872903,,,,2026-02-02T00:36:13.000Z
29.99241476739021,15.965151029723083,998.0173182592672,0.6160198044346819,-1.6186933695897605,4094.32971419674,1.1464718774879026,-1.4882582128230326,0.22958739697570169,0.0,0.0,0.0,0.0,25,500,28005.17969427549,,,,2026-02-02T00:36:14.000Z
30.010584029080952,15.966855354039163,998.005333021734,-2.6056895270494906,-2.051446789949215,4100.179077443389,0.7906862100258404,0.2000940591283936,-0.23824430189845403,0.0,0.0,0.0,0.0,25,500,28003.706382986453,,,,2026-02-02T00:36:15.000Z
29.99557774473992,16.122746109227954,998.0047410800132,0.904135676519342,-4.129730555367283,4092.784677945764,0.7860172908142086,-1.422633469214404,-0.11915926995123403,0.0,0.0,0.0,0.0,25,500,27998.33073206346,,,,2026-02-02T00:36:16.000Z
30.004501497600597,16.020324187387843,997.9928208296989,-0.7119481687716656,2.443609369953403,4096.369481157792,-1.1491796022167802,2.45393867292539,-0.0588264091680503,0.0,0.0,0.0,0.0,25,500,27995.956301905597,,,,2026-02-02T00:36:17.000Z
29.998358445665062,16.072678247856018,997.9948587282186,0.05838100787113489,-0.799541022886115,4100.04721243846,0.5247925755013217,1.4554982920789432,0.2797677077282163,0.0,0.0,0.0,0.0,25,500,28011.22367945301,,,,2026-02-02T00:36:18.000Z
30.00375621231703,15.950672827886992,997.9995757596541,1.395948060260195,0.31429156740506903,4096.01359968912,-0.8784987909695048,2.1639763333015805,-0.9593207652189699,0.0,0.0,0.0,0.0,25,500,27987.043724511037,,,,2026-02-02T00:36:19.000Z
29.99785671933855,16.033480029113946,997.9803445100556,-2.4650806224405604,-0.004476232948362187,4095.619921929997,-1.2814149797780263,0.062446976663129296,-1.465340383444967,0.0,0.0,0.0,0.0,25,500,28014.873582772485,,,,2026-02-02T00:36:20.000Z
30.003936348765745,16.130336090292964,997.995131798566,-1.368983461225594,-2.1348678659209988,4095.2851091543794,-0.07170634628496836,0.5505735937015979,0.6542973934742754,0.0,0.0,0.0,0.0,25,500,27997.245571932523,,,,2026-02-02T00:36:21.000Z
29.999926111301196,15.963892323474935,998.0000448963124,0.914648562173531,-2.5181298228963866,4095.6392166364753,-0.9042951866515898,-0.45947543195264406,0.8981238325812592,0.0,0.0,0.0,0.0,25,500,27986.859464953024,,,,2026-02-02T00:36:22.000Z
30.008138405706507,16.01151548038378,998.0130951890646,4.196442949093494,-2.010630251994471,4098.745696949353,0.7906177188399772,0.882924805586752,0.7456358328028029,0.0,0.0,0.0,0.0,25,500,27994.544951423035,,,,2026-02-02T00:36:23.000Z
29.99181314956789,15.86366937437624,997.9938345245394,-0.2761646693229635,-1.446336877658786,4091.576276177341,0.8145354596953241,-1.215543212051057,0.15497201855647263,0.0,0.0,0.0,0.0,25,500,27991.255921129086,,,,2026-02-02T00:36:24.000Z
29.982301086641094,15.923444191008997,998.0081213811111,1.182272235847865,0.7332124940276099,4099.066867402593,-1.902626236431442,-2.543093189474779,0.7672246274532887,0.0,0.0,0.0,0.0,25,500,27994.243256478963,,,,2026-02-02T00:36:25.000Z
29.990266425805657,15.966555710800218,997.9793950617993,-0.21394293971696013,-1.591435327041223,4093.1520856950997,-0.82830253957689,-0.7907106194885667,0.7134290260171423,0.0,0.0,0.0,0.0,25,500,27994.060464813127,,,,2026-02-02T00:36:26.000Z
30.01068918415238,15.893916069104828,998.0116703017547,3.884491189512599,3.492981263189243,4095.4666953415312,-1.4597866719179988,-1.4554734756173158,0.7876293589549547,0.0,0.0,0.0,0.0,25,500,27993.663052286247,,,,2026-02-02T00:36:27.000Z
29.998454411801124,16.132197367752184,997.9909965303289,-3.494443333930511,2.054302071786302,4095.141511159403,-0.46262927659289066,1.4779267361595356,-0.8595408213421135,0.0,0.0,0.0,0.0,25,500,27996.9204293186,,,,2026-02-02T00:36:28.000Z
30.000920622955466,15.916199297975849,998.0013027296908,0.189242089338716,1.6167190993314167,4097.1771065395415,0.45517566986882435,1.815677455080316,-1.096951797154631,0.0,0.0,0.0,0.0,25,500,27999.35226667939,,,,2026-02-02T00:36:29.000Z
29.989463633859536,16.078679859211725,998.0040634311918,-3.251088067124122,-0.23931780494630028,4092.8037512962323,-0.2422880981783883,-1.402929072413111,-0.38856924675227067,0.0,0.0,0.0,0.0,25,500,28007.63859635181,,,,2026-02-02T00:36:30.000Z
30.000655537251504,16.018683623753148,998.0021017955736,-5.013143141073433,3.0285614714409674,4096.924345332164,-0.5897592406671354,1.2917156075212395,-0.017384109542655443,0.0,0.0,0.0,0.0,25,500,27997.55047368013,,,,2026-02-02T00:36:31.000Z
29.989771873559274,16.003085194851046,997.9989322024135,0.5949241062356331,-0.43601126224224807,4100.048619246573,1.3001765268131393,0.9513849835007704,-0.24192112713228958,0.0,0.0,0.0,0.0,25,500,28003.260208066276,,,,2026-02-02T00:36:32.000Z
29.991242187249473,16.148616364496515,997.9875848371463,0.2789955922949177,-0.06252282830849215,4093.2736519908144,-2.3048571725962885,-1.5697766847188763,-1.8766903313378756,0.0,0.0,0.0,0.0,25,500,28000.075313120484,,,,2026-02-02T00:36:33.000Z
29.99597516317176,15.773939970307243,997.9911045908171,-0.5696738754844027,0.3399490794985388,4096.379412335221,1.2368718935182248,-0.39026753093161815,1.7216926121351421,0.0,0.0,0.0,0.0,25,500,28005.40580770493,,,,2026-02-02T00:36:34.000Z
30.00445097257842,15.98037951031769,998.0099643194322,-0.2123881800795063,1.403646081086688,4094.676035644407,-0.5442882931554857,-0.5801637221245197,-0.2740459888857355,0.0,0.0,0.0,0.0,25,500,28000.46675339656,,,,2026-02-02T00:36:35.000Z
30.005518475806426,15.891961966343455,997.9940262254121,6.196598868142515,1.2738161580059708,4096.8517744123865,-0.07810901011278953,0.7479953986272,0.17270441657695362,0.0,0.0,0.0,0.0,25,500,27993.53178224683,,,,2026-02-02T00:36:36.000Z
30.00579044897938,15.803857959086697,997.9989670440664,-0.5163502760628688,-0.9502505568892065,4096.038295554831,-0.5273633377201086,-1.2287793509050138,1.2445489907630587,0.0,0.0,0.0,0.0,25,500,27990.818003473592,,,,2026-02-02T00:36:37.000Z
29.984119158849555,15.88052682662423,997.9850791374291,1.0202487225001498,-1.0659874388519075,4094.7170261819115,1.5428881055391184,-0.09887262565948246,-2.344972269521205,0.0,0.0,0.0,0.0,25,500,28002.10229598504,,,,2026-02-02T00:36:38.000Z
29.9999333549961,16.001723753500308,998.0085857336153,-1.2987296392277619,1.279805914304169,4096.975744569742,-1.2309784968052595,-0.685934503949618,-0.5116938719117121,0.0,0.0,0.0,0.0,25,500,28012.733784899006,,,,2026-02-02T00:36:39.000Z
29.998032181666172,15.927465287079356,997.9868051695986,0.5904651500812063,1.4304731677824654,4099.608696219573,0.011736369721935848,0.47334118338514336,-0.38711727357980447,0.0,0.0,0.0,0.0,25,500,27997.7087537299,,,,2026-02-02T00:36:40.000Z
29.984678175839186,16.089661358982514,998.009159628086,-0.47646735011123503,-0.7867022496457456,4095.6181924165453,0.5274386518599967,-0.21679203168792927,-0.3363100454506446,0.0,0.0,0.0,0.0,25,500,27992.99136346172,,,,2026-02-02T00:36:41.000Z
30.000159837667223,15.978615415205867,997.9893728823936,-0.82103696545946,-3.174376139356908,4097.439515884296,-1.6110027678851675,-0.5352457039403952,-0.17348659071395278,0.0,0.0,0.0,0.0,25,500,27997.438293247284,,,,2026-02-02T00:36:42.000Z
29.997495727825633,15.967526164527905,998.0101450803032,3.6377970644006496,-0.41463219201648915,4093.413454084258,-0.9198981704461536,-0.21329657563207796,1.4471347984448446,0.0,0.0,0.0,0.0,25,500,27994.386054890976,,,,2026-02-02T00:36:43.000Z
30.00511525672118,15.96797190494939,998.0001019291531,2.354369926368678,1.2470515976517174,4094.087127246364,-0.14817853349822913,2.036042832840112,0.6734588757272225,0.0,0.0,0.0,0.0,25,500,27993.33019480888,,,,2026-02-02T00:36:44.000Z
30.000812470762398,15.990150559387047,997.9944124260355,0.27349329479846135,3.6108336928395612,4096.944812555761,-0.8866650346843747,-0.4168996361193892,0.9580352686288295,0.0,0.0,0.0,0.0,25,500,27985.564054184997,,,,2026-02-02T00:36:45.000Z
29.994506794697166,15.958152146505725,998.0160040175545,-4.608423871887934,-2.395915924681324,4098.968232057072,-0.8155917712191499,-1.041005218283787,0.04712027181092377,0.0,0.0,0.0,0.0,25,500,27997.555917137382,,,,2026-02-02T00:36:46.000Z
30.00925762450457,15.914874630243583,997.9993114500718,-0.7220184465051394,-0.8531425056611471,4096.711226697571,-0.34986266307643743,0.5834335691559652,-1.3993730461455012,0.0,0.0,0.0,0.0,25,500,28002.357771538434,,,,2026-02-02T00:36:47.000Z
29.97778766499225,16.098918488397604,997.9963818770674,5.406055128810167,-0.7788071230507532,4095.373883938954,0.6495813316461732,-0.1435246694229566,-2.079697035146007,0.0,0.0,0.0,0.0,25,500,27989.18095842802,,,,2026-02-02T00:36:48.000Z
29.999357348715705,15.937590494961105,998.009091179276,-0.46132333327941627,2.7116106788630026,4095.9985828108465,-0.3427177768781444,-1.4152339308664725,-1.529407723231631,0.0,0.0,0.0,0.0,25,500,27991.216602497323,,,,2026-02-02T00:36:49.000Z
29.98236749068008,15.961647338365381,997.9851954288848,2.2064351441073162,-0.06988300091726556,4093.4991845320606,1.0784261944729465,2.231496335202466,0.35976570416601955,0.0,0.0,0.0,0.0,25,500,27990.519380055117,,,,2026-02-02T00:36:50.000Z
29.990878067287937,16.042940508009032,997.9747283439598,2.8838848039052016,-1.8146531187445312,4097.209030652711,-0.9977577826593548,-0.3524789455866479,0.031769712697634976,0.0,0.0,0.0,0.0,25,500,27986.13322032954,,,,2026-02-02T00:36:51.000Z
30.005248137030094,16.031874124615726,998.0115797997364,0.43792783171195016,1.1173905658436383,4097.764666124647,-1.2519222604734526,-0.3778694539613512,-0.21016364755600753,0.0,0.0,0.0,0.0,25,500,27990.444078963606,,,,2026-02-02T00:36:52.000Z
29.98725802519559,15.910656193765394,997.9916369792135,-1.6836432637363046,-0.8092770400818927,4095.095819334334,1.926345405721134,0.15983535190809744,-0.36857690674013666,0.0,0.0,0.0,0.0,25,500,27998.02143571174,,,,2026-02-02T00:36:53.000Z
29.985762821812962,16.075498194411075,998.0086462242539,-4.870624663565777,-2.4487745467159088,4095.0599157044808,-0.6579581276655113,1.7301167692088393,2.011721575442747,0.0,0.0,0.0,0.0,25,500,27986.57942193955,,,,2026-02-02T00:36:54.000Z
30.023819449834157,16.053767033983842,998.0004616237178,1.368326417217909,-1.7855466145523013,4096.531756459304,-1.3109120070721598,-1.6797453265189957,-0.8229035909764744,0.0,0.0,0.0,0.0,25,500,27998.624575325353,,,,2026-02-02T00:36:55.000Z
29.9864071094858,16.017797483418725,997.9883601053588,-1.6295120056470962,3.468083908845238,4095.1265605279186,-1.7420539417718304,0.2759858494205397,0.9278194561160589,0.0,0.0,0.0,0.0,25,500,27992.965332075397,,,,2026-02-02T00:36:56.000Z
30.01650520903088,15.95686831494185,998.0060728241967,0.35230090377538426,0.7684184432989245,4095.8677347707485,1.075103453808939,2.0872721617936274,0.0019129360209939365,0.0,0.0,0.0,0.0,25,500,27990.710179411795,,,,2026-02-02T00:36:57.000Z
29.998277978354206,15.959326930947858,997.9958982980977,-2.4996406791787282,0.2155201109050859,4100.199443578333,-0.34130451466005923,0.12872868073964833,-0.06093951178599691,0.0,0.0,0.0,0.0,25,500,28003.772088163732,,,,2026-02-02T00:36:58.000Z
29.99475170878561,15.97982028969984,997.989226596637,-0.5304750809404044,-0.49978747162409226,4095.505948598508,-0.2537097350663985,-1.2353339793034797,1.176637548616744,0.0,0.0,0.0,0.0,25,500,27993.598743946863,,,,2026-02-02T00:36:59.000Z
30.00566786390588,15.876816805887223,997.989487036278,0.06743810980210649,0.5842976842375978,4095.2833196959577,-0.1592017115866396,-0.6183968529606526,1.4625303826914446,0.0,0.0,0.0,0.0,25,500,27995.299861339325,,,,2026-02-02T00:37:00.000Z
30.013365940755445,15.996073155140305,997.9826716124583,0.5371871620885957,0.5604718920049886,4094.7049163887295,1.0129428846697812,0.2068825297567905,-0.2395494568848382,0.0,0.0,0.0,0.0,25,500,28012.9800681,,,,2026-02-02T00:37:01.000Z
29.988539320578916,16.0892102040447,998.0040302488218,-2.2296443747048285,0.5843376564146522,4097.4883839429995,-0.1795298339759204,1.330803915639862,0.7992027192421421,0.0,0.0,0.0,0.0,25,500,27990.79944366258,,,,2026-02-02T00:37:02.000Z
29.994897502102713,16.0876371189834,997.9906459925555,2.3938218975227046,0.229690180555506,4095.6375516535636,2.344053778832626,-0.3393358444160607,0.3638913621500538,0.0,0.0,0.0,0.0,25,500,28015.658745475925,,,,2026-02-02T00:37:03.000Z
30.008468697346842,15.961914822872355,997.999652778723,-1.1937895694639427,1.7375966766110986,4094.701253923357,0.13376057405422923,0.8266517974324317,0.0074371388099146235,0.0,0.0,0.0,0.0,25,500,27996.522088709473,,,,2026-02-02T00:37:04.000Z
30.00287994312427,16.106408327272554,997.9981827750548,-3.3489389209064906,0.04620869200146206,4098.642608064546,1.0617847669583211,-1.4353688270468892,0.20425494265702587,0.0,0.0,0.0,0.0,25,500,27988.63865367128,,,,2026-02-02T00:37:05.000Z
30.011019178306412,16.190590455452945,997.9905844331882,-0.2180468399269276,-1.9558776711052774,4098.839206009027,0.8052398579044068,-1.4437183695950546,-0.6880088148448377,0.0,0.0,0.0,0.0,25,500,27994.46051658938,,,,2026-02-02T00:37:06.000Z
30.00515111954432,15.968379246473717,997.9847710028586,0.06875061805292018,-1.2248457818017364,4094.7991528685225,-0.03644732025803771,-0.48280068868494963,-0.3060993933310847,0.0,0.0,0.0,0.0,25,500,28000.687749066223,,,,2026-02-02T00:37:07.000Z
30.01808224009149,16.069151470643217,998.0253371082913,0.32117886634351955,-3.9580373869794245,4092.2669200972787,-0.5869709860204633,1.4380287218732621,-0.5806352797527063,0.0,0.0,0.0,0.0,25,500,28012.545038598408,,,,2026-02-02T00:37:08.000Z
30.001785885988337,15.773719003730921,997.9995146747402,2.7242648073701585,4.053634232084785,4098.0150273796735,0.33196392856655366,0.0688746395137692,0.9013767164289195,0.0,0.0,0.0,0.0,25,500,28007.988248085632,,,,2026-02-02T00:37:09.000Z
30.00221811148331,15.8741853271818,998.0182338295276,-0.47289767347171874,1.7255091839053733,4094.63074034848,0.510098731207273,0.2898111955666193,-0.0952011155410625,0.0,0.0,0.0,0.0,25,500,28000.639068498356,,,,2026-02-02T00:37:10.000Z
30.00321721372016,16.00911210293335,998.0116493678373,-0.23923924873754268,-1.6601409902584738,4097.581251198326,-0.5725860481265272,0.2780795955735272,-1.2977140246150385,0.0,0.0,0.0,0.0,25,500,28012.59955981489,,,,2026-02-02T00:37:11.000Z
29.998575111482733,15.899326693748161,997.9967883469851,-2.206368762466187,-0.5636896987941998,4092.0597923645764,0.16633886595065583,1.1092079825867307,-0.7234372231630879,0.0,0.0,0.0,0.0,25,500,27981.189629521326,,,,2026-02-02T00:37:12.000Z
30.00848087158801,16.203920204472244,998.0018096463734,1.641107005775794,-1.2737529484128667,4097.785194676599,1.236204978259596,-0.6102206925378539,-3.1992646452121782,0.0,0.0,0.0,0.0,25,500,28002.4944153006,,,,2026-02-02T00:37:13.000Z
30.00237041223863,16.059787968729655,998.0015191578196,0.3686181281562069,3.085094422748234,4093.5776561414386,2.0699477390696788,0.6882851084882323,-0.4944926018821485,0.0,0.0,0.0,0.0,25,500,28003.099397266255,,,,2026-02-02T00:37:14.000Z
30.00788180009145,16.096583164685814,998.0184420068894,-0.8400554545883251,-2.839754328541858,4097.461528238133,0.8543693203494214,-0.8308826638551301,0.0376450650971495,0.0,0.0,0.0,0.0,25,500,28003.22142467579,,,,2026-02-02T00:37:15.000Z
30.009444998536242,15.997097359383941,998.0082983369165,-3.8093493869309274,0.22895211763755854,4096.0285461356725,1.8627596863802822,1.9832726559207603,-0.13613584886697372,0.0,0.0,0.0,0.0,25,500,27983.898488340114,,,,2026-02-02T00:37:16.000Z
30.004284546815605,15.899679198013635,997.9919272725398,2.888824390110175,-0.2170556851296957,4094.0921211612067,-0.6293742112064558,-0.8003911042966898,1.9801543515313924,0.0,0.0,0.0,0.0,25,500,27989.830875983214,,,,2026-02-02T00:37:17.000Z
30.005017163242343,15.948118971782511,998.0035161883656,-2.4553599289121144,1.6536772614182287,4095.1859273741466,0.7018822520592939,-0.8823893030786208,0.5749060409150368,0.0,0.0,0.0,0.0,25,500,27998.335255778424,,,,2026-02-02T00:37:18.000Z
29.989896702124035,16.025438047962638,998.0080431434142,-1.1825560187394113,-0.20801845544939,4097.372636913913,1.3385195085812722,0.5496698134880496,0.5304518530891508,0.0,0.0,0.0,0.0,25,500,28011.147915049616,,,,2026-02-02T00:37:19.000Z
29.994496464121802,15.9362084661591,997.988246809511,0.7166890221520065,-3.5164177533108703,4096.21178890623,-0.8963333329719959,0.07978843143232382,-1.6432690345702778,0.0,0.0,0.0,0.0,25,500,28019.152644957176,,,,2026-02-02T00:37:20.000Z
30.008433834529907,16.06711919917272,998.0049414934481,-2.393115857233373,-0.5022356692848817,4097.168825960945,-0.48559011204500924,0.3268524062609343,-0.3646420541171327,0.0,0.0,0.0,0.0,25,500,27993.355647484164,,,,2026-02-02T00:37:21.000Z
30.014236311818184,16.071141496920465,998.013454889562,-2.987019556506287,-1.94432443588665,4099.952881169031,1.7379047618352501,0.22731379549231806,-0.4866628073236956,0.0,0.0,0.0,0.0,25,500,27986.90153208029,,,,2026-02-02T00:37:22.000Z
29.980595697744917,16.000498130393957,997.9914252734837,-4.24789516540133,0.1591590931131213,4092.871516776578,-0.9750988557869399,-1.0903921988074388,-0.7860811988080079,0.0,0.0,0.0,0.0,25,500,28008.157614364252,,,,2026-02-02T00:37:23.000Z
29.994321368527487,15.8174364912983,997.9928068143241,1.4419939058112716,2.868354073040653,4099.234425149937,-1.3411300326557107,1.613358929079484,-0.7998806655133466,0.0,0.0,0.0,0.0,25,500,28026.143700113007,,,,2026-02-02T00:37:24.000Z
30.000236206024148,16.171478493366596,998.0116047250534,-1.0903724894526439,-3.4788504884645564,4096.208711875046,1.5279815736395113,0.8935422058891094,-1.8081229539416237,0.0,0.0,0.0,0.0,25,500,28011.069406333012,,,,2026-02-02T00:37:25.000Z
29.991207255379194,15.978732714331048,997.9964576368709,5.85454018494666,-1.6004454707998075,4094.202431903354,1.1967632249804385,1.358949951267116,-1.2758532046813285,0.0,0.0,0.0,0.0,25,500,27992.51367276006,,,,2026-02-02T00:37:26.000Z
29.991774803558183,16.270927664847104,997.9901799158658,-1.9887101312617468,-1.105385907566994,4093.3393727485222,0.4321202439837694,-0.5283308891104243,0.8740934027649491,0.0,0.0,0.0,0.0,25,500,28028.611392932173,,,,2026-02-02T00:37:27.000Z
30.004749198737937,16.06525356963522,998.0088227304303,-1.8429020468578425,-0.7632621908264227,4095.6217592184457,-0.045710754645827495,0.4165235447151714,-0.14291469199318227,0.0,0.0,0.0,0.0,25,500,28006.867996204688,,,,2026-02-02T00:37:28.000Z
30.015813759691714,15.979004492326794,998.0057685423673,-1.130785940570803,1.4802513282104885,4097.843300223849,-0.43852450560498196,0.1973684622346911,-0.506402418274334,0.0,0.0,0.0,0.0,25,500,27992.089867864084,,,,2026-02-02T00:37:29.000Z
29.97968176443678,16.0447821876498,998.000943939075,0.4862693102769782,-0.347088835122775,4095.744901759245,0.28194887380905115,1.1280026262015077,-0.00541133465270806,0.0,0.0,0.0,0.0,25,500,28019.34302166338,,,,2026-02-02T00:37:30.000Z
29.998295238510185,15.79807144829214,998.0112458262845,-0.9404066775706227,0.8316054514408904,4099.022309860495,1.5798069574015499,1.160248131829619,1.167390678701151,0.0,0.0,0.0,0.0,25,500,27991.300081886013,,,,2026-02-02T00:37:31.000Z
30.004632803417906,16.102614240323597,998.011956352432,1.224664428005024,-1.2515460874635527,4093.097648619897,0.238566126142076,0.19305080295811483,0.004210520875785671,0.0,0.0,0.0,0.0,25,500,27993.789114813382,,,,2026-02-02T00:37:32.000Z
30.007802139722003,16.256694123752947,997.9991717709117,-1.9571767799773088,0.45984869083587504,4095.975822104308,2.1669592672469657,-1.5179511318432517,0.5403741309310379,0.0,0.0,0.0,0.0,25,500,28007.266208223413,,,,2026-02-02T00:37:33.000Z
30.00319127343069,15.791076652615661,998.0197432638755,-2.763183436927162,1.5555952617554298,4093.4952131111736,-0.8979419856402304,1.779661887087689,-0.8466048423882574,0.0,0.0,0.0,0.0,25,500,27999.750946821106,,,,2026-02-02T00:37:34.000Z
30.017614025499363,15.971259099017429,998.0158338995343,-3.596429478818215,-1.4645990994741769,4096.7272637652495,-0.01968075432826937,0.5559874336901389,-0.6186299507467191,0.0,0.0,0.0,0.0,25,500,28000.37007132005,,,,2026-02-02T00:37:35.000Z
30.00028906593326,15.989466187720847,997.980157015501,-4.4471483358743935,1.5627162396130294,4097.773774780195,-0.37305866766391554,-0.6084370413911421,0.35397688506367536,0.0,0.0,0.0,0.0,25,500,28000.38691501643,,,,2026-02-02T00:37:36.000Z
30.013119927903922,16.087522862916305,997.9896988257657,-1.0361380389501136,0.10474553745513696,4095.158476412638,-1.0851415431623328,0.40654213826669494,1.8926537083371138,0.0,0.0,0.0,0.0,25,500,28011.144799258702,,,,2026-02-02T00:37:37.000Z
29.99353632329654,16.210597567416553,997.9774470818036,-0.6019606247864439,2.0909204809645052,4090.7915722867456,-0.15308373300965544,-1.5110935484525234,1.429774859514874,0.0,0.0,0.0,0.0,25,500,27976.756093602882,,,,2026-02-02T00:37:38.000Z
30.000579829465888,16.038288212259555,997.9967528500528,-1.2628740549663666,-0.40283980015394705,4096.397896293593,0.41732930166043963,1.055353067471044,0.582828069456139,0.0,0.0,0.0,0.0,25,500,28002.845138858866,,,,2026-02-02T00:37:39.000Z
29.987872849242013,16.214179182421553,997.987887818017,2.486811594374324,0.7624893103241976,4096.873477103467,0.52423017995203,-1.471211744279153,0.15143376016071822,0.0,0.0,0.0,0.0,25,500,27997.097966229194,,,,2026-02-02T00:37:40.000Z
30.00900864440549,16.017043247688466,997.9918568160126,2.45606041921627,-0.08121246335706,4096.808589509923,2.170452178944556,-0.22083449203708258,1.401069355627171,0.0,0.0,0.0,0.0,25,500,27992.475039674693,,,,2026-02-02T00:37:41.000Z
29.998795571373588,16.04514238187962,998.0109056814679,-0.6696059748890038,-0.19242452408115793,4098.471564383644,0.46446746972355973,0.2444544496055498,0.7946783230451239,0.0,0.0,0.0,0.0,25,500,27992.448635820667,,,,2026-02-02T00:37:42.000Z
30.0035782106252,16.032823556616027,997.9824517094027,-3.587842226383926,0.5178608564513797,4093.8578926407017,1.150136803679616,1.0388397119820936,-2.293662022370661,0.0,0.0,0.0,0.0,25,500,27973.628903307806,,,,2026-02-02T00:37:43.000Z
29.99686631368715,16.12202997830051,998.0012973574103,-1.1334102161101056,1.0736149384498075,4097.360432210901,0.06609424629897591,0.10654467643437403,-1.053930847855222,0.0,0.0,0.0,0.0,25,500,27992.015818963988,,,,2026-02-02T00:37:44.000Z
30.00586428501659,15.95776789418898,998.0012367644248,-1.199642787834123,-2.49912982384801,4098.385015024956,1.6780556004525953,0.6349628736125502,0.33814032535793165,0.0,0.0,0.0,0.0,25,500,28012.904627249394,,,,2026-02-02T00:37:45.000Z
30.00397433973856,16.08182867587615,997.9991761071245,-1.314269924556116,2.8672672176357556,4092.442824831987,2.3984492855880695,-0.02816690844955293,-1.7869675655509722,0.0,0.0,0.0,0.0,25,500,28008.320548780277,,,,2026-02-02T00:37:46.000Z
29.990053485700287,15.876920339374358,998.0013077868198,-1.3954378077964897,-3.719326081099597,4096.6393036518375,0.5310851309759498,-0.032185950944282664,-0.8975890047568621,0.0,0.0,0.0,0.0,25,500,27998.086182376053,,,,2026-02-02T00:37:47.000Z
29.99063232567417,15.97154958953486,997.9776771828958,-1.3069257914496144,-1.369624219477792,4094.991640337985,-0.9926590154515813,0.08547725034829733,-0.6998149436579741,0.0,0.0,0.0,0.0,25,500,27985.887442781594,,,,2026-02-02T00:37:48.000Z
29.999722312696587,15.936325637706119,997.991904454842,-0.7730832317955195,-0.18853814152980133,4095.8369546537965,-0.5488050227771684,-0.1890579208523746,-0.2561659062458337,0.0,0.0,0.0,0.0,25,500,28008.21869772259,,,,2026-02-02T00:37:49.000Z
30.006595739574067,16.008796155861795,998.0154300086526,-1.2710821976311133,0.8247119381718963,4096.695352967076,0.2819343032051621,-1.6865702430814355,-0.2874302082262078,0.0,0.0,0.0,0.0,25,500,28013.098484116603,,,,2026-02-02T00:37:50.000Z
30.01862895553114,15.968392025059622,997.9880312891449,0.4166450172511843,3.152345055482757,4095.025542871773,0.45649803525064586,-0.7683234936966282,-0.2891204271668269,0.0,0.0,0.0,0.0,25,500,28010.341946707977,,,,2026-02-02T00:37:51.000Z
30.003029908566656,16.1132133692457,998.0166661081356,0.7207374318097222,-3.7165829764502147,4094.6485838416766,0.6984251343843719,0.24477484111169842,0.8253075172403137,0.0,0.0,0.0,0.0,25,500,27990.312744450137,,,,2026-02-02T00:37:52.000Z
30.010075314024885,15.912133190482836,997.9859317758822,-1.8212901743649796,-1.0153882567794212,4096.068304834976,0.460197681230041,-0.2491210034887189,-0.2652238654505343,0.0,0.0,0.0,0.0,25,500,27991.351213191374,,,,2026-02-02T00:37:53.000Z
29.98387149065236,15.8268684064189,997.9847295936759,2.542130652014067,-4.253666975598531,4093.825508122274,0.006984916255938689,-0.1558090821819066,-0.3846301320712339,0.0,0.0,0.0,0.0,25,500,28016.559112588442,,,,2026-02-02T00:37:54.000Z
30.02012955849434,15.864271618028845,997.9904822118274,-1.9601246036812283,0.06324394782049554,4093.8283497422294,-0.6361984412021287,-0.3233536694387154,-1.3491721041435163,0.0,0.0,0.0,0.0,25,500,27987.90728958503,,,,2026-02-02T00:37:55.000Z
30.006056862111294,16.09941680463013,998.0112908296828,-3.2356012276306743,0.5433671690000613,4097.358746565913,0.40113826126422947,-0.8635983927318178,1.0243462019858247,0.0,0.0,0.0,0.0,25,500,28004.782133655157,,,,2026-02-02T00:37:56.000Z
29.99950395488841,15.903044265668377,997.9945387917026,0.7615561427301034,3.1815914843425053,4093.7024119296825,1.8549873574806566,-0.49309946097629387,-0.6714975139474861,0.0,0.0,0.0,0.0,25,500,27982.222638529267,,,,2026-02-02T00:37:57.000Z
29.99835303952542,16.039784441552072,998.0034540698844,-1.6348162688286796,0.24126952178690825,4097.332625001818,1.0199286054277548,-0.30683174438859473,-1.0870303280012752,0.0,0.0,0.0,0.0,25,500,27996.99684632626,,,,2026-02-02T00:37:58.000Z
29.98892800202141,15.970521249675192,998.0007363692201,0.642582941514776,2.0880502588847594,4096.925182585708,0.534703949636198,0.005143140541849398,0.21309057486897096,0.0,0.0,0.0,0.0,25,500,28005.851504007343,,,,2026-02-02T00:37:59.000Z
29.9917871320428,16.082424405475326,997.9994553781727,-4.807337202201061,1.167674163078118,4092.548386542419,1.0295669238227512,0.3933783444697123,-0.7669412623830628,0.0,0.0,0.0,0.0,25,500,27999.70034042858,,,,2026-02-02T00:38:00.000Z
30.019104356321336,15.97692342948834,998.0127411809261,2.784911882966135,-0.8704963940103366,4094.644870695329,-0.3710640289008525,-0.1805502908857391,-0.5259527397942941,0.0,0.0,0.0,0.0,25,500,28005.23913321055,,,,2026-02-02T00:38:01.000Z
29.99010995561714,16.276434851611715,998.0077151794098,1.3445868160808043,-2.8179214935840786,4098.388218806094,-0.5082651460833204,-1.0296552556924194,0.25846017431906904,0.0,0.0,0.0,0.0,25,500,27987.737949243463,,,,2026-02-02T00:38:02.000Z
29.989917322421338,16.18981170158185,997.9885709680284,-3.0009530983260033,0.5500045965836216,4094.037668937721,-0.7477851043659819,-1.3980820399187832,-0.32648262377955634,0.0,0.0,0.0,0.0,25,500,27991.799980355045,,,,2026-02-02T00:38:03.000Z
29.992977795139243,15.96847898195943,997.997244292164,-2.9575542476925714,-2.9842040342907277,4095.071191475381,-0.12528662276943792,2.5974372073752243,2.3116093753006344,0.0,0.0,0.0,0.0,25,500,28004.818183784988,,,,2026-02-02T00:38:04.000Z
29.98801819247039,15.9547865410905,998.0174343982003,3.3445318081950552,2.590414145339288,4096.924121786504,-0.4220058967090802,-1.129815030264563,-0.07482854331919798,0.0,0.0,0.0,0.0,25,500,28006.968881420522,,,,2026-02-02T00:38:05.000Z
30.000153065748457,16.313232615080846,998.0031956178917,-1.4747598069959171,-0.32412420407364784,4097.566781018565,1.2082747406521392,-0.5186250012643829,0.617838218879222,0.0,0.0,0.0,0.0,25,500,28002.19812853063,,,,2026-02-02T00:38:06.000Z
30.01088910512665,15.89211490386714,997.9849215403591,-1.6683696974652475,2.390354823022833,4095.496922227911,-0.4753234176821889,0.5170003025139351,-1.9416940474929452,0.0,0.0,0.0,0.0,25,500,28009.47057741658,,,,2026-02-02T00:38:07.000Z
29.993895076737278,15.994497645208165,997.9856296109763,-4.5321041882985655,-0.9604288682647989,4094.8049796106166,-0.8027217162249164,0.3608606095656809,-0.8606491319147301,0.0,0.0,0.0,0.0,25,500,27983.427920614286,,,,2026-02-02T00:38:08.000Z
29.98626675720239,16.00224489197054,998.0089014530856,-0.7015564112031083,0.5377015728019838,4098.844739723397,1.9425771788306316,0.5208656925615726,-1.0869136949167124,0.0,0.0,0.0,0.0,25,500,27995.338020496532,,,,2026-02-02T00:38:09.000Z
30.002918613130145,15.999766210218542,998.0070243731718,-0.4554392296715057,0.41869771466937755,4099.477799327595,-0.4513752310813436,-0.44271706953217543,-0.9543797233026288,0.0,0.0,0.0,0.0,25,500,28018.22683773226,,,,2026-02-02T00:38:10.000Z
29.9994422566232,15.826128827946947,997.9907863442486,1.4309861935389705,-0.0900882360218479,4097.957716101563,0.15352845725035097,0.23855807063954726,0.4155379938370026,0.0,0.0,0.0,0.0,25,500,28012.83468828994,,,,2026-02-02T00:38:11.000Z
30.010027245500815,16.049660240967594,998.0074763017898,-2.798156856368951,-0.8653190267931842,4096.17063628513,0.4513228247434116,0.06134366424086365,1.0355650677774098,0.0,0.0,0.0,0.0,25,500,28006.336381650075,,,,2026-02-02T00:38:12.000Z
29.995454917006978,15.902964990860768,998.0159939213672,-3.040573584481219,0.7849120369410404,4094.383468556718,-1.1366931189208151,-0.31213136754128723,0.34463050463451084,0.0,0.0,0.0,0.0,25,500,27998.446330266444,,,,2026-02-02T00:38:13.000Z
29.997398432203735,16.143598912416905,998.0145785883966,0.9019252695529537,-1.8523265269664166,4094.339111186887,1.2354837695030692,0.2454097417713399,-0.226644623566309,0.0,0.0,0.0,0.0,25,500,28010.3481562835,,,,2026-02-02T00:38:14.000Z
29.998504696354566,15.854403495756538,998.0160427803683,2.0134601424541296,-2.4188706579181174,4097.045028210531,0.6371190404112276,1.0553655467507066,-0.6308550387124194,0.0,0.0,0.0,0.0,25,500,28004.291415196614,,,,2026-02-02T00:38:15.000Z
30.000890041105535,16.005946592737548,998.0055548877506,-3.142304702235766,2.485653786653655,4096.836796441778,1.5583840118807817,-0.02220022343532477,1.113599751186509,0.0,0.0,0.0,0.0,25,500,27984.825596353927,,,,2026-02-02T00:38:16.000Z
29.996074383226425,15.778387935304812,997.9982234018087,2.1630281725994824,1.454335977784201,4098.803197185893,-0.6792219372181003,-0.015547153643574597,2.071255454154862,0.0,0.0,0.0,0.0,25,500,28009.95762447056,,,,2026-02-02T00:38:17.000Z
29.99445355891954,15.784561629365928,997.9959751991953,0.0750836829736429,0.13178321720447989,4097.300900185072,0.09912579247616002,1.0681610348759842,0.13505570478369083,0.0,0.0,0.0,0.0,25,500,27991.33956585678,,,,2026-02-02T00:38:18.000Z
29.981496223151183,15.916064804170738,997.9998261311139,2.183610678149291,3.330284765087563,4092.9938393964803,0.03935575499419535,0.9613603598188132,0.9393630640715723,0.0,0.0,0.0,0.0,25,500,28007.59688250018,,,,2026-02-02T00:38:19.000Z
29.9943461279088,15.930178991766297,997.9912397669555,-0.14044072303523314,-0.5355310374496897,4098.103895235446,0.2638884943500218,1.5839364409634833,0.343370349795475,0.0,0.0,0.0,0.0,25,500,27983.840272112557,,,,2026-02-02T00:38:20.000Z
30.007152232680816,16.146572641298942,997.9964070127548,-5.044555834975901,2.645406439977959,4094.0038787453714,-1.454614748577161,-1.7562302344795768,0.7555049064655893,0.0,0.0,0.0,0.0,25,500,28015.990193321002,,,,2026-02-02T00:38:21.000Z
30.00850245519369,15.99594081637381,998.012751197483,-0.30393476463207775,0.35114816985164365,4095.2320574560954,0.11083637869222239,0.9051191831693894,-1.1645467781101164,0.0,0.0,0.0,0.0,25,500,27997.25103621198,,,,2026-02-02T00:38:22.000Z
29.99528886976409,16.129240690091155,997.9839092899156,2.12028763734254,-2.0495015001527803,4096.500400412503,-1.4264639114237452,0.6015800454021792,-0.48813628014212407,0.0,0.0,0.0,0.0,25,500,27988.906636677788,,,,2026-02-02T00:38:23.000Z
30.012994859981816,15.962021340532333,997.9845933027431,-1.7874920381674286,3.6960803835416995,4099.991334979568,0.3583340711969214,-0.8856523977532653,0.39546944004558404,0.0,0.0,0.0,0.0,25,500,27993.11494766929,,,,2026-02-02T00:38:24.000Z
29.999712959282995,16.060608518288035,998.0083053060442,-0.7759299378149044,1.9814216932481703,4102.21983711201,-2.1286491245185197,0.25158791799884483,1.2124909440819793,0.0,0.0,0.0,0.0,25,500,27996.63150902686,,,,2026-02-02T00:38:25.000Z
29.98662153628184,15.92745246830811,997.9964982707531,-0.3522670071019566,-0.2420420620191286,4097.213446118272,-1.8515868342905866,1.0511217477579984,-0.8181342216376747,0.0,0.0,0.0,0.0,25,500,27999.942302835727,,,,2026-02-02T00:38:26.000Z
29.983476159435458,15.92065269309014,997.9807435697544,-5.799027759736964,1.4543425190678982,4095.6336067625593,0.8185487164399984,-0.8291589224854,-2.033299111040127,0.0,0.0,0.0,0.0,25,500,28013.181456363396,,,,2026-02-02T00:38:27.000Z
30.0121825792262,15.81791498610821,997.9993866584366,3.3426951508749525,-0.8074068679958136,4097.069011296961,-0.5468384551947827,0.4425624290228071,-0.49826442644124913,0.0,0.0,0.0,0.0,25,500,28000.701426164775,,,,2026-02-02T00:38:28.000Z
29.99626996274739,16.03357539938513,997.9979587841518,-1.802751359794349,1.658298070119084,4097.775310851747,-0.9878580736322409,0.8713536757310174,1.01013071434825,0.0,0.0,0.0,0.0,25,500,27978.290832022776,,,,2026-02-02T00:38:29.000Z
29.987859354769274,16.026208341470014,997.9956891552351,1.011470864945598,-4.782157130567919,4095.3586647488855,1.270845621075548,-1.071019562531488,-1.5838955910878494,0.0,0.0,0.0,0.0,25,500,27987.70261487831,,,,2026-02-02T00:38:30.000Z
29.977407238285643,16.077731288728586,998.0068570602648,-0.17340227229641744,-2.0396026673891874,4099.590422711824,0.32762621732841496,-0.142285692445148,-1.1769198921315842,0.0,0.0,0.0,0.0,25,500,28027.57534792416,,,,2026-02-02T00:38:31.000Z
29.99604283889125,16.02149182871414,997.9866680443121,2.51523811271872,1.9585194885739257,4096.460141518382,0.8720901955337838,0.30096837664241116,0.1559185860511121,0.0,0.0,0.0,0.0,25,500,28001.35388795663,,,,2026-02-02T00:38:32.000Z
30.004047508589963,16.202619597719398,998.0001298541486,0.8121122448561618,-0.4993110764378387,4096.995486178183,-0.16624207232083046,-0.7961315055429548,-0.11597125276146397,0.0,0.0,0.0,0.0,25,500,28009.507901140103,,,,2026-02-02T00:38:33.000Z
29.99302308855954,16.01760276366775,997.9978902750539,-0.46984854304194923,0.4150845897774838,4097.331848504109,2.679628693900003,-0.8791531990935461,0.5944664815532273,0.0,0.0,0.0,0.0,25,500,27996.916538605063,,,,2026-02-02T00:38:34.000Z
29.98946754839866,16.099182671433812,998.0003782522791,-1.7870301850385604,-2.693571324230869,4096.843173221229,-0.6045138605597951,-0.1350446018627742,-1.2287267604455792,0.0,0.0,0.0,0.0,25,500,27989.953886857933,,,,2026-02-02T00:38:35.000Z
29.994506242313932,15.96758909170009,997.9826781384186,1.5957014027642777,3.695733991404206,4097.677881000939,1.7444955493598882,0.801639716903692,-0.3249785941686678,0.0,0.0,0.0,0.0,25,500,27995.18717777618,,,,2026-02-02T00:38:36.000Z
30.01243192019145,15.909152996569862,997.9947735111186,-3.7468826079092334,2.3810592874353533,4094.765493626906,-0.061366040099912866,0.6437340011921098,1.1951854024030977,0.0,0.0,0.0,0.0,25,500,28001.283260840584,,,,2026-02-02T00:38:37.000Z
29.986070183823248,16.071769517018662,998.0001976919103,1.291780840551785,-0.40137043675065953,4094.8833964921077,-1.654510394912746,-0.8614127291863422,-1.192896193636784,0.0,0.0,0.0,0.0,25,500,27995.39763662773,,,,2026-02-02T00:38:38.000Z
29.993582989695774,15.991085201217967,998.0054115963629,-2.1980895031097454,-0.8093917137266526,4093.799691534057,0.4828487457481086,0.6521678851156861,1.4769122963102688,0.0,0.0,0.0,0.0,25,500,28019.184677665296,,,,2026-02-02T00:38:39.000Z
30.012107577396176,16.08320430459296,998.0184639650541,2.50456732391328,2.059208722839386,4096.879002461241,0.3147625614551637,-0.8359397761665085,-1.0674169858886888,0.0,0.0,0.0,0.0,25,500,27993.837472057734,,,,2026-02-02T00:38:40.000Z
30.004941762894237,16.035293654184468,998.0080594838873,0.3225990853253902,3.9649409003378553,4097.557873007025,-1.0513218142392298,-1.6101697979934344,0.849381577377611,0.0,0.0,0.0,0.0,25,500,27989.451643897497,,,,2026-02-02T00:38:41.000Z
30.00179127813779,15.920698667320984,998.0046115520063,1.2882475357002174,1.9075205116227074,4096.915545732304,-0.9222192771347147,-0.36714357104723133,-0.37295851021312565,0.0,0.0,0.0,0.0,25,500,28008.088027597023,,,,2026-02-02T00:38:42.000Z
29.993515538645838,16.107433787767704,998.0127147479228,0.16397762764943874,4.343605334793204,4099.348984866695,-0.02469764308499223,1.1229693715857356,-1.1449082576389766,0.0,0.0,0.0,0.0,25,500,28009.32002503845,,,,2026-02-02T00:38:43.000Z
30.000305048145005,15.912881004621534,997.9969617755346,-3.5047541902819934,-1.844702658123836,4095.988807962342,0.34974781524798154,0.6559605521413735,-0.4968990471525983,0.0,0.0,0.0,0.0,25,500,28000.299771215385,,,,2026-02-02T00:38:44.000Z
29.994621709315467,16.06253262632955,998.0155392816364,-1.721458326790677,-1.6387736609975814,4097.337483311185,-2.470663282879401,-0.0015718073731942623,0.544929188178994,0.0,0.0,0.0,0.0,25,500,27993.97856377459,,,,2026-02-02T00:38:45.000Z
29.991406138689293,16.128161111152586,998.0111927279006,1.3447786752227648,-2.3778822361066974,4093.8165982477212,1.0531214525238028,-0.4167054835910575,-0.006853994901490916,0.0,0.0,0.0,0.0,25,500,27980.99341185827,,,,2026-02-02T00:38:46.000Z
29.989199425246984,15.961540516158484,997.9955412220936,0.333311634719688,0.8835212992989587,4095.225800595051,-0.4944979738149775,-0.3897621361164312,1.1184694114433438,0.0,0.0,0.0,0.0,25,500,28012.20721522444,,,,2026-02-02T00:38:47.000Z
30.007840955963726,16.11559944536723,998.0192395517573,2.361979810611344,0.3512070996087404,4097.391075515132,-1.3317474843981763,0.10878490586079616,1.4357400609348814,0.0,0.0,0.0,0.0,25,500,28008.68560909922,,,,2026-02-02T00:38:48.000Z
29.99939593867784,16.03976168340532,998.004469353149,0.8065491260743435,-0.3039022469439717,4097.698204221486,0.9410665514519307,-1.0684374858458288,-1.1830306653178504,0.0,0.0,0.0,0.0,25,500,27995.60111680251,,,,2026-02-02T00:38:49.000Z
30.003145137438025,16.085194377839628,998.0219296897607,-1.9334037814053195,1.6185172562465973,4095.412066104672,-0.023617979418456322,-0.3481073452012972,-1.256269144910345,0.0,0.0,0.0,0.0,25,500,28000.595724784296,,,,2026-02-02T00:38:50.000Z
30.001516731858015,15.916324430889741,998.0030318225429,-1.592128275441268,2.464657210429328,4095.856801496284,1.2161657767822542,-0.21556946135976882,-1.3047937736208417,0.0,0.0,0.0,0.0,25,500,27997.733228174784,,,,2026-02-02T00:38:51.000Z
30.004409188278082,16.021430023205376,997.9943807014049,0.20583478104647443,-3.051324818573684,4092.9642525066383,0.4379522629797555,-1.3510744584514975,-0.8991960960480192,0.0,0.0,0.0,0.0,25,500,28016.287302412864,,,,2026-02-02T00:38:52.000Z
29.997452812100143,15.85919186899755,997.9923246335665,-4.628088132000211,-1.193944055802231,4095.2859415983867,-0.0015145029480460542,-0.8384482508975749,1.1042145208197445,0.0,0.0,0.0,0.0,25,500,27989.62081697046,,,,2026-02-02T00:38:53.000Z
29.995183425489454,16.171130051531048,997.9964425654526,3.3468837712459703,1.6402871882461199,4097.78076632704,-0.15272994498015613,0.4105067914863815,0.5603619506667351,0.0,0.0,0.0,0.0,25,500,27993.7993850598,,,,2026-02-02T00:38:54.000Z
29.99184719670609,15.798600167841549,997.9942870505797,0.8834934727551145,-0.935477367717164,4097.150410032214,0.4827127605561378,0.009511839940994225,-0.5450275729224316,0.0,0.0,0.0,0.0,25,500,27992.83273760936,,,,2026-02-02T00:38:55.000Z
29.985860308665927,15.964524818037114,998.0127138855696,2.4540691940977446,-1.5964121527163082,4097.001331442762,-0.4135312588093302,-0.308761791193383,-0.011102590622834349,0.0,0.0,0.0,0.0,25,500,28003.101612864422,,,,2026-02-02T00:38:56.000Z
29.98877966829377,15.906829140580038,997.9997102575545,-3.161207881618338,2.0370748553007894,4096.099547374362,-0.8525725887464994,-0.9114274375379638,1.4043055051659386,0.0,0.0,0.0,0.0,25,500,28000.561294536972,,,,2026-02-02T00:38:57.000Z
29.996345822789,16.067470041520224,997.9838597732744,2.4891303207105113,-2.57900013944796,4096.014126317256,0.6099091226546439,1.576849825589217,1.9080108509791196,0.0,0.0,0.0,0.0,25,500,28002.00068163463,,,,2026-02-02T00:38:58.000Z
29.983969605155647,16.19239459459299,998.0021300431587,4.462997822055497,-0.60315961558221,4094.6793577210533,-0.14448784144442942,-0.8379792146793185,0.25938433344280215,0.0,0.0,0.0,0.0,25,500,27991.19392874459,,,,2026-02-02T00:38:59.000Z
29.986177140958638,16.065491509868753,998.0012551304311,-2.641756710754635,0.6572880516096171,4097.397656840405,0.033567648069006084,0.25159280726173744,-2.6592811840473987,0.0,0.0,0.0,0.0,25,500,28014.848968304104,,,,2026-02-02T00:39:00.000Z
30.01042139892635,16.296128369695136,997.9953139237883,1.5428035898075332,-1.1476398278202375,4096.841945888778,1.0893798361546077,-0.48786908807379537,0.2972870947599731,0.0,0.0,0.0,0.0,25,500,27995.45954892779,,,,2026-02-02T00:39:01.000Z
30.002241794848537,15.862205982344117,998.0026759202199,0.002219889374586293,1.5663113120263497,4096.9840376959855,-0.11387660773574096,0.03627929263833515,0.9347481295413476,0.0,0.0,0.0,0.0,25,500,28011.875899493964,,,,2026-02-02T00:39:02.000Z
29.995481632717965,15.869881586747143,997.9995589056687,-3.0888676964964885,-1.137753950394738,4094.947930314665,0.015033925541790552,0.4576097419403723,0.22463231585607507,0.0,0.0,0.0,0.0,25,500,28031.391139972813,,,,2026-02-02T00:39:03.000Z
30.022715744589046,15.91068857683846,998.0063376536738,0.9857679437037395,2.8172389868918386,4091.6933141602576,-0.5996495114509319,-1.370256589207886,0.7265149187347837,0.0,0.0,0.0,0.0,25,500,27991.266639461857,,,,2026-02-02T00:39:04.000Z
29.98351750281287,16.012124469529592,998.0057497893869,1.6672064096746968,-0.25149259499154525,4098.194305423507,0.4307399339818508,-0.006616244153488004,0.35706537446038417,0.0,0.0,0.0,0.0,25,500,28003.423848998715,,,,2026-02-02T00:39:05.000Z
30.009756112764617,15.897307762471675,998.003649028564,-1.2022531053376937,1.342540273410707,4095.042325087983,0.349827912680088,1.1907286489798454,-1.2346454174818653,0.0,0.0,0.0,0.0,25,500,27998.68396361744,,,,2026-02-02T00:39:06.000Z
29.998885339172205,15.924833724569497,997.9870114409623,2.3318330405104457,1.4920479059656326,4094.2744484719137,0.9007751317905579,1.761501893492003,-0.8862384333634628,0.0,0.0,0.0,0.0,25,500,28020.30881554923,,,,2026-02-02T00:39:07.000Z
30.00785047022913,16.06204835239273,998.0211901672815,-3.3335268135783953,-1.2550800054881455,4097.386957823828,-0.5791288370068761,-0.13001397325513103,-0.3211521871301564,0.0,0.0,0.0,0.0,25,500,27997.19346072515,,,,2026-02-02T00:39:08.000Z
30.001089537172707,15.876082811688619,997.9844401429667,-2.9895122928992883,-4.106973097311777,4095.2159747201617,-0.4578169695901857,0.04168120721690878,1.0654147782383516,0.0,0.0,0.0,0.0,25,500,28002.48691477518,,,,2026-02-02T00:39:09.000Z
29.98127754937755,15.886680398702989,997.9987129082318,0.2731947911775047,0.7215115093276697,4098.119872768093,0.7921373991454693,2.211333028601533,-0.7658840683206206,0.0,0.0,0.0,0.0,25,500,28002.268683195114,,,,2026-02-02T00:39:10.000Z
30.000954604675588,15.960146124700993,997.9890556664865,0.05077055594454343,0.144576694249739,4097.234011899153,0.2522130033628634,1.1349242815991982,0.455902633167647,0.0,0.0,0.0,0.0,25,500,27998.996012300522,,,,2026-02-02T00:39:11.000Z
30.003355558546396,15.969555692916067,998.0039633816166,-1.4331469768482104,1.1116520551502547,4097.367138646401,-0.9062181261926946,-0.6172845692552189,0.30369259392119685,0.0,0.0,0.0,0.0,25,500,28007.554737678667,,,,2026-02-02T00:39:12.000Z
29.978080147014754,16.101001571722133,998.0013840572481,1.6191888719437717,-0.4530549447656761,4093.268088577599,1.3065540677345007,-0.6189834508861229,1.5861972650791303,0.0,0.0,0.0,0.0,25,500,28000.93396400455,,,,2026-02-02T00:39:13.000Z
30.01944048293802,15.909936025202187,997.9983123391538,1.0617886284318987,-0.8608553976014317,4098.423887970773,-1.6984505684002509,0.9565494617872686,-0.041679778129414556,0.0,0.0,0.0,0.0,25,500,28004.818517380452,,,,2026-02-02T00:39:14.000Z
30.00311207594173,15.92797200158791,998.0151777278394,1.716278141868032,4.016946021963399,4096.522501062468,0.7842847532637518,-1.0110371300457306,-1.7547584182762586,0.0,0.0,0.0,0.0,25,500,28002.13602704857,,,,2026-02-02T00:39:15.000Z
30.006719877401366,16.0581670116279,998.0110849591717,-0.2462728707045352,-2.9447081230215555,4095.2614457215077,-1.2652120359981966,1.087726751338853,0.646870464896778,0.0,0.0,0.0,0.0,25,500,27993.954622742895,,,,2026-02-02T00:39:16.000Z
29.988344706104236,16.08013943237834,997.9967288465691,1.2051605359566817,1.4679009567284769,4096.286776934685,1.885788516485527,0.33429996375100834,2.1380552116340046,0.0,0.0,0.0,0.0,25,500,27997.31037940275,,,,2026-02-02T00:39:17.000Z
30.006906175221456,16.14287244671266,998.0080413464192,-0.8913006060599891,-1.149203716366782,4092.4475295342036,-1.5445997269056233,0.5177207640270725,0.7123833448664562,0.0,0.0,0.0,0.0,25,500,28005.55422852743,,,,2026-02-02T00:39:18.000Z
30.01089504459563,16.046912035486475,998.0156468025784,4.107637380173191,-0.6715572354808441,4096.817305622962,1.1522506518727484,-0.2567338034800533,-0.7876615918104071,0.0,0.0,0.0,0.0,25,500,28005.513603019033,,,,2026-02-02T00:39:19.000Z
30.00253568228138,16.013036405996182,998.0110134503955,-1.6250915402439716,-0.6342056651479314,4093.941256983636,-0.08163436001124397,-0.6298248042464099,-1.0819458791789647,0.0,0.0,0.0,0.0,25,500,28012.450090488117,,,,2026-02-02T00:39:20.000Z
29.99990628441479,16.057503840674617,997.9986378141454,4.210594858916624,-1.6068685483425142,4093.294659428313,-0.366602569838744,1.4619928308683203,-0.9529688335074052,0.0,0.0,0.0,0.0,25,500,28018.592441478388,,,,2026-02-02T00:39:21.000Z
29.991064118751016,15.973258719411145,997.9840969909857,0.06977589417881713,1.142448420472479,4092.955281627564,0.1853966564677613,-0.24673728055347494,2.003311880382046,0.0,0.0,0.0,0.0,25,500,27994.78931122759,,,,2026-02-02T00:39:22.000Z
29.99783793082217,15.972523240562452,998.0032464790492,-2.7510217791374854,2.7812871918999145,4098.22537674998,0.631900339157813,-0.41093507657386175,-0.327327440521436,0.0,0.0,0.0,0.0,25,500,28001.348741582795,,,,2026-02-02T00:39:23.000Z
29.994879704857407,15.822588968772125,998.0066861033539,2.736158700977202,0.9400273224933229,4094.7414732126144,-0.9044005023308695,-0.08013706787980918,-0.6626433938280276,0.0,0.0,0.0,0.0,25,500,27998.065941904482,,,,2026-02-02T00:39:24.000Z
30.005719956373927,16.089341595668934,997.9923038309971,0.251802776789918,0.20676399242419025,4099.067455419833,-0.8157877251685722,0.19302213271794288,-0.15843664412723335,0.0,0.0,0.0,0.0,25,500,27988.92692362601,,,,2026-02-02T00:39:25.000Z
29.991501240748825,16.021145894505175,998.0002254526706,1.702248196760476,-1.9728809981984932,4094.928397073895,0.6496048651128858,-1.0308251267194486,-0.3169070486057018,0.0,0.0,0.0,0.0,25,500,28005.645551388043,,,,2026-02-02T00:39:26.000Z
30.005646507215037,16.07770392663683,997.9991711219124,2.4477118370851865,1.0336505316489017,4092.5852840848142,-1.7073429536495999,-0.5648714942069116,1.5676503597875036,0.0,0.0,0.0,0.0,25,500,28007.77837164006,,,,2026-02-02T00:39:27.000Z
29.991610144372704,15.718418950552271,998.0138771063581,0.6759111082900505,4.312699263458597,4093.7669511201025,-0.5842290931920854,-0.6180320739060579,-1.014477491016303,0.0,0.0,0.0,0.0,25,500,27989.230087738135,,,,2026-02-02T00:39:28.000Z
29.9973764744584,15.995289829210645,998.0185381617559,-1.1844816896256292,-0.761389247590185,4098.471623240014,3.040686954159441,0.8452803046068483,1.1806432316604467,0.0,0.0,0.0,0.0,25,500,27996.255006608248,,,,2026-02-02T00:39:29.000Z
30.006160443970128,15.914411849362237,998.011752144703,1.9514267553385003,-0.7519671587037323,4095.6882036441266,-0.9680129645892809,-0.8859625679998893,0.12209209645108472,0.0,0.0,0.0,0.0,25,500,27995.279104775705,,,,2026-02-02T00:39:30.000Z
29.99296203280014,16.150136250482024,997.9991444431682,0.001511014909191096,-1.1221782619619947,4094.903425407019,1.1478027917597526,-1.7557678577580538,1.2070265134276854,0.0,0.0,0.0,0.0,25,500,27984.915752967747,,,,2026-02-02T00:39:31.000Z
30.006505364889776,16.061421691548382,998.0114771624695,1.371715637216838,-0.9788284689888408,4096.320036451705,-0.5859507687138121,-1.967094562906154,1.5826190437340513,0.0,0.0,0.0,0.0,25,500,27999.63622669835,,,,2026-02-02T00:39:32.000Z
30.005529941576714,16.023423541081055,998.0064878820583,-4.307461147582923,-5.490599107344769,4097.003565472335,0.5090451447971439,-1.4703801346757173,0.08479763391309508,0.0,0.0,0.0,0.0,25,500,27988.547583235613,,,,2026-02-02T00:39:33.000Z
29.99729049326623,15.956806703065897,997.9992510042362,0.8939634340197038,0.8100707717114256,4098.234797631805,0.6543556905962175,1.3615382028481113,-0.3150636095991657,0.0,0.0,0.0,0.0,25,500,28001.589936912555,,,,2026-02-02T00:39:34.000Z
30.01161783201356,16.039720831013163,998.02092390289,-1.2771716502900603,-1.6911043527092275,4098.896998459786,1.1289567351829475,0.01620659948405166,0.06617883186510318,0.0,0.0,0.0,0.0,25,500,28002.691215249597,,,,2026-02-02T00:39:35.000Z
30.000777843419772,15.907181437062189,997.9926198156012,3.306619274357061,-3.2205262375836003,4095.280462708422,-0.20025382681277568,0.5012490868072027,-0.09477067200513166,0.0,0.0,0.0,0.0,25,500,28003.930227833047,,,,2026-02-02T00:39:36.000Z
30.011022765265853,15.990027465231423,998.0060390897561,1.2461746957781903,1.5063798994650976,4093.3479046278358,1.988884638754853,0.5364877271213292,-1.656966455738728,0.0,0.0,0.0,0.0,25,500,28004.4132217773,,,,2026-02-02T00:39:37.000Z
30.017934649248772,15.942163661301258,998.0083956064556,0.47971549169859323,-2.1640355700838723,4095.1730696777536,-0.5893365645851804,0.05618391839232033,1.552480373785073,0.0,0.0,0.0,0.0,25,500,28015.309407165976,,,,2026-02-02T00:39:38.000Z
29.997586989782988,16.226648965498168,997.9971250116048,0.9726199867004431,-0.6773381077675152,4096.520561013166,0.23422041359956,-0.07478129665130821,0.2457850173811903,0.0,0.0,0.0,0.0,25,500,27991.913538591845,,,,2026-02-02T00:39:39.000Z
30.006449549840273,16.146994775619085,998.0055913818788,-1.9968817057534365,2.93288478237716,4094.0724821475787,0.24527693221760752,1.0445264298181407,-1.1630991850510541,0.0,0.0,0.0,0.0,25,500,27992.415181839828,,,,2026-02-02T00:39:40.000Z
29.993624320746772,16.106304748398284,998.0094549725022,3.2465133810561078,-2.818431596049027,4094.08569817021,-1.1219681199494154,0.14599591431263995,-2.0675233201984087,0.0,0.0,0.0,0.0,25,500,28006.551638971763,,,,2026-02-02T00:39:41.000Z
29.989671855904916,15.850968897784584,998.0024463442053,3.982740836833809,-3.065196469195524,4096.6875757631,-0.2858722549791206,1.3990974792634143,-2.327599232930349,0.0,0.0,0.0,0.0,25,500,27998.68018474684,,,,2026-02-02T00:39:42.000Z
29.998045403426136,16.086415711228405,998.0047249556334,0.7858270210964327,0.5386123791246763,4095.9026952968593,0.16151349923840733,0.6208299452898662,0.7704804366875033,0.0,0.0,0.0,0.0,25,500,28011.253266070584,,,,2026-02-02T00:39:43.000Z
29.986373997202506,16.018766667514193,998.0010543112295,3.1808071371472773,2.298974728020737,4096.065593990823,-0.43212104312941974,-0.617796273481028,-0.6189775684070953,0.0,0.0,0.0,0.0,25,500,28005.61688792366,,,,2026-02-02T00:39:44.000Z
29.990623922203525,16.122346013951613,998.0079752011153,-1.1382963973450677,-3.148683435463926,4094.4830093306,2.440923965456535,-0.4971340238699362,-0.45490066810513335,0.0,0.0,0.0,0.0,25,500,28019.181113282928,,,,2026-02-02T00:39:45.000Z
30.00591432599321,16.032239509512696,997.9977102133081,-1.5942271324499615,0.8153794736743541,4095.5391985715883,-0.8386236735995307,-0.7274648064542795,0.48815426453882355,0.0,0.0,0.0,0.0,25,500,27999.08671550227,,,,2026-02-02T00:39:46.000Z
29.994863509845512,15.99932823339617,997.9968820221661,0.0818494974578457,1.1619990799233841,4094.1515337114633,1.1794244681404278,1.2175480219507155,-0.5160481561017785,0.0,0.0,0.0,0.0,25,500,27985.179604280132,,,,2026-02-02T00:39:47.000Z
30.007105140871218,16.023378429633656,998.0002056015385,0.8698820767357973,-4.118320967384641,4097.78039682225,0.8564598131487865,-0.40505095294555277,0.5465244160535132,0.0,0.0,0.0,0.0,25,500,28003.40661419979,,,,2026-02-02T00:39:48.000Z
30.002994119380176,15.819436670837746,998.0118366887419,-0.7879733624862408,1.5970026758144404,4098.070498669447,-0.013862134504271355,-0.7984727967996325,0.09526406437671531,0.0,0.0,0.0,0.0,25,500,27999.28325842086,,,,2026-02-02T00:39:49.000Z
30.018511540620192,15.923259672783221,997.9825263685133,1.0755363807369676,1.7532117596843588,4092.3076242755237,-0.8652090538522469,0.31977804112682007,-0.08412958314923621,0.0,0.0,0.0,0.0,25,500,28005.344874865146,,,,2026-02-02T00:39:50.000Z
30.00524337285576,16.037333553870326,997.9909063068329,0.6127789641468281,-0.6235711465120495,4094.140978279615,-0.76825532039177,-0.09716710637250317,-1.572750405691489,0.0,0.0,0.0,0.0,25,500,28006.62607186675,,,,2026-02-02T00:39:51.000Z
30.011142180702794,16.11393883584066,998.0227577004829,-1.9966135505821099,2.5046927245960164,4093.00694148982,-0.5179672992165097,0.29456851257516387,-0.8197313564388596,0.0,0.0,0.0,0.0,25,500,27994.65451484904,,,,2026-02-02T00:39:52.000Z
30.004018846631276,15.944950688368788,998.0027518841678,1.0375860349034425,2.2729111486496905,4094.6999521311864,-1.785741281946263,1.8898139038938433,0.6025353655868659,0.0,0.0,0.0,0.0,25,500,27989.90994341475,,,,2026-02-02T00:39:53.000Z
30.00311393501078,15.995919312013607,997.9959296395303,1.7270564850430423,0.2062358514344097,4095.8331240604193,-1.0034654257992905,0.9130708059288597,-0.6820218148640513,0.0,0.0,0.0,0.0,25,500,27998.540566499876,,,,2026-02-02T00:39:54.000Z
30.011647330421134,15.839900755532462,998.0079485183549,0.3429386351807819,-0.9028907806498673,4093.100709560603,-1.4824765153636426,0.027010554301906357,1.2053695557844908,0.0,0.0,0.0,0.0,25,500,27976.188084642254,,,,2026-02-02T00:39:55.000Z
30.006687974658654,16.145931081335377,997.992149729998,2.305296206523385,-1.9456557851659142,4094.1562803737493,1.3458750031777167,-1.4084233842060085,2.3464013239933985,0.0,0.0,0.0,0.0,25,500,28000.806672587863,,,,2026-02-02T00:39:56.000Z
30.002100636129573,16.11137417322331,997.9789721108781,-2.434807586993904,-0.07512701873238246,4093.992085255837,0.6184623923882185,-0.4999624972086356,0.6563853008413225,0.0,0.0,0.0,0.0,25,500,27995.92561924864,,,,2026-02-02T00:39:57.000Z
30.002056546659297,16.06521026185672,998.0035479994775,0.9359008442637035,1.139517839408358,4096.4145346587975,0.7859740988654604,0.7110461025453031,1.4928318913651575,0.0,0.0,0.0,0.0,25,500,28008.616750444926,,,,2026-02-02T00:39:58.000Z
30.005382293118306,16.04068061876309,997.9926921616595,-2.3405614127935497,-0.6483537220812825,4096.138688674073,0.5888319515419477,-1.1710410396618163,0.7207272382960683,0.0,0.0,0.0,0.0,25,500,27980.14151466457,,,,2026-02-02T00:39:59.000Z
29.993286264805402,16.15525490651468,998.0010138977813,-2.228162716466175,-4.39500201052406,4094.5565248933253,0.16696762333416318,2.140970296330354,-0.5342620226721879,0.0,0.0,0.0,0.0,25,500,28000.063453098006,,,,2026-02-02T00:40:00.000Z
29.992862005338612,15.919498900868529,998.0032940078984,-1.26186166747558,2.5374277891531407,4096.353641744279,1.460680332129137,0.014416562635548644,0.20015166480742466,0.0,0.0,0.0,0.0,25,500,28015.762242847173,,,,2026-02-02T00:40:01.000Z
30.01425405932373,15.908683844367333,998.0014211616957,-1.8841203671484898,0.38044644368978753,4094.9066398308255,-0.6107626557317373,0.04884839320948488,2.013320946097442,0.0,0.0,0.0,0.0,25,500,28006.75401327951,,,,2026-02-02T00:40:02.000Z
30.0186441366386,16.106151978625643,997.9829100458788,-1.0959916374822756,-0.7592489933536677,4095.456689779348,0.10666965536704488,-0.6666451929579779,-0.5235537426274511,0.0,0.0,0.0,0.0,25,500,28009.80671995688,,,,2026-02-02T00:40:03.000Z
29.9907111754159,16.099431338170813,998.0002628084259,-0.4283006214223775,1.7143167768465768,4099.346904180597,0.7470588278241231,0.49673775677571846,-1.039327298878074,0.0,0.0,0.0,0.0,25,500,28003.3973352263,,,,2026-02-02T00:40:04.000Z
29.993310055675604,15.880650441391085,998.0044460194136,1.674308972662769,3.0492771929655125,4098.680922103581,-1.321209231856129,-1.158001806522232,-1.1341944231152694,0.0,0.0,0.0,0.0,25,500,27983.384659300995,,,,2026-02-02T00:40:05.000Z
30.01142522819504,15.946864011842314,997.9859994073678,-0.6423180774114049,-5.603823138975783,4093.4008375261446,3.096588896142549,2.1648925891014574,-0.21752938383354903,0.0,0.0,0.0,0.0,25,500,28001.665291731024,,,,2026-02-02T00:40:06.000Z
30.005335199931423,16.16890931310774,997.9848082644115,-3.1712514135391854,0.8685272998441431,4097.659464835759,0.028565762777586125,1.3173513046520113,-1.0034720886430621,0.0,0.0,0.0,0.0,25,500,28004.08489360064,,,,2026-02-02T00:40:07.000Z
30.006764281053208,16.04116673282159,997.9893097541415,2.2801356929903207,-2.8532984216206945,4097.622793108983,0.14198945057559273,0.9842964451970457,1.6740194274372373,0.0,0.0,0.0,0.0,25,500,27989.217754558093,,,,2026-02-02T00:40:08.000Z
30.00896601294853,16.078716151801817,998.0074676473876,-1.6741802672300792,0.9982210135978825,4093.703473422495,1.2568780316749217,-1.3904290057898094,0.21635653459128767,0.0,0.0,0.0,0.0,25,500,27998.734461566408,,,,2026-02-02T00:40:09.000Z
29.99759267838256,15.884095345747065,997.9800168425352,-0.11744085420925744,0.2558544047491585,4097.63755528751,0.9149553330102238,0.20541327045775085,0.9717263097605029,0.0,0.0,0.0,0.0,25,500,27970.98929370956,,,,2026-02-02T00:40:10.000Z
30.0032996992499,16.065664452453717,998.0082977385115,0.893073013881423,1.2714530528810999,4099.075863836825,0.03807801939645913,1.2090863980140045,-0.2986653905796983,0.0,0.0,0.0,0.0,25,500,27996.65901824058,,,,2026-02-02T00:40:11.000Z
30.002521921506982,15.858045845422913,998.003920557483,0.3992208368055656,-0.9984952289893104,4093.7549103875112,0.130129438098042,0.5931053993577392,-1.1401971977561183,0.0,0.0,0.0,0.0,25,500,27995.636240571836,,,,2026-02-02T00:40:12.000Z
29.991415083997545,15.802017863439932,997.9974249804947,2.188359095042951,-3.746480223638304,4094.1649943579714,-1.504148530947979,-1.002109104633775,-1.3093939454332773,0.0,0.0,0.0,0.0,25,500,28014.022393556133,,,,2026-02-02T00:40:13.000Z
30.003150909432158,16.072682396018088,997.985193703376,0.9580062867855178,-0.9007363825133362,4098.035322933687,-0.5564657778499762,-0.6500937553086553,-0.9079917421781208,0.0,0.0,0.0,0.0,25,500,27993.967768973715,,,,2026-02-02T00:40:14.000Z
30.012377106961498,16.14344451696345,997.9920353245511,-1.722619159394216,0.8136952702795661,4096.542990621651,0.5172102161589602,-0.4519361380059906,0.34752549402671107,0.0,0.0,0.0,0.0,25,500,27997.336429414045,,,,2026-02-02T00:40:15.000Z
29.996658667611566,15.974621392425083,998.0078190405201,4.357124347983324,2.0307846573504467,4097.102952550479,0.4438928390428866,-0.6034378344886075,0.5198829317679478,0.0,0.0,0.0,0.0,25,500,27999.20771222723,,,,2026-02-02T00:40:16.000Z
30.00152569248741,15.945344931814555,998.0125672520185,0.38866692667646646,-2.3436626009450503,4096.681178432801,1.221165750004087,1.5287788357103074,0.6031960730586848,0.0,0.0,0.0,0.0,25,500,27994.096799760697,,,,2026-02-02T00:40:17.000Z
30.002067089160107,16.171084865624636,997.9896863718236,-0.29468045324301245,2.054120853746035,4096.781391841856,-0.12050105822332462,-1.921013138823256,-1.4886726837818571,0.0,0.0,0.0,0.0,25,500,28007.197914218323,,,,2026-02-02T00:40:18.000Z
29.997153354495648,15.98052166308854,998.0114186351028,1.9278508461111419,-1.2957445792930427,4093.347055743378,-1.3872865134308663,0.6559191396588365,-0.0004091858982701808,0.0,0.0,0.0,0.0,25,500,27980.076079861432,,,,2026-02-02T00:40:19.000Z
30.006769012376942,15.993423127644274,998.006858752327,0.49890189186014444,0.724899763189053,4098.094635413243,1.056730430775678,-1.2923033749284512,-1.0260618308923926,0.0,0.0,0.0,0.0,25,500,28011.36576704144,,,,2026-02-02T00:40:20.000Z
29.99319934368745,16.169395722644033,997.9999316280223,0.7984563858786542,-1.0197879057312655,4098.339179984856,1.436089346182016,-0.9612514874510678,0.40146596758452824,0.0,0.0,0.0,0.0,25,500,27999.88121881684,,,,2026-02-02T00:40:21.000Z
30.01332645518696,15.96464151869718,997.9926214487036,4.984367997201374,0.36434125542420337,4095.541218511864,0.8982445728562294,-2.0097333668687174,0.4790770554974521,0.0,0.0,0.0,0.0,25,500,28013.016471347953,,,,2026-02-02T00:40:22.000Z
30.00626205561632,15.934597239065514,997.9941860997872,-0.5502428565100933,1.7837552691405492,4095.9130461003724,-0.1636336708574914,-0.5490544311588659,-1.1721730470264382,0.0,0.0,0.0,0.0,25,500,27972.527678578856,,,,2026-02-02T00:40:23.000Z
29.99063231399327,16.08155082241371,998.0182292261616,-0.6355217880347916,-2.4540281545770717,4092.9377849948887,1.044386051876579,1.5107316515392135,0.9680296071963479,0.0,0.0,0.0,0.0,25,500,27975.63770679389,,,,2026-02-02T00:40:24.000Z
30.01698009684886,15.928814384562088,998.0017844181422,0.2331570240249276,-1.3598117934936629,4097.028509512035,3.4289104780082136,0.264824242464778,2.3388229415282447,0.0,0.0,0.0,0.0,25,500,27997.080214404144,,,,2026-02-02T00:40:25.000Z
30.001681014612615,15.985539846187782,998.0132986834201,2.1430318711620773,0.36992517468417324,4097.144114883428,0.11515231444047566,-1.198361546999097,0.8348357375846623,0.0,0.0,0.0,0.0,25,500,28005.059153880007,,,,2026-02-02T00:40:26.000Z
29.992770524827648,15.86808413982878,998.0024155798329,-3.013068060380798,4.8031673220607045,4095.8756179660013,-1.3117366922451246,1.0171476743793124,-0.16283403955110465,0.0,0.0,0.0,0.0,25,500,27994.45067283997,,,,2026-02-02T00:40:27.000Z
30.01104554524991,16.01853970883765,997.995473020744,-3.9311117829530104,-1.726379424333656,4098.248706719741,-0.586285049552152,1.2313042635686857,-0.3165457032097422,0.0,0.0,0.0,0.0,25,500,28005.838458300826,,,,2026-02-02T00:40:28.000Z
30.00494671519448,16.006809748720308,998.0058409018044,-1.1742305412402951,4.080267771993838,4095.33184553804,0.6254760003040509,0.10404648103908559,-0.20906398167250848,0.0,0.0,0.0,0.0,25,500,28009.813097574428,,,,2026-02-02T00:40:29.000Z
29.98228040295766,16.096802027472314,998.0215783507208,-3.2678459181185744,4.008846607350342,4097.129211851787,-1.6048043108980627,2.0347491581525903,-0.7607338467770106,0.0,0.0,0.0,0.0,25,500,28006.659995470214,,,,2026-02-02T00:40:30.000Z
29.994743396827563,16.085725653666174,997.9935588333951,-0.8496626950512769,-0.19462230140318232,4093.960671322616,0.16940307491206952,0.8215641246246144,0.2523982066520493,0.0,0.0,0.0,0.0,25,500,28001.0326850438,,,,2026-02-02T00:40:31.000Z
30.002790973372214,16.055151800846957,998.0091386890344,1.0049993922585805,-0.5963050523998006,4095.9528956982517,0.3803366503158828,0.6826525072925881,-1.1384625911543043,0.0,0.0,0.0,0.0,25,500,28000.95602849654,,,,2026-02-02T00:40:32.000Z
29.978404333223573,16.0394255692781,998.0019050898229,-1.7814977271045271,-1.3841303973293835,4095.651291484194,1.535121739812652,-0.8033787071662901,-1.8896977865979003,0.0,0.0,0.0,0.0,25,500,27993.852049136116,,,,2026-02-02T00:40:33.000Z
30.000850700853874,15.992674588624766,997.9855048198363,-2.853653153562685,-0.1364050606653382,4096.450615844082,1.3101948560543004,0.6273984856213408,0.21960168181354867,0.0,0.0,0.0,0.0,25,500,27999.44625675796,,,,2026-02-02T00:40:34.000Z
30.001579793727053,16.060955596899582,997.9852812615716,0.13867432343069594,-2.813438865119116,4095.260946142333,0.864584791751771,0.2167912776044933,0.02123306577582116,0.0,0.0,0.0,0.0,25,500,27989.757691127652,,,,2026-02-02T00:40:35.000Z
29.98816508117624,15.888766782633102,997.9954801625306,1.7250869692303406,-0.1524780346411952,4095.7370548086565,-2.1626790105145295,0.5198290026710267,-0.5711700164371942,0.0,0.0,0.0,0.0,25,500,27992.15270532639,,,,2026-02-02T00:40:36.000Z
30.0027064488626,15.765103392814568,998.0034748858415,-3.3899468770332253,2.9937605477017124,4097.652094342883,0.9210531280479252,-0.6845856191413306,-1.2826966226103667,0.0,0.0,0.0,0.0,25,500,28005.143641995466,,,,2026-02-02T00:40:37.000Z
30.00007463839125,16.11619176712129,998.0087837296969,1.6404647966119683,-1.2221701249534354,4095.1264715255234,0.7055133860602464,0.12809888435898667,0.2897440269140348,0.0,0.0,0.0,0.0,25,500,27995.371188684687,,,,2026-02-02T00:40:38.000Z
29.98808705894115,16.067416046224793,997.9842908694602,1.6346124074766524,-0.4814486079781015,4092.786845798523,0.2559443770783465,-0.8168615002149581,-0.9901750385704507,0.0,0.0,0.0,0.0,25,500,27992.624381058307,,,,2026-02-02T00:40:39.000Z
30.00919560546863,15.987301356572008,998.0065269752016,1.908170204313256,-3.4022809485344836,4099.499167808411,-1.7302221261454855,-2.147132099966032,-0.13894435086533452,0.0,0.0,0.0,0.0,25,500,28004.49231013185,,,,2026-02-02T00:40:40.000Z
30.008378537947678,16.1074558608446,997.9988161974447,2.436960429743373,0.748124176262087,4098.762908157381,-0.7767739091870604,0.9983045685783835,1.7649718541264443,0.0,0.0,0.0,0.0,25,500,28003.798996569305,,,,2026-02-02T00:40:41.000Z
29.997102629131476,15.926850258305347,998.0000331378153,4.404027849319232,0.5289633699027478,4093.415474609789,-1.1668227695340663,-1.5023889816895173,0.6511897695753841,0.0,0.0,0.0,0.0,25,500,27997.847004145515,,,,2026-02-02T00:40:42.000Z
29.99801418676608,15.929450746791685,998.0058861184604,-0.7121840972381104,0.1274047195315418,4097.3794156104905,-2.0150084395070906,0.10718646478241609,-1.3691326623816966,0.0,0.0,0.0,0.0,25,500,27998.510645692782,,,,2026-02-02T00:40:43.000Z
30.007262639375952,15.915586227630584,998.0174610532011,0.21914316015571622,-0.43365410044428676,4094.994050458897,-0.002915151414794514,0.3330021294490398,-1.2748515710123025,0.0,0.0,0.0,0.0,25,500,28004.1594788988,,,,2026-02-02T00:40:44.000Z
29.99799336856888,16.05676219751159,998.0030364180041,-0.8328768664960511,-0.5855158375449094,4096.526974430662,-0.7978221214427796,0.32656301586305486,0.15181909274375874,0.0,0.0,0.0,0.0,25,500,28009.68957116384,,,,2026-02-02T00:40:45.000Z
29.9806909179948,15.841704192278526,997.9864326301729,0.003953689511621551,1.0038004674013439,4096.588448258027,2.6253055802689116,-0.2830790735982502,-1.375320682059021,0.0,0.0,0.0,0.0,25,500,28002.010856591536,,,,2026-02-02T00:40:46.000Z
30.004869365574,15.923303839321797,997.9981290748707,3.0657467112726238,-0.05763320317724662,4095.5311843993672,-0.16877193943790955,0.2712114752799734,-2.0017254812342866,0.0,0.0,0.0,0.0,25,500,27988.07966089623,,,,2026-02-02T00:40:47.000Z
29.991867406792615,16.028971502323614,998.0085213402315,-2.6900289678613376,0.6299437431106644,4094.4324686688274,1.2937531558659603,0.4709670697851621,0.5323720112967234,0.0,0.0,0.0,0.0,25,500,27997.785725072365,,,,2026-02-02T00:40:48.000Z
29.996101569455824,15.879584892407738,998.0088504339692,-1.722099344331151,0.4299656349090959,4094.6189178953673,-1.5690990246932246,0.7349648157519848,0.3209357543208677,0.0,0.0,0.0,0.0,25,500,27995.928501622067,,,,2026-02-02T00:40:49.000Z
30.014578705679515,15.933968959433882,998.006658243741,2.7543618730091226,2.2468545741915236,4094.1676161690375,-0.5300895860048698,1.733441339384263,0.4505983312791324,0.0,0.0,0.0,0.0,25,500,27989.470138936256,,,,2026-02-02T00:40:50.000Z
29.99866021525991,15.778843242288543,997.9948996884466,2.0400730138041796,1.3539881947501085,4094.336355583539,0.09689787603431459,0.23419415149820536,0.26303518181790386,0.0,0.0,0.0,0.0,25,500,28004.97932765602,,,,2026-02-02T00:40:51.000Z
30.00001734935874,16.060580664940154,997.9863217470238,-0.726263293634156,0.3857236863003813,4095.8656434199015,-0.9081539486076704,0.06404884501770187,-0.0653107116723949,0.0,0.0,0.0,0.0,25,500,28005.74852579395,,,,2026-02-02T00:40:52.000Z
30.005096672754636,15.931216480665773,998.0058950775582,1.7088040022414397,3.0368440613043597,4094.5684800217787,-0.4222006848047443,-0.9067289653500941,-0.6621885476766607,0.0,0.0,0.0,0.0,25,500,28007.262084217058,,,,2026-02-02T00:40:53.000Z
30.00505333943874,15.890071874985885,997.987857631404,0.6824316849840665,0.840537058113123,4097.364104131425,-0.21795090624353872,0.435946323899337,0.5161349660879432,0.0,0.0,0.0,0.0,25,500,27990.09087045918,,,,2026-02-02T00:40:54.000Z
29.990808022326224,15.870497727404143,998.0069301101643,3.000549218001976,2.6099253775808378,4098.974492310672,-0.23390798544489444,0.6673831031405686,1.5298834884051506,0.0,0.0,0.0,0.0,25,500,28001.574509370792,,,,2026-02-02T00:40:55.000Z
29.999397014844657,15.95817864877949,998.006932893587,0.14901918765354524,1.2138852167732757,4094.83989351726,1.8551185730353463,-0.1923031842816272,-0.501229007443454,0.0,0.0,0.0,0.0,25,500,27999.937247671558,,,,2026-02-02T00:40:56.000Z
30.00036152527926,15.841984441310856,997.9953230706327,2.0512642277451647,-3.683838157863086,4096.478809001071,0.37822628543151016,0.5446125041840371,-1.0207402102082985,0.0,0.0,0.0,0.0,25,500,28003.074030933418,,,,2026-02-02T00:40:57.000Z
30.00272026896629,16.194237967714866,997.9988753671001,5.28402382098524,2.609669526638659,4096.999370220606,0.4795105629413033,-0.2925161935493418,-1.135119419411239,0.0,0.0,0.0,0.0,25,500,28001.29726491498,,,,2026-02-02T00:40:58.000Z
30.002892219409166,15.761525538283102,998.0019867786712,1.1961983100949325,0.2703524826853382,4096.944004541839,0.5396547743450705,0.6709926520889239,-0.8667302333337176,0.0,0.0,0.0,0.0,25,500,27999.874540550838,,,,2026-02-02T00:40:59.000Z
30.025874412287774,15.95493808502135,997.9938518532667,0.09865633158968724,-0.1039095418015559,4096.151910535832,0.6126263773371126,0.9126023140297436,0.20259852447607388,0.0,0.0,0.0,0.0,25,500,27998.672762405255,,,,2026-02-02T00:41:00.000Z
29.98824140229413,16.010690692929124,997.9861831996589,1.4448939704419588,0.5626966949791541,4097.48536483672,-0.08288698387486536,0.8986278667304854,-2.13962756355356,0.0,0.0,0.0,0.0,25,500,28011.068406100254,,,,2026-02-02T00:41:01.000Z
30.00980091620198,15.922462099586344,997.9996078072295,-0.7305617164077698,-0.6899663239141348,4096.964497905361,-0.3207463714788462,0.11784432614130065,0.43917042443232585,0.0,0.0,0.0,0.0,25,500,27991.381859924808,,,,2026-02-02T00:41:02.000Z
30.01183375805833,16.02121317372931,998.0006503261048,4.775935411049464,0.4540577207778906,4093.5246751553454,0.16681605951827747,-1.0399681516170514,0.643913010296156,0.0,0.0,0.0,0.0,25,500,27998.26829129235,,,,2026-02-02T00:41:03.000Z
30.004927839739235,15.920039842505384,998.0136104736365,0.36014207539196297,-1.1837521326861848,4097.7383121287785,1.1568039489134727,-0.6119130526418207,-1.79807835994288,0.0,0.0,0.0,0.0,25,500,28010.81370666806,,,,2026-02-02T00:41:04.000Z
29.99349684605127,16.153009446367314,997.9921800792837,-0.5458666404510257,2.54854451746874,4097.774581674534,1.1262381884363837,0.5951573238847284,-0.9791804362775993,0.0,0.0,0.0,0.0,25,500,27991.889440759685,,,,2026-02-02T00:41:05.000Z
30.016646680302678,15.888112298589022,998.0106849617379,-1.6713780100400724,-0.2271762272421006,4094.4734277916427,-0.24039847568841113,2.448812305740227,0.07968097984541386,0.0,0.0,0.0,0.0,25,500,27992.39912072256,,,,2026-02-02T00:41:06.000Z
29.978080171352598,15.764877605865168,997.9885293052107,2.1944403832128767,-0.765167685444867,4096.075875670896,0.7678436946681114,-0.34072077153208186,-0.14346973030439783,0.0,0.0,0.0,0.0,25,500,28007.339409444518,,,,2026-02-02T00:41:07.000Z
29.99316733302782,15.870150014954667,997.986553978003,1.7343748256554776,-1.8498516314385478,4097.366657985622,-0.19458466303966782,0.45583767838814,0.5196374682685905,0.0,0.0,0.0,0.0,25,500,27985.760861593528,,,,2026-02-02T00:41:08.000Z
30.01171682197223,16.03864947748137,997.9969913755529,-0.9947087428281864,0.537551578297283,4095.581372360841,0.033870549435244236,-0.5560525574794034,-0.14113682151636595,0.0,0.0,0.0,0.0,25,500,28006.606311230265,,,,2026-02-02T00:41:09.000Z
29.996298883965775,15.988207562045114,997.9905909098939,1.1529026902448454,0.3742142002501838,4098.145956095532,-0.4735233815541974,-0.9739670442491007,1.2647695267749652,0.0,0.0,0.0,0.0,25,500,27995.10365420753,,,,2026-02-02T00:41:10.000Z
30.015964645248,16.07521329079821,997.9864138419263,-3.017111936425713,0.7768492273550128,4100.727744989239,-0.1816451389062335,-0.6763158635773625,-0.321169399043682,0.0,0.0,0.0,0.0,25,500,28004.100006155204,,,,2026-02-02T00:41:11.000Z
29.984881952553216,16.050174461671098,998.0194433031581,0.3699411501463125,-2.0545037750102577,4094.42802793473,1.3413300695496801,-2.0824719767026716,-0.9830329867197537,0.0,0.0,0.0,0.0,25,500,27987.792654329445,,,,2026-02-02T00:41:12.000Z
29.98887898106052,15.93637196502748,997.9954835236365,0.905512704153389,-3.202362397623146,4093.2379107936927,0.09242114733923629,1.3534350629077507,-1.0634418662617564,0.0,0.0,0.0,0.0,25,500,28011.850762665585,,,,2026-02-02T00:41:13.000Z
29.99468361829873,15.951091650620445,998.0231130358676,3.4146596191184457,1.2511826050131196,4096.6076371912095,0.1352825085523179,-2.2301302529146136,0.735468509281689,0.0,0.0,0.0,0.0,25,500,27987.827613501104,,,,2026-02-02T00:41:14.000Z
30.004173992775364,15.961467122434678,997.9900526620111,-1.5416376054573788,2.969283723753015,4097.4431250102525,-1.4472177792579584,-0.2638282304006328,0.029621141956916314,0.0,0.0,0.0,0.0,25,500,28007.249503535466,,,,2026-02-02T00:41:15.000Z
29.9977797984962,16.188434608349667,997.9829145343336,-2.5567052576046487,-2.0527072447797923,4095.5382672523106,-0.30924390763272963,-1.1781278953500545,0.6337159007251949,0.0,0.0,0.0,0.0,25,500,27988.245376162242,,,,2026-02-02T00:41:16.000Z
29.995096007474377,16.069082231468737,998.0129128971893,-1.7908559218500835,3.178882567123397,4098.906521326642,-0.2413149037447287,-0.8843802153622045,0.6131224992291844,0.0,0.0,0.0,0.0,25,500,28018.08300871089,,,,2026-02-02T00:41:17.000Z
30.014203964310987,16.18916868991785,997.9927334336774,-2.67313700062984,0.5678221174727618,4093.3227884005537,-0.8291434854434051,1.376522659738668,-2.0198498527638407,0.0,0.0,0.0,0.0,25,500,27999.286182181448,,,,2026-02-02T00:41:18.000Z
30.01513444975389,16.08407793723418,998.001388657982,2.673314715517966,-0.01412580910165943,4097.385837246064,0.02166541170356352,0.201066990031392,-1.1400826010234435,0.0,0.0,0.0,0.0,25,500,28019.50857094997,,,,2026-02-02T00:41:19.000Z
29.995856202342924,15.993641660507844,997.9864436651499,3.0972785900480733,-0.795097393091556,4094.7882783584823,-0.4291822902276543,-0.9653961591817005,-1.0206250405038206,0.0,0.0,0.0,0.0,25,500,27991.811125125892,,,,2026-02-02T00:41:20.000Z
29.982902321926705,15.898063851301433,997.9996188685807,0.6404331558976578,-2.7690360388499933,4099.4387558124145,0.07999585524358216,-0.5895171324965108,-0.8160641884917624,0.0,0.0,0.0,0.0,25,500,27995.573493039512,,,,2026-02-02T00:41:21.000Z
29.978425161708127,16.020151967114874,997.9862837393015,2.442589891370296,1.9754570318491993,4099.985030706336,0.12150300981893442,-0.7654812204420857,-0.42035532657652597,0.0,0.0,0.0,0.0,25,500,28012.10719203732,,,,2026-02-02T00:41:22.000Z
30.002392901147804,15.993913082778377,997.9992609260229,0.26791676116047064,-1.5512127228752062,4094.4666868244335,-0.9557543578226444,-0.043545672078880604,0.9991495946171859,0.0,0.0,0.0,0.0,25,500,27985.73803978225,,,,2026-02-02T00:41:23.000Z
30.00655955622219,15.990635271466179,997.9952606746051,-0.19022329540153202,-1.5596133514752006,4094.900885728183,-0.3987017824831894,0.17289168478769248,1.1984823523838992,0.0,0.0,0.0,0.0,25,500,27993.0073334413,,,,2026-02-02T00:41:24.000Z
30.000629977855784,15.979090092310075,998.0023026773039,-0.6660752381075233,1.9838526197739093,4097.719175773959,0.07737428276083357,1.89557477322856,-0.29289083020299683,0.0,0.0,0.0,0.0,25,500,28004.950684296895,,,,2026-02-02T00:41:25.000Z
29.99929091892919,15.794753729242379,998.0062569137111,-0.620781982755131,-3.765966893343453,4095.225738700421,1.1842994311567254,-1.916300765997707,-0.25128086132474453,0.0,0.0,0.0,0.0,25,500,27989.812194233036,,,,2026-02-02T00:41:26.000Z
29.99195457385306,16.126083981653466,998.002410799992,-3.0956031126180625,-3.0471956213363334,4095.9091775641355,0.2567191727957405,-0.034812314757952455,-0.7054337240572864,0.0,0.0,0.0,0.0,25,500,28005.21817422019,,,,2026-02-02T00:41:27.000Z
30.006549797939137,15.994954651078269,998.0045104654216,0.5285095272146781,-0.03626848701616354,4096.050776841084,-0.6619351799174277,-0.31556769253452216,0.08918769723854421,0.0,0.0,0.0,0.0,25,500,28001.704043850215,,,,2026-02-02T00:41:28.000Z
30.016781853788988,15.858574688397136,997.998909673246,-0.08066782042808751,0.5865688580097042,4092.1606536876047,0.3990047592438523,0.9465485277167823,0.20252088273393662,0.0,0.0,0.0,0.0,25,500,27984.863543762578,,,,2026-02-02T00:41:29.000Z
29.977831223226644,16.048176270907366,997.9956468129843,1.4907214481557516,0.9694692959378477,4095.9723245078117,1.7075488893217605,0.3548181181783934,0.8064755550022653,0.0,0.0,0.0,0.0,25,500,28009.677687879834,,,,2026-02-02T00:41:30.000Z
29.999224988112122,15.914416383139347,998.0047011868279,0.1870469928772194,-0.6035969867925056,4094.620544451872,0.9167064725890186,0.5903622081149456,0.7984387259825529,0.0,0.0,0.0,0.0,25,500,27987.375669068053,,,,2026-02-02T00:41:31.000Z
29.990296516505865,16.056214062297077,997.9988855218412,-0.32540740313818356,5.060739337283379,4095.0137543552005,0.5475265304356202,0.34508618601508256,-2.3021180510690513,0.0,0.0,0.0,0.0,25,500,28007.71279096973,,,,2026-02-02T00:41:32.000Z
29.985095340059463,16.088165646051245,997.9992669021789,-1.7423860600152614,-0.45578511753166817,4098.887264006938,0.7255901754823215,-0.9319911252835396,-0.15254494763711807,0.0,0.0,0.0,0.0,25,500,28001.284753982443,,,,2026-02-02T00:41:33.000Z
29.988700241292158,16.10196364906693,998.0039774496545,0.14430647364352264,-0.46157230420544426,4093.4869862114415,1.4399540414286307,1.211265496493013,1.3841000308901037,0.0,0.0,0.0,0.0,25,500,27995.449875352944,,,,2026-02-02T00:41:34.000Z
30.003796728556843,15.983908327334518,997.9896678440198,1.476474461632324,-1.593973337627755,4097.626410373496,1.07562679401766,0.7985049046156689,-0.4381149273049169,0.0,0.0,0.0,0.0,25,500,27988.94597475039,,,,2026-02-02T00:41:35.000Z
30.004049621975913,15.958622227198148,998.0142961109409,-2.2866779821677214,0.24781363304214216,4095.4420741393365,0.5667603811176578,0.915529791724743,1.1392418183632884,0.0,0.0,0.0,0.0,25,500,28003.292693254083,,,,2026-02-02T00:41:36.000Z
30.014602877611747,15.937446163973533,997.9975064341944,0.1749475073614785,1.2299224640935493,4095.4404796630083,1.0686422195900849,1.2640501705071647,-0.3064518000111888,0.0,0.0,0.0,0.0,25,500,27991.274752065226,,,,2026-02-02T00:41:37.000Z
30.000087815471456,15.92774439115395,998.0012418161597,0.46608590305896785,2.40715610906692,4097.580743792103,-1.0816510962640609,0.4176751006519598,0.17492346744196388,0.0,0.0,0.0,0.0,25,500,28012.079534760527,,,,2026-02-02T00:41:38.000Z
29.982417783701305,15.998276993578909,997.9995548055207,-1.4361295672365286,-2.978568528880436,4096.680102589138,-1.502265252340281,1.4809924041174929,-1.136890692399149,0.0,0.0,0.0,0.0,25,500,28012.444506093034,,,,2026-02-02T00:41:39.000Z
29.99761830457624,15.979065693760827,998.006527431539,-1.1757126098160005,-0.4919906767114016,4097.141225994439,0.15709865064383013,0.3776395717866411,-1.0992485575665147,0.0,0.0,0.0,0.0,25,500,28016.42034020986,,,,2026-02-02T00:41:40.000Z
29.98613620927784,15.917469618417783,998.0033918167097,0.46122169753242886,0.8934072216182883,4097.936369321065,0.06868070965053837,-0.21905858802460865,0.7254915722630145,0.0,0.0,0.0,0.0,25,500,28002.808974370753,,,,2026-02-02T00:41:41.000Z
29.98793204113578,15.88562152461971,997.9995007605313,-2.266842036585246,1.1741150691890712,4095.3373832336333,-0.5439100535132576,-0.006603910483364725,0.8818182802006649,0.0,0.0,0.0,0.0,25,500,27995.956901945017,,,,2026-02-02T00:41:42.000Z
30.005805590584064,15.989124390774142,998.0144875411613,0.6998474304987851,0.013097315609078551,4094.7755265309843,0.8258526698277096,-0.023843768136116463,0.026428906200492753,0.0,0.0,0.0,0.0,25,500,27997.030974193294,,,,2026-02-02T00:41:43.000Z
30.001941809055943,15.956580238205618,997.967966543908,-1.7907087473184,1.0848479390642036,4093.8296989468845,-1.862863586451236,-0.519391322090543,-1.2275242426383912,0.0,0.0,0.0,0.0,25,500,27996.29912417198,,,,2026-02-02T00:41:44.000Z
30.005875655954352,15.885863302671813,998.0124267438047,2.125707386066433,-1.6179277858516008,4094.3491789400423,-0.5347722560578038,1.6318888483702207,0.04380455660721462,0.0,0.0,0.0,0.0,25,500,28002.48005538329,,,,2026-02-02T00:41:45.000Z
29.996425071527284,16.083057101342142,998.0092021540519,4.6756554907766,3.1158108646367135,4101.898188850618,-0.48495554487761494,0.29629536550366764,1.2572349606742776,0.0,0.0,0.0,0.0,25,500,28004.366072555888,,,,2026-02-02T00:41:46.000Z
30.007905295634252,16.177209275082525,997.981641833672,-1.7215136034036393,1.985256205958859,4098.489359161474,-1.6363017850994594,0.09473847583290661,1.7428664700517604,0.0,0.0,0.0,0.0,25,500,28012.315643660168,,,,2026-02-02T00:41:47.000Z
29.9958659710171,16.096258821398422,998.0092928321772,1.0684157247493493,-2.6898555741303447,4093.297851267584,1.494731007269304,0.38827425492643364,-0.31670793232591443,0.0,0.0,0.0,0.0,25,500,28000.20123415596,,,,2026-02-02T00:41:48.000Z
30.011166828327422,15.927981198832395,998.0105846744556,-1.4534838097640386,-2.150206096233511,4093.3550840865128,-1.359201268663323,2.979854516737147,-1.6598678502577902,0.0,0.0,0.0,0.0,25,500,27985.967726694664,,,,2026-02-02T00:41:49.000Z
30.003446389394714,15.994977031541007,998.0056176348988,2.081908347595579,-2.0938435002138123,4096.963732123437,-0.5883400573076859,-1.1317241885996594,0.8403635995547787,0.0,0.0,0.0,0.0,25,500,27995.925790735382,,,,2026-02-02T00:41:50.000Z
29.997930031295155,16.154042895168747,997.9844091255632,-2.53051681817043,1.3559399417930569,4097.094529594756,0.9079797578051338,-0.8450385117162756,-0.27596309645500083,0.0,0.0,0.0,0.0,25,500,28015.558517800564,,,,2026-02-02T00:41:51.000Z
30.002120930441762,15.88263003572225,998.0068265271757,0.9611735168554253,-2.5694555328349344,4097.097767670634,0.6460453434287315,-1.3805710174469963,0.9430406415610397,0.0,0.0,0.0,0.0,25,500,27984.43421429528,,,,2026-02-02T00:41:52.000Z
29.99982139299025,16.078259512668524,998.01007196856,-1.7459779337787054,-0.6620486684161612,4095.4900884128924,-1.1081746964847465,-0.23259923843548608,0.28107222501761947,0.0,0.0,0.0,0.0,25,500,28007.391499604015,,,,2026-02-02T00:41:53.000Z
30.015961065153128,15.855191679185602,997.9942779350522,-0.4139691781967375,0.9094087928335488,4095.749091479994,0.6824892092606365,0.24551844332736034,-0.88344410576185,0.0,0.0,0.0,0.0,25,500,27996.094268864166,,,,2026-02-02T00:41:54.000Z
30.00245437622579,16.168403762743132,998.0044113385599,-2.062050550294614,-0.13233186909286945,4096.655759048319,0.2897844786582218,-0.46532251834107735,0.05824436065938095,0.0,0.0,0.0,0.0,25,500,27991.165356896006,,,,2026-02-02T00:41:55.000Z
29.999983873276054,15.956968547524902,997.9964679210448,1.6447009417915073,0.5177750314254116,4096.171786012586,2.3330355621114673,-0.53972679815177,1.3083383670543278,0.0,0.0,0.0,0.0,25,500,28003.956110491123,,,,2026-02-02T00:41:56.000Z
29.99761509142949,16.22290437245238,998.0088537699052,-1.673960708879174,-2.1316054226975165,4091.561399254505,0.40394041606830444,0.14240486662813231,-0.14915398896724377,0.0,0.0,0.0,0.0,25,500,28015.609530256228,,,,2026-02-02T00:41:57.000Z
30.00843184219245,16.172806379864184,997.9968649331478,1.1039285186636552,1.1897087467944893,4095.5404007388497,-0.14124182106853178,-0.5021078248296975,-1.0348051634453777,0.0,0.0,0.0,0.0,25,500,28003.40444176783,,,,2026-02-02T00:41:58.000Z
30.007079133390533,15.989356949041861,997.9941988253715,-0.6881960565246659,-1.226423784951993,4094.2971871314794,-0.8565019571194227,0.31017582718283815,-1.5886441685966566,0.0,0.0,0.0,0.0,25,500,27997.374557899588,,,,2026-02-02T00:41:59.000Z
29.997261583696872,15.928059462688958,997.9996070345733,-0.22894474359772587,-0.6492393487958825,4096.350422837817,-0.7442433669555713,1.1142343467426044,-0.7721646868646517,0.0,0.0,0.0,0.0,25,500,27987.039507603935,,,,2026-02-02T00:42:00.000Z
29.988443584853773,16.01947754718909,997.9865834787952,0.29551181480025707,0.47546345581197225,4101.970518005207,-0.8257690954681581,0.6770304698008064,-0.410136261770982,0.0,0.0,0.0,0.0,25,500,27999.011508388972,,,,2026-02-02T00:42:01.000Z
29.990980318616216,15.981984103335344,997.9986141801677,-1.5236493433176974,0.20615644306169634,4096.734963330949,1.371098813911922,0.8810133471652023,0.819999135917259,0.0,0.0,0.0,0.0,25,500,27986.678501797105,,,,2026-02-02T00:42:02.000Z
29.99815837460458,15.95984330364144,998.0036209273736,0.4207342270817738,0.047960038031185925,4095.372940627655,0.017969915016470623,1.0859184115067195,-1.1208492678116218,0.0,0.0,0.0,0.0,25,500,27996.9007577858,,,,2026-02-02T00:42:03.000Z
30.01348927506119,15.83418867454217,998.0086995926937,3.060669128708822,-1.5012536439535114,4097.843603003955,0.56524712397473,0.2828281601187029,1.5537518857296357,0.0,0.0,0.0,0.0,25,500,27999.369423516084,,,,2026-02-02T00:42:04.000Z
29.99749823370753,15.948544641634541,998.0024895673864,-1.5561895716654286,-0.5990988223983843,4096.965375774418,1.514247599980887,-0.15864102604310112,-1.3371522108411915,0.0,0.0,0.0,0.0,25,500,27976.394585092894,,,,2026-02-02T00:42:05.000Z
29.994058763900345,15.888952087824377,997.9856739836291,2.3436202865476896,0.004367181674071891,4096.840188980904,-2.358464142207465,-0.7722530708831956,2.331486092556837,0.0,0.0,0.0,0.0,25,500,28013.88322204588,,,,2026-02-02T00:42:06.000Z
29.982392806867512,16.055164770642524,998.0135227113823,2.9961952669755685,-2.7501704663341697,4097.2137011864315,1.278873764700375,-0.391178163635721,1.725518556754471,0.0,0.0,0.0,0.0,25,500,27987.614785268797,,,,2026-02-02T00:42:07.000Z
30.015135414356024,16.099107131659743,998.0143615850637,-1.632309978056088,-0.9250659326267576,4100.113087129659,0.05539691178333415,-0.5236855326768944,0.14116624938799208,0.0,0.0,0.0,0.0,25,500,27998.140407988292,,,,2026-02-02T00:42:08.000Z
30.005690281459813,16.07406840039236,998.0011256725527,-2.910109210181104,0.7753597580656929,4093.738223129348,0.43504837164044435,0.7316723266209116,-1.6476935347695922,0.0,0.0,0.0,0.0,25,500,28005.338332458126,,,,2026-02-02T00:42:09.000Z
30.007960099700057,16.03423750896275,997.9924805837885,0.6039218003435294,-2.5548732076906853,4096.947264153623,-0.8284032217482512,0.34678255459419616,-0.055424061982421884,0.0,0.0,0.0,0.0,25,500,28013.085497181793,,,,2026-02-02T00:42:10.000Z
30.009616880519292,15.91470929328591,997.9946838206354,-1.094815045533746,2.3131633031884795,4094.147237740037,-0.7551243984485184,0.6967578627143014,-0.3868409579865057,0.0,0.0,0.0,0.0,25,500,27992.07846993627,,,,2026-02-02T00:42:11.000Z
29.99835269771241,16.02054007726019,997.9979647760229,3.737206438326005,2.5392265251996857,4097.111025292685,0.4888458898129879,-1.1603368561001515,-1.274287223050924,0.0,0.0,0.0,0.0,25,500,27974.90814739027,,,,2026-02-02T00:42:12.000Z
30.000845906337474,16.079276514364437,998.002786684562,0.0696150809996644,-2.490301151920171,4094.1626269770277,2.3845978003314694,1.431749484241079,0.2910096272474423,0.0,0.0,0.0,0.0,25,500,28010.786637160112,,,,2026-02-02T00:42:13.000Z
30.01488601941952,15.941376442560028,997.9969551471848,-1.6043988160703584,2.7152392661002787,4095.16526637279,1.0033133128149014,-0.4269803715067624,-0.8236431298556439,0.0,0.0,0.0,0.0,25,500,27987.505051135737,,,,2026-02-02T00:42:14.000Z
30.001795808893192,16.0118986421395,997.991416124661,-2.294319022023423,-0.2871631774242688,4095.409820171524,1.2655229214185404,-1.1000166420746627,-0.7149058470495814,0.0,0.0,0.0,0.0,25,500,28003.59443243584,,,,2026-02-02T00:42:15.000Z
30.00587525290064,15.985453841073008,998.0102300988422,2.1798099181816606,0.8370291183141096,4097.951633438689,-0.19200127026141986,-0.43921776482181274,-0.20367863457235547,0.0,0.0,0.0,0.0,25,500,28004.215897001355,,,,2026-02-02T00:42:16.000Z
30.008705507172007,16.166236666961048,998.0025728588807,-1.142367948168373,-0.9933021042564933,4097.836908887884,-0.6002042245856282,2.483765992587508,-0.5749088287057034,0.0,0.0,0.0,0.0,25,500,27967.479705673286,,,,2026-02-02T00:42:17.000Z
30.006429313324226,16.08515481352645,997.9894762797757,0.08765759892085652,1.8460896544535237,4093.508565247107,-0.7808049515789934,-0.38771686649156756,2.078156617110029,0.0,0.0,0.0,0.0,25,500,27983.851632284557,,,,2026-02-02T00:42:18.000Z
29.998718308297335,16.06091596117484,998.0029131045628,1.9116054902249617,0.8121880376973342,4096.109868222,-0.488273724696688,-0.32509647147092546,-0.5357146329995497,0.0,0.0,0.0,0.0,25,500,27995.39188793283,,,,2026-02-02T00:42:19.000Z
29.99966116157186,15.828330626603456,998.0016187082878,-0.9685167038616604,-1.628306513195207,4094.580840290502,-2.0527824331705253,-0.1921046806296761,0.44088101139447555,0.0,0.0,0.0,0.0,25,500,27974.158720810607,,,,2026-02-02T00:42:20.000Z
30.007776404379758,16.01728373267676,997.9928194708806,-0.09185765748032128,-2.330403999930577,4093.4829901786493,-0.7249193428916019,-0.1486203834314553,0.1455224922103618,0.0,0.0,0.0,0.0,25,500,27986.619487237425,,,,2026-02-02T00:42:21.000Z
30.007760028599346,15.984498657107544,998.0119504975961,-0.03313681964504015,-2.9206048704184453,4095.5659658991513,-0.5603531560598431,-0.7814760658012543,0.352750225258872,0.0,0.0,0.0,0.0,25,500,28001.228785601266,,,,2026-02-02T00:42:22.000Z
30.011682325990193,15.983634288943012,998.0013488920642,1.3666490230321837,0.3758835528655129,4095.3830344230882,-0.17535817439484103,0.1432130832061304,0.429088403610932,0.0,0.0,0.0,0.0,25,500,27999.115163479088,,,,2026-02-02T00:42:23.000Z
30.005510969833097,15.843658652725836,997.9978337835792,1.1814886710206516,1.1449428235594716,4100.853432972691,0.13175010974729173,1.0755949081983303,0.8813614866061223,0.0,0.0,0.0,0.0,25,500,28003.02654430644,,,,2026-02-02T00:42:24.000Z
30.00596605613592,15.891223137770243,997.9991651825193,-0.44022746250965705,1.301931357558883,4096.8659196507215,0.3624508686256106,0.3142893154787071,0.2664460756186423,0.0,0.0,0.0,0.0,25,500,28004.492209787288,,,,2026-02-02T00:42:25.000Z
29.995537666332154,15.99319825120942,998.0044391679586,0.12729812299303542,-0.23596218921475567,4093.2447649984915,-0.014925372442960091,-1.1111652988999856,0.22489579488632003,0.0,0.0,0.0,0.0,25,500,27983.181704330204,,,,2026-02-02T00:42:26.000Z
29.99418850488928,16.111435577819044,997.9992781658547,-0.7435580230469768,-2.313992911328728,4094.8704519916582,-0.581443086342757,-0.3443459049337084,0.0584770684681394,0.0,0.0,0.0,0.0,25,500,27987.151517365874,,,,2026-02-02T00:42:27.000Z
30.007806306743515,15.940947543016058,997.9991945632696,-2.9552248138388895,-1.364149596047566,4098.042766590859,-1.9633586432655206,-0.5515274001016297,-0.13841785233997445,0.0,0.0,0.0,0.0,25,500,28007.61366189512,,,,2026-02-02T00:42:28.000Z
29.994258149319837,15.960006127289573,998.0106596506832,0.5152017147962588,2.3046972779238515,4100.176885545739,-0.5753086084017933,0.052939468234801106,-0.9117978816606773,0.0,0.0,0.0,0.0,25,500,28015.24330241003,,,,2026-02-02T00:42:29.000Z
29.99979298996883,16.17810919952862,997.9858159567251,3.7843835216661357,-0.9692571292001627,4092.8280333755242,-0.9724506376870051,1.330451671562317,-0.06086837742020141,0.0,0.0,0.0,0.0,25,500,27990.32591951138,,,,2026-02-02T00:42:30.000Z
30.01379023240971,15.970317761083216,997.9874844686041,-1.7674382813821257,0.2868352613629523,4092.240151229722,0.4660667482786038,-0.148882796020883,0.24126737526553343,0.0,0.0,0.0,0.0,25,500,28002.58905594097,,,,2026-02-02T00:42:31.000Z
30.012205702923453,15.987121047614641,998.0077696335999,-1.546059419205406,-2.151300967149775,4099.741930350743,0.9092873966936939,-0.08815486887039078,0.402164556572795,0.0,0.0,0.0,0.0,25,500,28008.070828933138,,,,2026-02-02T00:42:32.000Z
30.003017888307973,15.988475521794825,998.0241584978709,-1.7414555432874828,0.6731660909180699,4096.7792283547415,0.9385710670599392,1.7776448188194294,0.1802847729902364,0.0,0.0,0.0,0.0,25,500,28002.375556171894,,,,2026-02-02T00:42:33.000Z
29.997038604201663,15.86544948535955,998.0087649545015,1.449183557446245,-0.9153691233581557,4094.263414536247,0.7569527361278201,0.8762059916716602,-0.2329550134485338,0.0,0.0,0.0,0.0,25,500,27997.51233694579,,,,2026-02-02T00:42:34.000Z
29.998766210896566,16.057179812341513,998.0186420879608,0.8969709083928802,2.0934254275515274,4097.069258172245,-0.13352573545248822,0.5740812821065351,-0.0570799031958977,0.0,0.0,0.0,0.0,25,500,27993.59350005551,,,,2026-02-02T00:42:35.000Z
30.008676601410556,15.934712388141566,997.9956562838628,-0.3170753848329134,1.5471154124136268,4090.7285045219664,-0.5219555654758967,1.9581316153017756,-0.553646484550792,0.0,0.0,0.0,0.0,25,500,28019.852692047654,,,,2026-02-02T00:42:36.000Z
29.99963500722554,15.996992938296026,997.9936291882166,-1.83603812327793,-0.9914118931497994,4096.006751013194,-0.7471027536670662,0.4898112547940131,0.3132239910065639,0.0,0.0,0.0,0.0,25,500,28000.96209041527,,,,2026-02-02T00:42:37.000Z
29.9944171760699,16.044437296441778,998.0045653317325,0.1847535832798486,-0.25332805469532677,4096.655642345686,-1.5074989166017505,-1.9865271419775223,-0.22112822791412187,0.0,0.0,0.0,0.0,25,500,28003.889420312174,,,,2026-02-02T00:42:38.000Z
30.01215774756408,16.19425575890354,998.0095364895983,-3.1292442546716086,-1.1022324800812575,4097.848540279076,0.9918537005078577,0.8326657578803607,0.18056093819747002,0.0,0.0,0.0,0.0,25,500,28003.24320080747,,,,2026-02-02T00:42:39.000Z
30.001816001391294,15.868222995545375,997.9868844909872,0.28685313371498644,-2.8388663930900195,4093.9722080954148,-0.17471103792997442,-1.5920084571186501,1.0008030433825523,0.0,0.0,0.0,0.0,25,500,27991.87581592999,,,,2026-02-02T00:42:40.000Z
29.994227441790084,16.086498218506623,997.9978678162717,1.7430487721758683,-1.7148848590944332,4096.1713743228065,-1.2463402936208738,0.4520053685824477,-0.7093589096424198,0.0,0.0,0.0,0.0,25,500,28000.508210233143,,,,2026-02-02T00:42:41.000Z
30.004789401889326,16.086872325617396,997.9997298283236,-2.5023982732673558,0.39643465544164025,4094.149150747881,-0.8264913757102347,-1.71374357412924,0.5966953809104842,0.0,0.0,0.0,0.0,25,500,27996.77757312122,,,,2026-02-02T00:42:42.000Z
30.009712184131924,15.936178522722072,997.9932112978431,-3.0650365536593274,0.6505189964591638,4096.510767511349,-0.8669734564325522,-0.46685541039991946,0.033210179885372754,0.0,0.0,0.0,0.0,25,500,27996.598524088313,,,,2026-02-02T00:42:43.000Z
29.989923269352122,16.059950384805198,997.9943777817346,3.158875783389719,0.2970958071852778,4094.209307355274,0.04302448501512677,-0.3637845296098712,2.021193599580755,0.0,0.0,0.0,0.0,25,500,28003.169591410187,,,,2026-02-02T00:42:44.000Z
29.99799546086647,16.16434361512919,998.0084306930106,-1.2235192790091698,-0.6034661079172715,4095.1837983216797,1.0674678510706859,-0.7701191072317533,-0.2163003284635096,0.0,0.0,0.0,0.0,25,500,27990.843570267647,,,,2026-02-02T00:42:45.000Z
29.997533166324114,15.923502879078756,998.004696844811,2.271895691887644,1.8661332114419706,4094.0083692104195,-0.34798954959558315,-0.3488519971912,0.6951645831510663,0.0,0.0,0.0,0.0,25,500,27987.952115791963,,,,2026-02-02T00:42:46.000Z
30.004522871657834,16.024146979713514,998.0079845142186,-0.3079953303956634,0.12708380912187478,4097.302272483647,-2.252533514783649,1.0325617203605524,0.015353451755977077,0.0,0.0,0.0,0.0,25,500,28005.027250604053,,,,2026-02-02T00:42:47.000Z
30.006320083228598,16.040480136393978,998.0033687469037,-0.3239096338826549,1.4065076561918946,4097.716902233314,-0.1891803351589201,-0.7139529121595534,-1.3883045083134937,0.0,0.0,0.0,0.0,25,500,27994.683894073714,,,,2026-02-02T00:42:48.000Z
29.994485260887206,16.053417885495357,997.9912674332314,0.8768253989932905,-3.547550264405037,4095.5307588600854,-0.15619390009719572,0.5451408795105409,-0.5206890955191443,0.0,0.0,0.0,0.0,25,500,27996.549842797234,,,,2026-02-02T00:42:49.000Z
29.985072488240938,16.0769291760716,998.0042310305184,-1.7679977134928813,-7.8448005032366845,4096.07647598992,-0.22492023093552171,-0.9656496396073002,0.8804711054283936,0.0,0.0,0.0,0.0,25,500,27980.712034473232,,,,2026-02-02T00:42:50.000Z
30.010317987545996,16.016630482825217,997.9904790709762,0.2649942869912911,0.5675760556761602,4093.102817170733,-0.6274611664757017,-0.18949957639212914,-0.4326944606082731,0.0,0.0,0.0,0.0,25,500,28009.630827821766,,,,2026-02-02T00:42:51.000Z
29.98880054729423,16.0513436186348,997.9968824666097,-0.7629788296481855,-2.849531307442979,4095.4006467039862,0.21743908072584237,0.3238392663274503,-2.220256314839614,0.0,0.0,0.0,0.0,25,500,28005.240162119157,,,,2026-02-02T00:42:52.000Z
30.002711842050438,15.908852634987628,997.9896375134518,-2.640986886810063,-0.42490340542611205,4095.8995907659164,0.06614111514900174,-0.9965284166185597,-0.031403016924503806,0.0,0.0,0.0,0.0,25,500,28007.08068785312,,,,2026-02-02T00:42:53.000Z
29.998680191012692,16.016400349363956,997.9938911220793,0.6749641494527981,-0.6041940820492113,4101.24158618206,-0.024830314126647098,-1.31172043291069,-1.0923362979510105,0.0,0.0,0.0,0.0,25,500,28003.873256203977,,,,2026-02-02T00:42:54.000Z
30.00162443905204,15.95236587343195,998.0009047884736,-0.5266156137558323,3.174801204831074,4093.7760659484516,0.4126413614429657,0.4918781505788882,0.1318177325967188,0.0,0.0,0.0,0.0,25,500,27984.840430463097,,,,2026-02-02T00:42:55.000Z
30.016512339717067,15.87701710948459,997.9954250939551,-0.3140496568894156,0.7999931058872128,4098.928354477505,-0.42983282314785354,1.1230803993406389,1.5511470813980186,0.0,0.0,0.0,0.0,25,500,28002.28998964679,,,,2026-02-02T00:42:56.000Z
30.030382816136218,15.94908554505631,997.9911683758997,-2.4203218868283156,0.33171805359734546,4097.993717546931,-0.48658566970065326,-0.0790650194873722,0.7694573108029035,0.0,0.0,0.0,0.0,25,500,27993.908664976552,,,,2026-02-02T00:42:57.000Z
29.983665625886015,16.026945639219807,998.0113779747159,3.1828007355256083,1.6739823092673474,4096.56127280898,1.3801232895853999,-0.45731290655670426,1.5366558287399776,0.0,0.0,0.0,0.0,25,500,27990.371428947663,,,,2026-02-02T00:42:58.000Z
30.00983906155333,16.04357972763702,997.9988040828263,1.7534283727722322,0.7369951736780775,4099.51724096839,0.5593554097154361,0.15567538768838682,-0.5615120214444915,0.0,0.0,0.0,0.0,25,500,28005.000482414456,,,,2026-02-02T00:42:59.000Z
29.998437522273225,15.873154087907723,997.9947207195356,1.9283117683439572,-0.9153539859768661,4096.744210945214,0.8269460609427997,0.055479918765380484,-0.1431663336355322,0.0,0.0,0.0,0.0,25,500,28016.585089167525,,,,2026-02-02T00:43:00.000Z
30.010478545137126,15.906232328327514,997.989176008893,-0.610889404883364,2.1429518605091196,4096.778318391336,1.2261045853340684,0.24290254071125145,-1.0444361968077795,0.0,0.0,0.0,0.0,25,500,28014.933394189564,,,,2026-02-02T00:43:01.000Z
30.00957263076179,16.072465627969322,997.9812800511486,-3.4583657790068405,-2.2195002557765484,4095.893758693965,0.5259441806248001,-2.5282451003137143,-0.6840434450400951,0.0,0.0,0.0,0.0,25,500,28006.221450185105,,,,2026-02-02T00:43:02.000Z
30.014097448071983,16.050814809261585,997.9977795298627,3.9058347649790215,0.6464943750671245,4098.447137764837,0.9283886791361711,-1.0691042911659632,-0.9268848322861801,0.0,0.0,0.0,0.0,25,500,27999.69771840541,,,,2026-02-02T00:43:03.000Z
30.002849649151628,16.088710266204636,997.9862178129648,-0.12219501601173627,-3.0951395882726223,4098.192938467621,-1.5793451620702603,-0.8452301054368538,-1.3067229692119573,0.0,0.0,0.0,0.0,25,500,27997.844576790812,,,,2026-02-02T00:43:04.000Z
29.99110423515045,16.136783042717656,998.0071203645936,-1.4975995920401075,0.40788771503199006,4094.7486454250075,0.20415387199602714,0.15086762851156252,1.3658566253313404,0.0,0.0,0.0,0.0,25,500,27990.954964135566,,,,2026-02-02T00:43:05.000Z
30.009276494887096,16.05378871095906,998.000294911946,0.8336031489662278,0.385979283545859,4093.3615056108024,-0.18271846181432752,0.18587788362226634,-2.0919602950264222,0.0,0.0,0.0,0.0,25,500,27997.302668162934,,,,2026-02-02T00:43:06.000Z
30.001179975761442,15.958519237282912,998.0155836077914,2.334241576006595,3.3529099238293254,4095.5940387252085,1.6776840908998094,0.636180488684036,1.3701389048045567,0.0,0.0,0.0,0.0,25,500,28009.085239595883,,,,2026-02-02T00:43:07.000Z
29.99766156784866,16.011484945808192,998.0022307427324,-0.046101112170932386,-3.129947786883559,4094.3999228712046,0.9276455318033,0.2575817492104368,1.2460589249202312,0.0,0.0,0.0,0.0,25,500,28018.23139132025,,,,2026-02-02T00:43:08.000Z
29.99523776119295,16.165989710092738,997.9927334220274,2.557150335878749,-1.2017743517076251,4095.8729508507695,-0.6304451907931798,-1.3007350703873357,0.49979267547899797,0.0,0.0,0.0,0.0,25,500,27991.83518693036,,,,2026-02-02T00:43:09.000Z
30.010063355691052,16.27644489977854,997.9811999239763,2.165999877033737,1.6453648531482876,4098.474876269368,0.3727941585292059,1.4470046175850602,-1.1145072680940693,0.0,0.0,0.0,0.0,25,500,27980.049865153283,,,,2026-02-02T00:43:10.000Z
30.016033694920075,16.046309636574236,998.0080654386375,-2.1527623748041167,0.6706345127946155,4095.085396689826,0.1676813334492398,1.2719183034223662,-1.5821751114432072,0.0,0.0,0.0,0.0,25,500,27994.69126003888,,,,2026-02-02T00:43:11.000Z
29.988046474413004,16.05355541388113,997.9870105173947,-1.3475802113189528,0.3606101026750061,4095.914353237377,0.4543314331522287,-1.2581972900269258,-0.5484036812635643,0.0,0.0,0.0,0.0,25,500,28009.03954112871,,,,2026-02-02T00:43:12.000Z
30.00621952242479,16.072570836699743,997.9959185547731,1.915074326559535,-1.9122714059170784,4096.116045469616,-1.0188424693746518,0.3327052943741829,0.625120456339924,0.0,0.0,0.0,0.0,25,500,28020.72277290659,,,,2026-02-02T00:43:13.000Z
29.996276128145773,16.002379284581938,998.0167408824656,-5.425225127620876,-1.1816366961828584,4097.696861764411,0.3600164652382253,-0.5954243852430158,0.003063637440674221,0.0,0.0,0.0,0.0,25,500,28013.100412066568,,,,2026-02-02T00:43:14.000Z
29.98532727601808,16.116385390234264,998.0061098334905,-0.29891138632997755,2.490082016446513,4091.5062213320307,-0.22815134928823433,0.13886398920054824,-1.0434994950947576,0.0,0.0,0.0,0.0,25,500,28012.852852123782,,,,2026-02-02T00:43:15.000Z
30.00147705820763,16.100804529273287,998.0038986545453,-2.8616624032493436,-0.10301838750785591,4094.7865994104695,0.28244976405560046,1.0533102796418705,1.14820478465649,0.0,0.0,0.0,0.0,25,500,27991.504396463253,,,,2026-02-02T00:43:16.000Z
29.991668622198105,16.035437644714882,998.0094432244312,-0.9531076028670493,0.7507193922889466,4096.4225673845585,-0.7243851651221698,2.130104266320959,1.684383328181538,0.0,0.0,0.0,0.0,25,500,27991.78610626451,,,,2026-02-02T00:43:17.000Z
29.984222467722,15.968198009399439,998.0090704981891,-0.5976401780584083,-0.230376657552958,4098.4001579128535,-0.5850631713965995,0.7512777051426102,-0.2265991640145975,0.0,0.0,0.0,0.0,25,500,27986.76190362734,,,,2026-02-02T00:43:18.000Z
29.992182595277754,15.847930361262286,998.0158094643195,-0.7164887558150159,-2.3661710304995305,4095.0161951049877,1.1738420203667026,0.29493473511013596,0.10933690359734571,0.0,0.0,0.0,0.0,25,500,27993.345202638746,,,,2026-02-02T00:43:19.000Z
29.989722260820862,16.073241354761425,997.9939782064953,-1.1045225042252171,1.8676208521499933,4092.2468945879164,-1.051547558340161,-0.3398211683082972,-1.508848683629496,0.0,0.0,0.0,0.0,25,500,28009.14097783411,,,,2026-02-02T00:43:20.000Z
29.993533131469366,16.02128583152261,997.9962331584657,-2.194287299257628,1.0064647690649926,4097.239422891932,-0.9777544010420485,0.18213487101117645,-0.4143867161090352,0.0,0.0,0.0,0.0,25,500,28016.24487186935,,,,2026-02-02T00:43:21.000Z
29.986741159230462,15.92622322693459,997.9907761537094,4.583822533637372,4.611273674734378,4094.729275222349,-0.05158125721557804,1.3597718933283136,0.5104399780009937,0.0,0.0,0.0,0.0,25,500,28003.455172712827,,,,2026-02-02T00:43:22.000Z
29.996048598913738,15.887007973500538,997.9996730236362,3.7349240083227015,-2.03116275930109,4093.6206666818193,-0.7718903751859546,-0.04470875675958535,0.3548565402577775,0.0,0.0,0.0,0.0,25,500,27997.4487903999,,,,2026-02-02T00:43:23.000Z
29.99286750871916,16.066143284938324,997.9986776727083,-2.324131640512566,1.645145842400961,4094.7513092205736,-0.8850286322627987,-0.8861126513476503,-0.5076678492097068,0.0,0.0,0.0,0.0,25,500,27989.332751823265,,,,2026-02-02T00:43:24.000Z
30.003756138771458,15.839876367838304,997.9824504776267,3.1642335026071344,-2.6230879320740024,4095.630949284688,0.10507597120829498,-1.6196898655166265,-0.27424350847644696,0.0,0.0,0.0,0.0,25,500,27998.874848439867,,,,2026-02-02T00:43:25.000Z
30.005935389863982,16.02996411874438,997.993460992429,-0.7989309809457058,0.31469313534615534,4094.7905106709236,-1.5050658569037048,0.5130478674102508,-0.44721073654455185,0.0,0.0,0.0,0.0,25,500,28002.031263276505,,,,2026-02-02T00:43:26.000Z
30.002601485767784,16.08435504091689,998.014391165342,0.2583749466634209,1.9530131781263291,4091.588867885802,-1.007962234913638,0.2472881256277393,-0.278464713718385,0.0,0.0,0.0,0.0,25,500,27985.36927927227,,,,2026-02-02T00:43:27.000Z
29.997645555421265,16.05498928864166,998.0024420859488,-0.12654791979383173,-4.144270232192974,4097.794132393774,2.0540955829236434,-0.6459081732622967,0.42323480251812673,0.0,0.0,0.0,0.0,25,500,28009.214729285068,,,,2026-02-02T00:43:28.000Z
29.997375724043078,15.960926022564156,998.0071539861808,-1.3194972825079316,-0.40986494848321575,4098.549750082558,0.4594750589690091,1.0260141257072977,-1.9675370853691225,0.0,0.0,0.0,0.0,25,500,27995.760860036913,,,,2026-02-02T00:43:29.000Z
29.991629250125886,15.875062551552508,997.9987945533215,1.9677046872122934,-1.1264194680852406,4097.303043982679,-0.7465633522699111,-0.42177686438763046,-0.07434951480792218,0.0,0.0,0.0,0.0,25,500,28008.614158411012,,,,2026-02-02T00:43:30.000Z
29.9918700534059,16.05870192397952,997.981129064758,0.2517730611533156,-1.4039145965902438,4093.7246286591503,0.4182150782661971,-0.1346440918247952,0.3499755356256891,0.0,0.0,0.0,0.0,25,500,27999.89080037949,,,,2026-02-02T00:43:31.000Z
30.007036038680788,16.12005230919534,997.9987136407817,-0.9531028464384828,0.7704253045187084,4095.597016932105,0.5673304769866295,-0.016664133297943518,-0.5704846856410772,0.0,0.0,0.0,0.0,25,500,28002.972166928874,,,,2026-02-02T00:43:32.000Z
29.982402974013496,15.942726664525695,998.0104169655752,-2.609178887600945,2.2413714128451905,4095.986957369541,0.9944144200902384,-0.3509527421380881,-0.47933304396488147,0.0,0.0,0.0,0.0,25,500,27992.98050789919,,,,2026-02-02T00:43:33.000Z
29.99919275061687,16.050690820029285,997.9881431620876,-1.7871900274382408,-0.266557430458311,4097.197588779124,-0.12715602945673044,0.23586506574957086,-0.45039444081544955,0.0,0.0,0.0,0.0,25,500,27996.553847141844,,,,2026-02-02T00:43:34.000Z
29.996764709384387,16.158151511873182,998.0074703892674,-3.2827602312041937,0.41097285512004034,4097.336680977436,0.9764977027728893,1.151515145933001,-0.47904997353716,0.0,0.0,0.0,0.0,25,500,28006.42042123362,,,,2026-02-02T00:43:35.000Z
30.00599132101375,16.033884709644163,997.9829816833071,0.02444709683033893,0.22861750611849552,4094.531652402443,-2.038446524882173,-1.1424818981184228,0.005883777850373463,0.0,0.0,0.0,0.0,25,500,27998.685017652617,,,,2026-02-02T00:43:36.000Z
29.985749880165777,15.960311985512222,998.0002019123823,-2.3933311845687917,0.003607012712828353,4096.163991112827,-1.0563081304757531,0.48852013847400877,0.12900275801378372,0.0,0.0,0.0,0.0,25,500,27988.95025984303,,,,2026-02-02T00:43:37.000Z
30.00012480705486,16.104085354006315,998.0054451845015,-0.5311210250370825,-2.1786852754242125,4096.91456080923,0.16387140173645573,0.17215866960644105,-2.1005143162337996,0.0,0.0,0.0,0.0,25,500,28001.115740550522,,,,2026-02-02T00:43:38.000Z
30.003429843413592,15.926243902584218,997.9968788747573,2.7402037072207417,2.2168892034457857,4098.911644644293,0.3296335328077915,0.15376382954470624,0.6528803714722882,0.0,0.0,0.0,0.0,25,500,28003.856750168383,,,,2026-02-02T00:43:39.000Z
29.98095268781376,15.870180798494697,998.0247247154045,2.3985991458431712,0.590390736317672,4097.409013079649,-0.9117822876686418,0.8718445698740908,-0.2899988843469592,0.0,0.0,0.0,0.0,25,500,28013.72888525672,,,,2026-02-02T00:43:40.000Z
29.98925672027138,16.0812321191146,997.9950680956291,-0.06455378820523562,0.7897629800051553,4097.578113374751,0.2594199912631591,0.0492974252171587,1.932963175468534,0.0,0.0,0.0,0.0,25,500,28011.525532686595,,,,2026-02-02T00:43:41.000Z
29.999082101531872,15.959383773651643,997.9942158376232,-0.17416945228629985,-1.6130192580511644,4096.167653255859,-0.6238402486872604,0.4802292619057029,-1.1916485388987084,0.0,0.0,0.0,0.0,25,500,27999.353644536463,,,,2026-02-02T00:43:42.000Z
30.005141469076342,15.968347898599632,998.0020449204186,3.759749098842016,-0.9184407959784812,4098.820918290407,-0.27695909422716564,0.7158646295711472,-0.8673145087543316,0.0,0.0,0.0,0.0,25,500,27994.526648353356,,,,2026-02-02T00:43:43.000Z
30.00182499311113,15.937305936444893,997.9924502686416,1.0415122407174224,-0.35226839542155675,4096.819525591919,1.024773800665011,-0.5043652003806066,-0.20290897858326112,0.0,0.0,0.0,0.0,25,500,27997.716986006384,,,,2026-02-02T00:43:44.000Z
30.005604542529497,15.952718260444591,997.9855866240619,-0.6556129197530458,-3.068249386897703,4094.2778241796527,0.9089374968885997,0.2991834608137983,0.4132254496860355,0.0,0.0,0.0,0.0,25,500,27994.76266492622,,,,2026-02-02T00:43:45.000Z
29.98920627487359,16.140303342752688,997.9890233022508,-2.852036234240904,-3.3760686503953563,4098.806739940251,-0.9970603273632624,-0.2507876072106319,-1.9507673273715016,0.0,0.0,0.0,0.0,25,500,28005.06161225704,,,,2026-02-02T00:43:46.000Z
29.98411249650272,16.166249876578366,998.0075798675955,0.7877464363294865,-1.2014958612771356,4097.395806545078,-1.0572514620201034,-0.1326817797198955,-0.8291000521161067,0.0,0.0,0.0,0.0,25,500,28010.416651226158,,,,2026-02-02T00:43:47.000Z
30.000845058057568,16.17949786361446,997.9969506044113,1.6586475451657248,1.04504153288478,4095.113911957743,-0.4111733955533163,-0.32206139647833193,0.5913201605738434,0.0,0.0,0.0,0.0,25,500,28012.39834359294,,,,2026-02-02T00:43:48.000Z
29.98770646761786,16.109012062117753,998.0170202095051,-1.2633030490272878,-1.3062747798598817,4095.0410140652016,-0.026746301172925133,0.4710804040968864,-0.9481239464325425,0.0,0.0,0.0,0.0,25,500,27995.877935475022,,,,2026-02-02T00:43:49.000Z
29.991346776739523,16.046627125977324,997.9955876375493,0.582405510276065,-2.037610395181427,4096.593151090282,-0.6578984885747409,0.08164470901825371,1.3700263763762275,0.0,0.0,0.0,0.0,25,500,27994.87973600586,,,,2026-02-02T00:43:50.000Z
30.009322783548264,15.856771440806689,998.0071051035474,-0.7271465898300582,-1.6293713064753403,4096.926369590536,1.0406424427996679,0.39454403431667434,-0.4538835988490723,0.0,0.0,0.0,0.0,25,500,27995.796055754414,,,,2026-02-02T00:43:51.000Z
30.001890995567667,15.981247529709965,998.0051084197946,-0.36806479839800543,-0.9106848462906252,4096.394584531263,0.34738984170855525,-0.017517362895748446,-0.8993732013418966,0.0,0.0,0.0,0.0,25,500,27980.679630499137,,,,2026-02-02T00:43:52.000Z
29.994318550947447,16.21567544886237,997.9954384919282,-4.975644115124663,-0.7077179256402075,4096.622617346886,0.40608510987442903,-1.604121012470325,0.6102442577895195,0.0,0.0,0.0,0.0,25,500,27987.97187641453,,,,2026-02-02T00:43:53.000Z
29.99301968495359,15.956437842124734,997.9912119107083,-0.443562807432271,4.331042904413113,4099.399914749153,-1.2665388289449717,0.031368416099708474,1.6076173868244463,0.0,0.0,0.0,0.0,25,500,27999.654469940615,,,,2026-02-02T00:43:54.000Z
30.00620921556889,16.151414447477226,997.9826819630107,1.9387386048161086,2.1092412569746366,4098.14308630447,1.1672907173837799,0.063537955156817,0.4163962587438965,0.0,0.0,0.0,0.0,25,500,28003.792717404438,,,,2026-02-02T00:43:55.000Z
30.0021197093565,16.005503581903053,998.0055312077968,-1.2628051111331164,2.049548224563456,4096.38127118253,-2.820168822240691,0.2425959371534602,1.2604293992232585,0.0,0.0,0.0,0.0,25,500,28004.911730578824,,,,2026-02-02T00:43:56.000Z
29.98785443357677,15.732185761414685,998.0119825973255,0.10505273643063252,2.337160728546763,4097.882621161535,0.8340554518493689,-0.593729193685742,1.6766353406369636,0.0,0.0,0.0,0.0,25,500,27992.195055781296,,,,2026-02-02T00:43:57.000Z
29.98052176266899,16.064048556366895,997.9841006932825,-1.5119014133838409,-1.997641738668099,4093.934952192945,0.9343117376707711,-1.195469716665512,-0.9218586799275783,0.0,0.0,0.0,0.0,25,500,27995.088898521808,,,,2026-02-02T00:43:58.000Z
30.018818018326403,16.12662546961783,997.9962955506501,0.7208833525855458,-2.4447292299744783,4096.795854099893,-0.43240118727796156,0.624606644894278,0.9383913340595865,0.0,0.0,0.0,0.0,25,500,27997.304961933605,,,,2026-02-02T00:43:59.000Z
29.987775207746825,15.995100403135945,997.9933308166981,-0.4330463950723472,-2.2137405830681134,4099.618612699466,1.2729102172474238,-0.2736065565341689,-1.5234705093035474,0.0,0.0,0.0,0.0,25,500,27996.188741011643,,,,2026-02-02T00:44:00.000Z
30.005276965033,16.12330510044854,998.0055136915032,-1.8784830813640137,2.6690122666756757,4095.5639082092152,-0.06309755295434644,0.17124404768499576,0.4249025317863849,0.0,0.0,0.0,0.0,25,500,28006.880177206647,,,,2026-02-02T00:44:01.000Z
30.01510692932338,15.833217248558292,997.9967134731205,2.6651029353302556,-1.094383577764982,4094.3047321427616,0.06243170332744294,-0.28146007988829563,-0.07131789051481921,0.0,0.0,0.0,0.0,25,500,27986.91825890038,,,,2026-02-02T00:44:02.000Z
30.001475975688333,15.861443573610064,998.0132298057042,1.8578640270644302,-2.502712364478574,4094.695822222814,0.33952878740421627,-0.0060618257735948035,1.2429502030420623,0.0,0.0,0.0,0.0,25,500,27988.507043949572,,,,2026-02-02T00:44:03.000Z
29.99399563323533,16.020486430808567,997.9961560680904,-1.2098135278563495,-0.861992400439626,4093.8207339253154,3.186574911811055,-0.44928534793580827,1.172251512984841,0.0,0.0,0.0,0.0,25,500,27997.015647043525,,,,2026-02-02T00:44:04.000Z
29.98573950958304,16.047711472781753,997.9876361654046,0.9955766188355548,-0.47721106342925484,4094.4304761837448,1.3444339080830043,-0.9680835891538281,0.5697833505344024,0.0,0.0,0.0,0.0,25,500,27986.343962966625,,,,2026-02-02T00:44:05.000Z
29.9855998946368,16.135657886859228,997.9953119467478,1.0748240056407614,0.5368265473891243,4095.25898380282,0.701131200712918,0.47373166076865714,0.2984278994828184,0.0,0.0,0.0,0.0,25,500,27980.995297210433,,,,2026-02-02T00:44:06.000Z
30.003766948486764,16.063892446674856,997.9964138539984,1.284602470022352,0.501902041424086,4093.188865961643,-0.912804486601195,-0.6031200882261201,0.508368676721951,0.0,0.0,0.0,0.0,25,500,27985.065228403804,,,,2026-02-02T00:44:07.000Z
30.0145097632295,15.880637091063496,998.0052609994549,-3.3885117919901555,-1.6563611277470163,4096.031236667899,0.14358982547949217,0.16395148089481063,0.061770871376545564,0.0,0.0,0.0,0.0,25,500,27997.57285411551,,,,2026-02-02T00:44:08.000Z
29.996045409032956,16.02130456220744,997.9962648094463,2.013213082065256,1.3713127850274218,4097.804554347574,-0.8131240938463865,0.41046022190207787,-0.06119574110790367,0.0,0.0,0.0,0.0,25,500,28006.305308163253,,,,2026-02-02T00:44:09.000Z
29.994442795378507,16.060072744528814,998.004400965134,-1.1393979258514628,-1.2783870675003162,4094.1844876397063,0.8221108472828129,-0.5868127156030817,1.4425781722524427,0.0,0.0,0.0,0.0,25,500,28006.51366534393,,,,2026-02-02T00:44:10.000Z
30.006974810908112,15.812576600130287,997.9920951572791,-0.7156558668825338,-0.3125526734100861,4099.038567847284,0.14046697573485675,-1.203885634372985,1.5628898196781764,0.0,0.0,0.0,0.0,25,500,28015.87915432539,,,,2026-02-02T00:44:11.000Z
29.99314052746095,15.995636653026198,997.9970532332021,5.2757635045204,1.37354814100671,4097.021584177055,-1.1245216796138953,2.426085613853053,-0.14165919770220706,0.0,0.0,0.0,0.0,25,500,28001.01665117571,,,,2026-02-02T00:44:12.000Z
30.002744829076285,15.966441745606177,997.9921496572329,0.6037467614420235,-1.2836428078886828,4098.061161171248,0.08112458341850291,-0.5277718759454261,0.23763640301074465,0.0,0.0,0.0,0.0,25,500,28002.362005123287,,,,2026-02-02T00:44:13.000Z
30.000418014500855,15.934530692625426,997.9915335841032,-0.772644950894351,-1.138702847162275,4094.6843308922957,-0.8494174697163055,0.6234171586011584,0.08165522477277443,0.0,0.0,0.0,0.0,25,500,27997.495929629717,,,,2026-02-02T00:44:14.000Z
29.99590531941422,16.049877705175266,998.0127483355728,-4.410588745511812,1.183336099386262,4097.709050454133,0.15121622133754703,1.939463549570124,-1.611698441937195,0.0,0.0,0.0,0.0,25,500,27997.98173534264,,,,2026-02-02T00:44:15.000Z
29.999844618412634,15.885031847344207,997.9928487042854,2.779528267892711,-1.715466353210039,4093.8161321992093,-0.8590773163652565,0.7899077468538932,-0.3364355776120064,0.0,0.0,0.0,0.0,25,500,28020.805453315952,,,,2026-02-02T00:44:16.000Z
30.017631521146498,16.041687951200366,997.9965239521786,-2.690419341617205,-0.7695840472081413,4097.780495001673,0.027487633360812797,-0.30044280882755153,1.5997042010481028,0.0,0.0,0.0,0.0,25,500,28002.61351437255,,,,2026-02-02T00:44:17.000Z
30.006045329441008,16.05594911292089,998.0104460445995,-2.006877806999007,1.111484356085785,4096.343678679587,0.7504698619350948,-0.06711638753511132,-0.7497758750318108,0.0,0.0,0.0,0.0,25,500,28003.48274269094,,,,2026-02-02T00:44:18.000Z
30.01092500804256,16.108376331026097,998.0075000139627,-0.6627045981756984,4.10818488287195,4097.1065024399695,-0.05305199192510611,-0.8326072197388483,2.1145434623013015,0.0,0.0,0.0,0.0,25,500,27988.54885697083,,,,2026-02-02T00:44:19.000Z
29.9908130563908,15.88765807372074,998.0164120721666,2.832823583400585,1.2108090095254933,4093.6488107887503,-0.3908882671723887,0.8816964269577422,1.1721263095893824,0.0,0.0,0.0,0.0,25,500,28004.10422274905,,,,2026-02-02T00:44:20.000Z
30.010959361476075,15.849476578164545,998.0048280186451,1.5464799733315184,0.9452795259800233,4094.209860315447,0.20327622105746257,0.5662707080586883,0.4014981505462089,0.0,0.0,0.0,0.0,25,500,28006.583319793233,,,,2026-02-02T00:44:21.000Z
30.00639020475469,16.027890360733902,997.9939960061031,-0.3156750196805199,1.0616031673454591,4097.194456436507,0.697182620792853,-0.5144258182617432,0.5608432859764206,0.0,0.0,0.0,0.0,25,500,28011.10310127938,,,,2026-02-02T00:44:22.000Z
29.985004039034408,15.97137287661323,998.0205714464896,0.616584127277642,-2.1463805481340987,4094.1033039915515,-1.1071832698817605,-1.0421748070984445,-0.9172066963350255,0.0,0.0,0.0,0.0,25,500,28006.300845249014,,,,2026-02-02T00:44:23.000Z
30.005397907333712,16.290265026249372,998.0058208074455,-1.2007713857422115,0.231193477359816,4096.926412584198,0.2606561547052026,-1.3212337376636916,-0.2652287522247021,0.0,0.0,0.0,0.0,25,500,27998.73261771916,,,,2026-02-02T00:44:24.000Z
29.994867258632052,16.045849847624293,997.998453046612,0.27930737913070164,-0.059532976672803495,4093.2657243870794,1.3175408190173998,0.9865140038042008,1.4413991103217594,0.0,0.0,0.0,0.0,25,500,27998.305766871366,,,,2026-02-02T00:44:25.000Z
29.984541963236744,16.00581617117042,998.000574655497,0.14667348955627335,0.6431690807455123,4097.696348425334,0.5736569632767152,0.12037312895556077,-0.6145293391735335,0.0,0.0,0.0,0.0,25,500,27999.27919321231,,,,2026-02-02T00:44:26.000Z
30.001297757323275,15.982717204432358,998.0017928157945,1.9375397913627066,0.23301610495174166,4093.534953370463,0.057754146667227856,0.21498453633275158,1.0611317569487992,0.0,0.0,0.0,0.0,25,500,28001.071870435608,,,,2026-02-02T00:44:27.000Z
30.005390425910626,15.878193815456054,997.9976318812521,1.934356244877899,0.7593993548342249,4097.104599875359,0.6397375066988947,-0.8229486258623573,-1.3770401894370583,0.0,0.0,0.0,0.0,25,500,28012.67650440806,,,,2026-02-02T00:44:28.000Z
30.001516080686446,16.05638815529546,997.9862414439808,0.9879547644112896,-0.6229343897984031,4097.251261867292,0.4524964561026824,-1.4635031033044061,-1.1981584124750106,0.0,0.0,0.0,0.0,25,500,28010.726395492013,,,,2026-02-02T00:44:29.000Z
29.998908614151542,15.992085497372921,998.0162672105224,-0.7246951150922045,0.11721783474358545,4094.6064563631408,0.753601109159814,0.9626135747116324,1.901384665586316,0.0,0.0,0.0,0.0,25,500,28007.52910953726,,,,2026-02-02T00:44:30.000Z
29.996694146615418,15.992168631657057,997.9997816592382,1.4836445887802532,-2.455657132113984,4097.164053134169,-2.0239316109829444,0.04203903699723074,-0.011837146240324198,0.0,0.0,0.0,0.0,25,500,28020.292099804705,,,,2026-02-02T00:44:31.000Z
30.024665880093416,16.009444332549865,998.001834965127,-0.1839369324060932,-0.6398145560058276,4096.520884526667,-1.5534561336632653,0.9072346600576203,-0.5384998869943409,0.0,0.0,0.0,0.0,25,500,27973.437616247233,,,,2026-02-02T00:44:32.000Z
29.988174306114715,16.022121252991724,998.020781440594,-2.163828737426266,2.781667096353287,4094.9223162876146,1.004829149483237,-0.3859331265155641,1.3627408269989625,0.0,0.0,0.0,0.0,25,500,27995.39941425674,,,,2026-02-02T00:44:33.000Z
30.00872921982357,15.826074435408248,997.9931671473678,-0.8065755838218773,0.6376166792565118,4093.9828906318476,-1.5052791761614406,-0.23681784303685838,1.245821554963504,0.0,0.0,0.0,0.0,25,500,27999.887273808858,,,,2026-02-02T00:44:34.000Z
30.00015422970889,16.083702300637093,998.0065548532472,0.16905396756864907,-0.041842074766153765,4092.0747486166547,0.40153863571920506,0.7132981766206321,0.9207545652572385,0.0,0.0,0.0,0.0,25,500,27993.27770526039,,,,2026-02-02T00:44:35.000Z
29.99145533493733,15.915355562518407,997.9920770131642,1.8204315673294906,3.7922465525086935,4096.6993000945995,-0.35204965603229166,0.7323480796505246,-0.5698979194121059,0.0,0.0,0.0,0.0,25,500,27990.702492753477,,,,2026-02-02T00:44:36.000Z
29.999516009493714,15.986196780253136,998.0032102116254,-0.3670563443143061,-2.7216699566021583,4092.870394457276,-0.9961892455959969,0.7975656226859541,-0.2869175759376756,0.0,0.0,0.0,0.0,25,500,27982.828403596366,,,,2026-02-02T00:44:37.000Z
29.986070673624113,16.12859049206653,998.0020150574625,-2.418397422479212,-2.2189111108924395,4096.190688398882,0.3496497571474736,-0.2952012531026962,0.31162882372473,0.0,0.0,0.0,0.0,25,500,27996.886713879157,,,,2026-02-02T00:44:38.000Z
29.99404509593193,16.17794485922701,998.0079060109714,0.11348336659363882,3.4254228225525454,4095.4731035678356,0.20103350371657064,0.6145472376508678,0.6943993421472372,0.0,0.0,0.0,0.0,25,500,28008.94027053842,,,,2026-02-02T00:44:39.000Z
29.999530656741644,15.82995055613736,998.0120816871769,0.22691208011310476,0.09192187209786766,4097.358285550877,2.1103426520963775,1.1090994654767188,-0.5084835740185372,0.0,0.0,0.0,0.0,25,500,28007.739363423043,,,,2026-02-02T00:44:40.000Z
29.98448882941401,16.003024482767465,997.994204789088,0.3716752578055061,-0.48516607257958755,4095.3959090010203,-0.6248112045358892,-0.10477201168153431,0.17073711062069657,0.0,0.0,0.0,0.0,25,500,27992.478701137592,,,,2026-02-02T00:44:41.000Z
30.00506382538488,16.027291318516603,998.0141667484072,1.8397430319088603,-2.3984086501912865,4095.3411044273057,1.4401101200691737,-0.5134883637740536,0.2673913007974061,0.0,0.0,0.0,0.0,25,500,28002.202450785317,,,,2026-02-02T00:44:42.000Z
29.990362389590885,15.849246997380856,998.0148748093856,2.037846480179797,0.8953925327900237,4097.463741408576,0.3524229143843145,1.3427476033167658,1.2867697563752534,0.0,0.0,0.0,0.0,25,500,28013.575998152162,,,,2026-02-02T00:44:43.000Z
29.985482790419866,16.080259136441818,997.997500146153,-1.1884217447633332,1.0889197390549246,4096.670116058168,-0.6610218815427124,-0.6544457335513071,0.7544658289351189,0.0,0.0,0.0,0.0,25,500,27984.79932954655,,,,2026-02-02T00:44:44.000Z
29.989195822641715,16.011626267741416,997.999934174186,-1.2322869160978869,-2.1889887216697925,4096.632311914365,0.7992464575172452,0.629476497114477,-1.5068016448352908,0.0,0.0,0.0,0.0,25,500,27998.411640196275,,,,2026-02-02T00:44:45.000Z
30.021759541618355,16.0194159595695,997.9950564988005,-2.0803974219109462,-0.28055117110085664,4096.938535179617,0.5657385044539512,-0.058422310519861353,-0.2136303084853857,0.0,0.0,0.0,0.0,25,500,28002.86496290809,,,,2026-02-02T00:44:46.000Z
29.980219358581312,15.908244708165807,997.9969455878615,1.3976313405609526,-0.6710316640661321,4092.9288557535856,0.035843294858049234,-1.8415656164845604,-0.9287833699834165,0.0,0.0,0.0,0.0,25,500,28000.100153400366,,,,2026-02-02T00:44:47.000Z
30.0043612308877,16.041288664338136,997.9879652434475,2.897640216675431,0.5119542928375421,4097.513577359974,0.26629535644062347,1.1285940674785802,0.5680874206116735,0.0,0.0,0.0,0.0,25,500,28008.506333940175,,,,2026-02-02T00:44:48.000Z
29.99248363728981,16.083822395638993,998.0077753577233,-0.6301638558178468,-2.2385004844412877,4097.224937588027,-0.5969870310455316,-2.757853629547368,0.9231533505050442,0.0,0.0,0.0,0.0,25,500,27985.02173970338,,,,2026-02-02T00:44:49.000Z
29.996498718284823,16.012729788372592,997.9794970610748,-0.4828611294499862,2.5038949090263145,4093.966633742847,-0.8257871252545068,-1.9841280667576089,0.1015559856102445,0.0,0.0,0.0,0.0,25,500,27989.941813392026,,,,2026-02-02T00:44:50.000Z
30.006039309286802,15.948606409903695,997.9930290514924,2.933565113797952,1.8316475631952085,4095.511839052652,0.7594421738225829,0.5273300794806717,-0.26812703062785004,0.0,0.0,0.0,0.0,25,500,28006.82041342696,,,,2026-02-02T00:44:51.000Z
30.00554818714839,15.956393068195364,997.9995383794893,1.0111157064300154,-0.7263511174656323,4095.9213854247446,-0.22393942431327402,0.5270711986781154,0.06916979303598314,0.0,0.0,0.0,0.0,25,500,27982.97775938905,,,,2026-02-02T00:44:52.000Z
29.993193035808382,16.022039570712597,998.0129979733043,0.8724714096021101,-0.4328374232767424,4095.7310064311964,-0.08008299824909249,-0.6375798578775357,0.2089192734777545,0.0,0.0,0.0,0.0,25,500,28008.117678410334,,,,2026-02-02T00:44:53.000Z
29.986421759933666,16.004879737838063,997.994547554307,-2.3818330119474536,-0.27284430055523207,4096.667719933137,0.27982159594427714,0.14782209030324492,-0.6400996517169069,0.0,0.0,0.0,0.0,25,500,28004.498181562318,,,,2026-02-02T00:44:54.000Z
30.006221409737005,16.09048221191194,998.004278516711,1.357456138558838,-1.5566171060130067,4098.862733563662,0.26528834478380814,-2.531430045778005,-1.2187111007693654,0.0,0.0,0.0,0.0,25,500,28007.419197397052,,,,2026-02-02T00:44:55.000Z
30.005523771930093,15.951974171247583,997.9991901588555,-1.8582726810195165,-0.8868588364700714,4098.163533455346,-1.4293264709740647,0.7069754644705992,-2.050139042555353,0.0,0.0,0.0,0.0,25,500,27995.3071034724,,,,2026-02-02T00:44:56.000Z
29.997150304912118,15.878161939725917,998.0094511890047,-2.2680403718699162,-0.5405407353492181,4093.375561613137,1.2862520864548588,0.24972548705359698,1.2671821317388838,0.0,0.0,0.0,0.0,25,500,28005.098384367135,,,,2026-02-02T00:44:57.000Z
30.004419443838085,16.03593860773205,998.0037558574895,-0.6935431535334243,3.225736741414256,4097.343101455844,0.1211821519006783,-0.045642853333795405,0.5030754961930161,0.0,0.0,0.0,0.0,25,500,27988.277124298493,,,,2026-02-02T00:44:58.000Z
29.995541705190245,15.952247014700129,998.0083020938804,-1.1715854468973803,1.8932366166608734,4138.581775193871,-0.20265326282214938,0.02084148213777202,-2.3441946533880818,0.0,0.0,0.0,0.0,25,500,27995.854950575336,,,,2026-02-02T00:44:59.000Z
29.991729624349652,16.078368194903636,997.9944936508484,-0.44319938877007864,1.8693094146732472,4391.773617041378,0.4308460051697467,0.49325417619303186,-18.73480111204705,0.0,0.0,0.0,0.0,25,500,28000.363389402777,,,,2026-02-02T00:45:00.000Z
30.00003962181121,16.00075386304576,997.9898597510584,-2.8819632690498374,0.7398512260087806,4138.105869405173,0.23654219361486306,-0.028901523497860945,1.4512376550398371,0.0,0.0,0.0,0.0,25,500,27991.012505754432,,,,2026-02-02T00:45:01.000Z
30.005190327410915,16.065481320436483,998.0036712831906,1.917632612935345,-2.234654017862469,4100.123502366633,0.7670626894897021,-1.8740555027312202,-1.7289216232969684,0.0,0.0,0.0,0.0,25,500,28002.181068680344,,,,2026-02-02T00:45:02.000Z
30.003092502695523,15.898568295326921,997.9951227198096,2.255372589032858,-0.08298220915475847,4098.047419092214,0.5379836721509411,2.1963322345225227,0.3842319165190897,0.0,0.0,0.0,0.0,25,500,27988.557927712067,,,,2026-02-02T00:45:03.000Z
30.005091626800766,16.01433862632298,998.0003032387185,-3.8946849482816286,1.9409769192267599,4096.498617191283,0.7178462289962667,1.2008008194284512,0.2932713754434303,0.0,0.0,0.0,0.0,25,500,28002.68650809835,,,,2026-02-02T00:45:04.000Z
29.992394211267108,15.930073679261609,998.0031727494027,1.9569156113331003,-2.516529258734576,4098.09017694817,1.350993905727516,-1.2849446619548281,-1.7313068096727535,0.0,0.0,0.0,0.0,25,500,28017.41850304387,,,,2026-02-02T00:45:05.000Z
30.015818811247584,15.877962634692379,998.0124190753065,-1.6210572596432526,1.2731064137465287,4096.289775666194,0.883624548970972,-0.34513723047659045,0.359521062140472,0.0,0.0,0.0,0.0,25,500,27987.433343613826,,,,2026-02-02T00:45:06.000Z
29.996576191446614,15.913889212192899,998.0078657064339,1.7139510739655721,4.645218450525532,4096.04780608657,-0.16048622032856263,-0.23603419015604085,-0.4002229523995679,0.0,0.0,0.0,0.0,25,500,27999.774398837242,,,,2026-02-02T00:45:07.000Z
29.998810843485234,15.945552290822414,997.9931899032723,-0.13689298533283129,2.1236332919794636,4095.2971715285726,-1.1229011560768327,1.0788495665089635,-0.8070880597375816,0.0,0.0,0.0,0.0,25,500,27983.82038941955,,,,2026-02-02T00:45:08.000Z
29.98681344090782,16.124469452702385,997.9885497776224,0.05755112816199717,2.828058271123975,4099.126826717664,1.667797933004515,-2.159268935319768,-0.33342370828241286,0.0,0.0,0.0,0.0,25,500,27991.670459819095,,,,2026-02-02T00:45:09.000Z
29.998061448437028,15.942905960050734,998.0170738110476,-0.3701952988424374,0.4366775008843214,4094.363142668116,-0.2377233733471127,-0.4990082644297892,-2.44152857091847,0.0,0.0,0.0,0.0,25,500,28007.019491717394,,,,2026-02-02T00:45:10.000Z
30.005322377368515,15.872845974972178,997.9841734032802,2.4242584084669723,1.9358638975299796,4099.064735449356,-0.4731074133605223,-1.7606364433375037,-0.591374223391938,0.0,0.0,0.0,0.0,25,500,27995.6937139821,,,,2026-02-02T00:45:11.000Z
30.007625106126927,16.013147742249668,997.9954749715231,-2.4791760250500565,-1.435706428708071,4096.999728247481,-1.7367268177644393,-0.28509551582833836,-0.7042945694842044,0.0,0.0,0.0,0.0,25,500,28007.424101387685,,,,2026-02-02T00:45:12.000Z
30.01561940737187,16.002918066067767,998.0064524482033,1.215680677470017,1.5917276246824528,4093.201387650396,0.33847310531211144,-0.4725008930849044,0.5571024469361402,0.0,0.0,0.0,0.0,25,500,28003.55883358677,,,,2026-02-02T00:45:13.000Z
30.005202348958253,15.95079469879898,998.0163876124695,2.2026603297791008,1.3087762681215265,4096.7352985859825,0.14888660395377015,0.07969406738271223,-0.15823013651088605,0.0,0.0,0.0,0.0,25,500,27999.3548172866,,,,2026-02-02T00:45:14.000Z
30.002769131957997,15.983877653415387,997.9981033847488,1.4326801610808213,0.5798223480753258,4091.799946984697,-1.5151149362494807,-0.6048743990091834,0.6388688736788816,0.0,0.0,0.0,0.0,25,500,27989.705874052765,,,,2026-02-02T00:45:15.000Z
29.995537048884856,16.09762270859966,998.0002734299427,4.649397828646835,2.6320148394369967,4097.251016033662,0.4532740421331758,-0.7510233913905242,-2.5495393447366808,0.0,0.0,0.0,0.0,25,500,28006.854882184976,,,,2026-02-02T00:45:16.000Z
29.99338259591767,16.06707057653992,997.991249725784,-1.0578935254493977,-1.0775696756947772,4097.770462965978,-0.49819192070143903,0.6196566917631479,-0.839098222571048,0.0,0.0,0.0,0.0,25,500,28003.041337284514,,,,2026-02-02T00:45:17.000Z
30.009702485146683,16.058423020687375,998.0012661611214,1.9146096451870624,-0.37411503294732523,4094.815288088696,2.6903150072886937,0.4546727409425804,0.5559970515714441,0.0,0.0,0.0,0.0,25,500,27984.719595919905,,,,2026-02-02T00:45:18.000Z
30.00951070351739,15.881632121547977,997.988498460207,-0.21218127068284065,0.19092408271659314,4096.247095391911,-0.5693611920908682,0.5513983427782422,-0.3088646305731551,0.0,0.0,0.0,0.0,25,500,27990.35474406717,,,,2026-02-02T00:45:19.000Z
29.989229872991512,16.288654806171532,997.9924971504678,2.466812152705339,-2.059221942178801,4099.908314867501,-0.4351933321977932,-0.17690009049084265,0.8454605329743672,0.0,0.0,0.0,0.0,25,500,27972.309711184487,,,,2026-02-02T00:45:20.000Z
30.007230958871535,16.10512522102742,998.0076389055414,-0.015377991442738949,0.45386388760049573,4094.988506591476,-0.8747762242543677,-0.5717385822251894,-1.8046029093892233,0.0,0.0,0.0,0.0,25,500,27986.343731937162,,,,2026-02-02T00:45:21.000Z
30.006503836913957,16.051702856319086,997.9956642318314,-0.7757515637249391,-3.437860825907694,4093.8821848258867,1.277876521041972,-0.11885248202077078,0.7311108396894743,0.0,0.0,0.0,0.0,25,500,27996.866237389797,,,,2026-02-02T00:45:22.000Z
29.988861911149858,15.88356882256028,998.0091724892205,2.612144407743258,2.0939090688564184,4098.963326804926,-0.3727757944647531,0.5011620700684521,-0.6391392177850403,0.0,0.0,0.0,0.0,25,500,27989.441443596523,,,,2026-02-02T00:45:23.000Z
30.00540456804789,16.09477301127341,997.9984649287335,-0.98312387803786,0.09327473313193149,4099.925174381062,-0.7249141537654967,-2.1767797009718484,-0.7361970843826743,0.0,0.0,0.0,0.0,25,500,27991.683334039462,,,,2026-02-02T00:45:24.000Z
29.98950453540518,15.949887148970067,997.9863115990713,-2.8254515178011124,-1.0417858078075266,4096.007391343695,0.7069550099205425,0.394111930370858,0.9910470469274518,0.0,0.0,0.0,0.0,25,500,28013.905701575757,,,,2026-02-02T00:45:25.000Z
29.975707070323264,15.980572919536403,998.0116836527571,-1.033693766347657,-1.668747224590243,4098.0229260708165,-1.3803529354131852,0.3091381873347979,1.1619011299565059,0.0,0.0,0.0,0.0,25,500,28010.28813324038,,,,2026-02-02T00:45:26.000Z
29.99839897586308,15.831922072394072,997.9868467391494,1.238065893177065,-0.46915805923837517,4098.6829518310615,0.6251105462489474,0.06215090608572699,1.0346996960872819,0.0,0.0,0.0,0.0,25,500,27993.053318122395,,,,2026-02-02T00:45:27.000Z
30.00257814705255,15.875851691405948,997.9939821249114,2.7840775031741827,1.376519421544827,4094.5150315349233,1.7813997166008577,-0.14931342187167515,2.038641925048266,0.0,0.0,0.0,0.0,25,500,28007.935376344027,,,,2026-02-02T00:45:28.000Z
29.998849291951167,16.043854649882714,997.9980030091806,0.22225875059302422,1.0954779574751212,4095.0293883292643,0.566607832835089,-2.5661193859324136,1.2668036084433343,0.0,0.0,0.0,0.0,25,500,28012.148728529042,,,,2026-02-02T00:45:29.000Z
30.028671068171878,16.10062346752705,998.0100582862066,2.6363941344680506,-1.411075894556922,4098.46174902631,0.6378983162599249,-0.4398532631004059,-0.795436583732299,0.0,0.0,0.0,0.0,25,500,28006.18548491586,,,,2026-02-02T00:45:30.000Z
30.00378851229235,16.068490441979502,997.994735151773,-2.716349842955187,-1.692079345255269,4099.370028557417,0.8700602169074838,1.7894387110773733,0.14163812813565044,0.0,0.0,0.0,0.0,25,500,28002.98927483042,,,,2026-02-02T00:45:31.000Z
30.00147141819299,16.065081899674293,997.9907328283753,-0.8865269296358058,1.3137974126392948,4097.125761720349,1.7097080286755186,0.01290129556830568,-0.36019790848493516,0.0,0.0,0.0,0.0,25,500,28010.983230777183,,,,2026-02-02T00:45:32.000Z
30.00429591303314,15.99352335430403,998.0016267307157,-0.5771502343082023,-1.4446948092300589,4094.240371292996,1.2098939600191043,-0.3072898386747181,2.0290898599490657,0.0,0.0,0.0,0.0,25,500,28007.695179799575,,,,2026-02-02T00:45:33.000Z
29.995586809956,15.959329298463379,997.9978603427677,-0.2291188549450393,0.11981954815900712,4099.974122223399,0.4396697222730237,0.01690619559011259,1.1048699546987093,0.0,0.0,0.0,0.0,25,500,27987.869057364427,,,,2026-02-02T00:45:34.000Z
30.009294790620935,16.02888951435654,997.9953260940096,0.16818877650039302,0.24750928504855413,4094.938058204376,0.9038914006360014,0.35477286862800855,-0.1888801367134558,0.0,0.0,0.0,0.0,25,500,27998.11067746061,,,,2026-02-02T00:45:35.000Z
30.00361001946177,16.082140832310028,998.0021648535649,1.3818219147843855,0.6241242634534768,4095.329724437657,-0.8859349254651107,0.6588202446894643,0.877909797753002,0.0,0.0,0.0,0.0,25,500,27994.479309189406,,,,2026-02-02T00:45:36.000Z
30.003151717038925,16.000486225493358,997.987964037846,-0.8896136763409805,1.7165408603637435,4096.684675668979,0.7762935907473221,-0.22888016315794182,-1.2321984663131047,0.0,0.0,0.0,0.0,25,500,28011.52473483927,,,,2026-02-02T00:45:37.000Z
29.99375879777133,16.12102520199134,997.9827815945904,0.2780573739062512,-2.5259258737346455,4099.108320841429,-1.0055559711837476,0.4249196023936837,0.25026173764547277,0.0,0.0,0.0,0.0,25,500,27994.195779492147,,,,2026-02-02T00:45:38.000Z
29.98435669673551,15.978493073618399,998.0213873010727,-0.0902457806481033,-3.8223186505209754,4097.707951953104,-0.36702241863162666,1.6766508027613596,-0.9379224926030842,0.0,0.0,0.0,0.0,25,500,27992.4781502869,,,,2026-02-02T00:45:39.000Z
29.994986139109226,15.901972106470394,998.0010418609336,-1.8517798077822998,-1.1348945624567033,4096.829731000724,-3.0825621751432375,1.0062507994327152,-1.688592200627407,0.0,0.0,0.0,0.0,25,500,28010.266820744717,,,,2026-02-02T00:45:40.000Z
30.0028263385626,15.9989637757959,998.0017418088196,-0.22733337816287078,3.603056815664372,4096.926577060236,0.40142965936746206,2.3403002158569794,0.7845362375298336,0.0,0.0,0.0,0.0,25,500,28002.596710159316,,,,2026-02-02T00:45:41.000Z
29.995553005202552,16.010597227825958,997.9921801061932,-0.2873190597942363,4.044348200174757,4096.087029337287,-0.6438720111083527,-0.6567703583517164,0.9085910951875514,0.0,0.0,0.0,0.0,25,500,28021.117823506316,,,,2026-02-02T00:45:42.000Z
30.002917271670675,15.99179699327236,998.0089769884349,-0.3301611300060922,3.662354271131775,4097.116279029037,1.1111452152044625,1.6761895075020152,0.4572126362119861,0.0,0.0,0.0,0.0,25,500,27991.377584771937,,,,2026-02-02T00:45:43.000Z
29.997676381231436,16.128065556088227,997.9946651473986,0.0635189131629015,-0.3859627355213792,4090.9408798446116,0.3901926106054028,-0.7906736399225947,-0.182967040566501,0.0,0.0,0.0,0.0,25,500,27994.81164070534,,,,2026-02-02T00:45:44.000Z
30.004305794846264,16.080530198072402,997.9721385231222,0.15134708122677226,-3.5642301639696576,4095.4067850818606,1.1240958947016253,0.3535661467404633,-1.2663586548464094,0.0,0.0,0.0,0.0,25,500,28011.21967737428,,,,2026-02-02T00:45:45.000Z
29.990231758741245,15.856905901137829,997.9943296665949,-0.8645903582146605,-4.686078203303682,4096.482643869834,-1.0835965446725377,0.7324765292380994,-1.1613468707172474,0.0,0.0,0.0,0.0,25,500,27987.20899628739,,,,2026-02-02T00:45:46.000Z
30.001928900118852,16.153436701419828,997.9971858692207,2.5454294679425296,-1.2280763230988223,4093.697971832761,1.0383860371596327,-0.5107771919044725,-0.9692799797387972,0.0,0.0,0.0,0.0,25,500,28013.19692357926,,,,2026-02-02T00:45:47.000Z
29.993590458536485,15.725858293917083,997.9982991639566,-2.3389612584060333,-0.3961472602987203,4096.7726466356235,2.105856344363327,0.0879642774742757,-0.2336732917249238,0.0,0.0,0.0,0.0,25,500,27987.925446178153,,,,2026-02-02T00:45:48.000Z
29.984617170578694,16.21510243728525,997.9980098833726,-1.4419402169397926,2.6012508021119176,4095.591057558028,0.7641582999318943,0.9104611024518411,1.0761787336049151,0.0,0.0,0.0,0.0,25,500,28006.102235632112,,,,2026-02-02T00:45:49.000Z
29.998348458769716,15.971269448644312,997.9935508538302,5.559927248447112,1.7356109190848914,4099.510951396631,0.7903490086922889,-0.7102708983119079,1.0604042110786527,0.0,0.0,0.0,0.0,25,500,27981.569489735346,,,,2026-02-02T00:45:50.000Z
30.01536317573818,15.98104322633485,997.9925847894029,-2.07598270997846,0.4548101579832412,4099.146039450429,0.169597676394935,1.669383459547647,-1.648567599612877,0.0,0.0,0.0,0.0,25,500,28000.451298399883,,,,2026-02-02T00:45:51.000Z
29.98541423592154,15.993998376102637,997.9970202133321,-2.7075093494195173,-1.7796895418822833,4095.0683888617637,-0.5246687805653643,-1.384596624727349,-0.6932333367169472,0.0,0.0,0.0,0.0,25,500,27986.30469510615,,,,2026-02-02T00:45:52.000Z
30.00119392250394,16.03852054328402,997.9835452391296,1.4689534900024357,-1.9215591164897805,4095.6983245768665,0.7611923727015086,1.9396914427283842,-0.7201610195718389,0.0,0.0,0.0,0.0,25,500,28019.262752370116,,,,2026-02-02T00:45:53.000Z
30.007975770632644,15.999973679873316,997.9804240370619,-4.154239707547748,0.5082553741428708,4095.852104868783,-1.5060829104020683,1.001326134799592,-2.5315831285012456,0.0,0.0,0.0,0.0,25,500,27989.283694872043,,,,2026-02-02T00:45:54.000Z
30.023000306851443,15.986660481116273,998.0009805548992,-0.4705478199448778,1.394101957679453,4095.0966810476807,-0.4177551249208164,-0.0897255763277786,0.5661209469499078,0.0,0.0,0.0,0.0,25,500,27991.711429910192,,,,2026-02-02T00:45:55.000Z
29.995070670175533,16.130891830935617,998.0011473487426,4.291649850152977,0.7837625244911691,4096.390049968057,-1.7710568023371822,-0.40266821123673147,-0.2461598243185216,0.0,0.0,0.0,0.0,25,500,28005.354259563028,,,,2026-02-02T00:45:56.000Z
29.993679993953958,16.056559607975085,998.0087940058005,-3.089871844306801,-2.0691959192133096,4094.4834358622247,-0.7036563773150829,-0.5070282627910236,-0.11314253663097591,0.0,0.0,0.0,0.0,25,500,27993.99042371103,,,,2026-02-02T00:45:57.000Z
29.988333078040608,15.904119614562925,997.9974443468963,-3.9639289714774266,1.3013352575841723,4093.738769330125,0.6420450918935612,-0.13579564025701485,1.3458710583756384,0.0,0.0,0.0,0.0,25,500,28006.999533570193,,,,2026-02-02T00:45:58.000Z
30.011405163348464,16.074067391433573,997.988063727869,-2.9983624039153964,0.8518219342028228,4097.245422447801,0.5053933762204632,-0.048495861548826256,0.08830901328435715,0.0,0.0,0.0,0.0,25,500,27992.891098213342,,,,2026-02-02T00:45:59.000Z
29.991325856707608,16.052410700318333,997.980603531848,1.7967191366939712,-2.1413328123803566,4097.259059168444,0.050913695535472696,1.2552262466345816,-0.4307304649660178,0.0,0.0,0.0,0.0,25,500,27992.120490433976,,,,2026-02-02T00:46:00.000Z
29.996294035682247,15.945472627441879,997.9910980392405,2.249553439971625,-1.5686419406005114,4094.39136848068,0.1704009940620107,1.9686541003845839,0.5720776210049433,0.0,0.0,0.0,0.0,25,500,27999.724412939195,,,,2026-02-02T00:46:01.000Z
29.98151062122629,16.079213842636218,998.0042251974405,-1.0251775939570176,1.376991949123133,4097.790710861525,-1.8858646178642093,0.19937992065400773,1.058871846575562,0.0,0.0,0.0,0.0,25,500,27987.8306949304,,,,2026-02-02T00:46:02.000Z
30.008839718426785,15.984242739877695,998.014414489034,1.3664248080021377,-0.4690150702917819,4094.736844541669,-0.3725622805709149,-0.8456284879894043,0.2964675660492255,0.0,0.0,0.0,0.0,25,500,28003.963663646675,,,,2026-02-02T00:46:03.000Z
30.01158258280778,15.97783265278749,998.0005408541277,2.780510655023979,3.1782946032729145,4096.506330476076,-0.68135160643521,-0.545726040636194,0.6891895986981486,0.0,0.0,0.0,0.0,25,500,28008.7729851987,,,,2026-02-02T00:46:04.000Z
30.008457750635845,15.975108688256707,997.9878641010966,3.574692828859651,1.0022585521291527,4097.640688025225,-0.6590596905145408,-0.18309078461128447,-0.1455676497428844,0.0,0.0,0.0,0.0,25,500,28005.529966399925,,,,2026-02-02T00:46:05.000Z
29.98394674718646,15.75718819430476,997.9912007939749,-0.49267056235969636,-0.9732623763785383,4095.9327748705928,0.5995786278137534,-1.0301221052967755,-0.08185774635966271,0.0,0.0,0.0,0.0,25,500,28006.432808713784,,,,2026-02-02T00:46:06.000Z
30.006071510407793,15.94733006670654,997.9915129407593,-4.602943435339974,-0.02041120078186536,4096.909481824282,-0.8605073265053105,-1.1789414021073787,0.11302071029882846,0.0,0.0,0.0,0.0,25,500,27980.751447800347,,,,2026-02-02T00:46:07.000Z
29.98327329615276,16.07131732421256,997.9959401139844,-1.6417578448193735,0.12676678527543633,4094.967140712225,-0.6046808501274109,2.097127212373027,-0.7531209504326618,0.0,0.0,0.0,0.0,25,500,27995.383522541408,,,,2026-02-02T00:46:08.000Z
30.000580403020642,15.997758875709623,998.0112089542499,-0.8536083898705152,-1.45678062648342,4095.607066833144,-2.0870692457095164,0.30261352594625407,-0.5680616143696008,0.0,0.0,0.0,0.0,25,500,27997.729348343564,,,,2026-02-02T00:46:09.000Z
30.002050775799837,15.871481357014424,998.0119890945016,-0.5178775931567812,-1.8251763963552532,4095.5882811382394,-0.2941231803761696,-0.8331331336803468,1.3778796418184736,0.0,0.0,0.0,0.0,25,500,28014.544526717957,,,,2026-02-02T00:46:10.000Z
30.003101832181084,16.096463125519204,997.9982774410522,-0.375718802017439,1.4027797876189987,4094.5068433069196,-1.0878375477136197,0.8166035703577127,2.0079560958623213,0.0,0.0,0.0,0.0,25,500,27994.1869261166,,,,2026-02-02T00:46:11.000Z
30.005346365326375,15.97013998404566,998.0018307011011,2.2377891958613385,1.6905465940841913,4095.6464516737683,0.07920292868964361,-1.1783461248068456,1.5921979140381801,0.0,0.0,0.0,0.0,25,500,27976.982655072097,,,,2026-02-02T00:46:12.000Z
29.99991966396441,15.877842450933848,997.9920244210713,2.5488568533751628,1.2075629391059173,4092.9027634022723,-0.9511080467424646,-1.0960120478710536,-1.3232573567685475,0.0,0.0,0.0,0.0,25,500,27989.96030493003,,,,2026-02-02T00:46:13.000Z
29.980375704872714,16.220601246167103,997.9829009155565,-0.3433473078495667,3.0306361886476036,4095.017692505716,0.1045422455492162,-0.8030424010642451,-1.4198575345849727,0.0,0.0,0.0,0.0,25,500,27993.388067826123,,,,2026-02-02T00:46:14.000Z
30.005351210087994,15.894682740551225,998.0178833835346,2.1969697521036373,-1.0835464720232038,4095.4302490132604,-0.14468576074234318,1.6545132808650334,-1.190709431945161,0.0,0.0,0.0,0.0,25,500,27978.435178660722,,,,2026-02-02T00:46:15.000Z
30.000976081411277,16.08794915112857,997.9767751294941,0.7153227332621788,3.3485415321422605,4095.487640495009,1.6720417730423207,-0.2528800657783739,0.13438744187948082,0.0,0.0,0.0,0.0,25,500,28009.68702520706,,,,2026-02-02T00:46:16.000Z
29.990973802086287,15.92306858991454,997.9816415968234,0.12901194572514343,-1.8018422371083056,4095.517005108258,0.4972179804531937,-2.4417069869024868,-2.8087245923576636,0.0,0.0,0.0,0.0,25,500,27984.30419967815,,,,2026-02-02T00:46:17.000Z
29.984306025788634,16.013582683457383,998.0179640585516,1.8130883142199277,-2.0253711267369856,4095.8764716002797,-1.839637872562303,1.2100659331755932,-0.5888015666195007,0.0,0.0,0.0,0.0,25,500,28004.460215482322,,,,2026-02-02T00:46:18.000Z
30.015400221859245,15.909781903663182,998.0001661540467,0.14450409647583162,-3.5199177642985005,4096.958883036172,-1.2648888441027084,-0.30638136416235745,1.4070992891611132,0.0,0.0,0.0,0.0,25,500,27989.076032743036,,,,2026-02-02T00:46:19.000Z
30.012313005382907,15.876069581872635,997.9887408509292,4.115622354195525,-0.8915906276536341,4097.749034148265,0.05520800899233323,-1.8494080058784057,0.9824388307289077,0.0,0.0,0.0,0.0,25,500,28015.06984367305,,,,2026-02-02T00:46:20.000Z
30.007059574073075,16.05222025446714,998.0068270363109,-2.8768223335891183,-1.0074446736589073,4094.7004695463033,-0.9298479483926507,-0.3166834879634098,-0.5090946505735073,0.0,0.0,0.0,0.0,25,500,27997.23846302222,,,,2026-02-02T00:46:21.000Z
29.993237000887653,16.04052905451344,998.0077305330605,-1.0303417981840355,1.051874560509301,4093.5935982892215,-2.968368430235852,0.5210038966049031,-0.4333554411706377,0.0,0.0,0.0,0.0,25,500,27995.208883454146,,,,2026-02-02T00:46:22.000Z
29.974830044477883,16.114464944421908,997.9866731435485,-0.2530377939079006,0.4877818832409019,4093.915911175514,1.3495463138337433,0.4040491665329693,0.5672417068069041,0.0,0.0,0.0,0.0,25,500,28005.282544466565,,,,2026-02-02T00:46:23.000Z
30.007646791754354,15.996561806970414,997.9946715462353,0.8789053809159811,-2.3859467420382736,4095.02559415761,0.7202240169054077,1.7984149791648192,0.935268755244199,0.0,0.0,0.0,0.0,25,500,27989.926995154794,,,,2026-02-02T00:46:24.000Z
30.003666867738552,16.22203517941265,998.0087624586371,2.535920974206178,-0.7854524768516351,4095.296157364367,0.5209768734917716,-0.8527678625699305,-0.5331372677397601,0.0,0.0,0.0,0.0,25,500,28005.75546473894,,,,2026-02-02T00:46:25.000Z
29.996253376909277,16.026834666743703,997.9918309425362,-0.0487971344723133,-0.7429240421753709,4094.460007867605,-0.6073230454709151,0.0467201202649723,-0.23436602171943766,0.0,0.0,0.0,0.0,25,500,27995.183313751637,,,,2026-02-02T00:46:26.000Z
30.01124806306698,16.05667746812372,998.0028216373861,-2.8444592990124145,-3.5519644939237853,4093.4077666715,0.4276767710099296,-0.6995692785784219,-0.5660097285200234,0.0,0.0,0.0,0.0,25,500,27994.0539815339,,,,2026-02-02T00:46:27.000Z
30.00847997533963,15.864157075489278,998.0142481218637,1.6850277929100086,-1.961893454026739,4095.0877583450515,-0.7043603242208816,-1.542192894187223,-1.3313494413752138,0.0,0.0,0.0,0.0,25,500,27999.124312897162,,,,2026-02-02T00:46:28.000Z
30.001760954882307,15.938591568487746,997.9760751516845,1.5099175322839289,-1.5416272612281787,4096.362853240228,0.20485730021769077,0.8855273723059548,-0.2197437480218142,0.0,0.0,0.0,0.0,25,500,27989.103295640132,,,,2026-02-02T00:46:29.000Z
30.00035058417871,16.0519679700516,997.9965875168067,-3.883717318758812,2.8672500396418927,4097.190058931671,-0.9205832258364774,0.46326956914752015,-0.2959275402087635,0.0,0.0,0.0,0.0,25,500,27998.091083154133,,,,2026-02-02T00:46:30.000Z
30.000509677175998,15.991577223758641,998.0026163599857,-0.007608267341598767,0.38290143191470516,4094.8851538937834,1.5162884505560141,0.2836784496988527,-1.2606441159886557,0.0,0.0,0.0,0.0,25,500,28003.394850471224,,,,2026-02-02T00:46:31.000Z
30.006799398728347,16.018768313503465,997.9820795061406,-3.180283661360596,1.3243375078949993,4095.1740043557134,-1.5702366540818447,0.42679019325864453,0.6460809376377294,0.0,0.0,0.0,0.0,25,500,27976.912586012822,,,,2026-02-02T00:46:32.000Z
29.99142523653457,15.91835062442858,997.9947038860975,-1.329302195004125,-2.997270994298424,4094.1466033823053,1.2322838295108312,-0.6854728526884201,0.4833206786258894,0.0,0.0,0.0,0.0,25,500,28010.913075295375,,,,2026-02-02T00:46:33.000Z
30.00425983121785,16.012194697347162,998.0104449864414,-1.8056178539255996,2.3884289660279836,4095.9371216592504,0.038915828017330296,-1.0056950873181933,0.6957197008450764,0.0,0.0,0.0,0.0,25,500,28008.159781301278,,,,2026-02-02T00:46:34.000Z
29.990794090555305,16.011854589159174,997.9929568485126,1.6185293964839715,2.6022041260481856,4094.303142731618,-0.4894669953419908,0.037647372169360274,-0.7680703554643681,0.0,0.0,0.0,0.0,25,500,27981.454228254337,,,,2026-02-02T00:46:35.000Z
30.013365551717524,15.881956498011476,997.9851567356411,0.23366034834436758,-3.996689934289252,4097.146255626482,0.16700292169573833,1.161211402411614,-1.9835756781146474,0.0,0.0,0.0,0.0,25,500,27979.895677043114,,,,2026-02-02T00:46:36.000Z
30.005321285715752,16.064254984468057,998.0113083182316,-2.5711820015120552,-1.4106334478316964,4092.428267016132,0.7333480071781809,1.608077135453547,0.4673311296456491,0.0,0.0,0.0,0.0,25,500,28008.41906625601,,,,2026-02-02T00:46:37.000Z
29.993117717383612,15.829993505308202,998.0044450169353,1.7601319259146846,0.9915311460310207,4095.280740655095,1.366746736694397,0.7954327068074329,-0.6641127146297134,0.0,0.0,0.0,0.0,25,500,28007.64518908516,,,,2026-02-02T00:46:38.000Z
30.000805958240296,16.01842380805977,997.999311437085,-2.8676116478568288,1.2887769070763644,4096.6022146783835,0.31314302313353215,0.029174426768095948,-0.890668133245701,0.0,0.0,0.0,0.0,25,500,28006.230347539913,,,,2026-02-02T00:46:39.000Z
29.99146213619972,16.17655926938255,997.9990160817289,0.6602275809418873,-1.3569894609744435,4096.367669032645,-0.8906960852622773,0.26978392939993606,-1.2570530746434425,0.0,0.0,0.0,0.0,25,500,27985.730761964976,,,,2026-02-02T00:46:40.000Z
30.015041128377007,16.068055053781908,998.010282824711,-1.6280213385831115,-0.6109989261073058,4101.386067327961,0.05563012376578855,0.01159385932537144,-0.2753225280871538,0.0,0.0,0.0,0.0,25,500,28018.286422237434,,,,2026-02-02T00:46:41.000Z
30.01622875984471,16.06742992460371,998.0029452832501,-0.7313541650610398,-1.1947621220902858,4096.699600049135,1.8167932366623727,-1.0259433396994282,1.577327297050473,0.0,0.0,0.0,0.0,25,500,27992.449991331843,,,,2026-02-02T00:46:42.000Z
30.00696223682563,15.91025733250513,998.0064561214626,1.008541496076768,0.22083609389223913,4093.991890806316,1.347678085512624,0.02464737821054295,-0.5054495213555146,0.0,0.0,0.0,0.0,25,500,28002.394765410183,,,,2026-02-02T00:46:43.000Z
30.015566565676547,16.176906205315287,997.9930743360519,1.042898798119058,2.3943570629238256,4095.809071505822,0.9087634781243586,-1.3348268175884932,-1.0898030441669337,0.0,0.0,0.0,0.0,25,500,28002.51779021839,,,,2026-02-02T00:46:44.000Z
30.001517959488726,16.13767180946023,997.9808264499119,2.6739381471119206,-1.5420843142824092,4092.4475073330673,0.7956870201223867,-0.12407722610303959,0.6519334010300283,0.0,0.0,0.0,0.0,25,500,28015.929311527972,,,,2026-02-02T00:46:45.000Z
30.007635125671747,15.915640997710444,998.0062191370021,-0.16450739934290634,2.001640995536828,4095.8388005014067,0.6994500906065418,1.6361051105963191,0.17281227977128397,0.0,0.0,0.0,0.0,25,500,28001.25167299944,,,,2026-02-02T00:46:46.000Z
30.012247245219097,15.952523675818512,998.0110092792166,0.6129017259266814,-1.5633441446937753,4094.3338878859986,1.15875483450987,0.8228592227833518,-2.1193013676882075,0.0,0.0,0.0,0.0,25,500,28004.158413556746,,,,2026-02-02T00:46:47.000Z
29.99994256404484,16.125465604492668,997.9977543803233,-0.8754746448086492,-1.6952544249937684,4097.83078055112,-0.45662878572190524,-0.9231191842365297,0.6623463197532866,0.0,0.0,0.0,0.0,25,500,27999.22874122546,,,,2026-02-02T00:46:48.000Z
30.000711038573172,16.179614737831677,998.0088775658379,0.3639797652455953,1.6371892366864265,4094.900919450809,-1.3550860657750061,-0.0724290696422832,2.1284677685016002,0.0,0.0,0.0,0.0,25,500,27988.034006112885,,,,2026-02-02T00:46:49.000Z
30.009336566014287,15.873531396490971,997.9966478720683,0.8789720960170234,1.8438727560152335,4095.7664681684096,0.06900350073706138,-0.8343763117547379,-2.6005359274290236,0.0,0.0,0.0,0.0,25,500,27976.81339403563,,,,2026-02-02T00:46:50.000Z
30.00646497965596,15.899628923027542,997.9990930083868,-0.19661969490875203,1.7028198735253086,4094.7288843171914,-0.817581586777691,-0.06251376817721002,-1.2357060240221238,0.0,0.0,0.0,0.0,25,500,28000.32579874794,,,,2026-02-02T00:46:51.000Z
29.99244539279799,15.985621324357783,998.0175242878838,-3.6075009681849926,-2.6315948164362823,4099.477702703707,-1.0550207553771844,1.041107816524563,-2.8485270886516063,0.0,0.0,0.0,0.0,25,500,27985.87636909485,,,,2026-02-02T00:46:52.000Z
29.978131706287286,15.782890597055749,997.997084799463,0.6629417926617907,-0.9319019561441015,4095.3575144677643,-0.7202785765879318,0.6530079383099038,-0.07530442074083482,0.0,0.0,0.0,0.0,25,500,28003.50177215314,,,,2026-02-02T00:46:53.000Z
29.99824471937403,16.001904516020943,997.9964943060745,0.729122954710914,1.6459771840066428,4099.665114086958,2.485313924533686,2.484144080745336,0.9903862366113527,0.0,0.0,0.0,0.0,25,500,28001.48750087184,,,,2026-02-02T00:46:54.000Z
29.979030858207746,16.118574351402998,997.9813002047679,-1.3603469526959018,0.08308368112778922,4097.628303524237,0.1361246340758442,1.1924774025075715,0.10550074979627926,0.0,0.0,0.0,0.0,25,500,28001.244336960473,,,,2026-02-02T00:46:55.000Z
29.990089826638943,15.856136298376425,998.0069007315998,-2.5687740721450285,-2.1473856923949284,4096.96413345467,0.36190783636098817,0.20400038107769147,1.3919956981126695,0.0,0.0,0.0,0.0,25,500,27989.470753805374,,,,2026-02-02T00:46:56.000Z
29.991257130427996,16.012710696497507,997.9929015863455,2.951758301007931,0.9166358782508834,4096.737466294635,-1.222362807004254,0.6771499741332931,0.8305502903301341,0.0,0.0,0.0,0.0,25,500,28010.365440763613,,,,2026-02-02T00:46:57.000Z
29.994313576890598,15.941822929500468,998.0014722501102,0.982891021788804,-1.429614517982941,4096.787594596432,-1.8437529587926298,-0.2024431741833357,1.702147323502177,0.0,0.0,0.0,0.0,25,500,28004.747710972297,,,,2026-02-02T00:46:58.000Z
30.008204381441637,16.16399459487539,997.9968496091257,-0.4581620618434194,3.589049696784424,4092.1446548413087,-0.8190526431188059,-1.1275042470864962,1.1602107681070948,0.0,0.0,0.0,0.0,25,500,27988.183002169353,,,,2026-02-02T00:46:59.000Z
30.010376795407304,15.943020813786696,997.9955420728451,-2.274065766294975,3.089682924836517,4095.4422332116983,1.4381955852087482,1.3057765782875206,-0.40294306860950446,0.0,0.0,0.0,0.0,25,500,28020.685475839222,,,,2026-02-02T00:47:00.000Z
30.005087407198072,16.15189930877486,997.9988227051014,-1.6436296568426918,1.2081948527111346,4097.690315942368,0.3342754660765211,1.008991476931648,0.06672645623483983,0.0,0.0,0.0,0.0,25,500,27997.89208682415,,,,2026-02-02T00:47:01.000Z
30.006325069760617,15.940254492918877,997.9995914766045,2.605180793572463,2.722013409539547,4095.902205633052,0.5985950914443922,-0.24105421459396426,-0.868676915480973,0.0,0.0,0.0,0.0,25,500,27986.657134993413,,,,2026-02-02T00:47:02.000Z
30.006561204563685,16.077117580533415,998.0117607905963,0.2753238817360922,0.1295827002467622,4093.189620306393,0.7385660392020614,0.2739357369313382,-0.2306561688680487,0.0,0.0,0.0,0.0,25,500,27992.416480157382,,,,2026-02-02T00:47:03.000Z
29.97503170008779,16.02519456183627,998.0152021185669,-1.1011741340014132,1.5308749887500317,4095.895191098845,-0.5913493797982777,1.2409391873848064,0.06183167201811978,0.0,0.0,0.0,0.0,25,500,27984.911091384332,,,,2026-02-02T00:47:04.000Z
30.000101976820073,15.98617273334857,998.0065071510244,1.0193784624493123,2.95544059060415,4099.408211032511,1.3879655839733676,0.8463514262060201,-0.08490732353535393,0.0,0.0,0.0,0.0,25,500,28013.59426917687,,,,2026-02-02T00:47:05.000Z
29.9820354127883,15.920947143094603,998.0127155591347,-1.6287963748926475,0.4909973635886254,4098.4937834310695,-0.6328075992221822,-1.4631012512496988,1.3422535263036104,0.0,0.0,0.0,0.0,25,500,28010.804483268294,,,,2026-02-02T00:47:06.000Z
30.005091394756715,16.032309542131788,998.0085414747075,3.0016860605607567,-0.5103743430285673,4095.875991981268,1.406232359262553,0.24362002148982426,-0.3301680625068308,0.0,0.0,0.0,0.0,25,500,28007.394795747365,,,,2026-02-02T00:47:07.000Z
29.979068918526803,15.955946473751508,998.0049461410193,2.7056010697934503,-3.4092439163542316,4097.902898554116,0.44230215613534063,-0.16763152548836402,-0.932086413557357,0.0,0.0,0.0,0.0,25,500,28005.511419018527,,,,2026-02-02T00:47:08.000Z
29.998195614646495,15.931023377519185,998.0145514293529,-0.9331481424055532,-0.16626705144298798,4095.266985959264,-1.7890451542463222,1.1130006991386807,-0.8696110349031873,0.0,0.0,0.0,0.0,25,500,28012.483421608165,,,,2026-02-02T00:47:09.000Z
30.005477697760195,16.14727227413757,997.9869152536908,-1.2573404940617208,1.6468463691246227,4092.592256826347,-0.748009486600535,1.0310427387826613,0.6551002716225308,0.0,0.0,0.0,0.0,25,500,27997.58005787578,,,,2026-02-02T00:47:10.000Z
29.988822420516836,16.054753022749324,997.9931553779875,-5.23626639738456,1.8912668551352594,4094.151068023741,-1.7849385328721046,1.318607828178045,-1.4031384080889997,0.0,0.0,0.0,0.0,25,500,28004.22662143479,,,,2026-02-02T00:47:11.000Z
30.00961715960513,16.06436389519072,997.9917909847314,-2.963161543102736,1.0087301314368196,4099.125777537017,1.1632821327942087,-1.1178943387202076,-0.2011861701509173,0.0,0.0,0.0,0.0,25,500,27991.88108469616,,,,2026-02-02T00:47:12.000Z
30.00506622169952,15.960840148138773,997.9969861208336,-2.6789395499155124,-1.0825981899244796,4095.4520138363414,-0.02473542080240107,-0.7841115340562388,1.327500245455421,0.0,0.0,0.0,0.0,25,500,27998.46551447559,,,,2026-02-02T00:47:13.000Z
30.00380824695838,15.98140216529167,998.0068590035809,0.2703806819747718,-3.953643137895181,4095.51323204125,-2.22834243994978,1.1140824361354387,0.2925984457408303,0.0,0.0,0.0,0.0,25,500,28004.500771731673,,,,2026-02-02T00:47:14.000Z
30.006980015875104,15.97514233326489,997.9888489654782,-0.6524674088827191,-0.9904301960094702,4095.4003236074504,0.37574688171965837,-0.5916458153424456,-0.07460538911875449,0.0,0.0,0.0,0.0,25,500,27969.188571762235,,,,2026-02-02T00:47:15.000Z
29.996407999122333,16.033723891250098,998.0050279919681,-2.690670974830483,-0.6086897421079028,4099.808273179146,-0.53716426238832,-1.5214329809143075,-0.03591040363842985,0.0,0.0,0.0,0.0,25,500,27993.802892243653,,,,2026-02-02T00:47:16.000Z
30.00151918863757,16.06418034518425,997.9941293908159,-0.5623280849291146,-0.6258579343800282,4099.251917830724,-1.4838058550333233,0.5325964876140653,-1.0295645922271728,0.0,0.0,0.0,0.0,25,500,28001.64987139774,,,,2026-02-02T00:47:17.000Z
30.00010051572234,15.996974862968843,997.9965293594681,1.010674295294697,1.2371127139558489,4100.437560466897,1.6779658369686972,-0.5472184402659728,-0.857134710434541,0.0,0.0,0.0,0.0,25,500,27999.224839340586,,,,2026-02-02T00:47:18.000Z
29.999874510553838,15.920735500581936,998.0020041566344,1.0556786998311742,3.9713528220296794,4095.6819095792,0.1072858660965787,1.7897907703084006,-0.19518167291457722,0.0,0.0,0.0,0.0,25,500,27995.476036742544,,,,2026-02-02T00:47:19.000Z
29.99327968923353,16.076057045702655,998.0168124813906,-3.7993405617177625,0.24705840368218604,4096.591248977495,-0.29343140231331255,0.29618455398846355,0.27127303010929316,0.0,0.0,0.0,0.0,25,500,28005.891519388075,,,,2026-02-02T00:47:20.000Z
29.987574678852774,16.003340386820835,997.9928765294775,-0.25652696096766164,-0.4334635783129233,4092.9667149011584,-0.399424780986017,0.16025928664166553,0.9481500118021107,0.0,0.0,0.0,0.0,25,500,27992.92287626792,,,,2026-02-02T00:47:21.000Z
29.996631416507107,15.855916362122901,997.9991990660651,-2.766681553943221,-0.518443626008185,4098.953868852236,-1.5132794691577722,-0.36924389161575705,0.09256061717143475,0.0,0.0,0.0,0.0,25,500,27987.780925400133,,,,2026-02-02T00:47:22.000Z
29.996080520928057,15.786470524992032,997.9892177477441,1.8034573942805479,0.2487695338154284,4093.664440897464,-1.3045488995841095,1.5908353339269714,1.352774175754248,0.0,0.0,0.0,0.0,25,500,28011.837661062895,,,,2026-02-02T00:47:23.000Z
29.992632690124832,16.02978971754605,997.9927805228366,1.568292832706997,-1.656587520696798,4096.433551127525,1.2849167848750833,0.35855445988982093,1.605198015209525,0.0,0.0,0.0,0.0,25,500,28010.426485259373,,,,2026-02-02T00:47:24.000Z
30.0085205378181,15.91705262011223,997.9891265856508,-1.7960544526489168,0.24039711749211015,4093.8053949447344,-0.4738828697857191,-0.40849951815620644,0.7952672124822038,0.0,0.0,0.0,0.0,25,500,27994.008509023974,,,,2026-02-02T00:47:25.000Z
29.988277933821443,16.043106212939644,998.0024478508797,-1.5320904048007997,0.9016246726635996,4094.8222663465226,0.0220677009368635,-0.7940837066054469,1.2249814080558845,0.0,0.0,0.0,0.0,25,500,27999.313054303133,,,,2026-02-02T00:47:26.000Z
29.998284908411087,15.922438169113606,998.0042530876949,-0.9225341009966145,0.41937212714897626,4094.3254751379004,-2.0443304762010746,-0.07347305456421788,-0.9907135213880943,0.0,0.0,0.0,0.0,25,500,28008.45989687357,,,,2026-02-02T00:47:27.000Z
30.011663397115612,16.0133185772495,998.0068704934672,-4.505586789462678,0.9150838680095624,4094.7842494786482,-1.3180920357955057,-0.9776468371548056,-1.1491989346880624,0.0,0.0,0.0,0.0,25,500,28000.440343267306,,,,2026-02-02T00:47:28.000Z
30.009091293525994,15.962159847203791,997.9924635028909,0.6719363468811532,0.8674952186970706,4094.921754593702,0.6098125198747528,1.0288774416789441,0.5179733762901656,0.0,0.0,0.0,0.0,25,500,28005.302076068714,,,,2026-02-02T00:47:29.000Z
30.012162938850974,16.17519208102733,998.0050794307855,-0.5456890926802614,-3.5437933644928874,4094.90346241015,0.3777117601138336,-1.808342054024234,-1.3412098118670472,0.0,0.0,0.0,0.0,25,500,28004.75566793727,,,,2026-02-02T00:47:30.000Z
29.99409219422626,16.095031565781863,998.0011310007825,1.9403501651357182,1.2737403167908063,4097.666667823561,1.7533751987243156,-0.1395140283330708,-0.2903718440159333,0.0,0.0,0.0,0.0,25,500,27996.80829782845,,,,2026-02-02T00:47:31.000Z
30.00784288125728,16.134729690018784,997.9994224750275,-2.1968184359251053,-1.3420296913249072,4093.790274413875,1.3429563316312263,0.6101335450879344,0.7711919053297392,0.0,0.0,0.0,0.0,25,500,28005.159240026813,,,,2026-02-02T00:47:32.000Z
29.98937029603022,16.002404776911906,997.9875857717249,-1.2382458964998633,-2.191678326007916,4096.441082854028,-0.23071097248482308,0.3421194201096571,1.413372924685207,0.0,0.0,0.0,0.0,25,500,27990.350563739754,,,,2026-02-02T00:47:33.000Z
29.997241260441836,16.082236093911487,998.0015325349932,-3.0130505160782306,-2.2089036557099924,4098.435918304611,0.472953564713271,-0.7172829730156689,-0.2542156502880655,0.0,0.0,0.0,0.0,25,500,28003.942743180785,,,,2026-02-02T00:47:34.000Z
29.998182441892197,16.009165007760114,998.0018495661991,-2.0085811269885063,0.8670832209450586,4094.9736072709734,-0.31660344290307396,0.6602587067065492,-0.6499442953076904,0.0,0.0,0.0,0.0,25,500,27999.259023435883,,,,2026-02-02T00:47:35.000Z
29.99424159787802,16.146959136743373,998.0010172844454,-2.363963992136438,-0.4451498544497059,4094.564162218505,2.0548098186386485,-0.8860393883859076,0.3204616215115825,0.0,0.0,0.0,0.0,25,500,27996.392795680847,,,,2026-02-02T00:47:36.000Z
29.996381860119154,15.992743793474373,998.0040005075728,1.9919473576928914,-3.3639375679708214,4095.5389507496393,1.1490146960523997,-0.02238465649681007,-1.0735434435238893,0.0,0.0,0.0,0.0,25,500,27987.532641305366,,,,2026-02-02T00:47:37.000Z
29.995066240725027,15.86025106596392,998.0069459565907,-1.3965236975027846,0.9560756303845669,4098.359450416721,0.16968509085775127,0.6518415719803556,-0.1732786482934271,0.0,0.0,0.0,0.0,25,500,28001.316592609593,,,,2026-02-02T00:47:38.000Z
29.990176061888985,15.800137847474605,997.9890197669105,0.2483513694892269,-2.8792162615976546,4096.388215261907,0.2003947848763514,0.4629127794931132,-0.00800004827628134,0.0,0.0,0.0,0.0,25,500,28000.385302776565,,,,2026-02-02T00:47:39.000Z
30.00856413506006,16.16683111195645,997.9978330391357,-0.7615268077236088,0.27964271703642174,4094.9375714107846,1.444850287259808,-0.675039011419468,-0.027983992670794922,0.0,0.0,0.0,0.0,25,500,27991.603635378444,,,,2026-02-02T00:47:40.000Z
29.998175499971257,16.047850447415087,998.0051576760156,-2.538930532025626,0.4769978513461083,4096.967753302376,0.5795778471138472,1.1974945165643633,0.0885034738178818,0.0,0.0,0.0,0.0,25,500,27984.031281797812,,,,2026-02-02T00:47:41.000Z
30.002014365439173,16.054425685004173,997.9973160517912,-0.3366008463432854,1.7711541633900898,4093.7954157003273,1.558628017070086,0.08669457148553406,-0.8345148555721418,0.0,0.0,0.0,0.0,25,500,27983.555248993685,,,,2026-02-02T00:47:42.000Z
30.00163776871193,16.148964784229157,998.0095942355706,1.1982066637271893,3.563369572933703,4097.362719020886,-2.1936479262588735,0.7429954109391514,-0.726992992618417,0.0,0.0,0.0,0.0,25,500,27997.459270104406,,,,2026-02-02T00:47:43.000Z
30.0005472642511,15.834826505627404,998.0009017849669,-2.4155187850867046,-2.7293526518010833,4096.817214615404,0.4612282614987982,1.5291010066732473,-0.7471162610326202,0.0,0.0,0.0,0.0,25,500,28003.064976394217,,,,2026-02-02T00:47:44.000Z
30.000928045460565,15.96413987847682,997.9804507735888,1.6182255814627575,-0.10494771212609888,4095.384383057722,-0.515434864681385,1.117520548774607,-1.620094339195057,0.0,0.0,0.0,0.0,25,500,28018.49971594301,,,,2026-02-02T00:47:45.000Z
29.99694582779969,15.976393017038497,998.008394289192,-1.6994418429553926,-0.5526705900884347,4094.3228284031056,1.7563779876279924,1.1201294063310439,0.34183032184610596,0.0,0.0,0.0,0.0,25,500,27999.548451549494,,,,2026-02-02T00:47:46.000Z
30.01418396868515,16.0742275233207,997.9988289677315,-0.9659678521456815,0.8674993719219245,4094.226638155433,1.5463986871898292,0.19267992984947224,0.894657451692005,0.0,0.0,0.0,0.0,25,500,27983.746139484214,,,,2026-02-02T00:47:47.000Z
30.007607447616355,15.930735977489912,997.9823028916687,1.0613662460200957,0.43133754186723716,4097.069634672692,0.032835809101306665,0.7939351209105097,0.7963100828535359,0.0,0.0,0.0,0.0,25,500,27997.930818317538,,,,2026-02-02T00:47:48.000Z
30.00018382032771,15.87986262564852,997.9974771013972,-1.326872314438976,-0.7050924854732399,4098.457961004978,1.5356309788110316,0.21359657456431608,-0.2624968604607547,0.0,0.0,0.0,0.0,25,500,28012.51364898519,,,,2026-02-02T00:47:49.000Z
29.99552945564034,15.87896513490029,997.9873163562139,0.07514971867173122,-0.881804377221711,4094.725384505942,1.783114519992506,-1.2093244677784134,-0.8110052394638876,0.0,0.0,0.0,0.0,25,500,27993.172043914987,,,,2026-02-02T00:47:50.000Z
29.99881179157271,16.1149418076272,998.0075313128559,-0.6293816575761849,-2.232901710368095,4096.916773407103,0.0744066719261473,0.30274379250504235,0.7443146423626893,0.0,0.0,0.0,0.0,25,500,28011.186035774008,,,,2026-02-02T00:47:51.000Z
30.004176215163717,15.925746790619689,997.9996415901985,0.258736013407637,1.9757231648130185,4091.8259459627957,2.4719337724318575,0.2563609837384655,0.6389230223745517,0.0,0.0,0.0,0.0,25,500,28001.75724713035,,,,2026-02-02T00:47:52.000Z
30.014999400925362,15.94479825156782,997.990762546352,-4.761478211046994,0.9184083631990585,4094.830764538686,-0.03134115266972247,0.5837293615218192,0.2174206424362958,0.0,0.0,0.0,0.0,25,500,28006.46881554521,,,,2026-02-02T00:47:53.000Z
29.98626952455335,16.06344981507279,998.0081084805696,-3.659363630416166,1.8355363955902746,4095.9378821342584,-0.2145209503359089,-0.12799697521339518,1.744311252423273,0.0,0.0,0.0,0.0,25,500,28018.58855998204,,,,2026-02-02T00:47:54.000Z
30.00659774758642,15.93010545917651,998.00458525666,1.2319340120936764,-0.6207922729510273,4094.1806331660364,0.8658725885843434,-0.7614555567638507,-0.02642552136706281,0.0,0.0,0.0,0.0,25,500,27981.62736092632,,,,2026-02-02T00:47:55.000Z
30.011267236367786,15.829505157724435,997.9976423526298,2.0743628112981005,-1.3136709373888609,4094.126987250421,-0.35379073114231385,0.6565060831752271,-0.25688998392488877,0.0,0.0,0.0,0.0,25,500,28008.96504183008,,,,2026-02-02T00:47:56.000Z
29.985132815300947,15.84182988262751,997.9875440256046,-1.8209734070630426,-2.1566301332584557,4094.664440887062,0.08533977579489384,-1.313272287252248,-0.39981733107460027,0.0,0.0,0.0,0.0,25,500,27999.052988821186,,,,2026-02-02T00:47:57.000Z
29.998188491232685,15.994319260328455,997.9915752620647,-0.4880567043422687,0.717835167481319,4096.584385456653,1.4094344240509098,1.4588191358564693,-1.5608777064808073,0.0,0.0,0.0,0.0,25,500,27990.508194666465,,,,2026-02-02T00:47:58.000Z
29.98935482026917,16.049732843036523,997.9914254209029,0.5894385058046031,-2.0795864490564693,4095.625341963187,0.01921885221727033,-0.2314180612049924,0.6613399641422925,0.0,0.0,0.0,0.0,25,500,27998.99365363077,,,,2026-02-02T00:47:59.000Z
30.00430529611677,15.979775475614957,998.0074649720326,1.3864352033174083,3.6973261379331004,4091.52353753335,-1.6950177929753076,0.24552817205616823,-0.10548536715777655,0.0,0.0,0.0,0.0,25,500,28016.909709431515,,,,2026-02-02T00:48:00.000Z
29.996416490676445,16.043044270380907,997.9831910271436,-4.055354543341697,-2.615285162186881,4091.75859969473,0.36731938784919665,0.558558153281572,0.5099312413567952,0.0,0.0,0.0,0.0,25,500,28013.349459797555,,,,2026-02-02T00:48:01.000Z
29.9986986093312,15.838716247399237,997.9995276518343,-1.7720804939567543,0.5473202384250038,4094.7862696442858,-0.6962935790523948,0.5906880448441909,1.8418780020912402,0.0,0.0,0.0,0.0,25,500,27979.992855388085,,,,2026-02-02T00:48:02.000Z
29.995889441927215,15.84546964590319,997.9974971560923,-0.6651587596997499,3.1337094144275723,4096.915373172107,0.865271157294546,-1.4089842999517348,-0.39075176990461724,0.0,0.0,0.0,0.0,25,500,27992.301602939842,,,,2026-02-02T00:48:03.000Z
30.007201634327682,16.225393591629423,998.0103553901778,1.4062803944720985,1.198179518527618,4090.5049903145496,0.6961897158262457,0.8240865805442636,-2.3380087167915513,0.0,0.0,0.0,0.0,25,500,28009.428942355695,,,,2026-02-02T00:48:04.000Z
30.00229032960598,16.12327842721367,998.0023273655768,4.99686096744299,0.35134742498355864,4095.0005396476968,1.471400348166522,0.30315382837627336,0.48107036951077237,0.0,0.0,0.0,0.0,25,500,27999.78255922217,,,,2026-02-02T00:48:05.000Z
30.002309267640396,16.07689718918985,998.0053521028515,-0.45601145361943574,-1.9369672939237912,4094.9475042869653,0.9075323007926969,-0.6352613845586089,0.16685938989267557,0.0,0.0,0.0,0.0,25,500,27999.81986660123,,,,2026-02-02T00:48:06.000Z
30.001606218250814,15.934027532926557,997.9947463999627,-2.8139549242079775,-2.763538377135408,4098.776675556417,1.0902442836580648,-0.7496669509459138,-0.7324538759713198,0.0,0.0,0.0,0.0,25,500,27984.316735442073,,,,2026-02-02T00:48:07.000Z
30.00572490880452,15.976199380926955,997.9876900181249,0.8045361544025961,1.5401002178351717,4095.229956376574,-0.6690967601377134,-0.3340530820568455,0.39726633562149777,0.0,0.0,0.0,0.0,25,500,27992.54523157701,,,,2026-02-02T00:48:08.000Z
29.997380281451438,15.99983226828664,997.9967452402412,2.64199157908142,3.012294481549893,4096.765977969482,0.8039864958905025,-1.298741686610492,0.7860963201043751,0.0,0.0,0.0,0.0,25,500,27986.41794252966,,,,2026-02-02T00:48:09.000Z
30.01700774787541,16.131434611371652,998.0077716238593,0.21602824195900183,-0.8776999809563429,4096.282514280175,1.9684512893602903,1.7222673909870256,-0.9466099102115474,0.0,0.0,0.0,0.0,25,500,27983.466825219184,,,,2026-02-02T00:48:10.000Z
29.987652052487814,16.04027827664451,998.0077489063115,-1.8132970903085857,-2.278123015232702,4091.7388670403857,-0.6886499086367672,1.4861513251433442,-0.3013318614033824,0.0,0.0,0.0,0.0,25,500,27987.422620166024,,,,2026-02-02T00:48:11.000Z
29.982740815518305,16.05259138012878,997.9956941242889,1.915987882960038,-4.916338861098037,4097.536414433263,1.799738291727098,0.45170020097593927,1.476753729848928,0.0,0.0,0.0,0.0,25,500,27990.719022425536,,,,2026-02-02T00:48:12.000Z
29.981913194313915,15.98323450648825,997.9913925619535,1.32709123699687,-1.9615296873250754,4096.430793010913,-0.5493500912013305,-0.22339841634209087,-0.7216221912293651,0.0,0.0,0.0,0.0,25,500,27992.38886531092,,,,2026-02-02T00:48:13.000Z
29.979204118807075,16.079266506684007,997.9894332087509,-2.052161688391249,-0.22731368499808038,4097.016537279349,-0.8519712450499742,-0.1971079879373953,0.06666975541378523,0.0,0.0,0.0,0.0,25,500,27991.578702779396,,,,2026-02-02T00:48:14.000Z
30.0067316981482,16.030232274743128,997.9986337339727,0.7628512350686839,3.1982464816734684,4103.852475412873,0.2962004433548381,0.7580657061739681,-2.6244111660438847,0.0,0.0,0.0,0.0,25,500,28010.204560734175,,,,2026-02-02T00:48:15.000Z
30.005513676992827,16.004402273274568,998.0013655117172,1.9945311353177453,1.346267384465937,4091.831774121003,0.7159104161288095,1.7578268995019506,-1.481845501081295,0.0,0.0,0.0,0.0,25,500,27990.928557949796,,,,2026-02-02T00:48:16.000Z
30.012077764917755,15.925691582781372,998.0147319151298,2.3637800851177873,0.610170809413506,4099.449393299522,0.911750123972265,-0.5703967395967432,0.15751749733279974,0.0,0.0,0.0,0.0,25,500,28014.261846921858,,,,2026-02-02T00:48:17.000Z
29.989433617852946,15.988642825789837,998.0012333075762,-0.13289795061891194,-0.8002393226022619,4095.4251049611994,-0.9617624207732018,-1.1175860426233242,1.227987809585601,0.0,0.0,0.0,0.0,25,500,27995.16024122411,,,,2026-02-02T00:48:18.000Z
30.007454614547456,15.892046729622004,998.0061376599381,-0.7161588923586377,-1.1663314345119127,4096.574657808806,0.4345400972542903,1.547640773595271,-1.362029682001001,0.0,0.0,0.0,0.0,25,500,28004.391986597508,,,,2026-02-02T00:48:19.000Z
30.000568240621494,15.995986099401305,997.9921953201209,2.4545476441625254,2.8112951950159273,4095.9089755093974,-0.6855545714835052,-1.7871385875844514,0.07456406206049655,0.0,0.0,0.0,0.0,25,500,28004.71143081399,,,,2026-02-02T00:48:20.000Z
30.00166586499156,16.00889113579649,998.0004170100493,-2.42032100596177,0.40147708151677897,4095.151527333204,-1.4889222560705766,-1.0085308082526463,-0.37571790905371677,0.0,0.0,0.0,0.0,25,500,27991.02156579207,,,,2026-02-02T00:48:21.000Z
30.006256228953497,15.759548161539369,998.0014007845554,0.8771585818420108,-4.205201383842044,4094.8603341435223,-0.9287363155327847,-0.2468578925108528,0.9530880549924937,0.0,0.0,0.0,0.0,25,500,27996.719094349923,,,,2026-02-02T00:48:22.000Z
29.992437182489375,15.976966046089949,997.9985946947215,-2.7400532547288585,-1.3470792957944857,4096.659017471146,-0.7509003659558182,-1.5604334678050311,-1.2178033053225852,0.0,0.0,0.0,0.0,25,500,27994.9705616306,,,,2026-02-02T00:48:23.000Z
30.025872491354043,15.88241197953954,997.9997818120313,2.1307525445192055,-1.7164320635432535,4092.9656526066565,0.5215951603525072,1.1121490628065982,0.43007764836748535,0.0,0.0,0.0,0.0,25,500,28003.72440712811,,,,2026-02-02T00:48:24.000Z
30.013318803042754,16.04986393255167,998.0012621846762,-0.516091031222323,-1.0925280183549297,4097.501158335043,1.1522136630686686,0.8569052705051,-0.653690686996257,0.0,0.0,0.0,0.0,25,500,27998.711555105823,,,,2026-02-02T00:48:25.000Z
29.994682940460045,16.063715974355098,998.004810368131,2.5371664712949387,1.1258213205701704,4095.1676111902293,-1.4732066298752666,-0.5747932272153171,0.2230380248264751,0.0,0.0,0.0,0.0,25,500,27992.516017260532,,,,2026-02-02T00:48:26.000Z
29.989092619422767,15.957366018233468,998.0116911804341,0.982825512711054,-0.21488976358849882,4093.7398613219193,0.35196107420805567,1.2796141191777477,0.06893105230847263,0.0,0.0,0.0,0.0,25,500,28001.190582886593,,,,2026-02-02T00:48:27.000Z
29.999120958381955,16.054902208712193,997.9773445220836,-2.44644046012386,-0.15373081400732405,4095.0999742840086,-1.1766981857709065,1.4492924284038262,-0.2517790741426178,0.0,0.0,0.0,0.0,25,500,28003.3961608313,,,,2026-02-02T00:48:28.000Z
30.00182258443582,16.059106693633506,998.0111373751414,2.8492554641544867,2.6269463226504732,4098.514298433725,0.6290854090140003,-0.11317064829006354,0.47781184626938444,0.0,0.0,0.0,0.0,25,500,28018.500446785427,,,,2026-02-02T00:48:29.000Z
30.010656152597083,15.977028416058824,997.9828919188368,3.102490532855459,-1.3929221795733768,4094.9293298259677,-0.6227305810037479,-0.4506681775680075,0.04365273430296112,0.0,0.0,0.0,0.0,25,500,28000.68126456096,,,,2026-02-02T00:48:30.000Z
29.988312790884315,16.153428697530366,998.0030876282103,1.7645729851984313,3.728399051774699,4096.7169072364195,-1.0513290180232788,2.259602027742478,-0.13280630207669494,0.0,0.0,0.0,0.0,25,500,28000.100083468085,,,,2026-02-02T00:48:31.000Z
30.002854869431992,15.92749250629935,998.0235562896909,-1.5231757300724398,-1.3426151827421722,4094.538087448569,0.7996645153475748,0.721161822084155,-0.35641653402274304,0.0,0.0,0.0,0.0,25,500,28004.2839861046,,,,2026-02-02T00:48:32.000Z
29.984709849755852,16.147136570325316,997.9995745971157,-0.6120279087148177,0.17839639322514275,4097.515843699847,-0.5869226054450949,0.2563246529688533,0.07759838974533693,0.0,0.0,0.0,0.0,25,500,27990.50597637337,,,,2026-02-02T00:48:33.000Z
30.00436357593411,15.97748005708168,998.0018001913942,0.2908544348115188,-0.5624071908055338,4097.371015477581,-0.3159639513526983,1.3635459466396125,0.222043548146072,0.0,0.0,0.0,0.0,25,500,27982.744903989646,,,,2026-02-02T00:48:34.000Z
29.99892495779542,15.915667364677404,997.9968974028608,-1.4074207986628666,0.2468382670019221,4099.697217666593,-2.2199890875563764,0.30193063500302136,-0.9891420800806211,0.0,0.0,0.0,0.0,25,500,27996.87897908279,,,,2026-02-02T00:48:35.000Z
30.019366797622858,15.964845152419562,998.0066726234727,3.3846931449264095,0.8891839901462579,4095.648872109002,0.9465513614234737,-0.5056205859191885,-0.3494712379173766,0.0,0.0,0.0,0.0,25,500,28010.72099097978,,,,2026-02-02T00:48:36.000Z
29.984539974557805,15.890061077227069,998.0036220855264,0.28865294345207365,0.8676704801777531,4097.337309609516,0.8209085211691072,0.08015976048755348,-1.0551859446311727,0.0,0.0,0.0,0.0,25,500,28012.335517131687,,,,2026-02-02T00:48:37.000Z
30.013706083814903,16.07845578673892,997.9932395275522,-5.406696094214714,-1.50623466124116,4096.196135079078,0.005457844281313952,1.038654287319735,-0.03984542278078571,0.0,0.0,0.0,0.0,25,500,27981.206152942686,,,,2026-02-02T00:48:38.000Z
29.982961686648338,15.839723102192472,997.9988564694481,0.6787116255124407,-2.2458293548951413,4098.591743563726,-1.527580941355759,-1.9921855663492136,-0.592332204854028,0.0,0.0,0.0,0.0,25,500,28006.660794804935,,,,2026-02-02T00:48:39.000Z
29.986727897255935,16.138960855376883,997.9888156349622,-0.6963147936346263,5.0063435818114215,4094.5623352247826,1.209369178334763,-0.28803073943922103,0.7707831479812558,0.0,0.0,0.0,0.0,25,500,27978.152019981724,,,,2026-02-02T00:48:40.000Z
29.98322905441528,15.906413279825355,997.9988105857876,-0.14985311223689576,-0.9679686792011062,4097.490010625755,-0.6662633863607912,1.383057398581605,0.6727269777566897,0.0,0.0,0.0,0.0,25,500,28004.591805548327,,,,2026-02-02T00:48:41.000Z
30.00250352608451,16.083665337184595,997.9958062781309,-0.7372387315713992,1.3984248773439731,4095.610605407767,-0.4533534501005882,-0.5118684010935176,-0.9227485635643696,0.0,0.0,0.0,0.0,25,500,28003.993593128966,,,,2026-02-02T00:48:42.000Z
29.988263011892464,16.002422586106047,998.0013654095159,1.6140928332133746,-3.2152826210463936,4095.871623645783,2.312044056359531,1.5461085604314098,-0.0023073453984748184,0.0,0.0,0.0,0.0,25,500,27982.760199704844,,,,2026-02-02T00:48:43.000Z
29.986516684947194,16.027081528304958,997.9929008610286,2.2393755571067624,-0.5592254398093536,4096.183504968897,-0.7036364441092297,1.4147438193598127,0.6385165792483638,0.0,0.0,0.0,0.0,25,500,28010.00046143132,,,,2026-02-02T00:48:44.000Z
30.002027676016233,15.940995662872263,997.9978556830991,0.5661063245173075,-0.25439876796488586,4096.504480792853,0.7422099624265004,-0.06552911548895132,-0.17530832016402878,0.0,0.0,0.0,0.0,25,500,28017.43835901291,,,,2026-02-02T00:48:45.000Z
30.004517753858746,16.035280800033313,998.0000877277519,-0.6786223742763181,0.945630139855665,4095.7675419137563,0.5620922620826175,-0.5685393048890007,-0.7282175248055448,0.0,0.0,0.0,0.0,25,500,27999.375196689976,,,,2026-02-02T00:48:46.000Z
30.0003984930415,16.013497428855086,998.0007841769796,-0.08267440961834051,-5.444908281983878,4096.429426366341,0.39017219288008514,-0.2873588741496345,-1.0924035280447957,0.0,0.0,0.0,0.0,25,500,28001.40999874977,,,,2026-02-02T00:48:47.000Z
29.998377808509783,15.854208893183067,998.002742837157,0.039199233155256585,0.3322812261566613,4099.156236115125,0.2820005425545109,2.6646144920014345,0.8542675615783623,0.0,0.0,0.0,0.0,25,500,28014.79116202987,,,,2026-02-02T00:48:48.000Z
30.01828909632437,15.903749999706674,997.9982583233472,-1.6048600797296737,-2.2994829107357857,4097.97089937123,0.37638856188919934,1.8744244469332438,0.9027131482849698,0.0,0.0,0.0,0.0,25,500,27988.73667965912,,,,2026-02-02T00:48:49.000Z
30.00145836266242,15.94590878889902,997.9921330634107,1.1578572971424697,0.6486914223898477,4097.738309184993,0.27194059094054035,0.1253909718067383,-0.20794759887404865,0.0,0.0,0.0,0.0,25,500,27988.98922542377,,,,2026-02-02T00:48:50.000Z
30.00805691473922,15.924500348187355,998.0008207327265,0.9200846477209323,-2.072658393676326,4095.0889209479524,-0.05191835877606092,-0.6081535516204094,0.7661375845266774,0.0,0.0,0.0,0.0,25,500,27991.60616496081,,,,2026-02-02T00:48:51.000Z
30.0014292212569,16.125281094538366,997.998211421744,3.0808824795533467,-1.7109653918511627,4094.2215183435433,1.5112831241107423,0.11704103558126315,-2.965210529885341,0.0,0.0,0.0,0.0,25,500,28000.37082104311,,,,2026-02-02T00:48:52.000Z
29.989021237117452,16.00070141838475,998.0102464564211,2.51069956057695,-0.5472552207865363,4097.910601116476,-1.3126605607992783,0.2438269266167647,1.3275546507092362,0.0,0.0,0.0,0.0,25,500,28000.344158442625,,,,2026-02-02T00:48:53.000Z
30.00549887681902,15.922132865236012,998.0115074150091,-1.3713498351802604,-2.1046589392063906,4097.75209358506,1.0214581040153765,-1.243358737609354,-0.15694480527717874,0.0,0.0,0.0,0.0,25,500,27994.467097247198,,,,2026-02-02T00:48:54.000Z
29.9934420268853,15.950923017599695,997.9862791956456,1.6405967490179294,-0.9510688934707097,4098.945341351502,0.8223422986875516,0.08004126921526018,0.1417765607994892,0.0,0.0,0.0,0.0,25,500,27996.995195885425,,,,2026-02-02T00:48:55.000Z
29.999090138619607,15.949553691645294,998.0061715454842,-1.9019067661889433,-2.3867515370866306,4094.7920387480617,0.6983991213294012,1.32240432481173,-0.32051772366596937,0.0,0.0,0.0,0.0,25,500,27994.604317650494,,,,2026-02-02T00:48:56.000Z
30.003054026818933,15.971195052799493,998.0081774416109,1.3918642018816993,-3.666340903397455,4095.5409026892794,1.1169794276401286,-1.7993566812164734,1.3957074818675057,0.0,0.0,0.0,0.0,25,500,27995.081999886195,,,,2026-02-02T00:48:57.000Z
29.980585819331132,15.89246705952804,997.9865416870414,-1.0332283975202157,2.035914104858719,4092.7210316749492,-0.09259939526839296,0.8265839651372482,-1.0607316239555338,0.0,0.0,0.0,0.0,25,500,27992.314785397215,,,,2026-02-02T00:48:58.000Z
29.983904978761082,15.918606888940268,998.0057947281891,-2.046506446751169,-2.5920973856478566,4095.2150577878783,-1.8689740758268767,1.3747979700547797,1.4744603266068357,0.0,0.0,0.0,0.0,25,500,27992.39560261526,,,,2026-02-02T00:48:59.000Z
30.009094591724974,16.07666069111642,998.0089595491777,0.5600906853948089,-0.35736177521596707,4097.993141021159,-0.07229265971448583,-0.5605573450943682,0.39627092094511107,0.0,0.0,0.0,0.0,25,500,27979.990561650724,,,,2026-02-02T00:49:00.000Z
29.99336253553401,16.01853431033669,997.9905035336212,-5.3491342563082815,1.5057821629875698,4095.0670092415435,-0.9911942176245544,1.6941757581910564,0.622664215918158,0.0,0.0,0.0,0.0,25,500,27997.76324905622,,,,2026-02-02T00:49:01.000Z
29.99383678010891,15.98476624534598,997.9976365837688,-3.501951148810456,-1.2298882050320863,4097.280959590402,-0.7318592098580639,-0.6903370624483454,-0.3292045633289162,0.0,0.0,0.0,0.0,25,500,27980.44420677783,,,,2026-02-02T00:49:02.000Z
30.001664383973708,16.00026228173151,998.0018631993582,-0.35498376754856636,-1.6503317994910758,4095.6189937880044,-1.2424196738324118,0.44108266186040374,-1.3082191978963706,0.0,0.0,0.0,0.0,25,500,28007.505591187073,,,,2026-02-02T00:49:03.000Z
29.996143274028782,15.995443924342458,998.005704580601,0.1648835332696849,0.45247617733484297,4096.648114056443,-0.4773448584438344,-0.3067726846636304,0.9305107655361015,0.0,0.0,0.0,0.0,25,500,27994.40082155855,,,,2026-02-02T00:49:04.000Z
30.004175883816426,15.979086889526835,997.9901156058955,-0.7386375403163777,2.235867645454304,4093.7046172203686,-0.5966236939834492,-0.30699635716260354,0.31140835118933086,0.0,0.0,0.0,0.0,25,500,27998.805904212837,,,,2026-02-02T00:49:05.000Z
29.99948878211267,16.05171048387075,998.0115700669782,-3.1588725974351974,-2.3386305301729378,4096.170418899268,-2.3775698299271024,-0.6172990697580455,1.3616234583088176,0.0,0.0,0.0,0.0,25,500,27996.26790367248,,,,2026-02-02T00:49:06.000Z
30.001986029501804,16.044315998584793,997.9797065186993,-1.635783684277011,-0.30029566403487784,4090.0177280581984,0.7002219112822892,0.6985754808620198,-0.19377632021569816,0.0,0.0,0.0,0.0,25,500,27997.55886224652,,,,2026-02-02T00:49:07.000Z
29.992981416097578,15.84282370267728,998.0132374554893,0.7824186544747878,-3.4649891899346548,4095.626207683676,2.220321858004882,0.8488054577314491,-0.4192313788989148,0.0,0.0,0.0,0.0,25,500,28012.633748155968,,,,2026-02-02T00:49:08.000Z
30.00193594823281,15.986843781409076,998.0055026746779,1.1635635412567251,-0.78640200736438,4092.7390535125696,0.6062371934962887,-0.06442219957718869,1.388088236640302,0.0,0.0,0.0,0.0,25,500,27986.485035880727,,,,2026-02-02T00:49:09.000Z
30.011050890868354,15.849418060065924,997.9937822848885,-0.03244623519188248,0.06840936907615089,4098.411989033094,-0.20292395653422776,-1.3599682136722742,1.911894164497444,0.0,0.0,0.0,0.0,25,500,27983.766830776574,,,,2026-02-02T00:49:10.000Z
29.994322517838857,16.06355772034557,998.0086440584271,2.3136675620739777,-1.7092492835101314,4097.554814705529,-0.05474639567621555,0.40317016663438976,0.009347176365730014,0.0,0.0,0.0,0.0,25,500,28001.19372326664,,,,2026-02-02T00:49:11.000Z
30.00915318300272,16.076766655685027,997.989522009564,0.7947940469184686,-0.9139836676504629,4096.933341963932,-0.42098586801317606,0.4220143594106939,-0.7527574968571061,0.0,0.0,0.0,0.0,25,500,27995.041202762608,,,,2026-02-02T00:49:12.000Z
29.999484396816772,15.938922110235831,998.001149360544,-1.4949113079164245,-2.8164535366149,4099.042012454319,0.09004158386695832,-0.2167150113864274,0.810530762789549,0.0,0.0,0.0,0.0,25,500,28003.59623921344,,,,2026-02-02T00:49:13.000Z
30.00734481655978,15.988324104466528,998.0023850487381,-0.5610041068232348,0.15415722276298724,4094.10216695835,-0.037008094073233626,1.8672312871808086,-0.2540205661706743,0.0,0.0,0.0,0.0,25,500,28007.165772397413,,,,2026-02-02T00:49:14.000Z
30.00128771318353,15.788855970287775,998.0023613481396,-2.8057323144157094,2.1113884977662996,4099.494726395831,-0.8410484303982945,-1.563929264900654,0.5992628254007983,0.0,0.0,0.0,0.0,25,500,27988.93656743435,,,,2026-02-02T00:49:15.000Z
29.999665890799022,16.097278981409204,997.9916028244288,-0.2162779807828335,-2.1942877395409273,4097.864383128521,1.6828883889478314,-2.217283710253568,-0.2592759743787534,0.0,0.0,0.0,0.0,25,500,28006.03388843265,,,,2026-02-02T00:49:16.000Z
30.003497296820765,16.07096737402514,997.9950392282764,2.224201238442677,-1.2453435331047658,4095.5268894255623,-1.487154235709771,-0.7308348996976709,1.5640140182118132,0.0,0.0,0.0,0.0,25,500,27989.780565130804,,,,2026-02-02T00:49:17.000Z
30.01213597562302,16.115008526173753,998.0012674486615,1.3705801694219357,1.0050924929083636,4098.271240294366,0.7183315431942462,0.7104245340914495,-0.6994895050506996,0.0,0.0,0.0,0.0,25,500,28000.74575190938,,,,2026-02-02T00:49:18.000Z
30.00236097294215,16.14865441403371,997.9927325625704,2.804018651838244,2.4241814386454723,4093.7874129751767,-0.10119762731753187,-1.0558446374338408,0.48052966252196005,0.0,0.0,0.0,0.0,25,500,27987.63086276406,,,,2026-02-02T00:49:19.000Z
30.004785308309085,15.877589070702323,998.0027145279428,-0.6057704875979862,-2.9863796244178626,4094.3509716769445,1.9008318150657448,-0.9809709185260753,-0.48870197023212386,0.0,0.0,0.0,0.0,25,500,28001.321437571914,,,,2026-02-02T00:49:20.000Z
29.996315150864234,16.088804420163843,997.9938587403177,2.6921995890285153,-0.33756947483189864,4094.7828205535207,0.3408645992482214,0.9510213361781547,-0.2815065614207691,0.0,0.0,0.0,0.0,25,500,27999.79122719078,,,,2026-02-02T00:49:21.000Z
30.01570886473995,16.147930444441847,998.0100000002608,-0.38660845289593976,0.56626164463905,4094.942044583872,-0.35990553718324825,0.46254792279774964,-0.41205565476057665,0.0,0.0,0.0,0.0,25,500,27988.970705113938,,,,2026-02-02T00:49:22.000Z
30.006403371109297,15.850542212897077,998.0156268495057,2.943170165139788,-0.20411278125769594,4093.8868847144795,-0.24770719843449732,0.37706090962839983,0.7386080660934153,0.0,0.0,0.0,0.0,25,500,27986.41588658652,,,,2026-02-02T00:49:23.000Z
30.00077708460025,15.982878878815429,997.9970253582534,-0.04371349488424736,-4.953584133754174,4098.44616613419,0.03990669451976115,0.7814289194655282,0.9183631149338709,0.0,0.0,0.0,0.0,25,500,28007.50638584097,,,,2026-02-02T00:49:24.000Z
29.998773463277452,15.963659801677057,998.0092025876097,1.4144627476085534,1.0021800186175438,4095.4822911992605,-1.1427906949964008,-0.4251929532728843,0.557738828932371,0.0,0.0,0.0,0.0,25,500,27995.469995473217,,,,2026-02-02T00:49:25.000Z
30.00977908269273,16.08554618641915,997.9978769545843,2.950224728619711,3.0386727021812883,4096.705009936713,-0.7668695251179117,-0.3789840740581913,-0.10798346674527037,0.0,0.0,0.0,0.0,25,500,28010.12030962232,,,,2026-02-02T00:49:26.000Z
29.993937959229548,15.760605893365591,997.9906356880326,-0.3868552571624112,0.23332350233900687,4094.8592972671727,-1.7849439691918576,0.809779272561425,0.14018003100159276,0.0,0.0,0.0,0.0,25,500,27994.566062701753,,,,2026-02-02T00:49:27.000Z
29.982171249837286,16.181595769623218,997.9957428225945,0.43677797508834837,-2.0622121065885266,4092.358793398903,-0.9229768983740939,-1.3448867807811995,0.8977215684594247,0.0,0.0,0.0,0.0,25,500,28013.021797356192,,,,2026-02-02T00:49:28.000Z
30.000723995994246,15.98874629358054,998.0008556974076,2.5777268504126045,-1.0262544927285662,4096.540114716783,0.09390648166044979,-2.1427198463985464,0.9293115872076053,0.0,0.0,0.0,0.0,25,500,27990.516104450122,,,,2026-02-02T00:49:29.000Z
30.011900045731142,16.091609440201715,997.9821304233558,-0.2660063278601272,3.539826135311186,4092.1754900491605,0.300175049284521,-0.4332841736278544,-2.690275631353535,0.0,0.0,0.0,0.0,25,500,28014.727465575113,,,,2026-02-02T00:49:30.000Z
30.015913088111848,15.99397627623084,998.0062565676144,-2.641784565012322,1.8199250817211172,4095.862731907829,-1.9793296949964019,0.9308732890656916,-0.2722221717726958,0.0,0.0,0.0,0.0,25,500,28001.74371863058,,,,2026-02-02T00:49:31.000Z
29.998927060565663,16.049212505097966,998.0008602084894,4.28601410916982,1.2800532367686586,4093.2633699223343,-0.13721170304420047,0.25555969898680325,-0.22425879143948552,0.0,0.0,0.0,0.0,25,500,28003.997967407686,,,,2026-02-02T00:49:32.000Z
30.00043587663942,15.767858174138386,998.0100054395747,-0.9395289286742736,0.7128251670687521,4099.974551998462,0.5634099508221323,0.8572915041230154,0.669252564126162,0.0,0.0,0.0,0.0,25,500,27989.959753865554,,,,2026-02-02T00:49:33.000Z
30.00519530432516,15.96151176271993,998.0060813755377,0.31751210187508566,-1.3222742243819448,4097.822725444349,-0.16291219337623528,-2.016294310423165,-0.06677081771074578,0.0,0.0,0.0,0.0,25,500,28007.292151829308,,,,2026-02-02T00:49:34.000Z
29.99735650581136,16.084776121134368,998.0011994831716,2.312013338902254,-0.40114236131153713,4096.211507582543,-0.6337886457778004,0.31549680832349175,0.7191833809492872,0.0,0.0,0.0,0.0,25,500,28007.63928132411,,,,2026-02-02T00:49:35.000Z
30.00516405948391,16.02887323467137,997.9964416506465,-1.2169878074624036,-0.15584547135703172,4098.527413355309,-0.4121611450482139,0.6538645046423779,-1.0786607710305522,0.0,0.0,0.0,0.0,25,500,27996.755651424748,,,,2026-02-02T00:49:36.000Z
29.999145982489317,15.836315890727324,998.0152286172171,-2.0157358264442604,1.099148632128888,4094.3073680450684,-0.540763354977222,-1.3507974226106847,0.2600545154607801,0.0,0.0,0.0,0.0,25,500,27978.660046079993,,,,2026-02-02T00:49:37.000Z
30.0101136825719,16.00614248938766,998.0216987268684,0.5074745935496663,3.017837788533807,4097.08695875734,-0.6367305591080572,0.8620575905465448,0.9002056534504943,0.0,0.0,0.0,0.0,25,500,27988.866714340867,,,,2026-02-02T00:49:38.000Z
30.00722980513098,15.91812576741385,997.9966085059494,-3.586152795824779,2.236676273586256,4096.399620867437,0.17382352524484837,-0.11151889650579287,-1.4743828693181482,0.0,0.0,0.0,0.0,25,500,27988.865193386082,,,,2026-02-02T00:49:39.000Z
30.008102278323026,15.909458074882656,998.010422934737,-0.5758121537358405,-2.838768711592081,4096.528040162667,2.307688227735451,3.071336701606002,2.513643468208903,0.0,0.0,0.0,0.0,25,500,28004.493528175415,,,,2026-02-02T00:49:40.000Z
29.997946823551978,15.847930572668329,997.9929325034103,0.4900773286308118,0.44798993780209745,4098.544707000214,-0.7436999169051833,-2.1772360688967356,1.1908859328665193,0.0,0.0,0.0,0.0,25,500,27995.349676604797,,,,2026-02-02T00:49:41.000Z
30.019259273205023,16.061870262190713,997.9941231404631,-0.5399037936503283,1.473526690335794,4097.46498420556,-0.3181426326614269,1.3691143676747508,0.0013533024656418782,0.0,0.0,0.0,0.0,25,500,27995.54390283728,,,,2026-02-02T00:49:42.000Z
30.004839119423796,16.111301444393565,997.9961375504851,-3.086901886371494,1.2377206602892707,4096.57744732565,-0.05169793937523165,-0.39415809652607375,-0.8284081072387681,0.0,0.0,0.0,0.0,25,500,27994.336877301386,,,,2026-02-02T00:49:43.000Z
30.00247294053487,16.212014313416283,998.0068468268761,3.1883559124080243,-1.2584675267748389,4092.6902251275433,-0.6873544343582936,-1.6171517144400436,-0.17508515027370583,0.0,0.0,0.0,0.0,25,500,28014.69290277822,,,,2026-02-02T00:49:44.000Z
29.99239057019433,15.852595160825707,997.9892508670566,0.20707630789835077,5.828218431536723,4094.079907409441,1.0982358035234265,-0.526955143564992,0.08380235961134057,0.0,0.0,0.0,0.0,25,500,28000.453519608298,,,,2026-02-02T00:49:45.000Z
29.999029281798514,16.07673721612265,998.01549964227,2.862304235523482,-2.5541691246622378,4095.7545821328085,-2.370885373306438,0.27747924133746593,0.4406625568120475,0.0,0.0,0.0,0.0,25,500,28001.97740335583,,,,2026-02-02T00:49:46.000Z
30.001143797607025,16.08331713704209,998.0093787225737,-0.5200725003608895,-2.1663768933321,4096.186744748553,-0.5310591703786757,1.0374666695650432,1.5006608494600309,0.0,0.0,0.0,0.0,25,500,27993.80610488562,,,,2026-02-02T00:49:47.000Z
29.99212322703576,15.9419495322782,998.0066151520543,-1.7600239633815278,0.4671901625231526,4093.739592550652,0.818313736319962,1.7219642881321755,-0.476098469442846,0.0,0.0,0.0,0.0,25,500,27999.703613429927,,,,2026-02-02T00:49:48.000Z
29.99707682854231,15.908242161459066,997.99706185334,0.5383618405103198,4.233606109927707,4100.823353351157,-0.29409430838863376,1.4218930887043426,0.5627098375725612,0.0,0.0,0.0,0.0,25,500,27990.243106572947,,,,2026-02-02T00:49:49.000Z
29.99834199981897,15.891425767903307,998.0082948758985,-0.43157425265643923,-1.6723897014083418,4099.032788110507,-0.8208389588502913,-0.9653820207044944,-1.292429162600113,0.0,0.0,0.0,0.0,25,500,28003.43724677558,,,,2026-02-02T00:49:50.000Z
30.000559206609232,15.947264675653978,997.9708263713869,-2.355522915982716,-0.5316567312939846,4097.204236640785,0.44075675443876416,1.1301646922661168,-0.4136007143252674,0.0,0.0,0.0,0.0,25,500,27988.53446422027,,,,2026-02-02T00:49:51.000Z
29.982372930099583,16.020262159585595,998.0044090136349,2.9395685175749913,2.1545873460313856,4096.144073722568,0.906343235397152,0.3912849571208737,0.37671684786935855,0.0,0.0,0.0,0.0,25,500,28007.442198455992,,,,2026-02-02T00:49:52.000Z
29.998647294592956,16.13601120105068,998.0016012206767,-1.244540445787992,-0.035724309775467,4095.5755820601976,0.2106354452150584,-0.6546030209289879,0.6912624910088047,0.0,0.0,0.0,0.0,25,500,27992.650477272284,,,,2026-02-02T00:49:53.000Z
29.9962265381692,16.11053383380101,997.9811378443478,-3.680532769591137,-0.6692077090605913,4094.0961630799557,-0.8012203598128833,-0.21191059347748104,-0.7532324766646197,0.0,0.0,0.0,0.0,25,500,28009.48392812988,,,,2026-02-02T00:49:54.000Z
29.99979115850375,15.838458305573134,998.0040625298274,2.6563321079146656,1.1312658037734402,4096.1549610370375,0.4562033191517433,-0.7098426594447239,-0.440791696011914,0.0,0.0,0.0,0.0,25,500,28019.07294257682,,,,2026-02-02T00:49:55.000Z
30.010352765661803,15.92111567513995,998.0059089172588,-1.0085960316252465,0.5450359804591862,4096.515505080286,-0.4020493002747899,0.03709234193645584,1.4605566355835455,0.0,0.0,0.0,0.0,25,500,28000.01101111525,,,,2026-02-02T00:49:56.000Z
30.020523954921213,16.12996403743095,997.9814626725516,-1.2156477852312486,2.0608775712735827,4093.516478849037,0.7451868818938278,-0.7296578822941202,1.161908619628045,0.0,0.0,0.0,0.0,25,500,28013.116151221428,,,,2026-02-02T00:49:57.000Z
30.006783771996446,15.926890716740493,997.9881322858234,-3.530775174059948,2.582937778130727,4096.66835283449,1.4832588848565909,-1.027994073217439,0.20845721705236636,0.0,0.0,0.0,0.0,25,500,28007.514489489855,,,,2026-02-02T00:49:58.000Z
29.987655778279336,15.994308583658983,998.0206438915185,3.4818829731939815,0.6140061200107234,4095.6894819023505,-2.6055767556885328,0.47911912778277205,-2.2366451532207154,0.0,0.0,0.0,0.0,25,500,27985.672179609643,,,,2026-02-02T00:49:59.000Z
29.996545930481673,15.829471106538591,997.998136464539,-2.578961174419375,0.583465450756618,4092.184384884245,0.11106747319563266,0.6287305482596371,2.5111325476900084,0.0,0.0,0.0,0.0,25,500,28001.109277775184,,,,2026-02-02T00:50:00.000Z
30.00595963308831,16.115303341551297,998.0097562605949,0.11689896141129978,0.4282219645722671,4094.279229978441,-1.7357339369476272,-0.18759700009161193,-0.019931561657245033,0.0,0.0,0.0,0.0,25,500,28005.011987056892,,,,2026-02-02T00:50:01.000Z
30.00483290496429,15.80872517941486,998.011268019243,1.825240645080881,0.9782611132985752,4095.172788933157,2.4417885853297707,1.3676513039359723,-0.3125670580213269,0.0,0.0,0.0,0.0,25,500,28005.977153154265,,,,2026-02-02T00:50:02.000Z
30.00987325735453,15.835718941921337,998.00393936814,0.843433866006194,0.11034127574292785,4099.775375314681,-0.46812453379619046,-0.26043058649511314,-0.5223599258541148,0.0,0.0,0.0,0.0,25,500,28001.78206804975,,,,2026-02-02T00:50:03.000Z
29.999026490057094,16.10508170608367,998.0101724135119,-0.1193086239843832,-0.001216964644578901,4097.113106249068,0.7463732418253723,-0.3027745451255383,0.3763670371991087,0.0,0.0,0.0,0.0,25,500,28001.65311396327,,,,2026-02-02T00:50:04.000Z
29.996364997556345,16.192006167956656,997.9788711164183,-3.4033317165748325,2.3932542416544846,4093.3290368618004,-0.035316859594895715,0.6604889823456973,0.38658258917092975,0.0,0.0,0.0,0.0,25,500,28000.050873581153,,,,2026-02-02T00:50:05.000Z
30.01752424003916,15.970938891527508,997.9976947058832,-1.6194496715345679,3.0322323607100863,4096.972072578836,-0.8030845807190595,-0.13242558494333675,0.9506278731265124,0.0,0.0,0.0,0.0,25,500,28001.331760859935,,,,2026-02-02T00:50:06.000Z
30.000586706033697,15.995313718813717,997.9691940127283,0.37560067608504405,-3.0151058892668416,4092.905392022123,-0.9220530471774268,0.08479772902614344,-0.9260621643490131,0.0,0.0,0.0,0.0,25,500,27987.76321029701,,,,2026-02-02T00:50:07.000Z
29.989833256239788,16.0908279559783,997.9825390633544,-1.5743481399739927,0.020042303481138144,4098.165382107774,1.585679173100759,-2.520438470619065,-0.31249487814126115,0.0,0.0,0.0,0.0,25,500,27997.637892190214,,,,2026-02-02T00:50:08.000Z
30.014751336570328,16.02894478146974,997.9945398550301,0.40671891999753546,-1.3773888668904695,4095.057750696364,0.9559380601783107,0.016707384737974892,2.0305457232242023,0.0,0.0,0.0,0.0,25,500,27985.470186451883,,,,2026-02-02T00:50:09.000Z
29.985039045086054,15.962678182062334,997.9933461556101,1.3634868176302835,-0.6219429329721446,4095.812727622522,1.9435840873775632,-1.82719593747126,0.22459063324999182,0.0,0.0,0.0,0.0,25,500,27995.02372317246,,,,2026-02-02T00:50:10.000Z
29.965049547775113,15.951454637861431,998.0004141028915,1.9250057716002034,0.8050324194706429,4098.651593295084,0.05545333515769916,-1.2209505709988706,-0.17252437332674642,0.0,0.0,0.0,0.0,25,500,27994.09194448899,,,,2026-02-02T00:50:11.000Z
30.007693867580375,15.843320204251501,997.999793494884,-2.452358715625367,1.3388767430849369,4093.4256728628316,0.2879196212460003,-1.335322538755505,-0.9416177655837017,0.0,0.0,0.0,0.0,25,500,27993.453370263294,,,,2026-02-02T00:50:12.000Z
30.009107009710245,16.023294177212023,998.0013374242998,4.393292109957908,-0.2242528872226898,4093.205763629774,-0.2671915656552882,-1.0425831535338261,0.5059343058207516,0.0,0.0,0.0,0.0,25,500,27989.47991842211,,,,2026-02-02T00:50:13.000Z
30.004140129419447,15.990808317793052,998.0017470964863,1.5349586891082612,-3.8266806694456057,4094.832801347308,-0.2870822031150092,-0.548853859632253,1.031018217042444,0.0,0.0,0.0,0.0,25,500,28002.69277273797,,,,2026-02-02T00:50:14.000Z
29.98697543916008,15.956215382088732,998.003329227246,-0.0034283073381279144,-1.9300911611523592,4098.076757702039,-1.0418869324773683,-0.4864926155454853,0.8745876458098074,0.0,0.0,0.0,0.0,25,500,27996.819296942882,,,,2026-02-02T00:50:15.000Z
29.999411301447577,15.89981852044376,997.9904095532258,2.179073166153281,1.792999340400332,4092.9613078490465,0.08401019092435126,0.6642752042571255,-0.25880086360891674,0.0,0.0,0.0,0.0,25,500,27995.79573744247,,,,2026-02-02T00:50:16.000Z
29.99721831426446,15.909946914670657,997.9927520768064,4.730815543999947,-5.4808528440698625,4090.335688803779,-0.7892465948861971,0.22238781413469702,0.3612522833635362,0.0,0.0,0.0,0.0,25,500,27985.92426005504,,,,2026-02-02T00:50:17.000Z
29.994627109891077,16.06183769205067,997.9996312194071,-2.877440202113739,2.3748543033639997,4095.097682283182,0.4419089221642027,-1.9010744288179857,1.6716594366486115,0.0,0.0,0.0,0.0,25,500,27997.02138807803,,,,2026-02-02T00:50:18.000Z
30.014120694308094,16.088166364840905,997.9997865704933,-0.4505252849827072,1.0424599812890827,4097.103481599822,0.17001021898020968,0.08329463754680776,1.070882292171469,0.0,0.0,0.0,0.0,25,500,28011.45532799916,,,,2026-02-02T00:50:19.000Z
29.989533339413683,15.967288384370939,997.9891807263471,-4.756863319746657,2.632352163060044,4098.4005234994775,0.2876820436757222,0.3182552465834273,-0.7841627421933196,0.0,0.0,0.0,0.0,25,500,28011.608063098603,,,,2026-02-02T00:50:20.000Z
30.003161044531065,15.956752042675362,998.0108155938101,0.38530306529604935,-0.3971383737619209,4095.073677275829,1.675129939690226,-0.3285665162529581,-2.5460050646214696,0.0,0.0,0.0,0.0,25,500,28003.735125797186,,,,2026-02-02T00:50:21.000Z
30.011940469836627,15.91463519533858,998.0072480067755,0.7307884838502815,-4.12281084804581,4095.177146785768,-0.037717949765591174,-0.06088597690670255,0.29677250708423497,0.0,0.0,0.0,0.0,25,500,27997.048460248803,,,,2026-02-02T00:50:22.000Z
30.003814415253192,16.093682004357426,997.9914028331464,-0.07832423088551886,0.860725283012996,4098.307801468512,0.7567270028534282,0.1903101253970567,0.7985681267484328,0.0,0.0,0.0,0.0,25,500,28005.589828302247,,,,2026-02-02T00:50:23.000Z
30.012411183724954,16.003099576965592,997.9979163398708,-1.3090671419966198,2.5493062480766824,4092.260516600609,2.0515094640855813,0.7645995976355802,-1.0892244918732625,0.0,0.0,0.0,0.0,25,500,27993.326464118232,,,,2026-02-02T00:50:24.000Z
30.005637147224288,16.036790097932727,998.0200953965079,-4.0990290323766505,1.849443611026842,4095.222958449634,1.3066170692950476,-1.5748799874627346,-0.0087895221227777,0.0,0.0,0.0,0.0,25,500,27997.007477441166,,,,2026-02-02T00:50:25.000Z
30.00429349670492,16.035847013009345,998.0016057703783,0.7470673668235374,-1.3253829669760708,4096.38084777985,1.1531696984548447,-0.244317038639649,-0.2636990658730787,0.0,0.0,0.0,0.0,25,500,27992.57477557403,,,,2026-02-02T00:50:26.000Z
30.003668348688322,15.969229837946607,998.003956859552,2.91086896783065,0.1735221509252934,4096.89843744257,-0.3066882155205,1.508336098057729,0.10428632223219882,0.0,0.0,0.0,0.0,25,500,28009.083664271642,,,,2026-02-02T00:50:27.000Z
30.006134432666503,15.883463990015658,997.9939106444887,-1.182036911466864,-1.065672537559848,4094.980386613618,0.22964305556779677,1.4166613082979562,-0.5446962871197124,0.0,0.0,0.0,0.0,25,500,28007.800059609915,,,,2026-02-02T00:50:28.000Z
29.996144609025876,15.900386684431409,997.9968688789147,0.88011985804629,-1.6385329283787442,4096.068882023412,-1.3182762920299418,0.85093692777578,1.2905109976279934,0.0,0.0,0.0,0.0,25,500,27999.65317740954,,,,2026-02-02T00:50:29.000Z
29.986981261481272,16.112788553264746,998.0151132598578,-3.136288626840101,1.910777142359702,4091.023345293174,0.49891440096441453,0.536824683955676,0.14796888063276262,0.0,0.0,0.0,0.0,25,500,28017.312523092907,,,,2026-02-02T00:50:30.000Z
30.009540434114633,15.927431568514942,998.001132944273,0.9144261273850277,-2.3950646225303243,4094.683503175332,0.2744601776138416,1.6546347484020885,-0.8790168861647499,0.0,0.0,0.0,0.0,25,500,28004.12514580771,,,,2026-02-02T00:50:31.000Z
30.011617423005056,15.958963768025164,997.9992907178113,-0.7867645954893141,-1.7876328611632253,4096.907017425109,0.0233851251561811,1.9178480016066657,0.9174621535937203,0.0,0.0,0.0,0.0,25,500,28003.562275463362,,,,2026-02-02T00:50:32.000Z
30.002519788109062,15.886560946462879,998.0000764108594,-1.5248359012058288,-2.208051266944771,4094.0354119314907,1.02719478824286,-0.12907998804685242,-1.264187595991705,0.0,0.0,0.0,0.0,25,500,28002.4912024654,,,,2026-02-02T00:50:33.000Z
29.994516243803655,15.878393348107359,998.0254538278841,-1.520727282432261,-2.9804950465980933,4096.117968443179,-1.2077748224243965,-0.9694324432883201,1.2844943775351327,0.0,0.0,0.0,0.0,25,500,27987.377131822668,,,,2026-02-02T00:50:34.000Z
29.984422828834703,15.923083500297128,998.0003980750315,-0.7872231640660199,0.29282858368520687,4096.893745001606,1.6348628511603471,-0.2702923176244952,0.9910594242225638,0.0,0.0,0.0,0.0,25,500,27991.057201685926,,,,2026-02-02T00:50:35.000Z
30.000858070999232,16.168840718424445,997.9916992330078,0.7648666313850708,2.323006096963952,4095.3149015982845,0.9017646879402839,3.0966955137720533,1.389775295320786,0.0,0.0,0.0,0.0,25,500,27999.453620463137,,,,2026-02-02T00:50:36.000Z
29.98651049655282,16.065803739119243,997.9934464909838,-2.6243264023910355,-0.3697535124905313,4096.340927541994,-0.07063397965197407,-1.5693563427251942,-0.15824637244161582,0.0,0.0,0.0,0.0,25,500,27999.53616521229,,,,2026-02-02T00:50:37.000Z
29.98511012497362,15.947321112857638,998.0078075600239,-0.7942306631357057,-3.011495601128333,4094.074534869431,-0.1487295878173936,-0.4705391395294173,-0.4961139797833766,0.0,0.0,0.0,0.0,25,500,28005.897627002105,,,,2026-02-02T00:50:38.000Z
29.999792684719843,16.1082876794552,997.9857151887335,-0.08294355599829534,1.679889079484055,4095.586777440608,0.48061121524859435,-1.4126911524926313,0.08402176093309313,0.0,0.0,0.0,0.0,25,500,27993.321328909456,,,,2026-02-02T00:50:39.000Z
29.99236230498812,15.984770112670356,998.0045058298147,-2.1980784490637184,3.371403508069943,4097.220432339179,1.5208512320637795,0.12476386287738533,-0.08443678635553135,0.0,0.0,0.0,0.0,25,500,28000.706867007564,,,,2026-02-02T00:50:40.000Z
30.003453095561646,16.135434004699185,997.9927618247235,3.593330403350034,-1.292484648293189,4096.3139459219365,0.10160771869001077,-1.2026910288948676,-0.6527362855635124,0.0,0.0,0.0,0.0,25,500,28000.885601311034,,,,2026-02-02T00:50:41.000Z
29.99840704397438,16.221173035039623,997.9814123044355,-1.7069909601226831,-0.9571085334354366,4094.826937460872,0.14403090197922622,-0.10875102283361787,-0.5536233141256425,0.0,0.0,0.0,0.0,25,500,28001.28195081776,,,,2026-02-02T00:50:42.000Z
29.993933654337773,16.10281617392662,997.9901992778308,-1.338873827266981,1.0313212601667885,4096.448432808582,0.018118477625871335,-1.950095160018759,-0.3663728472664642,0.0,0.0,0.0,0.0,25,500,28000.164145170533,,,,2026-02-02T00:50:43.000Z
29.98295084919271,16.00945509552226,998.0002753380968,-1.9566158996449958,3.2437474955701027,4097.429219581273,1.7820241127014727,0.6176206650846504,-1.1700036864398626,0.0,0.0,0.0,0.0,25,500,27985.96159981448,,,,2026-02-02T00:50:44.000Z
29.991471118741696,16.069930987351636,998.0139516739349,3.596960174276235,-1.0396682914504523,4091.900117442845,-0.36888310293702387,1.2223452564679749,0.6779632895993344,0.0,0.0,0.0,0.0,25,500,27977.38781536342,,,,2026-02-02T00:50:45.000Z
29.99183863509949,16.00150712192822,998.0091332941195,1.105810457198963,-2.66489956199641,4098.318148129912,-0.029507598619071266,-0.383943622063459,-0.05229713757100654,0.0,0.0,0.0,0.0,25,500,27990.582363641926,,,,2026-02-02T00:50:46.000Z
29.98774692326485,15.816400163602495,997.9970630977383,-1.8731840124872843,1.2628372125448128,4095.327490522638,1.4634356542609945,-0.13513000707570208,-0.30837846923364687,0.0,0.0,0.0,0.0,25,500,27994.688769772012,,,,2026-02-02T00:50:47.000Z
29.996709557047577,15.934537458578795,998.0097218706982,2.2124631177199374,1.5981361462845987,4096.850979866481,0.14701083361286355,-0.16340723073131225,-1.1103541609416774,0.0,0.0,0.0,0.0,25,500,27988.215481309497,,,,2026-02-02T00:50:48.000Z
29.988527480088255,15.904840840434678,997.9964322017076,0.4013973885777566,0.012262900870453706,4098.3944938472905,1.1370588600455223,0.18091067522502524,-1.160372977667465,0.0,0.0,0.0,0.0,25,500,27999.443261311255,,,,2026-02-02T00:50:49.000Z
29.99836257252709,15.932320895816913,997.9853348841525,0.5145068422230034,-1.1162665193149013,4093.256652605539,-0.9112800569029585,-0.03816958696642825,1.9359140507224122,0.0,0.0,0.0,0.0,25,500,28010.901069687883,,,,2026-02-02T00:50:50.000Z
30.002404112136688,16.179367143263946,998.0002108763563,-0.6889544175049054,1.9887574619840926,4094.5811179951447,-0.2052925216285141,0.768116952430694,-0.6272574628615696,0.0,0.0,0.0,0.0,25,500,28007.260331654277,,,,2026-02-02T00:50:51.000Z
29.99173830045611,16.112214974285465,997.9849406600499,-1.4988319739139466,1.0560720090959286,4095.4229026082485,1.4844340384402286,1.2330391334509456,0.6105283942093266,0.0,0.0,0.0,0.0,25,500,28004.663332954136,,,,2026-02-02T00:50:52.000Z
30.004254086294186,16.044088480144165,998.0079140830749,0.6755321981092027,-1.5368710338069858,4094.432492957751,-0.6763397157635455,-0.8140712224921829,0.1626344699001771,0.0,0.0,0.0,0.0,25,500,28009.853107386625,,,,2026-02-02T00:50:53.000Z
29.986386421287524,16.081234295045135,998.00805880089,-1.0901744599911807,0.098189462611343,4099.469873151674,-0.1512990397697074,-0.3093284927742968,-2.7751884611081024,0.0,0.0,0.0,0.0,25,500,27990.753769556697,,,,2026-02-02T00:50:54.000Z
29.988878226016038,15.810788651409414,997.9912003006046,3.6335112591502092,-2.703415064049293,4094.2864558123465,0.25668523089147866,0.9016194489247448,1.7924508231385923,0.0,0.0,0.0,0.0,25,500,27995.43203730329,,,,2026-02-02T00:50:55.000Z
29.99886782702375,16.07281837130895,998.0014559750682,-2.5385822104862084,1.3717809128758403,4094.8889064410264,-0.9891545179929867,-1.4216690480590324,0.684083978776116,0.0,0.0,0.0,0.0,25,500,28006.14846863058,,,,2026-02-02T00:50:56.000Z
30.006870410918886,16.093962431620216,998.0013604923419,3.0723135457098905,-0.5244671387657118,4096.408778063206,-0.4138101186218971,-1.97072128184557,-0.7676701543048088,0.0,0.0,0.0,0.0,25,500,27995.25469990828,,,,2026-02-02T00:50:57.000Z
30.008673995414892,15.776025281231272,998.0087196338177,-0.22263769759560137,-0.8714216647694742,4093.595700947848,0.11263668182564038,0.22631595289847858,-0.028366504429595287,0.0,0.0,0.0,0.0,25,500,27995.80173509849,,,,2026-02-02T00:50:58.000Z
30.016123906221576,16.07652367537794,997.9875493174602,0.5981714680422118,-0.06574897030486831,4095.2086385764874,0.04668173416196121,0.4963464110704922,-1.1491833674036658,0.0,0.0,0.0,0.0,25,500,28018.624191219093,,,,2026-02-02T00:50:59.000Z
29.996234111251823,15.857592635733292,998.0059948752357,1.6663155332588693,0.08061539866049565,4096.6349065225,1.2803520208371357,-0.7223001879535923,1.8262204784611338,0.0,0.0,0.0,0.0,25,500,28000.954420778635,,,,2026-02-02T00:51:00.000Z
29.998724986813215,15.802999464355397,997.98683230749,-1.2604985900088725,1.789860123131121,4095.334279191235,1.5414571948322535,-0.5786510541204551,-0.9076577082414645,0.0,0.0,0.0,0.0,25,500,28017.636262002008,,,,2026-02-02T00:51:01.000Z
29.98967324470982,16.13263182168596,998.0077718873767,1.728496769397273,1.182181062650443,4095.8132262822,-0.8560848720009113,-0.7601923217408988,-0.5230839966946594,0.0,0.0,0.0,0.0,25,500,27981.76703333597,,,,2026-02-02T00:51:02.000Z
29.98746233668009,15.899295095238767,998.0106269740133,-5.4150877107623545,-0.3128185575856054,4094.941335775103,0.11126851916748945,-0.8669252393444344,-0.7295610781475912,0.0,0.0,0.0,0.0,25,500,27993.69133695397,,,,2026-02-02T00:51:03.000Z
30.002285720863274,15.928405326061561,997.9933040860636,-1.4399790664438783,1.5273362994379904,4092.9710593816385,0.6742483084247656,0.6934958206046,0.08037940020917021,0.0,0.0,0.0,0.0,25,500,28004.08816580652,,,,2026-02-02T00:51:04.000Z
29.992241285005537,16.098960454275733,998.0121912886655,-1.8481256146821308,0.8014745073832261,4096.643186422679,1.5163474657991973,-1.1804984869976387,1.3703165001393138,0.0,0.0,0.0,0.0,25,500,28000.93732579773,,,,2026-02-02T00:51:05.000Z
30.012323792000174,15.96947617277476,997.9842596703699,-2.5070120247435232,-0.8531992725720742,4099.509866143295,0.7184902973171294,-0.26552286143334874,1.7893744490951577,0.0,0.0,0.0,0.0,25,500,27979.44453736803,,,,2026-02-02T00:51:06.000Z
29.985376142681325,15.981983462627092,998.0109958344522,-0.42990967615790227,-0.2494363164729718,4096.036803261567,0.2909134015923317,-0.9053361675148525,-0.3989961442222967,0.0,0.0,0.0,0.0,25,500,27997.704208194278,,,,2026-02-02T00:51:07.000Z
30.00486353205825,15.979791309356207,998.0143845623817,0.7714999363633896,-0.2964457776862416,4096.450528234495,0.6665425319826307,-1.4552889759012155,0.3782589823179224,0.0,0.0,0.0,0.0,25,500,28024.730175966186,,,,2026-02-02T00:51:08.000Z
29.98994260761183,16.03475987709748,998.0034581519415,1.4053199969986117,1.0105226863484034,4097.385445510234,0.6737688343362598,0.8701781747467708,0.08190541260407326,0.0,0.0,0.0,0.0,25,500,28002.4691277183,,,,2026-02-02T00:51:09.000Z
29.991795515332278,15.977366558360933,997.9980447421897,0.4817535144008152,-0.7340452294432835,4093.4613390069067,-0.9277142922843684,-0.5198252221735389,-0.981609264444058,0.0,0.0,0.0,0.0,25,500,28006.04435999999,,,,2026-02-02T00:51:10.000Z
30.00539112065252,16.01141260743591,998.003124198201,-1.3313869297870937,-0.7808183728432666,4099.405029316259,0.1927987925062688,0.18844008042075686,2.422555574595944,0.0,0.0,0.0,0.0,25,500,27993.560568320747,,,,2026-02-02T00:51:11.000Z
29.99324119563892,15.949644187458729,997.9939624163127,0.7380328756503343,3.9375146188679175,4096.404657592846,1.4591609941886914,-1.50807587980101,1.3627595622962556,0.0,0.0,0.0,0.0,25,500,28002.432841473965,,,,2026-02-02T00:51:12.000Z
29.9948421593248,16.035181958987938,998.0262462667916,0.24857138970170142,1.8794709634942084,4099.263713798178,-0.20735676869400466,-0.7419394537564759,0.18911584971103457,0.0,0.0,0.0,0.0,25,500,27999.876718017647,,,,2026-02-02T00:51:13.000Z
29.991878416364486,16.031384303190457,997.9941346870957,1.8721123358720324,-1.5212013288502781,4094.533934008952,0.12944664254744423,0.7560878806950055,1.5818760934989877,0.0,0.0,0.0,0.0,25,500,28011.188144317388,,,,2026-02-02T00:51:14.000Z
30.017850297916134,16.18978858376842,998.0131740116966,1.5538734058630332,1.1418819878843967,4099.636123845115,-0.24251644952602194,2.58727145584531,1.2121067127178047,0.0,0.0,0.0,0.0,25,500,28010.870008867798,,,,2026-02-02T00:51:15.000Z
29.9938251368892,15.96187490503263,997.9925877258257,0.06095282784125774,0.23670013131035447,4097.550310988069,-2.313859495606875,-1.9762160643903117,0.08186134108175565,0.0,0.0,0.0,0.0,25,500,28004.075161448207,,,,2026-02-02T00:51:16.000Z
30.00051552217433,15.981583448219501,998.015968082795,-1.7945060123225136,0.7831023505201876,4097.106080171705,0.020590177234679142,-0.20110779528942632,0.3259636053279932,0.0,0.0,0.0,0.0,25,500,28000.709658155945,,,,2026-02-02T00:51:17.000Z
29.99798086399719,16.023882432593705,998.0201232858176,-1.3059003116641617,0.2746826491302091,4096.468048908706,0.3017919306528727,0.4122805981435,1.512126142376654,0.0,0.0,0.0,0.0,25,500,27983.20892464104,,,,2026-02-02T00:51:18.000Z
30.002214170617243,16.09644356443147,998.0038599081101,-1.0995787192760667,2.3792852909704716,4095.502942763851,-0.512493390880902,-0.6161001532392837,-0.9461535811296805,0.0,0.0,0.0,0.0,25,500,27982.860445629045,,,,2026-02-02T00:51:19.000Z
29.99385263053034,15.89084148468228,998.0028665726857,-0.6305326678325115,0.6912406893028917,4098.401063316947,-1.1546369488847281,0.849521986994124,1.6736906973213392,0.0,0.0,0.0,0.0,25,500,28000.819109133976,,,,2026-02-02T00:51:20.000Z
29.997991827654584,16.010357652177508,997.9904342097522,0.5361008551795066,-0.12417739642857481,4096.280719739696,-0.8806064597816493,-0.8667326706603131,-0.22511256068511618,0.0,0.0,0.0,0.0,25,500,28008.746341114616,,,,2026-02-02T00:51:21.000Z
30.00393952008994,15.749217396394494,997.9892433239044,1.4303487802561168,2.0843811539660346,4092.0658605928256,0.7641876161355642,0.1538476602166413,1.5246767428475672,0.0,0.0,0.0,0.0,25,500,28013.31746056956,,,,2026-02-02T00:51:22.000Z
29.99136992861997,15.97284680832776,998.0029791460516,-0.10223738603075531,0.466570082175744,4093.765627076586,1.972524773046905,-0.5220719044983598,-0.0052265974628201255,0.0,0.0,0.0,0.0,25,500,27991.102612496263,,,,2026-02-02T00:51:23.000Z
30.01089321356628,16.107272703009937,998.0145819247718,0.032249575800944875,0.24295715865811565,4095.6283084956144,1.3824333409054328,1.2194310829547725,0.33760622247297195,0.0,0.0,0.0,0.0,25,500,27984.907614063588,,,,2026-02-02T00:51:24.000Z
30.011854805190417,15.927385756365268,997.9945179751085,0.28661261000000743,0.628045204972229,4096.6199979663315,-1.3443460048305518,-0.6763645030356056,-0.03430835657245901,0.0,0.0,0.0,0.0,25,500,28009.329591528945,,,,2026-02-02T00:51:25.000Z
30.006064926261587,16.01768376152853,998.022079292178,-1.03181062626468,-0.187218046732733,4095.8868230222,0.8546273105507028,-0.3518737962865159,-0.5318436228112274,0.0,0.0,0.0,0.0,25,500,27991.853082329017,,,,2026-02-02T00:51:26.000Z
30.000698763835963,15.94710944256164,997.9938985406037,-1.8507845152859121,0.018453985990937803,4098.4379415795875,-0.66316237580929,0.9456890374971552,-0.27005489814431205,0.0,0.0,0.0,0.0,25,500,27984.229317323272,,,,2026-02-02T00:51:27.000Z
29.970093985517956,15.914059780226632,998.0022939194075,-3.5108757946214197,-1.1733891775237455,4092.0977962719226,-0.5822670625087771,-1.0280386590928636,1.379111403168567,0.0,0.0,0.0,0.0,25,500,27995.06321841881,,,,2026-02-02T00:51:28.000Z
30.004242911326546,16.09714859982681,998.0023201646641,-1.3902987161537448,-1.5023344392477576,4096.287175873011,-0.461975597971284,0.06875005676357226,-2.3141639826724685,0.0,0.0,0.0,0.0,25,500,27994.889010332758,,,,2026-02-02T00:51:29.000Z
29.99608669594771,15.895474131015435,997.9989846562477,0.9462909065355739,-1.9971407729648791,4092.3640415492255,0.7060669498554304,-1.8225343436866017,-1.2389659448048371,0.0,0.0,0.0,0.0,25,500,28013.201710763075,,,,2026-02-02T00:51:30.000Z
29.997537255885824,16.029296529386308,997.9795617248367,-1.405822876079135,-2.783966573594152,4097.519424590968,0.9592533764490382,-1.0879334586290748,-0.7254717093581022,0.0,0.0,0.0,0.0,25,500,28008.656339146815,,,,2026-02-02T00:51:31.000Z
29.981026226694773,16.030835162076617,997.9938092689957,-0.4756140748518794,-1.759434722769113,4095.811082571116,-0.09803107127978798,0.38213127589080353,-1.0783447924360212,0.0,0.0,0.0,0.0,25,500,27992.626128972366,,,,2026-02-02T00:51:32.000Z
30.004935884858742,15.914820048296138,998.001996392923,0.9328625748246339,-0.34853406893385125,4096.839219944049,-0.08107074100802476,-0.9906975095362324,1.509979610415489,0.0,0.0,0.0,0.0,25,500,28013.97954342556,,,,2026-02-02T00:51:33.000Z
29.98551418953173,16.015568525695763,997.9990401490402,1.0413789928453374,0.20623516489127403,4094.2722340788205,0.46426374323579306,-0.5445729318237916,1.2576769778532042,0.0,0.0,0.0,0.0,25,500,28001.250258579144,,,,2026-02-02T00:51:34.000Z
30.001184245459914,15.906505216253203,998.006362026594,-2.159065704332078,-0.542593126295281,4098.558929863316,0.5679945395242418,0.4930864020479377,0.5920318093946155,0.0,0.0,0.0,0.0,25,500,28010.60835635294,,,,2026-02-02T00:51:35.000Z
30.0090465748191,16.052179187490914,998.0075683591199,1.9941187129072828,-4.711406980254716,4098.083449328118,1.176225706758529,-0.5791861411469302,-0.6378040674775352,0.0,0.0,0.0,0.0,25,500,28013.271785081222,,,,2026-02-02T00:51:36.000Z
29.995306718186825,15.86850542853571,997.9975992153882,2.2547001787109706,3.1491727155246845,4097.167088606024,-1.2843719755091987,0.8228420732163579,1.3350518667941367,0.0,0.0,0.0,0.0,25,500,27997.374070999304,,,,2026-02-02T00:51:37.000Z
30.012160517252283,15.966039449680816,997.9903756962768,-2.2596997144371196,2.1729602457807635,4095.740965506273,0.02002733980403,0.21566278748606432,-1.5881299259955441,0.0,0.0,0.0,0.0,25,500,28005.71319574127,,,,2026-02-02T00:51:38.000Z
29.992530096217926,15.97472283403421,998.0154831770539,-1.6476737392823082,0.8915197024342574,4097.15971457059,-1.0680243758911776,0.43568311192450304,2.141982640147936,0.0,0.0,0.0,0.0,25,500,27995.932415355666,,,,2026-02-02T00:51:39.000Z
30.00600433076731,16.111295533821067,997.9864453766949,2.382181366292383,3.814981345106536,4094.5862148640254,-0.050942279063403054,1.2409655987385322,-0.6846297971775508,0.0,0.0,0.0,0.0,25,500,28009.30102261919,,,,2026-02-02T00:51:40.000Z
29.986952142485414,16.014004307171188,997.9940469277657,-0.29370704251060176,-1.9547282349674213,4097.711111318042,-0.22617528768076092,0.31982306261406573,-0.2620352218414382,0.0,0.0,0.0,0.0,25,500,28000.902751438036,,,,2026-02-02T00:51:41.000Z
30.010311304346803,16.095501349011204,997.9915004007603,-4.439555894903702,3.7752502412520093,4099.298961788648,-0.04674945390270229,1.538847290469344,-0.4293438504947142,0.0,0.0,0.0,0.0,25,500,28009.603222190657,,,,2026-02-02T00:51:42.000Z
30.008759903825794,16.05546910484899,998.007464576218,-2.7993630094653725,-1.9304281535010959,4098.141221119959,-0.7997428881105317,0.9112622830378235,-1.073107414098677,0.0,0.0,0.0,0.0,25,500,28015.247566638183,,,,2026-02-02T00:51:43.000Z
30.00468357922964,16.054830300089577,998.0131702197448,-0.49873925034496247,0.47747585058271313,4094.5407950603853,-1.4872897932074287,-0.5234524298344567,1.9251131239369192,0.0,0.0,0.0,0.0,25,500,28005.47231831795,,,,2026-02-02T00:51:44.000Z
29.996067158633863,15.966806680976994,997.9982630662449,-2.3260853005692037,-2.5476746502684087,4096.722834634546,-2.094437526714903,1.2931480750212714,0.7888946307844868,0.0,0.0,0.0,0.0,25,500,27999.06540144258,,,,2026-02-02T00:51:45.000Z
29.985979993765717,16.10209058835249,998.0022977676033,-0.8268475412728827,0.029388191088733584,4093.413716912483,-0.13118015426484045,0.26386602090294525,1.2154705420797873,0.0,0.0,0.0,0.0,25,500,27999.2317212341,,,,2026-02-02T00:51:46.000Z
29.996093596847807,15.9643829590698,998.0042877182099,0.06479242736715746,0.7723329959967774,4097.144780622351,-0.4310011058329391,-0.3946797086605034,-1.223669272060771,0.0,0.0,0.0,0.0,25,500,27970.429682490212,,,,2026-02-02T00:51:47.000Z
30.011103071757482,15.82701745200699,998.0180400409859,2.9245092080694577,-0.3093806622691094,4096.901206825725,-0.6759376648038271,0.27838569532088264,0.1809378270039994,0.0,0.0,0.0,0.0,25,500,27992.872056801687,,,,2026-02-02T00:51:48.000Z
30.00129961871569,15.978521283153311,997.9822642655779,-0.5809078324555781,1.427754888180275,4092.2603673209355,1.3225484628316608,1.1123268243902629,0.5210286893314037,0.0,0.0,0.0,0.0,25,500,28009.325735203354,,,,2026-02-02T00:51:49.000Z
29.984469630704876,16.045347640464406,998.0074422189913,2.1450835991455177,0.19802889897451462,4093.676432312175,-0.8594381867953109,0.45504509424222184,0.2707565235498433,0.0,0.0,0.0,0.0,25,500,28009.69881207015,,,,2026-02-02T00:51:50.000Z
29.9887527236058,15.839337428128719,998.0037652474794,2.857520324073541,-1.0448294567550185,4095.4337222065124,1.4168340821388028,1.8223928325513976,-1.160373451068,0.0,0.0,0.0,0.0,25,500,27992.654323418996,,,,2026-02-02T00:51:51.000Z
30.012531514008522,15.911489764127962,997.9962916047475,2.868619338704152,-1.1336266356046785,4095.3982805057185,1.623843744269257,1.0865305578988218,1.0755000211306371,0.0,0.0,0.0,0.0,25,500,28001.645746177386,,,,2026-02-02T00:51:52.000Z
30.004879127521278,15.876941155982264,998.0032622673572,0.5695091867711365,1.6218275452313928,4093.5810461291626,-1.950900466789381,0.5231600334021624,0.12155008278515436,0.0,0.0,0.0,0.0,25,500,27998.107335779205,,,,2026-02-02T00:51:53.000Z
29.9876599987926,16.078671710470896,998.0074082897582,-3.9265782956779485,-1.307484059613935,4096.777957458705,0.09238145899896975,-1.0260680827411577,-0.9549640356430029,0.0,0.0,0.0,0.0,25,500,28006.896023787092,,,,2026-02-02T00:51:54.000Z
29.982341685038254,16.16728626370125,998.0058316271248,0.9216497308077306,1.8308059409698738,4096.502947217881,-0.3996964908359908,-0.17973251401012086,-1.8552505395526635,0.0,0.0,0.0,0.0,25,500,28022.086147633458,,,,2026-02-02T00:51:55.000Z
29.993749578654,15.979030084578678,998.0215850060591,2.096799775627082,2.4454235856638618,4095.611461736043,-2.9118039447172657,0.07166413975085133,0.60666651348988,0.0,0.0,0.0,0.0,25,500,28007.08468578002,,,,2026-02-02T00:51:56.000Z
29.981486412920102,16.053153036306824,998.001274815878,-0.16213421087083427,-3.33742772469226,4094.488416999683,-1.4446412530684143,0.696631501217747,2.4504557341315008,0.0,0.0,0.0,0.0,25,500,27993.298225454302,,,,2026-02-02T00:51:57.000Z
29.99844165509993,16.050551936589972,998.0002690518329,3.489167740150497,2.2658527746020694,4098.097414252833,0.7749361071084743,0.6373330412721927,-1.0152542733462815,0.0,0.0,0.0,0.0,25,500,27999.215804719093,,,,2026-02-02T00:51:58.000Z
30.024516253718364,16.155379694643997,997.9981870121433,1.7196671229349154,4.120845396889398,4099.310814226176,2.0191992527112643,0.16954041021828617,0.17044705041296596,0.0,0.0,0.0,0.0,25,500,28014.019282531026,,,,2026-02-02T00:51:59.000Z
29.984030439243007,15.93474470960474,998.0055297883714,1.1365467543055685,0.5040075224038569,4095.0328770323067,0.9026781426992484,0.12034991537717113,1.1104972790915768,0.0,0.0,0.0,0.0,25,500,27985.913230756156,,,,2026-02-02T00:52:00.000Z
29.998139743367936,15.978012103524168,997.9996794173851,2.172761422411676,1.1981683705896446,4094.7756661656904,0.3236324725129776,0.7204568950760697,-1.2696522661013012,0.0,0.0,0.0,0.0,25,500,27993.849423345113,,,,2026-02-02T00:52:01.000Z
30.013119265753314,15.965923135057594,998.0001320914506,0.6667397025217562,2.074010648738317,4096.982415330824,-0.021332381631087506,-0.8585862256299859,-0.47995676908502455,0.0,0.0,0.0,0.0,25,500,28007.099639320066,,,,2026-02-02T00:52:02.000Z
30.007490878583003,16.007536724004026,998.0001782986001,-4.985620998790707,-0.5509646303580445,4095.283941240506,1.6826629146481138,1.6955158192498565,-0.8601587792614019,0.0,0.0,0.0,0.0,25,500,28012.943312532054,,,,2026-02-02T00:52:03.000Z
29.99851259285201,16.25043168021168,997.9986539143051,-0.9982779029407313,0.3645604470757394,4095.7212055986734,2.1482392019576406,-2.0471668851634712,0.9846766948245461,0.0,0.0,0.0,0.0,25,500,28006.089679022734,,,,2026-02-02T00:52:04.000Z
29.99853651329832,16.00308111151973,997.9939132719785,2.394336054495707,-2.6283990592462185,4097.479306303449,-0.5868426795241861,1.4554094821720291,1.3255225693540593,0.0,0.0,0.0,0.0,25,500,27993.933050847827,,,,2026-02-02T00:52:05.000Z
29.988440902175753,15.914528934739295,998.004181065382,-1.615182680196592,0.27727005706090196,4092.1812878249852,-1.999986560310291,-0.04518552842516206,0.159036264731735,0.0,0.0,0.0,0.0,25,500,28005.365353013265,,,,2026-02-02T00:52:06.000Z
29.997323442299944,15.884550277310687,997.9971495243499,-0.4469450104738783,0.996223991289083,4098.636604649705,-2.0981874632712016,1.002579814271594,-0.841734068994101,0.0,0.0,0.0,0.0,25,500,28004.142927667366,,,,2026-02-02T00:52:07.000Z
30.002434407142403,16.125264500731305,998.0061367950282,-2.0896726278061424,1.0323260458529386,4096.145361048659,1.321880992159802,0.36384043429261276,-0.44279093792784774,0.0,0.0,0.0,0.0,25,500,28003.50821767023,,,,2026-02-02T00:52:08.000Z
30.01105113543274,15.914074549602192,998.0011076762893,3.567845190403538,2.130849447195161,4095.1770137108756,-0.047058540774386516,0.3460344109108019,-0.6304985142467532,0.0,0.0,0.0,0.0,25,500,27999.029263230375,,,,2026-02-02T00:52:09.000Z
29.993798243764854,16.06635869591991,997.9961342512368,3.362984914836031,-1.5496043562710582,4095.821531691557,0.18324191045871852,0.554254476026521,-0.9772688616230066,0.0,0.0,0.0,0.0,25,500,28000.529943081856,,,,2026-02-02T00:52:10.000Z
29.998101648719366,15.932030867074138,998.0156483040504,-1.7677377902814586,-1.0652135133469929,4095.924858710041,-1.7906509929567132,0.8090542890877785,-0.1020382008184647,0.0,0.0,0.0,0.0,25,500,27990.92500139461,,,,2026-02-02T00:52:11.000Z
29.990507865192434,15.873330726341683,997.9989768741445,0.294596000778168,3.7910146919827103,4092.53759739311,-0.7531889127884663,-0.32883082658724,0.5748264844618621,0.0,0.0,0.0,0.0,25,500,28024.802042249976,,,,2026-02-02T00:52:12.000Z
30.002253251795405,16.06051996003018,998.0062282301457,-1.3609880955280953,-0.30065674752741983,4098.989876454906,-0.2954808139007823,1.0347991305262363,0.4902574444285194,0.0,0.0,0.0,0.0,25,500,28001.56999440677,,,,2026-02-02T00:52:13.000Z
30.00783779450309,15.936925513323647,997.99300017094,1.2298892780627562,0.400067574624656,4096.082651264541,0.20783838336407062,-1.0844706235787835,-0.008232364569510726,0.0,0.0,0.0,0.0,25,500,28005.485122810507,,,,2026-02-02T00:52:14.000Z
30.0062964801343,16.042542563923888,997.9797446066887,1.019366154484658,-0.1340200834504421,4096.886004260895,-0.398592038913759,-0.0053305733261247,0.05705383682536383,0.0,0.0,0.0,0.0,25,500,27997.820887835718,,,,2026-02-02T00:52:15.000Z
29.988298129245578,16.049928294084605,997.9943300083232,1.623411143226531,-1.6433616526100447,4097.903099541148,-1.0373261983013427,0.8359699242722769,-0.08155079508977878,0.0,0.0,0.0,0.0,25,500,28008.453103293796,,,,2026-02-02T00:52:16.000Z
30.001468632094564,16.05462652450125,997.978625512936,0.6638368954157746,3.2470584217836125,4093.9576750848796,-0.7845669926025229,0.9950175796158893,-1.2972115391662733,0.0,0.0,0.0,0.0,25,500,27987.01567058438,,,,2026-02-02T00:52:17.000Z
29.993226874717497,15.973185131605682,997.9976313713319,5.870812412776936,-1.0554028238412114,4096.946943798071,1.2083232859472328,0.46078884826140104,0.16013489698287253,0.0,0.0,0.0,0.0,25,500,27982.543944644858,,,,2026-02-02T00:52:18.000Z
30.01011050015653,16.06861835565047,998.0146864701454,-2.055847530021478,-2.25457104741386,4095.464717818202,0.24478461960349976,-0.3933924379557356,-0.5836255854546498,0.0,0.0,0.0,0.0,25,500,27999.695284925758,,,,2026-02-02T00:52:19.000Z
29.998386872772265,15.907745367155192,997.9909471497792,-3.4212067088730285,-0.9014805546055032,4097.693541550433,0.6121568069555516,0.8967077783687035,-1.3473432191594377,0.0,0.0,0.0,0.0,25,500,28020.540552751176,,,,2026-02-02T00:52:20.000Z
29.98480486661759,15.754590974893587,997.9789395614241,-0.786180401402923,-4.003412003451067,4091.745545159297,-0.8988738108773296,-0.6693662391187534,0.3707055671155837,0.0,0.0,0.0,0.0,25,500,28012.083208345397,,,,2026-02-02T00:52:21.000Z
29.997801972943922,16.07068921731201,998.0150025699102,-3.135976531120535,-1.3025749299663636,4095.8018113995176,-2.9538234854006244,1.751409073748911,-0.611730036418545,0.0,0.0,0.0,0.0,25,500,27991.915535702694,,,,2026-02-02T00:52:22.000Z
30.004584725691988,16.016559050483746,997.9952464523668,-2.9849245400119857,-1.9362571957046533,4094.794358688432,-0.5231043068844964,-0.0846708974996642,0.22775392125883576,0.0,0.0,0.0,0.0,25,500,28005.160874099733,,,,2026-02-02T00:52:23.000Z
30.00244006063143,15.938992175598603,997.9998426161783,-2.002629308395934,1.2348572618546487,4096.864525901268,-0.8665705544254966,-1.5396256942059605,0.8476378150694273,0.0,0.0,0.0,0.0,25,500,27993.640105221693,,,,2026-02-02T00:52:24.000Z
29.99488203986348,15.852884723802495,998.0078827996913,-1.844377810863255,-1.346828479119745,4096.940088374737,0.3490122686280793,-1.194683468016552,-0.9502387211452319,0.0,0.0,0.0,0.0,25,500,28004.264166874444,,,,2026-02-02T00:52:25.000Z
29.99414726610129,15.796342170116466,998.0052317276499,-1.9092362039001203,1.775607871157697,4094.584748210356,3.285723713681842,0.04364363687958753,0.0921212820729715,0.0,0.0,0.0,0.0,25,500,28005.04393876246,,,,2026-02-02T00:52:26.000Z
29.990124956017837,16.005174334820897,998.0075051241961,1.036437900890823,2.7969679861386427,4094.575652271648,0.6951660176182558,0.13982527132605319,-1.8104228817303614,0.0,0.0,0.0,0.0,25,500,28009.26479120898,,,,2026-02-02T00:52:27.000Z
29.996052503796648,16.164878596572994,998.0090042898954,-1.0123781221706722,1.5623506725751983,4095.778669262885,2.7359601593834886,1.9696566849510955,1.5325330906092762,0.0,0.0,0.0,0.0,25,500,27984.343363028423,,,,2026-02-02T00:52:28.000Z
29.991443210334744,15.986144258356902,997.9825388536741,-0.3590291497449603,-0.4307765777201532,4094.2067155453697,0.5687696953394487,-1.0384993376142264,-1.359066496888782,0.0,0.0,0.0,0.0,25,500,27987.34412011145,,,,2026-02-02T00:52:29.000Z
30.009700859861773,15.963866461330845,997.9858565225986,1.7884655490018697,0.2822289934111859,4097.683967390904,-0.6298862375727151,0.03946219930393072,-0.5148196623973748,0.0,0.0,0.0,0.0,25,500,27999.24429442095,,,,2026-02-02T00:52:30.000Z
29.990988626092683,15.997563215750416,998.0117116966263,-1.5326450495628525,-3.049969880288119,4095.2615855991053,0.3479160781208834,-1.0594214070820567,1.3383799037639572,0.0,0.0,0.0,0.0,25,500,27989.675766643355,,,,2026-02-02T00:52:31.000Z
30.001222844623623,16.217920511190876,997.9921826085691,-0.5290917974094443,-0.26755874504247934,4090.1860235613567,1.780638599477708,-0.4926548532134034,-0.2345229260809859,0.0,0.0,0.0,0.0,25,500,27988.90277930015,,,,2026-02-02T00:52:32.000Z
30.000543039033264,16.07519042266531,997.9932735415504,0.7315199721858311,-1.7208769361336662,4095.2503558867566,1.8295625963212392,1.683972030069338,-1.1973976863003002,0.0,0.0,0.0,0.0,25,500,28002.71857379223,,,,2026-02-02T00:52:33.000Z
30.009456674478848,15.906642474829962,997.9873715747783,-3.8831356012404425,1.3886527622985978,4093.9229123583123,-0.5753373680430791,-1.1363362231559908,0.7130732322865353,0.0,0.0,0.0,0.0,25,500,27990.839644355536,,,,2026-02-02T00:52:34.000Z
30.010893682889584,16.00281039039021,997.9959505211066,-4.769811017901165,5.145504778488948,4092.7374483690783,0.25318369569929894,0.5870424240678338,0.6905324621511849,0.0,0.0,0.0,0.0,25,500,28022.576568903885,,,,2026-02-02T00:52:35.000Z
30.006959699432812,16.033243691115494,997.9965068393632,0.6922346575954454,0.9996432719476187,4093.525146723555,-1.4292668796711452,0.3929073590143916,-0.6331863393652334,0.0,0.0,0.0,0.0,25,500,27994.66834012706,,,,2026-02-02T00:52:36.000Z
30.0035292834329,15.894366113342116,997.9906253931232,0.9840285611337971,-3.982280297909333,4096.218816943666,0.8246686246914298,-0.02417142635820863,-0.5249265207803991,0.0,0.0,0.0,0.0,25,500,27997.297679157924,,,,2026-02-02T00:52:37.000Z
29.98951353853906,16.075913662234257,997.9894691725513,4.1284402697048215,-0.7224603858287459,4098.657281656497,1.5533546990558944,0.5194366231917376,-0.43540897061808626,0.0,0.0,0.0,0.0,25,500,28002.97540540517,,,,2026-02-02T00:52:38.000Z
29.98931129912262,15.918219120285565,998.0031866309217,0.31618975173361985,0.24498185074890932,4096.62636894773,0.03979945411601616,-1.1600203819432886,-0.2070239606860313,0.0,0.0,0.0,0.0,25,500,27984.920446188542,,,,2026-02-02T00:52:39.000Z
29.99154309180235,15.848905423265993,997.9919233073311,1.6394794345161896,0.1747148505205274,4094.7869932235685,-0.6673840543601282,1.6563225078035575,-1.8929710769218067,0.0,0.0,0.0,0.0,25,500,28005.085045121654,,,,2026-02-02T00:52:40.000Z
30.00751920999628,16.007613355383977,997.9939368774302,-0.39094528717194765,-1.4616262512175062,4096.911808390341,0.36013095127756267,1.924845495123521,-0.18142386111809947,0.0,0.0,0.0,0.0,25,500,28003.414676498338,,,,2026-02-02T00:52:41.000Z
30.000733299282505,15.991784414050965,997.9781372165322,0.5944544431701727,0.4905834852738706,4095.081819379562,0.417459031363166,0.047104697759313356,1.7839141981831486,0.0,0.0,0.0,0.0,25,500,27996.506944846224,,,,2026-02-02T00:52:42.000Z
30.008686572407356,15.99989780977973,998.0193820024253,3.334513683499068,-2.4850016738387746,4094.6107992616735,0.0811438318496202,2.423106130613554,-0.8959699672367043,0.0,0.0,0.0,0.0,25,500,28002.739273075964,,,,2026-02-02T00:52:43.000Z
30.0100280273432,15.923535538233722,998.0094182402947,-4.247985636251271,-1.889817445370134,4093.691274663534,0.17871512433595294,-0.39902793154992044,-0.5834935934697638,0.0,0.0,0.0,0.0,25,500,28004.28282512824,,,,2026-02-02T00:52:44.000Z
29.992740480997007,15.937488738212895,997.9950519394667,0.827232515143361,1.291595283207423,4092.4963423864965,-0.17381485046937092,0.40043199385628025,-1.183617663196396,0.0,0.0,0.0,0.0,25,500,28014.351907123004,,,,2026-02-02T00:52:45.000Z
30.000320743275573,16.11284466603691,997.9910091906435,4.271173460154732,-2.031326461759652,4095.220152586881,0.995954928226406,1.4318890637745134,0.6121619263953538,0.0,0.0,0.0,0.0,25,500,28025.0026146798,,,,2026-02-02T00:52:46.000Z
29.999870063213166,16.044108561500074,998.0001088879724,0.564068438418685,1.0764232109845144,4096.316106979841,0.736227445165127,-0.4590044602229095,1.2031973581423765,0.0,0.0,0.0,0.0,25,500,27989.384990123654,,,,2026-02-02T00:52:47.000Z
29.99672212310376,15.90432539234227,997.999834664104,3.3011459264656957,-2.738927549312116,4095.8067526599702,-0.9831031471441493,-1.3815490588794384,1.180317839177625,0.0,0.0,0.0,0.0,25,500,27987.026525900583,,,,2026-02-02T00:52:48.000Z
29.994651571454753,15.804930310557989,997.9872403343048,-1.2584242990588848,3.529651767583472,4095.168066144105,-1.0105906031585947,-1.611717065618854,-1.2480105888936601,0.0,0.0,0.0,0.0,25,500,28001.02749611308,,,,2026-02-02T00:52:49.000Z
30.01184755503411,15.90855835978878,997.9744946377108,-0.06409498832742702,-1.5485398448081094,4094.1085078786064,-0.254374417026562,2.060826563902659,0.49979173049695996,0.0,0.0,0.0,0.0,25,500,27979.210815193208,,,,2026-02-02T00:52:50.000Z
30.000519717267156,16.01572990721602,997.9947392409248,0.06704940477717505,-0.44733314360688825,4097.21649238337,0.7368371241051792,-0.5290246506387777,1.4337500342142357,0.0,0.0,0.0,0.0,25,500,28006.494152318253,,,,2026-02-02T00:52:51.000Z
30.000131447885597,15.936806828164556,997.984366254691,-4.4351821587175415,0.6612265221808118,4093.3657361601067,0.14805741389081464,-0.18573676341849862,0.5096631077101231,0.0,0.0,0.0,0.0,25,500,28001.13080763073,,,,2026-02-02T00:52:52.000Z
29.991972223251313,15.929034979482317,998.0017137994672,-2.3363556557004004,-1.1306999050021886,4097.552055827687,-0.6431504101226553,-1.1127640783210544,0.4784096833437766,0.0,0.0,0.0,0.0,25,500,28003.672865992612,,,,2026-02-02T00:52:53.000Z
30.006752124304136,15.941083956106933,998.0017808156666,-2.193750158767972,0.28681192214260887,4093.9955659621464,0.26151859672583017,0.9483392793291884,-0.47164257863515857,0.0,0.0,0.0,0.0,25,500,27996.9642806488,,,,2026-02-02T00:52:54.000Z
29.98994892499162,15.992729243726371,997.9902678730166,1.6441321560650548,1.1507134490402513,4094.495129525294,-0.330810519522272,-0.7815598592245849,0.22010982379366362,0.0,0.0,0.0,0.0,25,500,28002.550157659683,,,,2026-02-02T00:52:55.000Z
30.004549055288447,16.078462791295834,997.9946541573235,1.74430621136811,1.9212264650069706,4093.066429618769,0.8804864602241314,-0.4912630276613219,1.2363181797064053,0.0,0.0,0.0,0.0,25,500,28004.72239577644,,,,2026-02-02T00:52:56.000Z
30.00482229360055,15.999958079605431,998.0176304169198,0.6480728854130666,1.5829948719459144,4094.997195706229,0.3330584350670474,0.2995204194161605,0.32820896842876396,0.0,0.0,0.0,0.0,25,500,28002.000234056664,,,,2026-02-02T00:52:57.000Z
29.995874849506766,16.006193702151766,998.0077512852627,1.6482057937114116,-0.343620927605348,4097.950624916956,-0.3152781874521438,-1.0640459272455725,-1.2482747560297265,0.0,0.0,0.0,0.0,25,500,27986.549013845375,,,,2026-02-02T00:52:58.000Z
30.00317652081183,15.977513963611718,997.9954774722929,-0.3282988254435479,-0.29326354808720456,4097.031256176888,0.23151877204646154,-0.17858226951422537,-0.4560416742859714,0.0,0.0,0.0,0.0,25,500,28001.720058272014,,,,2026-02-02T00:52:59.000Z
30.001856695590444,15.950064316784527,998.0229195932693,2.4038633390790864,4.698217116050065,4097.956844224056,1.3150480595242016,1.4022095895032698,1.2092795388889936,0.0,0.0,0.0,0.0,25,500,28018.5396468605,,,,2026-02-02T00:53:00.000Z
29.999606393751897,16.08942408713199,997.9880306258802,0.01757688526414364,1.8997781364985842,4097.044285091868,-0.5696300765463775,0.42825439751686323,0.32474332035109527,0.0,0.0,0.0,0.0,25,500,28002.4089205848,,,,2026-02-02T00:53:01.000Z
30.00012943980145,16.07424020678442,997.9918730527519,0.11572809485351294,-1.8436473126404274,4093.792660342939,0.40265698164716096,0.13054229242835844,0.11906207824307634,0.0,0.0,0.0,0.0,25,500,28001.37055612768,,,,2026-02-02T00:53:02.000Z
30.000617818231934,16.204527991766604,997.9988948582929,-0.5311852665248228,0.1999763275311036,4095.3384215513447,-0.07046034046599581,0.21486470946386504,-0.5540155332467,0.0,0.0,0.0,0.0,25,500,28015.60037657891,,,,2026-02-02T00:53:03.000Z
30.00129911672672,16.061056429838924,997.9846899293462,1.3689009552728557,-0.670286277556385,4094.4396017417653,0.42698368386209967,-0.38913509597656376,1.188599180534435,0.0,0.0,0.0,0.0,25,500,27992.54384442235,,,,2026-02-02T00:53:04.000Z
30.000602420313438,15.950158567819253,998.0179030916463,-0.8423976332258264,-0.2706684678462194,4098.661149808078,-0.6545649415957304,1.9961523197549256,1.662412597822257,0.0,0.0,0.0,0.0,25,500,28008.896776400867,,,,2026-02-02T00:53:05.000Z
29.988961358097878,15.909534869088981,998.0018315203871,1.9528627543961363,-2.458990315416176,4093.6064227071474,0.11033543315937581,-0.8121571305340674,1.263189123018033,0.0,0.0,0.0,0.0,25,500,27994.698426469477,,,,2026-02-02T00:53:06.000Z
29.998477890489944,16.09529452607116,997.992100511431,-2.2642982814320134,-0.8238464687719063,4097.7873953787785,1.1078232824168008,0.2109261619639301,1.4425916214453727,0.0,0.0,0.0,0.0,25,500,28010.86583343345,,,,2026-02-02T00:53:07.000Z
30.00264948601197,15.918501311568988,998.0044778695141,-2.1978325094563878,3.6231115463878263,4097.785907740217,-0.9370069812461074,0.11502556634280714,-0.35870624076616664,0.0,0.0,0.0,0.0,25,500,28007.980481544677,,,,2026-02-02T00:53:08.000Z
30.000972887285393,16.080973668652206,998.001460558483,1.3748535102530084,1.158152601751006,4099.659240403432,-1.3294051033250818,1.0087625071331352,-0.5001690973739038,0.0,0.0,0.0,0.0,25,500,27995.87721136673,,,,2026-02-02T00:53:09.000Z
30.00953750259395,15.924008600610739,997.9969534891587,-0.1770884291660254,-4.98232281630292,4095.180626814741,-1.2914555644869643,1.1031739387936397,-0.15634517349918595,0.0,0.0,0.0,0.0,25,500,27997.34038873667,,,,2026-02-02T00:53:10.000Z
30.006200865894993,16.03491583837873,997.9879148483318,-0.9077828323062567,2.4334469849958937,4097.4246443191605,-1.170662530200189,-0.032018804487070805,0.0385732419762537,0.0,0.0,0.0,0.0,25,500,28009.77811541418,,,,2026-02-02T00:53:11.000Z
29.99129590464947,15.894024878513363,997.9856378807447,1.7801154649509194,2.1792590458183225,4100.563303673078,0.5953232878926642,0.2906664931130496,1.4310197801252555,0.0,0.0,0.0,0.0,25,500,27981.445490987768,,,,2026-02-02T00:53:12.000Z
29.998333728919455,16.077988535433207,998.0218680099745,-1.214522828172169,-0.7185706086128331,4094.7647166461325,-1.4058596858654655,0.32853475391394826,1.1658867394684167,0.0,0.0,0.0,0.0,25,500,27995.580708901052,,,,2026-02-02T00:53:13.000Z
29.99688663346553,15.876632834449076,997.9864726511489,-0.40040250860073967,1.4345270875664302,4092.9299195049352,-0.29789534474353074,-2.272141655570607,0.5384693872544943,0.0,0.0,0.0,0.0,25,500,28006.204174836246,,,,2026-02-02T00:53:14.000Z
29.99995651513373,16.02729573295067,998.0169796551935,2.7984559001423186,-1.7187984216344014,4092.2399799321843,0.618289303310708,-1.5889896024777754,-1.431186765846887,0.0,0.0,0.0,0.0,25,500,27996.91893228605,,,,2026-02-02T00:53:15.000Z
29.99997018600161,15.9802160065773,997.9915524085238,3.0782846916213007,-0.9405114325327147,4097.425424057723,0.41665906054859364,-0.6050636907219706,-1.6880218445968753,0.0,0.0,0.0,0.0,25,500,28001.34863380207,,,,2026-02-02T00:53:16.000Z
30.006115216692397,16.010180643722627,998.0079003256755,3.1447964205406542,2.9970927213397074,4092.2336995838828,-0.3855589799624851,-0.5615986763768689,0.2404627448017032,0.0,0.0,0.0,0.0,25,500,27979.588490543396,,,,2026-02-02T00:53:17.000Z
30.00177328363141,15.960419616583836,998.0046543309008,-0.5642515538678226,-0.5434600797394168,4095.2553618941242,0.19092373175510596,-1.1992824219641323,0.8802632056007167,0.0,0.0,0.0,0.0,25,500,27991.455219043306,,,,2026-02-02T00:53:18.000Z
30.012305450052086,15.958074005262901,998.0066541870029,2.4614058099689404,-3.739463323909982,4096.874626374078,0.10714532973756831,0.7495825713736299,-0.0795670489861375,0.0,0.0,0.0,0.0,25,500,28006.79452672152,,,,2026-02-02T00:53:19.000Z
30.002410031376623,16.015478120400978,998.0073201427224,-1.8979056555373564,-0.1266064455626735,4096.37035107366,-0.2242409555481863,0.0021184210174724715,1.914904504978405,0.0,0.0,0.0,0.0,25,500,27992.489926229355,,,,2026-02-02T00:53:20.000Z
29.991694094796628,15.899786162191015,997.9838843437766,-1.813805749444122,-0.1571767858287136,4096.850889728368,-0.21083471865458023,-0.21469454738683721,-1.0824410437804357,0.0,0.0,0.0,0.0,25,500,27986.97540289178,,,,2026-02-02T00:53:21.000Z
29.995327193798317,15.899197793833332,997.9932365400753,-4.700911705248722,2.396737138746919,4096.444579711601,2.2354274347569607,-1.2561552745073867,-1.208351949495599,0.0,0.0,0.0,0.0,25,500,28010.616085329544,,,,2026-02-02T00:53:22.000Z
30.00603789070732,15.964145050036159,997.9863195204078,3.34573640379706,0.028672844351520045,4098.557731626627,0.8093109039313008,-0.04454486424478854,-0.6642809744743209,0.0,0.0,0.0,0.0,25,500,28005.156840540698,,,,2026-02-02T00:53:23.000Z
29.983858317354944,15.960252986028099,998.0018930106085,-1.7279596981521566,-0.8431646228805855,4094.0953672385226,2.480650917512143,-2.6266847559986117,-0.7022972131912357,0.0,0.0,0.0,0.0,25,500,27989.11466647183,,,,2026-02-02T00:53:24.000Z
29.9865411958524,15.899460353619563,997.9867665566787,-0.25306515949411995,2.090112290462412,4094.646009723083,-0.4969631329205013,-0.16295631080584103,0.5262858686819794,0.0,0.0,0.0,0.0,25,500,28001.38503844432,,,,2026-02-02T00:53:25.000Z
30.00010697207125,16.092421469291466,997.9801895282293,-1.8206486838565679,0.24158046500222055,4094.4546811094583,-0.08496659688814741,0.06318366880775604,-0.4217118518435028,0.0,0.0,0.0,0.0,25,500,27989.440522052748,,,,2026-02-02T00:53:26.000Z
30.009509221185212,15.96655265815684,997.9976252266346,1.390330496660281,-1.500045363131434,4097.6603836237255,-1.3321257652766474,0.24191498432149858,-1.5478404612786616,0.0,0.0,0.0,0.0,25,500,27998.475409431245,,,,2026-02-02T00:53:27.000Z
30.01307035431955,15.97733377970039,997.9779092094751,-0.7512673214346803,2.3099951210832352,4097.80079717679,-0.8095668020895723,-1.56410176347928,0.8915784566951168,0.0,0.0,0.0,0.0,25,500,28001.759881895254,,,,2026-02-02T00:53:28.000Z
29.997828942529782,15.867247167403045,998.0025873819473,-2.6096337808658987,0.38732352903359846,4096.902450638637,1.901913148662501,0.22481673669147476,-1.7599519260721297,0.0,0.0,0.0,0.0,25,500,27991.915036007995,,,,2026-02-02T00:53:29.000Z
30.010608286869857,16.207163585461213,997.9874237047662,0.8833251283721213,0.005851933358875398,4098.366987333779,-0.5220342898417564,-1.0414312698645425,-1.0712182230107092,0.0,0.0,0.0,0.0,25,500,28007.42332933525,,,,2026-02-02T00:53:30.000Z
30.000722679097688,16.24270673955549,997.9915942025192,-2.867460049620457,0.3558167828233088,4093.643918265247,1.9192813001444593,-0.8124698322923339,-1.6227065707438688,0.0,0.0,0.0,0.0,25,500,28008.973517023216,,,,2026-02-02T00:53:31.000Z
29.984685850177566,15.921960142159564,997.9771958402685,-1.6748114506309826,-2.141336742833194,4099.334448223102,-1.2433622606798904,0.7179313858226648,0.20712127707087358,0.0,0.0,0.0,0.0,25,500,28002.635655249,,,,2026-02-02T00:53:32.000Z
29.999919234635215,16.12260863811691,998.0165010221381,-4.213778229252162,-1.0553075523566746,4099.046477243424,-1.0534690340732769,2.014113723359744,0.18604771215121202,0.0,0.0,0.0,0.0,25,500,28004.139821515404,,,,2026-02-02T00:53:33.000Z
29.993810918753784,15.99081866162624,997.9853708511303,-2.8479162243952136,0.007165203665566566,4097.4712439944915,-0.3412312210234211,0.05135875880268002,1.9164543210163532,0.0,0.0,0.0,0.0,25,500,27985.471711616312,,,,2026-02-02T00:53:34.000Z
30.009182308804778,16.16037695928131,997.9963599876545,0.3570583394409557,-0.3893273900493599,4099.563597817542,-0.06374992167917787,-0.8170954586402323,0.9138266561455501,0.0,0.0,0.0,0.0,25,500,28013.621872268435,,,,2026-02-02T00:53:35.000Z
29.999743247396456,16.03362330864004,997.9820826140754,-3.9290720762058493,2.544856765633191,4092.6867535846445,0.9230872924501295,0.18867044750999853,1.4416461833422005,0.0,0.0,0.0,0.0,25,500,27999.086750119437,,,,2026-02-02T00:53:36.000Z
29.987220868934436,16.00997621687674,997.9916433219162,-2.9622914492434314,0.4348117054540069,4094.9511037274747,0.4507704171862659,0.9390291574991455,0.2886096512984931,0.0,0.0,0.0,0.0,25,500,27990.647436348747,,,,2026-02-02T00:53:37.000Z
29.985002851890915,15.750073046038143,998.0175182178102,-0.004737832265616113,1.709807845272805,4094.529393078636,-0.41631525734402774,0.6209975658727354,-0.9769318210905635,0.0,0.0,0.0,0.0,25,500,28001.45835812456,,,,2026-02-02T00:53:38.000Z
29.999790200425856,15.912139402657331,998.0029747673526,-1.0872137921861051,0.018790709151698913,4097.442958647514,-0.13331580651810626,2.7431128724637457,0.1281076019934963,0.0,0.0,0.0,0.0,25,500,28007.45469992389,,,,2026-02-02T00:53:39.000Z
29.975797825285404,16.002052066957493,997.9927636900369,3.984073271918618,2.112576967492246,4093.899718520796,-0.3190629197847001,-0.7153375690946667,0.5924210073873067,0.0,0.0,0.0,0.0,25,500,28005.12349567054,,,,2026-02-02T00:53:40.000Z
29.99481834710172,16.0198666252704,997.9996582652035,3.667793092048751,0.7950555131463078,4097.514990298675,-0.9146537353257298,0.25223147991929806,0.7038073822515748,0.0,0.0,0.0,0.0,25,500,27989.153096352115,,,,2026-02-02T00:53:41.000Z
30.002310303257428,15.878516628606262,997.9943944094331,-1.7358449255023072,0.02684097077692022,4098.741072287993,-0.8879629366016216,1.5489179534182032,-0.47241214410834226,0.0,0.0,0.0,0.0,25,500,28007.576378895174,,,,2026-02-02T00:53:42.000Z
29.989429834959445,15.927122847132372,997.9990757942018,1.1142752368069637,-0.026566177918039047,4097.390405800168,1.0278838914334096,1.486159237018532,0.48878647378239914,0.0,0.0,0.0,0.0,25,500,27999.39340918201,,,,2026-02-02T00:53:43.000Z
30.009939871569053,16.055344701725083,998.0074386871903,1.4985651137589027,-1.9088772525819266,4096.567502047323,-1.82816492792714,-1.9500779265243806,-0.9330279708412645,0.0,0.0,0.0,0.0,25,500,28005.01204182384,,,,2026-02-02T00:53:44.000Z
30.011910065497506,15.861678927026665,997.9966890201009,-1.1949577160488067,1.0138314402726214,4094.0242533181986,1.6173586974450547,-0.0033576200399812245,-1.043277594110717,0.0,0.0,0.0,0.0,25,500,27991.984484994187,,,,2026-02-02T00:53:45.000Z
29.98983299047248,16.013372972372355,998.0021999147392,-2.9910830729964077,-0.08040946907275792,4094.306298067749,-0.342994225602232,1.4845207658486996,-1.1157847113854849,0.0,0.0,0.0,0.0,25,500,28010.459115893867,,,,2026-02-02T00:53:46.000Z
29.997019558258035,16.123795353148907,998.0023649549764,-0.024596898616115224,-1.0039839203624092,4098.4992378105935,-0.7725086063921601,2.8906429903991375,0.02462598855679703,0.0,0.0,0.0,0.0,25,500,28001.827155262647,,,,2026-02-02T00:53:47.000Z
30.009946931513216,16.03854696291118,997.996738543527,-0.34569134962822184,2.2129235416241433,4097.558698007811,0.7397592906972692,0.7037958837508185,-1.1778363550763036,0.0,0.0,0.0,0.0,25,500,28011.88823314138,,,,2026-02-02T00:53:48.000Z
29.99998692465745,16.0335486743166,997.9926407401033,-0.8715289939412384,-2.5004320517896024,4095.921960961245,1.4852165841471172,-0.3678632936964837,-0.42474438987100777,0.0,0.0,0.0,0.0,25,500,27984.651318911438,,,,2026-02-02T00:53:49.000Z
29.98605521421901,15.797984855082223,997.994748166434,0.8846337363289705,-0.844991790864868,4095.164180908468,1.1176324416039574,-1.00920315243739,0.902916551413958,0.0,0.0,0.0,0.0,25,500,27985.98580880385,,,,2026-02-02T00:53:50.000Z
29.998566789314356,15.91780872235821,998.0069918525154,-1.5014592140111975,2.055437497559067,4091.948384253777,0.5018520493598908,2.2187433575308493,-1.029129678078305,0.0,0.0,0.0,0.0,25,500,27997.599721533647,,,,2026-02-02T00:53:51.000Z
29.99147071677704,16.205420183359102,998.0078241670498,-2.303995095158286,0.6310458818405065,4093.8582951626313,1.0868634897218359,0.7287415864657592,-0.5043120335043169,0.0,0.0,0.0,0.0,25,500,28014.67625019973,,,,2026-02-02T00:53:52.000Z
30.01108197896426,15.940083808245406,997.9886220566873,0.21816594069966372,-0.09571785530551462,4099.822838174279,-1.716497577143866,-0.8480669268854175,0.07163127677616955,0.0,0.0,0.0,0.0,25,500,28019.628108976736,,,,2026-02-02T00:53:53.000Z
30.006059320943248,16.126447620954707,997.9973901066561,0.7719401851377518,0.5020070863002931,4093.439088857995,-0.5218305414881482,-0.20315636633378117,0.24688690153226664,0.0,0.0,0.0,0.0,25,500,27991.11573700925,,,,2026-02-02T00:53:54.000Z
29.996862430547345,15.938915911064372,997.992470781309,-2.353289887800106,0.3588283420976826,4096.378959642442,-0.9111700600248446,0.310186516828704,-0.499290590805561,0.0,0.0,0.0,0.0,25,500,28000.530470316116,,,,2026-02-02T00:53:55.000Z
30.001421480125302,15.972217949849053,998.0079995242971,1.8561812219821623,-3.0333250925718427,4098.01488794639,1.2246387312151752,0.5438066538881178,0.786860068735157,0.0,0.0,0.0,0.0,25,500,28001.551519752808,,,,2026-02-02T00:53:56.000Z
29.986918784230276,16.05155868453535,997.9952879696021,-3.540962275552156,-0.698523770695923,4093.4901546639953,-0.3834780189238867,-0.89961865754579,0.5904523007847245,0.0,0.0,0.0,0.0,25,500,28007.18157613038,,,,2026-02-02T00:53:57.000Z
29.992462225414425,16.0100693015994,998.0220092381758,-1.1562269174312867,3.2330433090274977,4096.3694209495625,0.8454065567820555,-0.6141904181254927,1.1398566043617029,0.0,0.0,0.0,0.0,25,500,28008.849626664123,,,,2026-02-02T00:53:58.000Z
30.015532791876925,16.038151245100106,998.0021789738989,-0.516017072395218,-1.3186482695543351,4097.875831075021,0.5358569424886379,-1.6529345623729599,-0.08160192434705991,0.0,0.0,0.0,0.0,25,500,27988.856018070885,,,,2026-02-02T00:53:59.000Z
30.000535146525795,15.918160974527302,998.0118199645423,-1.2724474253038596,-0.6366020282086681,4096.024998643815,-0.862306936163681,1.0397622896047818,-0.5128188094563434,0.0,0.0,0.0,0.0,25,500,28000.645933602173,,,,2026-02-02T00:54:00.000Z
30.009300858047915,15.886372981053125,997.989853891732,-1.130120947102385,-1.083241526618375,4101.736806111334,-0.5869582099762845,-0.3416184667703161,-0.682632022012122,0.0,0.0,0.0,0.0,25,500,27979.9148207623,,,,2026-02-02T00:54:01.000Z
30.00232013088408,15.911412838560949,998.0001172214909,3.742148964616228,-0.17403044663627482,4092.6628014822436,1.2938176908147259,0.4663216491832921,0.3070275179293628,0.0,0.0,0.0,0.0,25,500,28008.107912830405,,,,2026-02-02T00:54:02.000Z
30.013142818430296,15.946768185853763,998.0061617309836,-1.7017681780777973,-1.1662456626485962,4098.117457059768,-0.7754826486844134,1.4222585085763269,-0.3771557828112729,0.0,0.0,0.0,0.0,25,500,27996.61380131676,,,,2026-02-02T00:54:03.000Z
29.980011624674006,15.97707186179426,997.9896669975818,4.882443444943828,0.97348300431612,4095.654396525207,0.12486761019547897,0.21987014237394562,-0.5691697776807892,0.0,0.0,0.0,0.0,25,500,27987.946179206978,,,,2026-02-02T00:54:04.000Z
29.99811782415981,16.103727538063982,998.0002034271181,0.8742535594621037,0.3946268245805331,4097.543840309673,-0.782541286326445,-0.11297047594906802,-0.4482872642453222,0.0,0.0,0.0,0.0,25,500,28003.325468099567,,,,2026-02-02T00:54:05.000Z
30.016447816462165,16.008734145602507,998.010518590322,0.18411027462398397,1.5470952302140362,4096.882614303398,-0.3139521869158607,0.19392147688393416,-0.6836904851242519,0.0,0.0,0.0,0.0,25,500,27996.301307569945,,,,2026-02-02T00:54:06.000Z
30.009561734355607,16.04845971025086,997.9967254999208,0.9524807067753318,-2.101882332377921,4094.53368760578,-0.0461619439699719,0.06319360385022683,0.19902111276273207,0.0,0.0,0.0,0.0,25,500,28012.614610307763,,,,2026-02-02T00:54:07.000Z
30.0132537225879,16.014160101258014,997.9914824749543,5.059855498503905,-0.6806809657658065,4096.457992784919,-0.7828665102974913,1.2461649978779448,-1.412583182544061,0.0,0.0,0.0,0.0,25,500,27991.07417864454,,,,2026-02-02T00:54:08.000Z
29.999932354063436,15.888456574647122,998.0180295945547,-1.987186007862896,-0.45144526322427003,4092.2841970972036,-0.9604469539838816,0.3108383975387898,0.3030162924749628,0.0,0.0,0.0,0.0,25,500,28022.22955200061,,,,2026-02-02T00:54:09.000Z
29.994628935845867,16.001726952600563,997.9882825469836,-2.2408358378727784,0.9112938201771895,4097.206495001143,0.2862733367774424,-0.5444010195789126,0.6765487604029504,0.0,0.0,0.0,0.0,25,500,28008.545555429635,,,,2026-02-02T00:54:10.000Z
29.98972835540312,16.013078211019153,998.0015589062838,-1.509732393143842,-1.5864423944140689,4096.596316931981,-0.8447374087911762,1.0478490568897503,-0.5808791381772977,0.0,0.0,0.0,0.0,25,500,28012.87694413184,,,,2026-02-02T00:54:11.000Z
29.989030719083384,16.07599232213413,997.9929172366167,0.06428629392912179,1.8313076085166882,4097.277320337286,-0.8106575556986726,1.230484356358352,1.922036939606547,0.0,0.0,0.0,0.0,25,500,27989.711637984514,,,,2026-02-02T00:54:12.000Z
30.008070605622084,15.893141193035653,997.9906316576114,-3.4515422496251467,2.3728311810352176,4098.116236650174,-0.9390531437019707,-1.3383306268204636,0.017621310976853315,0.0,0.0,0.0,0.0,25,500,28017.884593771338,,,,2026-02-02T00:54:13.000Z
30.00513211050421,15.795958913485164,998.007416570827,0.04467847863721602,-1.9777446952711677,4096.735239680419,-0.07790804633131841,1.5327838847681055,-1.5613429830998886,0.0,0.0,0.0,0.0,25,500,27987.874525545918,,,,2026-02-02T00:54:14.000Z
29.999334265506697,16.01762638151705,997.9979446408834,3.387094266827344,-0.9817457897871315,4096.296178839597,0.9437016343998412,0.36471177320848547,-0.28124290633667054,0.0,0.0,0.0,0.0,25,500,27997.901883035465,,,,2026-02-02T00:54:15.000Z
30.005081906548515,16.035385000158836,998.0040588646542,0.30281478124955513,-1.0638630165841847,4094.2378633266776,1.5065286363122667,0.28326995014659845,0.06265614493579669,0.0,0.0,0.0,0.0,25,500,28013.046566274068,,,,2026-02-02T00:54:16.000Z
30.00142451759052,15.982061519368296,997.9774485427887,-0.5853709179505538,5.264772409354997,4094.5755584727017,-0.7259180859937786,1.0066246315965148,0.4489675555702139,0.0,0.0,0.0,0.0,25,500,28005.067690725045,,,,2026-02-02T00:54:17.000Z
30.009622177013995,16.00280209007268,998.0050311978197,-1.2363208973672548,-0.8598002104157734,4098.373469240355,2.150310793331211,-0.5669763910042788,-0.2574305241108466,0.0,0.0,0.0,0.0,25,500,27987.60838082704,,,,2026-02-02T00:54:18.000Z
30.00952686754908,16.08787723785828,997.9927940408818,1.797023409103129,3.355250884312269,4098.872670811412,-1.0047048607067959,0.954164514190924,-1.0115702757043907,0.0,0.0,0.0,0.0,25,500,28011.354100618428,,,,2026-02-02T00:54:19.000Z
29.98934125899515,15.954119442347249,997.9812114804885,-1.6516655464760952,-2.5332639902132192,4095.5237791273757,1.0835485233278697,-0.3767754697378553,-1.0949806181122828,0.0,0.0,0.0,0.0,25,500,28003.399544527427,,,,2026-02-02T00:54:20.000Z
30.002736459874697,15.972135915784142,998.0188473955478,3.692791841198496,-1.9793019323287269,4096.092005494506,-0.7216964540154426,-1.4749506797103382,-0.6535992851816712,0.0,0.0,0.0,0.0,25,500,27995.83799763945,,,,2026-02-02T00:54:21.000Z
29.983311332498058,16.007903644461383,998.006010135265,3.8667194954287143,-1.3732090636964016,4094.1907712500124,-0.8709232698700103,-0.9977562791069342,-0.5577753625187629,0.0,0.0,0.0,0.0,25,500,27984.579907439504,,,,2026-02-02T00:54:22.000Z
30.001330207380907,15.878018532083066,998.0022727741268,0.5135015973235751,-1.6913786228930447,4098.345513690535,-0.7447561567843887,0.5670218329032266,-1.1349741648992573,0.0,0.0,0.0,0.0,25,500,28004.347505298727,,,,2026-02-02T00:54:23.000Z
30.006043042797018,15.984810277495225,998.0124941884974,-0.0230301761532902,-0.5357974683169975,4097.330833647384,-0.052447699649119134,-0.9454683399946582,-0.7328131611036991,0.0,0.0,0.0,0.0,25,500,27998.365721970335,,,,2026-02-02T00:54:24.000Z
29.986862806552068,15.99362566826658,998.0024756928138,2.061319616483119,-1.4175564054429963,4099.882434872928,0.5799721710336103,1.6100761231896492,0.6594585244393549,0.0,0.0,0.0,0.0,25,500,28001.56309348747,,,,2026-02-02T00:54:25.000Z
29.99583537264539,16.163704221432027,997.9920138598985,2.1895970044546504,-1.638683185469147,4094.2433538456407,0.669868037904822,1.1892834534396428,1.6484126076944867,0.0,0.0,0.0,0.0,25,500,27984.147986398293,,,,2026-02-02T00:54:26.000Z
30.0000952637722,15.970188434237153,997.9982503238951,-1.611983462118831,2.3169439929466553,4095.2439842019635,-0.9439850153478883,1.333439166032965,0.7554617138709632,0.0,0.0,0.0,0.0,25,500,27995.813429416437,,,,2026-02-02T00:54:27.000Z
30.002339149163735,16.020001123994447,997.993216337868,-1.053110266273404,2.4475872450263303,4096.462891845051,-0.9896592875112686,0.12477857967741192,1.3058610861868123,0.0,0.0,0.0,0.0,25,500,28004.803046215417,,,,2026-02-02T00:54:28.000Z
29.997213962967752,16.091861760538976,997.9949964710718,-2.644694869366591,1.8985929967506314,4097.2929790754515,-0.9166386933635471,0.2578616172949595,0.9741184682336981,0.0,0.0,0.0,0.0,25,500,28018.764646113046,,,,2026-02-02T00:54:29.000Z
29.988277118475953,15.916251527468956,997.9874229633414,0.8181298766681142,1.0479979111686561,4095.568664724905,-0.11135440238551125,-1.1937118542442775,0.8331303283983444,0.0,0.0,0.0,0.0,25,500,27997.947183771495,,,,2026-02-02T00:54:30.000Z
29.99945992798081,16.137574038687617,997.990299794242,1.3332557669137814,0.18548613155910457,4094.254077819093,-0.21015560419087462,0.9957835101574903,-0.33779626305732835,0.0,0.0,0.0,0.0,25,500,28014.43299059068,,,,2026-02-02T00:54:31.000Z
29.98347756433059,16.176387023205727,998.0089458553267,-2.699851275722546,-0.9940613813318174,4097.762815057848,-0.950175462069795,0.3798334550370854,0.14091087838694719,0.0,0.0,0.0,0.0,25,500,28007.8734842085,,,,2026-02-02T00:54:32.000Z
29.99767358563318,15.997110371235133,998.003320754388,-0.9103978096323182,-1.906315009510184,4097.4422707250915,0.26960369406324414,0.5673056252922603,-0.4206193424560216,0.0,0.0,0.0,0.0,25,500,28002.337849662534,,,,2026-02-02T00:54:33.000Z
29.995586263863032,15.946057393854062,997.9949698694746,-2.6945078351626983,0.7259914068653748,4094.1674517988727,2.262568808335318,1.688311811452882,-0.219107162333627,0.0,0.0,0.0,0.0,25,500,27989.87658216334,,,,2026-02-02T00:54:34.000Z
29.998657343265606,16.16271194243904,997.9897196813554,-1.7975996204876752,-2.347260785093596,4098.710885602211,-0.5047154618351514,-0.60596298394751,0.06816710038658609,0.0,0.0,0.0,0.0,25,500,27990.29521456469,,,,2026-02-02T00:54:35.000Z
29.994406780225244,16.079563087276814,997.9959460302119,1.102034120452599,-1.9878418583507866,4098.340397418393,-0.43351182120353343,-0.12614154987731818,0.7135661515790268,0.0,0.0,0.0,0.0,25,500,28006.175408707066,,,,2026-02-02T00:54:36.000Z
29.98492319161844,16.008196920466382,997.9831615019704,-1.4669641333565588,2.3058265124096193,4096.2685929944955,0.5596615703243687,0.32667092154216776,0.4233233815151238,0.0,0.0,0.0,0.0,25,500,27994.73504425895,,,,2026-02-02T00:54:37.000Z
29.996336566794106,16.14268438196157,998.0012663059942,-0.6016519120645973,3.801298083444174,4096.159195724752,-0.5588162917367949,-0.9354354054587067,-0.1618292630143563,0.0,0.0,0.0,0.0,25,500,27993.84637281234,,,,2026-02-02T00:54:38.000Z
30.009308201250374,16.132099218854933,998.00945471482,-3.254623455894631,0.7865902763329615,4097.108115542232,0.6689644817181823,-0.18759882127683974,0.05553874089166623,0.0,0.0,0.0,0.0,25,500,27998.193896609657,,,,2026-02-02T00:54:39.000Z
30.01261460803989,15.966374304604178,998.0236697266006,0.3739804194493286,2.2129143045892885,4094.2765938594875,-0.7185427067790403,0.49294981046696934,0.4334636741935265,0.0,0.0,0.0,0.0,25,500,27998.36169169661,,,,2026-02-02T00:54:40.000Z
30.024393342787192,16.024872985329914,997.9889674127744,-0.08854663968929766,-0.4916966348879667,4096.060062958328,1.8321196075773012,-0.32542127137283106,0.667394438057835,0.0,0.0,0.0,0.0,25,500,28009.007679761937,,,,2026-02-02T00:54:41.000Z
30.016916504083976,16.057679248792596,998.0090380244595,-1.4579185000663244,-2.6753483721753684,4091.6952329107817,0.3447749725922945,1.3089894097291122,-1.5189951632572025,0.0,0.0,0.0,0.0,25,500,27994.945023017397,,,,2026-02-02T00:54:42.000Z
29.98803062073332,16.002873002988785,997.992927885543,-0.3780285953649483,1.224343237237168,4097.752911291006,-0.6200229490767115,-1.510924561816994,-1.077388963898937,0.0,0.0,0.0,0.0,25,500,28008.012400360243,,,,2026-02-02T00:54:43.000Z
29.995915623987273,15.860912940909571,997.9887154370995,0.3605897610068888,1.1385786465401277,4092.8770135551163,-0.588691699469274,1.1227712402333418,1.1073105339393423,0.0,0.0,0.0,0.0,25,500,28004.397051340544,,,,2026-02-02T00:54:44.000Z
29.999772143651622,15.906174049630176,997.9887110187115,-1.6297362978186882,0.14333710776048825,4099.006839656858,-0.5137997527080349,0.6611854748160046,-0.06086956993105802,0.0,0.0,0.0,0.0,25,500,27983.26004012638,,,,2026-02-02T00:54:45.000Z
29.999144401657663,15.864173721453977,998.0014073572643,-2.9525250880035587,-0.4847509162102227,4095.3397598120673,1.3727496662488734,-0.5688285875565908,-0.4240765933669789,0.0,0.0,0.0,0.0,25,500,28002.945076629832,,,,2026-02-02T00:54:46.000Z
30.000695333298964,16.0492924303024,997.990692063763,3.6111488653736306,1.9244211571621959,4095.576666036138,-1.2687510076012833,-0.9244085682299981,-0.2634994729260388,0.0,0.0,0.0,0.0,25,500,27973.32241565723,,,,2026-02-02T00:54:47.000Z
30.024075914215477,15.881564768287626,997.9939315422871,-1.2665454094205453,-1.9714660668549489,4094.744532187831,-0.6679416704595047,-2.080282617242452,-0.2637053055765539,0.0,0.0,0.0,0.0,25,500,27991.04776738348,,,,2026-02-02T00:54:48.000Z
29.989179484542078,16.019241807081745,997.9955959866926,-0.19352020637377865,-1.5475611577813155,4095.423922252156,-0.561660556925426,-0.795175012413834,0.5579377815243737,0.0,0.0,0.0,0.0,25,500,28004.630768465624,,,,2026-02-02T00:54:49.000Z
29.99286468863786,16.183190382627515,997.992600321601,2.021679470040627,-2.016213013520856,4098.837062690296,-0.01568796675693795,1.0471766550029968,-1.108016393980767,0.0,0.0,0.0,0.0,25,500,27999.893568997406,,,,2026-02-02T00:54:50.000Z
30.01643825930089,16.142777018491216,997.991874154473,7.058110375140968,0.16994592527165442,4091.02438268693,-0.27110969264679446,-0.05608572627867428,0.024777746496761215,0.0,0.0,0.0,0.0,25,500,27982.321078940386,,,,2026-02-02T00:54:51.000Z
29.99384018656915,15.816258335306602,997.9757084023748,-2.4889728997777314,-2.1757860242185165,4098.5539307721765,-1.4912278313904628,1.1629808803918416,0.24611772945040425,0.0,0.0,0.0,0.0,25,500,27988.808382330266,,,,2026-02-02T00:54:52.000Z
30.003935806503357,15.8721298529229,998.0008695329011,0.8996544274530198,-1.368484361030487,4096.676046962203,-0.3998226835954676,-0.619871070624552,0.3962679165655031,0.0,0.0,0.0,0.0,25,500,27973.91086886748,,,,2026-02-02T00:54:53.000Z
30.010346573698683,15.922348357582013,998.0006767148956,-1.4151045705882126,-1.4115111244543959,4093.5859567042858,-0.09955068318496844,0.7071061601065628,0.22286399621029307,0.0,0.0,0.0,0.0,25,500,27986.574367429555,,,,2026-02-02T00:54:54.000Z
30.00486499016732,15.883097631078064,997.9920265515026,-1.0775806091534217,-0.5212166646679164,4093.8493752139016,-0.6280978350797833,-0.7174986020844216,0.5159062303140283,0.0,0.0,0.0,0.0,25,500,28005.790633493187,,,,2026-02-02T00:54:55.000Z
30.001917656331024,15.834618562267826,998.0036038427039,-1.4404240420135799,-2.9747488928079537,4099.352786054416,0.6867754890476648,-0.9655750062098389,-0.5726961510583128,0.0,0.0,0.0,0.0,25,500,27994.425670614248,,,,2026-02-02T00:54:56.000Z
30.00938610769694,15.998915966027475,998.0139690753207,-2.25130993560117,0.174409984074534,4094.1089862401145,0.9194084287536471,-0.10712721717067626,-0.9418027323249555,0.0,0.0,0.0,0.0,25,500,28001.699455417267,,,,2026-02-02T00:54:57.000Z
29.99106931443495,16.070510054941657,998.0002357983284,-0.08258272356932288,2.4946073013293555,4093.693298978808,-0.0783866997293929,-0.6649665113199965,2.4570044432505136,0.0,0.0,0.0,0.0,25,500,28000.136443815394,,,,2026-02-02T00:54:58.000Z
29.99503636870504,16.09540340387229,998.0133025777916,-2.9490053740964712,0.27098274463352384,4098.27462908473,0.2305415868507293,-1.5428221490372125,-0.30126468457423644,0.0,0.0,0.0,0.0,25,500,28000.325830704995,,,,2026-02-02T00:54:59.000Z
30.005356375884652,15.952552382925619,998.0223813192042,1.893615133023741,3.0826422896026413,4096.677105752572,-2.161055997349271,-0.18231470071699332,-0.18445447065456805,0.0,0.0,0.0,0.0,25,500,28010.231324231132,,,,2026-02-02T00:55:00.000Z
29.97930560740786,15.972809629968442,998.0253052468912,0.11000587206674925,2.6679963717538504,4094.1241488469273,-0.4211027721618318,0.10643541643128884,0.6778400977178844,0.0,0.0,0.0,0.0,25,500,27997.97089357829,,,,2026-02-02T00:55:01.000Z
30.014165838233446,16.035567724512475,997.9881176391349,0.8448699458028797,1.5554700944957092,4096.433249950809,1.0048216917579127,1.2683586114960674,1.5960892921942411,0.0,0.0,0.0,0.0,25,500,28009.1066837306,,,,2026-02-02T00:55:02.000Z
30.00303392375198,15.989151443816086,997.9881693699358,-0.9323772238924458,0.1493716852737713,4093.9484946327193,-0.42343658317927757,0.9368056771330601,-0.5445281169346958,0.0,0.0,0.0,0.0,25,500,27975.226566070625,,,,2026-02-02T00:55:03.000Z
30.001530317527813,16.08106067760958,997.9955557000327,-0.7344078684234966,0.04500077649087914,4098.201642796846,-0.7372616763919609,1.2199431992328313,-0.9988152681895256,0.0,0.0,0.0,0.0,25,500,28011.11425956844,,,,2026-02-02T00:55:04.000Z
29.98369487122359,16.04303648628345,998.0012871520127,0.5751278103346562,1.5275995447265198,4098.122741929747,2.277688926030931,0.7203574983935084,-1.2421533507916103,0.0,0.0,0.0,0.0,25,500,27987.099219078904,,,,2026-02-02T00:55:05.000Z
29.987133908746003,15.962369557648596,998.0158665199984,-2.328101264811651,-0.7833412190080649,4097.064012397644,1.8190771901958052,0.3326127589499748,1.5931062215029255,0.0,0.0,0.0,0.0,25,500,27989.27060276922,,,,2026-02-02T00:55:06.000Z
29.996014163356993,15.814336368834656,998.0062724122109,-0.7159808688266717,-3.7650415029349276,4096.723322122494,0.4675749124821571,-1.2289449064718925,-1.0381069864610342,0.0,0.0,0.0,0.0,25,500,27992.953825105087,,,,2026-02-02T00:55:07.000Z
30.008074298502954,16.1499031605482,997.9879671287033,-1.7192270277569082,0.9840081082059197,4099.522376249734,1.1389106114800476,0.14987219793527454,-0.027555936515566763,0.0,0.0,0.0,0.0,25,500,28010.838552208315,,,,2026-02-02T00:55:08.000Z
29.979233839878013,15.931391771055567,997.9938834259152,-1.7811376211820287,-2.2621372598699425,4095.9993726547764,-2.2259354179580777,0.5967937773308142,-0.977284832042969,0.0,0.0,0.0,0.0,25,500,27991.107001508553,,,,2026-02-02T00:55:09.000Z
30.007883648007773,16.035755864573026,997.9995799979204,-4.219676481251283,-1.9242824563807694,4093.6362517491584,-0.7875514406287065,1.4574379493704361,-1.4483559179583039,0.0,0.0,0.0,0.0,25,500,27993.441112207638,,,,2026-02-02T00:55:10.000Z
29.996399686758917,15.80834083312809,997.9851084002186,2.6786531789599994,0.00044789599157609334,4096.898947825664,-0.46995787317315146,0.6862885417318136,-0.292375353093686,0.0,0.0,0.0,0.0,25,500,27990.38312281974,,,,2026-02-02T00:55:11.000Z
29.997765765272582,15.998868341661419,998.0001366845754,-1.3730775063075378,-0.19024975510693962,4100.1720940990745,-0.2359800988669462,1.2403834346054217,-0.9377866663411604,0.0,0.0,0.0,0.0,25,500,28002.553948008594,,,,2026-02-02T00:55:12.000Z
30.002535929416908,16.01002619608622,997.9881156440894,2.3267521103271003,-2.8241512126312607,4093.970481013628,-0.4899440209739625,-1.031997891365239,-0.6916284254233128,0.0,0.0,0.0,0.0,25,500,28007.436083348875,,,,2026-02-02T00:55:13.000Z
30.002693172378464,16.014860207254767,997.9834927886644,2.1375846427885845,0.3309831282662806,4095.2770744666122,-2.5500262915163465,-0.32641762614809505,2.0061050974174037,0.0,0.0,0.0,0.0,25,500,28017.043245157605,,,,2026-02-02T00:55:14.000Z
29.992875714100634,16.3013793282718,997.9905301472053,-2.5719994130329873,1.932279321722097,4096.832892076203,0.3860246187085598,0.4293507136612708,0.42489610417240287,0.0,0.0,0.0,0.0,25,500,28023.99817499787,,,,2026-02-02T00:55:15.000Z
30.006249100884688,15.936888162620656,998.0041102105489,-2.1768224713456914,-2.2566831405315657,4095.8921903019886,0.5436541282806068,1.1609526907425614,0.9314695195539889,0.0,0.0,0.0,0.0,25,500,28006.50180753188,,,,2026-02-02T00:55:16.000Z
29.976806018601035,16.082066422695668,998.0040411571099,5.121005918711368,2.5449666616975186,4094.0353928392456,1.6018987915899814,-0.14522864583891965,0.8246595628492529,0.0,0.0,0.0,0.0,25,500,28003.656541868695,,,,2026-02-02T00:55:17.000Z
29.995495811134322,16.052323245220936,998.0009665391668,3.501851883854287,-3.120341650259888,4098.243715712461,-0.7883092647749634,-0.08244595914915345,-0.1008609230790248,0.0,0.0,0.0,0.0,25,500,27987.826602678917,,,,2026-02-02T00:55:18.000Z
30.00153681763177,15.932136100733242,998.0099161366054,-0.0630370266562083,4.234648288741907,4100.640081444035,-0.8701631577799022,0.6871403060029787,-0.4397183593776238,0.0,0.0,0.0,0.0,25,500,28019.093031537308,,,,2026-02-02T00:55:19.000Z
29.996550506847854,16.080566940318093,998.0088558323421,0.5147462128346988,-0.8225208609669666,4096.392262918048,-2.679984485964469,-1.1258708271451243,0.24893461186111668,0.0,0.0,0.0,0.0,25,500,28002.154031093338,,,,2026-02-02T00:55:20.000Z
29.98173089696034,15.98356790630692,998.0020438134208,-1.2616928058943775,0.2912339936537825,4094.191863420528,-0.29356683659088617,1.607404549823429,0.16845076993249436,0.0,0.0,0.0,0.0,25,500,27997.109351580923,,,,2026-02-02T00:55:21.000Z
30.007580273787603,16.087524321757673,998.0006638185002,0.8647054284006799,-3.78406714497134,4092.902078949893,0.9011117810621716,-0.8791360931076848,-0.5688054171653081,0.0,0.0,0.0,0.0,25,500,28003.875317690534,,,,2026-02-02T00:55:22.000Z
29.98751612187873,16.19609626234217,998.0012954670522,-1.434363801444943,-0.12427213293861704,4096.515951962442,-0.6117678621927194,-1.918589423559303,0.12984783046686063,0.0,0.0,0.0,0.0,25,500,27993.63649272605,,,,2026-02-02T00:55:23.000Z
29.999324859924716,16.01507988906341,997.9985235482006,-4.064707528596769,0.4569643554363835,4098.207754686632,2.143444818543648,0.0100670085225806,-0.706329706696292,0.0,0.0,0.0,0.0,25,500,27976.623284357087,,,,2026-02-02T00:55:24.000Z
30.001530345970675,15.971887477093155,997.9782565727337,-2.643111573022102,-0.1723242081989891,4096.950335492991,-0.2565948357895235,1.698458702375565,-0.17145793064083975,0.0,0.0,0.0,0.0,25,500,28005.718029209336,,,,2026-02-02T00:55:25.000Z
30.000198271537652,16.10515561838104,998.0113548484481,0.04218549570117449,-1.1261621541047473,4095.9951923181625,0.1469922842885556,0.5864531303336101,-0.335283474517337,0.0,0.0,0.0,0.0,25,500,28013.424738519338,,,,2026-02-02T00:55:26.000Z
30.011690109258637,16.139665316593433,998.003975228319,-2.2621344710051754,-1.8931290370556297,4094.8214566964216,-1.3631030805815938,0.751090543003633,-1.2688725926057791,0.0,0.0,0.0,0.0,25,500,28005.56922635201,,,,2026-02-02T00:55:27.000Z
29.999467374400062,15.911674246060795,997.9878367255417,-0.13455492982706907,2.261053239074622,4093.815672734564,0.28722034517527945,0.041385762307114264,-2.35115821311217,0.0,0.0,0.0,0.0,25,500,27999.929208699985,,,,2026-02-02T00:55:28.000Z
30.00427455404697,15.954704291046193,998.0142781661928,-2.149322078865726,0.06161426999590028,4097.6695026526495,-1.9793197948526953,-0.15237749727117703,-0.9390632499396991,0.0,0.0,0.0,0.0,25,500,28000.132717523913,,,,2026-02-02T00:55:29.000Z
29.999440959668487,16.067542327184125,997.9941002013179,-1.564707845003987,3.0815047530335447,4097.827543242771,0.6936979550131449,-1.5449093695931155,1.804104664586301,0.0,0.0,0.0,0.0,25,500,28001.722797477163,,,,2026-02-02T00:55:30.000Z
30.006129560841664,15.986796798958528,997.9989223099734,1.7063306128263835,-1.052964709589846,4092.9085404266184,0.7244281762354122,-2.259386257904186,-0.3096817820367279,0.0,0.0,0.0,0.0,25,500,28001.416542210885,,,,2026-02-02T00:55:31.000Z
30.013934952970477,15.904566798701321,998.0102357559557,0.4949610952802093,-0.8695893867444339,4099.179677956361,1.3592914243365102,0.19627233844086328,0.7759681608964043,0.0,0.0,0.0,0.0,25,500,27999.392986825194,,,,2026-02-02T00:55:32.000Z
30.00137541829472,16.05406948278954,998.0022013935838,-0.019328842626694376,1.6311884891923258,4097.148142441788,-1.0199687187676887,1.312549194340226,-2.124445143093358,0.0,0.0,0.0,0.0,25,500,28000.253428794687,,,,2026-02-02T00:55:33.000Z
30.00781850357583,16.067148971570678,998.0133537584192,1.7579279461413024,-3.245949924007128,4098.799189290292,0.16056211829741926,0.34413370482806543,-1.0082860679643277,0.0,0.0,0.0,0.0,25,500,28015.550127404404,,,,2026-02-02T00:55:34.000Z
30.01455328934882,15.966561424410303,997.9964789850096,0.9612171866946947,-2.426926720305846,4093.3157445030297,0.5638165593865041,0.6235995270520134,-1.3544896173623504,0.0,0.0,0.0,0.0,25,500,28004.722732143466,,,,2026-02-02T00:55:35.000Z
30.013571842469744,16.006134876533125,998.0169117321128,2.893126582502735,2.194969942706327,4093.2683516891693,0.44228163833030987,1.5837175456395398,-0.20230001008711487,0.0,0.0,0.0,0.0,25,500,28001.051469840244,,,,2026-02-02T00:55:36.000Z
29.99614710596389,15.942342693105388,997.9922219710016,-0.9197185246302804,-2.3438678584463895,4095.7020613804652,-0.8652992751348513,0.32876685144105805,2.4219554805352432,0.0,0.0,0.0,0.0,25,500,28006.59226896296,,,,2026-02-02T00:55:37.000Z
30.01036432355745,15.890476257408803,998.013176223293,-0.8592699570550174,-3.6381020306050953,4097.0055688537905,-2.39198188955614,-0.12265510030761952,0.4602389432279179,0.0,0.0,0.0,0.0,25,500,28006.592989867833,,,,2026-02-02T00:55:38.000Z
30.002487711600473,15.950293539337181,997.977348907811,-2.6022185327826906,3.737054376146182,4099.592721645854,0.34696029688448116,-0.818524805650065,1.6956125332780865,0.0,0.0,0.0,0.0,25,500,28009.4599796277,,,,2026-02-02T00:55:39.000Z
30.01117229997734,16.00739323501759,997.9889980794867,-0.8579614347448394,-2.787635295748411,4097.41215782763,-0.15249967830991942,2.022212562972086,-0.2544367276856635,0.0,0.0,0.0,0.0,25,500,27992.430885881673,,,,2026-02-02T00:55:40.000Z
30.00568634583563,15.85249107785307,998.0029796613849,1.9295397886048913,0.36823879665633924,4095.514637446376,-0.5666705929614403,0.5265477791536803,1.364869373855072,0.0,0.0,0.0,0.0,25,500,27995.19472093852,,,,2026-02-02T00:55:41.000Z
30.002756680760363,15.957598706874784,997.9959955457385,2.599974744524268,0.1381703854485423,4093.947261584668,0.7639453637154662,-0.9436017159193308,2.0732567066828906,0.0,0.0,0.0,0.0,25,500,27991.864425458058,,,,2026-02-02T00:55:42.000Z
30.004339720803465,16.008783013059276,997.999252513801,1.920610336173336,-5.621256633236167,4098.460001145439,-0.044919538154433135,-1.1711676678012368,-0.10936906641045824,0.0,0.0,0.0,0.0,25,500,28007.667229234936,,,,2026-02-02T00:55:43.000Z
30.002552379560388,16.119465991012486,998.0004165092016,-3.5883837330988726,-0.5346340463356178,4094.0705891484986,-1.3191950527677994,1.2530637269289127,-0.5392647112273649,0.0,0.0,0.0,0.0,25,500,28007.178709744072,,,,2026-02-02T00:55:44.000Z
30.002943330451366,15.968740764519946,997.9880909739187,2.1662904253214688,0.8968264989582191,4099.256937109544,-1.9314522890962216,-1.0374416964083255,-1.3178109369901527,0.0,0.0,0.0,0.0,25,500,27987.267571274777,,,,2026-02-02T00:55:45.000Z
29.99841167639418,15.875409764989078,997.9888407038512,-3.6770372465441414,0.7086187630377212,4095.431230700787,-1.1289632651331654,1.853834157502221,-0.3090602585769696,0.0,0.0,0.0,0.0,25,500,28003.908378128202,,,,2026-02-02T00:55:46.000Z
29.997482756593925,15.979033998730227,998.002321220488,1.796234648244695,1.8070413676070032,4099.181164145236,2.3930122947667867,-2.756462797090711,0.08189667520079116,0.0,0.0,0.0,0.0,25,500,28013.72233867868,,,,2026-02-02T00:55:47.000Z
30.017631749293727,15.943343069590991,997.9933366704818,-0.7355690531421104,-0.7749826298108681,4097.357862580118,0.722776773932773,1.4225951977899767,2.030953617349149,0.0,0.0,0.0,0.0,25,500,27997.646673612755,,,,2026-02-02T00:55:48.000Z
30.00477527911111,16.055217855505738,998.0134103385897,1.4050666278677113,1.4250088841843214,4095.7260090211153,0.18861234197501178,0.48689481116196437,-1.2949739740960864,0.0,0.0,0.0,0.0,25,500,28003.139732739262,,,,2026-02-02T00:55:49.000Z
29.994266950777686,15.966209467363777,997.9980805284457,-2.664896695789132,-1.3786581361601438,4094.9612072563477,-0.18166092718580473,0.11859442305687404,0.05966189369697816,0.0,0.0,0.0,0.0,25,500,28007.304857028244,,,,2026-02-02T00:55:50.000Z
29.997225825685703,15.728943337842074,998.0071875124311,2.3423352654122933,-2.82093483282555,4095.3181842453077,-0.24739293994743575,-0.1754584350417629,-1.814308121389617,0.0,0.0,0.0,0.0,25,500,27986.794417606012,,,,2026-02-02T00:55:51.000Z
30.01056258453448,16.36916245011978,998.0044285166931,-2.929949492209778,-2.595456751362465,4096.85663338475,1.1671959833590948,1.8907298485940296,-0.42676282883856803,0.0,0.0,0.0,0.0,25,500,28001.51988158991,,,,2026-02-02T00:55:52.000Z
29.992638132899113,16.014236329159093,997.9939883894283,-1.3369098217063553,-2.9242209103908294,4096.154312992436,-0.4905957419034316,0.7070588584012034,0.31139535741201874,0.0,0.0,0.0,0.0,25,500,28012.721161897414,,,,2026-02-02T00:55:53.000Z
29.98517972318189,16.00891915103086,997.9801967121305,-1.9961892555380705,2.0191719357823876,4094.8123771838627,0.5769204106842927,-0.9032036088954514,0.512583152688558,0.0,0.0,0.0,0.0,25,500,27994.067911832357,,,,2026-02-02T00:55:54.000Z
29.98591550859398,15.845859002800296,998.0118494136763,-3.508569705644998,-3.029147018117113,4095.6687371793646,-0.34842795029159407,-1.7189099560288814,0.5890230796419218,0.0,0.0,0.0,0.0,25,500,28008.32466142259,,,,2026-02-02T00:55:55.000Z
29.982710243997953,15.85354307340384,997.990210909233,0.18905513517693673,0.5480776812986065,4096.157154059439,1.9401566318350625,0.1772972131473084,0.3974040328868454,0.0,0.0,0.0,0.0,25,500,28000.27161607139,,,,2026-02-02T00:55:56.000Z
29.987011851417357,15.990805104232697,997.9959624194452,3.6121782356739227,-0.531848388144866,4091.7425318111705,0.7422885075783037,-0.0010711335374141854,0.580421940096241,0.0,0.0,0.0,0.0,25,500,27993.254953578664,,,,2026-02-02T00:55:57.000Z
29.988191340601993,16.033617133231164,997.9984915755844,5.333810444640018,-0.2052971469012632,4096.916336229578,1.2455568146836256,-1.5198680373755091,0.04573912900266335,0.0,0.0,0.0,0.0,25,500,27999.034914491855,,,,2026-02-02T00:55:58.000Z
30.01385237379608,16.070211413917676,997.999489884319,0.19431157417249553,2.7272145903993996,4094.0405575505665,-0.5844097746882387,-0.055393525482335705,-1.0478663059889717,0.0,0.0,0.0,0.0,25,500,27994.73872075914,,,,2026-02-02T00:55:59.000Z
29.999538207873407,16.023743765731826,998.0096195866254,2.2333625501350447,-0.8768547344305468,4093.6933351935886,1.0581361125674218,-0.5739346330742002,-1.8516569636800562,0.0,0.0,0.0,0.0,25,500,27991.116859582373,,,,2026-02-02T00:56:00.000Z
29.996367364608634,15.881405779683186,998.0000582405793,0.4641892758570744,1.2232031230993665,4092.6253113057787,-0.31257742539469074,0.009290068306694576,-0.5466878217372169,0.0,0.0,0.0,0.0,25,500,27997.456552275467,,,,2026-02-02T00:56:01.000Z
29.985565869369815,15.749553339091996,997.9987264590974,0.9977663895364255,0.07512670276222341,4092.412215004264,0.11003482393284925,0.7259236116484019,-0.1346154330632297,0.0,0.0,0.0,0.0,25,500,28000.68426312386,,,,2026-02-02T00:56:02.000Z
29.998568736025288,15.989977765062179,998.0101845595655,-0.6842973022544777,-0.30403781126539575,4093.2891049937753,1.6350476706194583,1.4926099474640355,1.2539317971754804,0.0,0.0,0.0,0.0,25,500,27998.33945617451,,,,2026-02-02T00:56:03.000Z
29.98262671937436,15.946602532939087,998.0060065237188,0.39015385084520426,4.599938248772947,4094.581958084739,-1.0427750567564191,0.9088890363692873,-0.10060167515618698,0.0,0.0,0.0,0.0,25,500,27997.346264188713,,,,2026-02-02T00:56:04.000Z
29.996305828287138,15.87374282758877,997.9926442955402,1.074957409212857,-2.8826834914307393,4099.906518275053,0.20324773130540036,-0.7214407498302056,-0.1965690342166925,0.0,0.0,0.0,0.0,25,500,28002.259958829654,,,,2026-02-02T00:56:05.000Z
30.020644943898436,16.082805822410563,997.9885284462252,-1.1569194577526627,2.5782636708748896,4094.94824064821,0.43800525851872685,0.3689151288291944,0.38552712684177964,0.0,0.0,0.0,0.0,25,500,28005.31405974981,,,,2026-02-02T00:56:06.000Z
30.006638035787063,15.842442325082,997.991763002248,-0.15498859978597584,1.3128131309799442,4096.355500212536,0.5200043808008099,0.06310712149202398,-0.2700119874512021,0.0,0.0,0.0,0.0,25,500,27988.559047671602,,,,2026-02-02T00:56:07.000Z
29.997902018396456,16.061696883945658,997.9995078024981,-0.11686023799497648,-0.9590499892635681,4096.8009627730125,-0.4507844930934654,-1.332128954630901,0.8105419989469383,0.0,0.0,0.0,0.0,25,500,27997.476041306192,,,,2026-02-02T00:56:08.000Z
30.006981236054063,15.858986202498253,997.9875394622483,1.6528066346610493,3.258637034883224,4096.262130372432,2.0862641008080813,0.3982327846922724,1.9793336183838781,0.0,0.0,0.0,0.0,25,500,27980.26459090006,,,,2026-02-02T00:56:09.000Z
29.994784568218723,16.013408868558333,998.0009075304716,-2.132064343255361,-3.6962202247770732,4095.845113078548,-1.2949318853402603,1.856672337917714,2.1907855142107007,0.0,0.0,0.0,0.0,25,500,27998.378166409657,,,,2026-02-02T00:56:10.000Z
29.991993222571207,16.09339743220186,997.9987080169021,-0.1030844172153031,-1.0435333145981434,4093.6094124728015,1.4588853886324693,0.03242660418700401,0.09704062724448921,0.0,0.0,0.0,0.0,25,500,28001.505290460715,,,,2026-02-02T00:56:11.000Z
30.01704129629533,15.966206668439773,997.9745748096769,3.824010938105395,-2.4169644085381523,4098.901855096558,1.2150656055916387,-1.5941826797254006,0.33689236469544814,0.0,0.0,0.0,0.0,25,500,28005.697800121656,,,,2026-02-02T00:56:12.000Z
29.988577253460797,16.16899198345068,997.9859382481374,2.328120305171875,0.8241669297429203,4099.614393287276,1.9008887896036848,0.030268671108619073,1.5788561203734834,0.0,0.0,0.0,0.0,25,500,28001.541048064963,,,,2026-02-02T00:56:13.000Z
29.996458787643228,16.19178863255935,997.9711424975632,2.6983580977774104,-2.226128202374355,4092.6346826117547,-1.5882270987078202,-1.2137121989732502,-0.14996202289627097,0.0,0.0,0.0,0.0,25,500,28005.481756440542,,,,2026-02-02T00:56:14.000Z
30.003060332823637,16.023717500001965,997.9965609693895,0.04886368035606832,0.8661278934826382,4093.951942818227,-0.8688314878897103,0.8636055068862878,0.6791921419241791,0.0,0.0,0.0,0.0,25,500,28000.652249816692,,,,2026-02-02T00:56:15.000Z
29.990637657942425,16.05413853705903,998.0107401364535,0.6419951273720463,-0.3728728316431081,4095.440379315246,1.4919430591616407,0.5248649917251288,-1.1351601296858251,0.0,0.0,0.0,0.0,25,500,27993.244816218175,,,,2026-02-02T00:56:16.000Z
30.006506049536313,16.106070886631652,997.9810934204457,2.0044723334058507,-0.9587078853121687,4094.0709244101795,-1.877039154630309,-0.17091005347474328,-0.31083914827499803,0.0,0.0,0.0,0.0,25,500,27988.8406483161,,,,2026-02-02T00:56:17.000Z
29.996934054753577,16.05444263724855,997.9867771318021,3.1205110590618617,0.777294492066621,4097.011931106912,-1.6064589010404138,-0.3311642658558212,1.1561146166453071,0.0,0.0,0.0,0.0,25,500,27997.369972927114,,,,2026-02-02T00:56:18.000Z
30.006639103275667,16.043724321759854,997.9983626213273,-3.9032058257657734,-0.5372432478761282,4094.543455595187,-0.4883077867114918,-0.2122343016155467,-0.7181956337876233,0.0,0.0,0.0,0.0,25,500,27992.33723796593,,,,2026-02-02T00:56:19.000Z
30.005859841797506,15.947593059722392,997.9893624697114,-2.6308826140996913,-2.1772696861180774,4100.3301121356135,0.19199378862226754,0.008274494342320363,-0.12805117872967775,0.0,0.0,0.0,0.0,25,500,27998.802808853692,,,,2026-02-02T00:56:20.000Z
29.997569878693742,15.831264382482228,997.9893132723294,2.6188882028052958,5.602745979269957,4098.381097188687,1.5922250736487749,-0.7722350213415422,-1.5742096456021195,0.0,0.0,0.0,0.0,25,500,27995.081229965126,,,,2026-02-02T00:56:21.000Z
30.01710658672591,15.860990458675053,998.0054159410618,-0.5537787115376072,-0.9743343660582892,4096.425148061265,-0.18526591493035816,-1.387753081001437,2.005768294509637,0.0,0.0,0.0,0.0,25,500,28004.19081012564,,,,2026-02-02T00:56:22.000Z
29.993346641965665,16.238236735876153,997.9950510455543,-1.3434415785161546,-4.4352181603040295,4098.05397252664,-0.6082391480645393,1.138698946694648,1.2630280698169032,0.0,0.0,0.0,0.0,25,500,28000.489550244572,,,,2026-02-02T00:56:23.000Z
30.013488704705487,16.0322458957805,997.985132751126,-2.5083219739912077,-1.6841973794427771,4098.211800848715,0.31138993769642714,-0.3854009764969582,0.18809956615274828,0.0,0.0,0.0,0.0,25,500,28004.474943362573,,,,2026-02-02T00:56:24.000Z
30.01174933242628,15.975431651860866,997.9791228410994,-1.1100334030882189,-2.5345533767454604,4094.8721050238837,0.46959648329440085,0.16704310416914414,0.5075128720823281,0.0,0.0,0.0,0.0,25,500,28004.423847232745,,,,2026-02-02T00:56:25.000Z
30.017708822076603,16.12633272591179,998.0220840777006,-2.8047385668476497,1.6522912320810312,4094.367565510916,0.4412398221702712,0.2852819511674943,0.39589810694336847,0.0,0.0,0.0,0.0,25,500,27998.203269562837,,,,2026-02-02T00:56:26.000Z
30.00174056039343,15.925054202713817,998.0112830905456,4.182188545464954,0.643305319183172,4096.156286125939,-0.17798620795134507,0.3220204796552139,1.3843117530307858,0.0,0.0,0.0,0.0,25,500,27998.816636550786,,,,2026-02-02T00:56:27.000Z
29.99211414288072,16.05831082674132,997.9954836665394,-0.04487210396114698,0.7974256035806884,4097.723272248996,-1.9550861139181497,-1.1738179970984242,-0.5188000423713724,0.0,0.0,0.0,0.0,25,500,28005.016044883214,,,,2026-02-02T00:56:28.000Z
30.020767965853295,16.007719203356004,998.0008785801166,-0.11590108352543514,-0.7400449316744886,4096.278120797307,-0.9176159891063321,-1.6758401645518477,0.7322676199282319,0.0,0.0,0.0,0.0,25,500,28024.45938930674,,,,2026-02-02T00:56:29.000Z
29.996652985320235,16.04600275011036,997.9951146893791,1.1761533503356636,-0.558700494113843,4092.846007035618,1.4202710852674623,-0.5886925246919921,1.0774164988521733,0.0,0.0,0.0,0.0,25,500,27990.108688530643,,,,2026-02-02T00:56:30.000Z
29.991864574272945,15.966359013070614,998.005104567308,1.924690338533139,-0.7418622072153365,4094.3943511120983,0.18706893797659985,0.3957115324169533,1.215325970476457,0.0,0.0,0.0,0.0,25,500,28000.417514879893,,,,2026-02-02T00:56:31.000Z
29.998102132540954,15.903530569270963,997.9914578563228,1.8917763131092786,-0.16238636827093944,4095.852054272811,-0.32252211910705675,-0.727949867474313,-2.2593708838316977,0.0,0.0,0.0,0.0,25,500,27988.04291652776,,,,2026-02-02T00:56:32.000Z
29.99018309283843,15.917712892686035,997.9945682678352,2.147243887815143,1.6706668707296706,4095.8486687913482,1.1181685483739747,-0.3549213536992336,-0.5992744782651446,0.0,0.0,0.0,0.0,25,500,27999.79087650442,,,,2026-02-02T00:56:33.000Z
30.005261488251232,15.92161157977397,998.0045540084019,-1.2616911015817127,0.6721508250106929,4099.94508435358,-1.1301166323689484,2.1272974137495684,-1.019170621301904,0.0,0.0,0.0,0.0,25,500,27993.259390963456,,,,2026-02-02T00:56:34.000Z
29.993943316182413,15.999702968767785,998.0145385910445,-0.5957336099137225,1.0002256592417333,4093.228024115202,-0.2253481337130077,-1.8454238848045357,0.1495882855706858,0.0,0.0,0.0,0.0,25,500,27998.800935889478,,,,2026-02-02T00:56:35.000Z
29.99712515830095,15.844386481952606,998.0074141509466,1.538063310884551,0.9991178164984055,4097.011178483672,0.13775840517403723,-0.7550339959104986,-2.0160302195142723,0.0,0.0,0.0,0.0,25,500,28001.55310333948,,,,2026-02-02T00:56:36.000Z
30.00967778861665,15.87525713849779,998.0123391387759,-1.05477812327924,1.7688848747634758,4098.978226216656,-0.44137750329462916,1.8966040685739283,-2.045622890945603,0.0,0.0,0.0,0.0,25,500,27995.10608887576,,,,2026-02-02T00:56:37.000Z
30.00623693210176,16.01355242975292,997.9968758266249,-0.010213264054450045,0.5763000830805093,4100.542899490845,0.10076282290159877,-0.04459867199522342,2.17009499187626,0.0,0.0,0.0,0.0,25,500,27982.162413238126,,,,2026-02-02T00:56:38.000Z
30.000155845725697,15.987232495558608,997.9937698959262,0.7975275288496285,0.7176961453578375,4095.191205153632,-0.18769393142176521,-0.7059851654989105,0.6176893882633404,0.0,0.0,0.0,0.0,25,500,28014.25535677153,,,,2026-02-02T00:56:39.000Z
30.00170873528747,16.01902315342567,997.9806161886091,1.5703701646207524,2.377612482386313,4096.9828589054405,-1.399343047785875,1.1687689170111202,0.12100924319881162,0.0,0.0,0.0,0.0,25,500,28008.392769797993,,,,2026-02-02T00:56:40.000Z
30.000122554306316,15.99549564656669,998.0007219835734,-3.5553619247404025,-1.3300918360062242,4097.139520714397,0.18147788187905595,0.05523043648111129,0.3636726478389822,0.0,0.0,0.0,0.0,25,500,27998.694407710893,,,,2026-02-02T00:56:41.000Z
29.995688449335827,16.25189502068882,998.0037904703136,1.4294912997778901,-1.7114851599030143,4096.390963463106,-1.3283517915128675,-0.348308395044006,0.14634092374917987,0.0,0.0,0.0,0.0,25,500,27991.052670017896,,,,2026-02-02T00:56:42.000Z
29.99997473339152,16.01267384339909,997.9969999460427,-0.4674481157034509,-2.371843198373712,4095.8023095975213,0.16561512509672222,0.1923689270375111,0.9973506565515259,0.0,0.0,0.0,0.0,25,500,28000.85024590283,,,,2026-02-02T00:56:43.000Z
30.004908416254928,15.962092035051272,997.992232986739,1.414915421728762,0.36582912724051186,4096.871950779,1.3741358241501094,-0.6581088093827662,-0.6324441920639787,0.0,0.0,0.0,0.0,25,500,28003.609888250416,,,,2026-02-02T00:56:44.000Z
29.99873837871021,16.01011317853615,998.0124340343984,1.5538633847096575,-3.7074644824382466,4090.9355078295607,-0.2810231972760544,-1.0174910628880784,0.18661482607356927,0.0,0.0,0.0,0.0,25,500,28007.700118157598,,,,2026-02-02T00:56:45.000Z
30.004197676302304,16.101995504251033,998.006318042772,3.215830122238315,0.9243081921193547,4097.364138980125,-1.1714831299709862,-0.11359692763474837,0.22742126793771542,0.0,0.0,0.0,0.0,25,500,28008.622221644007,,,,2026-02-02T00:56:46.000Z
29.991633312215768,15.995037161062253,998.0131282545052,2.7069072952424063,-0.21838618900110535,4096.2523558073235,-0.12698781320498045,-1.0109969600760071,-1.0468579584583377,0.0,0.0,0.0,0.0,25,500,28010.50676305312,,,,2026-02-02T00:56:47.000Z
29.99396106348854,16.068472835863624,997.9904642090498,2.6931433252205923,2.2692793996421137,4095.5550502064434,-0.8319711080785314,0.01069331179648031,1.2769830590630524,0.0,0.0,0.0,0.0,25,500,27982.59140310505,,,,2026-02-02T00:56:48.000Z
29.99265679496726,16.03960459644022,997.9929176587345,2.8873406383324767,-1.3438346209299812,4100.0937243914395,0.5945090026314696,0.3544065674743389,-0.44567673990140944,0.0,0.0,0.0,0.0,25,500,27996.95356785979,,,,2026-02-02T00:56:49.000Z
29.994348686282077,15.970958442315736,998.0120317724325,0.5827579696318919,-0.40663657083501353,4094.650131962419,-0.14798874752285357,0.8530604560516108,1.017421669808901,0.0,0.0,0.0,0.0,25,500,28009.931008206117,,,,2026-02-02T00:56:50.000Z
30.01287181046706,16.011087579888194,997.9995265292024,0.0643701740736794,2.2444066665867375,4095.19384802187,1.7097632516645733,1.1279249855168274,0.11491272637148015,0.0,0.0,0.0,0.0,25,500,27990.763682973622,,,,2026-02-02T00:56:51.000Z
30.007260387931105,16.15989221141921,997.9943089588833,1.7456341663566688,2.7662712935563047,4099.98310660441,1.1629895956773382,-0.40573650163225167,1.633584832409058,0.0,0.0,0.0,0.0,25,500,28012.192675771817,,,,2026-02-02T00:56:52.000Z
29.989230768813158,16.024307829503798,997.9950048497624,1.4641619028660449,-1.36030473150364,4094.3358773903,-0.15308050448140273,0.49941460793906933,-1.0413790885215242,0.0,0.0,0.0,0.0,25,500,28018.103776151383,,,,2026-02-02T00:56:53.000Z
30.004374982964084,15.901397897582893,997.9998891947387,-0.6181324734765203,0.3635624651743202,4094.899769434127,0.7156090679730908,0.4925234462063564,-1.08475880151045,0.0,0.0,0.0,0.0,25,500,28011.91254319459,,,,2026-02-02T00:56:54.000Z
29.996094176873513,15.968048957286712,998.0100295181584,0.8096468176165361,0.5888379553680962,4095.705949153138,-0.3932364091628454,0.3278187158159839,-0.9056955910043086,0.0,0.0,0.0,0.0,25,500,28006.615904071034,,,,2026-02-02T00:56:55.000Z
29.993176154145285,15.78857527502672,997.998394871479,-0.07019293356918883,0.7473068112422966,4097.681468964259,0.03395688516516826,-0.47945941095045846,0.1332955505143741,0.0,0.0,0.0,0.0,25,500,27995.52493772637,,,,2026-02-02T00:56:56.000Z
29.985142605342777,16.013739870675288,998.0079053283018,-1.707865816920112,-0.5251513186312443,4096.415605014707,-0.36143419635031226,-1.0280678124641107,1.5414683957782052,0.0,0.0,0.0,0.0,25,500,28002.81634803748,,,,2026-02-02T00:56:57.000Z
30.009719186938202,16.131206234378283,998.0046737777685,2.5809214827526996,2.5627667962472698,4093.4147493056953,0.7664559598497087,0.5020018890665597,1.5930936181652504,0.0,0.0,0.0,0.0,25,500,27986.539053512795,,,,2026-02-02T00:56:58.000Z
29.986361368503328,15.865859423186615,997.9912166095982,0.11039848506017844,-3.7794069672430908,4094.9356628737455,1.432988276709578,-1.70686256219305,-2.30996860043844,0.0,0.0,0.0,0.0,25,500,27992.188893354083,,,,2026-02-02T00:56:59.000Z
29.999480368219903,16.014973273450806,997.9912087063201,4.097416515397701,-0.842260469602168,4094.7852911335754,0.7986482071911434,-0.26783943256831116,0.24970716122253878,0.0,0.0,0.0,0.0,25,500,27992.891965174884,,,,2026-02-02T00:57:00.000Z
29.990536887542753,16.09854318058693,997.9954973340807,-3.2509845403996653,0.8958614655458939,4095.845557909554,0.9219366012853558,-2.553631015648598,-3.2129536105150227,0.0,0.0,0.0,0.0,25,500,28000.61972573966,,,,2026-02-02T00:57:01.000Z
30.0077584394707,16.10911386331965,997.9866316234534,-1.1135575456867326,0.9144496238986871,4096.851687317259,0.9230334372357293,-1.3364024233582634,0.7950317937850347,0.0,0.0,0.0,0.0,25,500,27996.078227345715,,,,2026-02-02T00:57:02.000Z
29.99665648173686,16.127980117227583,997.994858611442,0.06527767338174284,2.705518061229526,4096.836411511776,0.5512559223347099,-0.8771339384474245,1.118169414895207,0.0,0.0,0.0,0.0,25,500,28002.615999566202,,,,2026-02-02T00:57:03.000Z
29.998655373444798,15.81317461686545,998.0151343341673,2.274762195257828,2.396450786402574,4092.4479764919033,-1.1392861592102679,1.0967242076292842,-0.040244274692185604,0.0,0.0,0.0,0.0,25,500,28008.778268248774,,,,2026-02-02T00:57:04.000Z
29.9989926573707,16.05049309546118,997.9996860966418,0.7989387452043701,-0.5710832506144475,4098.127881975121,1.7009715194164998,0.6881080244042689,0.0839815774947546,0.0,0.0,0.0,0.0,25,500,27992.902724571286,,,,2026-02-02T00:57:05.000Z
30.00302570334936,15.849443481490539,997.9923354733392,0.6209455083615029,2.599742487061209,4096.505137691994,1.804410826698425,-0.5539346838422423,0.07363889294023972,0.0,0.0,0.0,0.0,25,500,28001.48601092937,,,,2026-02-02T00:57:06.000Z
30.000130047639832,15.900166786342753,998.0191574465182,-2.254527585108294,-1.4280834875549098,4098.769064095188,-0.2338796033133684,0.7293697951297508,-0.7844419187412465,0.0,0.0,0.0,0.0,25,500,27995.84031010182,,,,2026-02-02T00:57:07.000Z
29.99956726811039,16.082112225960852,997.9906938268027,-2.3138827944589426,1.861774765583675,4096.888396654581,-0.3706979152161819,0.8876229633803967,0.4317057853214802,0.0,0.0,0.0,0.0,25,500,28001.90162493657,,,,2026-02-02T00:57:08.000Z
29.994815980247452,16.01580471218516,997.990381170332,0.6450093205798094,3.6210449568419865,4098.202645915471,0.612411652915375,-0.16066484837472153,-0.23140800165325723,0.0,0.0,0.0,0.0,25,500,28006.86172598212,,,,2026-02-02T00:57:09.000Z
29.984252706266577,16.07263360742394,998.012294856818,-2.728211987636717,2.4298882137099382,4096.933090622901,0.5508128351835049,-1.3843781442136902,0.9302917092896185,0.0,0.0,0.0,0.0,25,500,28009.212357908422,,,,2026-02-02T00:57:10.000Z
29.988814490404582,15.90708833951983,998.006613180596,-1.0637555005786572,0.21154076704824645,4098.692451512406,-0.2019460687530188,-0.20791231006611424,-0.11362693451922978,0.0,0.0,0.0,0.0,25,500,28006.70304119293,,,,2026-02-02T00:57:11.000Z
30.007184797386806,16.14736031101629,997.9986994114747,1.001834658171715,-0.6635575435442445,4097.044501272036,-1.2500256555876041,-0.09789240517213632,-0.8610231064882589,0.0,0.0,0.0,0.0,25,500,28004.13985628929,,,,2026-02-02T00:57:12.000Z
29.99694180536674,16.068833393384104,998.0083190889999,-1.9646485445535518,-3.0571825925185725,4095.8041695071142,0.3057011907497771,-1.232454390830226,-1.5358646708655104,0.0,0.0,0.0,0.0,25,500,27985.797867269805,,,,2026-02-02T00:57:13.000Z
29.993359902222775,16.088929811929347,998.0030060000123,3.210711924723613,0.621079275828408,4100.544869440894,0.5514365381755453,0.3670467929299679,-1.8640648250557121,0.0,0.0,0.0,0.0,25,500,27989.187340704542,,,,2026-02-02T00:57:14.000Z
29.98594271855582,15.891983322388487,997.9881380758426,2.44787268847578,-2.2304344559418383,4097.77807424456,0.7258211480387973,0.27981185430235533,1.3125093439544353,0.0,0.0,0.0,0.0,25,500,27991.758217201994,,,,2026-02-02T00:57:15.000Z
29.982803528599096,16.11714012402126,997.9760241529299,-3.1428399966766007,-1.5862693272278736,4097.147488842009,0.3492927723542075,0.44504269989418677,-0.4577893528590192,0.0,0.0,0.0,0.0,25,500,28003.586202068076,,,,2026-02-02T00:57:16.000Z
29.992967931198717,15.96838384233596,997.994326548483,-1.8647424863639743,-2.381491601473343,4093.4473911669234,-0.27111514836190936,0.27892309716744346,0.3385741900816487,0.0,0.0,0.0,0.0,25,500,27987.089950876096,,,,2026-02-02T00:57:17.000Z
30.008880528540452,15.938877372985461,998.010849248359,-4.5715544889899,-0.9207846653133103,4093.423384765073,0.9940020395062782,0.729843035114983,1.7832298917445188,0.0,0.0,0.0,0.0,25,500,28003.375223281677,,,,2026-02-02T00:57:18.000Z
29.99442929806378,16.062546354004567,997.9957152991166,-1.5651827250962664,-0.055938828973964586,4096.585430964284,0.06584849756591833,-0.17932802787303154,-0.5628043312978913,0.0,0.0,0.0,0.0,25,500,28002.644692571328,,,,2026-02-02T00:57:19.000Z
30.004004855252415,16.058321177478796,998.0046009719835,1.5327769531447988,0.5472291623314103,4096.291042395536,-0.4649230143647206,0.2017851073709533,-0.6274774843811537,0.0,0.0,0.0,0.0,25,500,27980.6431089448,,,,2026-02-02T00:57:20.000Z
29.99396940170602,15.915318115224267,998.0018448544845,-0.8277898845497138,-1.2010132708279266,4094.7717548699834,-0.180653382045721,-0.397740284245532,-0.1321617523553239,0.0,0.0,0.0,0.0,25,500,27989.123971782323,,,,2026-02-02T00:57:21.000Z
30.006388666960287,16.205630101019253,997.9830649970538,0.9215944872319349,2.1385674127903664,4096.281965399224,-1.745969032474982,-0.5844992156219503,0.029432700419992814,0.0,0.0,0.0,0.0,25,500,28010.438755748568,,,,2026-02-02T00:57:22.000Z
29.996482491981915,16.18143505763898,997.9959360430629,-3.0446686365634883,-0.4164105159799319,4099.177253856087,-0.18224182417853885,1.3382496307620757,1.8875513502558465,0.0,0.0,0.0,0.0,25,500,28006.97409148395,,,,2026-02-02T00:57:23.000Z
29.987681157544493,16.060503514081176,998.0035887933045,1.5959505091638106,-1.5754448665310383,4097.390804949101,0.6884365198746686,-2.0437687015264965,1.5658205940941132,0.0,0.0,0.0,0.0,25,500,27991.49606002805,,,,2026-02-02T00:57:24.000Z
29.997310469321004,16.04304034227317,997.992128537445,-1.1102184558566996,0.45258453448687275,4093.7179829804945,0.3397830221392301,0.8767599891542641,0.6208754159067472,0.0,0.0,0.0,0.0,25,500,27989.651390145857,,,,2026-02-02T00:57:25.000Z
30.018340004182804,16.03297862262603,997.9963746184297,0.024339364565810394,3.927105667087632,4095.7769823457143,1.520664172981186,-0.6205408754456606,1.449413768996868,0.0,0.0,0.0,0.0,25,500,27975.496533149213,,,,2026-02-02T00:57:26.000Z
30.017898843155507,15.845000337398133,998.003917470921,-0.18574900278610545,0.6703211330702357,4094.390067038295,-0.2629749140157042,-0.750038177643121,-0.17821901256785602,0.0,0.0,0.0,0.0,25,500,28014.712976877214,,,,2026-02-02T00:57:27.000Z
30.004865333027794,16.011280738792145,998.0007262999915,-2.5430970417845677,-0.7257112547472142,4095.224600167183,0.48731316305331607,0.26157748406540704,0.29916456718847856,0.0,0.0,0.0,0.0,25,500,28000.41054368431,,,,2026-02-02T00:57:28.000Z
29.99862941184586,16.009954158189576,998.0104690974092,-2.3061686634795646,-3.054922712237408,4095.172768668741,0.792740176305772,-1.4896096123510028,-0.3015136445386949,0.0,0.0,0.0,0.0,25,500,28018.837240553454,,,,2026-02-02T00:57:29.000Z
30.00303901802095,15.942398831376162,998.0038367091316,1.935588938006852,-0.4388246419441407,4095.044708834792,2.342857008287408,-0.816023071946203,-1.2903683825796395,0.0,0.0,0.0,0.0,25,500,27998.083289130278,,,,2026-02-02T00:57:30.000Z
30.003168523387334,15.969065082799842,997.990441500016,0.7979843150033912,0.46985625017623117,4093.489729256053,0.1447654911176404,-0.849139646512992,1.203874741793595,0.0,0.0,0.0,0.0,25,500,28002.825892988894,,,,2026-02-02T00:57:31.000Z
29.99960113247633,15.761870760528453,997.9952245328607,2.1000980831068534,-0.7751617825111401,4095.7446906369637,-1.0441871788640233,-0.22139825818509487,0.5316987339898607,0.0,0.0,0.0,0.0,25,500,28008.912984714287,,,,2026-02-02T00:57:32.000Z
30.004409440199225,15.890272706987501,998.0002029628423,0.6493164710050366,-3.330769276481999,4094.878784726305,0.8479287533552818,-0.8041376881606885,0.018073473423663822,0.0,0.0,0.0,0.0,25,500,28016.38842686181,,,,2026-02-02T00:57:33.000Z
30.002082268621535,16.092182629150727,998.0133841507651,0.28598126961843295,-1.7011307790068677,4090.1411026199953,1.8657273559684568,1.601118685639269,-0.0024678493121753704,0.0,0.0,0.0,0.0,25,500,28005.010216584844,,,,2026-02-02T00:57:34.000Z
29.996840276146358,16.173119690163936,997.9952647436971,-3.452021237333533,2.9090769217755152,4100.1059440490035,-0.3225487102266215,1.7970165164979541,-1.5062148709065084,0.0,0.0,0.0,0.0,25,500,28000.02407217938,,,,2026-02-02T00:57:35.000Z
29.988047432006162,15.905661931470423,997.982674311976,-0.5407333935223395,2.868002007460922,4098.177539308434,0.8410815386064158,-2.021993522748063,-0.9774753331527154,0.0,0.0,0.0,0.0,25,500,28000.279576611152,,,,2026-02-02T00:57:36.000Z
29.9953994075778,16.018284865497595,998.0044056690349,-0.054768640807488035,-1.7732783384091961,4095.24739855015,1.2287280552289201,0.5443227047657363,0.33615317011402485,0.0,0.0,0.0,0.0,25,500,27989.54164397793,,,,2026-02-02T00:57:37.000Z
30.007995188490735,16.109838232939733,997.9924440175165,3.906214396545148,1.3455135743988438,4096.037638099481,1.0170655439701535,0.8586634390775747,-0.5291126672745058,0.0,0.0,0.0,0.0,25,500,27996.181171331344,,,,2026-02-02T00:57:38.000Z
29.999685377755046,15.947978497410524,997.9871469868043,1.3739132641973546,-2.3571455695403474,4093.656691305365,0.12555852247357793,0.5429852023911051,-0.21771304121749013,0.0,0.0,0.0,0.0,25,500,28000.51219484615,,,,2026-02-02T00:57:39.000Z
30.003002868915875,16.067624817723463,998.0001880301282,3.072122363419057,2.808632563989905,4099.391445755622,-0.6984737582131462,-0.6581134930916945,-0.10465606477910164,0.0,0.0,0.0,0.0,25,500,28013.818938751017,,,,2026-02-02T00:57:40.000Z
29.997169844722954,15.996621030441984,998.009728676418,1.1950754117894564,0.4904716957884727,4099.794577389546,-0.08127954801358575,-0.24409556215854147,-0.6824687690171107,0.0,0.0,0.0,0.0,25,500,27995.699568065185,,,,2026-02-02T00:57:41.000Z
29.989404024949895,16.119040198842534,997.9942611946034,-1.4226064538989587,1.8992829972330676,4096.313387456493,0.4586004538776307,-0.7482746547776955,-0.9679183200240504,0.0,0.0,0.0,0.0,25,500,28010.62654645474,,,,2026-02-02T00:57:42.000Z
29.997613702851282,15.871754926033137,998.0049657388719,0.23424843229970269,-3.430186694365078,4098.047061288371,0.908222524091729,-0.4202640311588286,-1.6123576309253735,0.0,0.0,0.0,0.0,25,500,27999.18161988736,,,,2026-02-02T00:57:43.000Z
29.989775440992506,15.889542337123235,998.0068191366304,0.47244729252846607,1.3552742038497763,4096.350573557868,0.3339450479990393,-1.2099650286671761,-0.1465182790115405,0.0,0.0,0.0,0.0,25,500,28012.435585595824,,,,2026-02-02T00:57:44.000Z
29.989137108263964,16.02795391689428,998.0079179649366,-1.8783111395413634,-0.015348127369006944,4093.3265491222483,-0.379907966540577,-0.1147888216345503,0.6186085476102836,0.0,0.0,0.0,0.0,25,500,28006.76722493973,,,,2026-02-02T00:57:45.000Z
30.012056366088693,16.009620609990044,997.9926772769038,-0.7687747531858423,1.7038581415816851,4095.1763532620726,0.5553796561497687,-1.5028017113050698,-1.6436341422199503,0.0,0.0,0.0,0.0,25,500,28006.091953628515,,,,2026-02-02T00:57:46.000Z
29.99579913995066,15.994367610350666,997.9887891794207,-0.411533987354344,1.8297355961956994,4096.263855933544,0.8600850677428203,-0.20013455422813764,-0.02404782509982628,0.0,0.0,0.0,0.0,25,500,28009.788266599957,,,,2026-02-02T00:57:47.000Z
29.9925851527454,16.05758341602045,997.9901524689504,3.211239665130236,0.13156937894949888,4095.090904562513,0.3796100564144805,-1.2485816890997645,0.28114325269156065,0.0,0.0,0.0,0.0,25,500,28008.33159911286,,,,2026-02-02T00:57:48.000Z
30.01617959684381,15.906935043544227,998.0079097467212,-4.161481050781957,-1.2016592781918294,4095.5626934451298,-0.836187114538325,0.20681636179140384,-0.9895804037291447,0.0,0.0,0.0,0.0,25,500,28010.63813395704,,,,2026-02-02T00:57:49.000Z
30.00814985035404,15.863056438837857,998.0066739315467,2.4116368414320863,1.5593923643589886,4095.817200884982,-0.18140603471718997,-0.6794195609428907,1.4221418115480882,0.0,0.0,0.0,0.0,25,500,28021.317639592406,,,,2026-02-02T00:57:50.000Z
29.996284907744982,15.949989189197128,997.990428493993,-1.8735904699187655,-0.12030899881025536,4095.838243004269,0.9478207764124668,0.2905803478745374,-0.385715369038408,0.0,0.0,0.0,0.0,25,500,28016.16894711349,,,,2026-02-02T00:57:51.000Z
30.004276363255524,15.96117214413019,998.0213264402635,-2.744158374539228,-1.745569907055285,4096.104516980995,-1.3830178087444738,1.081580728364782,-0.1012596884565111,0.0,0.0,0.0,0.0,25,500,28004.66424234165,,,,2026-02-02T00:57:52.000Z
29.997642116817392,15.971625281894209,997.9892363603341,2.359884260076928,-1.8403044629153715,4093.8787898672067,-2.093178022391159,1.589446936104708,-0.16126950059797882,0.0,0.0,0.0,0.0,25,500,27995.582531412965,,,,2026-02-02T00:57:53.000Z
29.993073203207203,16.126904571135388,998.009994640847,1.463796138468762,-2.954328832624763,4094.5659677017443,1.5080828501440207,-2.5280045890204903,-1.770774422591056,0.0,0.0,0.0,0.0,25,500,28003.66417789691,,,,2026-02-02T00:57:54.000Z
30.00474691224485,16.077041724679923,998.0151966543921,2.50903740476238,-1.0205823191261265,4093.4308314686,0.5114152550218797,-0.8341940938737827,1.008752071684044,0.0,0.0,0.0,0.0,25,500,27980.738042743415,,,,2026-02-02T00:57:55.000Z
29.9967569811468,16.053323986915544,998.0010975760599,1.6014038950911536,2.2053840921487566,4097.955631099372,0.6067300025201064,-0.30308607711201396,-0.9555187684192374,0.0,0.0,0.0,0.0,25,500,28008.28986612501,,,,2026-02-02T00:57:56.000Z
30.000754980089994,16.02219995946293,997.9923027615642,4.119690003474804,0.3556595994108685,4091.788706116319,-1.076816973627056,0.46032781838148307,-0.23652051540573635,0.0,0.0,0.0,0.0,25,500,27989.399668054262,,,,2026-02-02T00:57:57.000Z
30.010213632348997,15.956581154428445,997.9925212197255,1.1174476738889707,-1.0595354118460814,4098.307180686634,0.737528063466538,-1.6503545041545293,0.5976610012779955,0.0,0.0,0.0,0.0,25,500,28011.224812759745,,,,2026-02-02T00:57:58.000Z
30.009112131037952,15.914605484321655,997.9973790979964,-0.31295475224631697,1.6097118763601594,4098.772698794525,0.27524868756836424,-0.9820924068002156,1.460903426144534,0.0,0.0,0.0,0.0,25,500,28019.80289033691,,,,2026-02-02T00:57:59.000Z
29.99449906708144,15.880284257930798,998.0108087077807,0.6858527546426851,-1.6649532434467775,4095.395638826035,-1.5843275778483972,0.13035720265710996,-1.0799322818968393,0.0,0.0,0.0,0.0,25,500,27985.49065657315,,,,2026-02-02T00:58:00.000Z
30.00486031602287,15.930549314952932,997.988001241873,2.486938256691927,0.1907005486655571,4090.7937258243455,1.4242834142738574,0.08488824152666716,-0.44648358559442713,0.0,0.0,0.0,0.0,25,500,27999.496956037925,,,,2026-02-02T00:58:01.000Z
29.988721437538544,15.995707801163901,997.9816123396758,-1.558750650520234,-0.35926074545103065,4095.2773788760655,0.1586833236187289,0.377618406420093,1.3824186300071535,0.0,0.0,0.0,0.0,25,500,27989.355871473326,,,,2026-02-02T00:58:02.000Z
30.004504141613157,15.884501579981734,998.0036205499057,-1.3037771650627616,1.5582612511767044,4095.8716316774226,-0.39608396607926877,0.4436757268881162,0.46371387927544694,0.0,0.0,0.0,0.0,25,500,27982.716900360636,,,,2026-02-02T00:58:03.000Z
30.00148495305801,16.01695197577366,998.0058161275126,-0.6179200291958148,-3.1544567418390015,4093.9788035601423,-0.3779897459852177,0.3385944331158625,0.6711713590516084,0.0,0.0,0.0,0.0,25,500,27998.93678348796,,,,2026-02-02T00:58:04.000Z
30.003789793623636,15.980556187276436,998.019679694468,-4.2091655975306645,-1.7003954916293116,4094.9695632123835,-2.0152219054323766,0.19365531663149269,-1.0511317357761678,0.0,0.0,0.0,0.0,25,500,28006.351670370987,,,,2026-02-02T00:58:05.000Z
29.997025552453557,15.96027015884568,997.9861768102473,0.2761568168350937,-3.276491318189067,4099.060390397727,0.5933365996313634,0.05573977332636784,-0.37920952992655815,0.0,0.0,0.0,0.0,25,500,28007.54400429319,,,,2026-02-02T00:58:06.000Z
30.020840712736526,16.116153290121165,997.9986519338804,-3.7722574079020523,-0.51919344361854,4097.329854324604,0.2618572072457253,0.6647630897243626,-0.16783543238043075,0.0,0.0,0.0,0.0,25,500,28001.539258125653,,,,2026-02-02T00:58:07.000Z
29.9909870029238,15.753938137777727,998.0116183743212,0.10611862586523807,2.422855007264861,4094.1508717712436,-0.19408013233309493,-2.239322666564225,-0.857894757342974,0.0,0.0,0.0,0.0,25,500,27983.357679433866,,,,2026-02-02T00:58:08.000Z
30.009715517109683,15.961627045471507,998.001208621676,1.7305795122704997,-1.0108944193070544,4092.804801660809,1.2784852074516722,1.5443334869712346,-1.674569625673907,0.0,0.0,0.0,0.0,25,500,28001.233787624533,,,,2026-02-02T00:58:09.000Z
29.989683016802317,15.764756255437053,997.9980456081094,-0.9537529212876713,-1.0213678763913014,4095.3459653647806,-1.3838590189958457,-2.204482050880324,-0.5104985587635958,0.0,0.0,0.0,0.0,25,500,27985.074519837544,,,,2026-02-02T00:58:10.000Z
30.00504344174629,16.023856267292945,998.0078990549692,3.354231740373742,1.7434488483682729,4095.573086441299,-0.5967724763676152,-1.079161816904492,1.3542881995844298,0.0,0.0,0.0,0.0,25,500,27985.73011741942,,,,2026-02-02T00:58:11.000Z
30.00575789977252,16.076218158319893,997.994006110358,-2.9210017988369756,2.1370991169105995,4096.992398374727,-0.8500082547603859,-0.22676079665014473,0.05917346556049609,0.0,0.0,0.0,0.0,25,500,27990.031801117435,,,,2026-02-02T00:58:12.000Z
30.00054975871562,15.864889379578619,998.0085141084195,2.382521363263665,-0.17714213453757985,4094.9293665748646,-0.27879497977155304,0.6726128910898425,1.3742909135733763,0.0,0.0,0.0,0.0,25,500,28010.498111913785,,,,2026-02-02T00:58:13.000Z
29.995046755894563,15.877694241610861,997.9874643680781,1.3502741128138416,1.3694297080997844,4097.022999150724,0.067470025257223,-2.9952668907996163,0.1790209142295196,0.0,0.0,0.0,0.0,25,500,28005.452553456817,,,,2026-02-02T00:58:14.000Z
30.001411348907453,15.830170016828955,997.9848056829671,-3.432066496621378,-2.153909081755893,4099.870308080121,0.4300135238113549,-0.0281243239418344,-0.7647077295879625,0.0,0.0,0.0,0.0,25,500,28003.225906978827,,,,2026-02-02T00:58:15.000Z
30.002670103334303,16.006364199271317,997.9972641198109,5.421588598081065,2.7559486678508276,4097.631002044888,-0.3469734531051173,0.7923950394157345,1.2776190132317218,0.0,0.0,0.0,0.0,25,500,27991.373858191633,,,,2026-02-02T00:58:16.000Z
30.017899364863062,15.965921172379597,997.974367102131,-0.12749057100793235,4.297412587874103,4095.9038229853386,-0.8773557351548937,0.994518116028477,0.21232614066789893,0.0,0.0,0.0,0.0,25,500,27996.122246164487,,,,2026-02-02T00:58:17.000Z
29.991276597146996,15.97213452696084,998.0008469963672,-1.7549680443112634,1.0424315823774497,4095.6336990578934,1.6860069497704442,-0.6973296584974588,0.9618388324273973,0.0,0.0,0.0,0.0,25,500,27986.29877493843,,,,2026-02-02T00:58:18.000Z
29.99444086503686,15.963202836051412,997.982674386573,-2.814174389568034,-4.168663242685601,4095.2866537316404,2.411640191788569,-0.30083528695503226,-1.0683281711205714,0.0,0.0,0.0,0.0,25,500,28013.64301326892,,,,2026-02-02T00:58:19.000Z
30.002847355570694,15.902640093563207,998.0028242052057,-0.4400360553193481,-1.1164605247955686,4098.361281824904,0.14328667188202532,-0.6161481288926278,1.0387562896145033,0.0,0.0,0.0,0.0,25,500,28021.972580075704,,,,2026-02-02T00:58:20.000Z
29.997439462096047,16.113187402389602,998.0018545943811,-0.25481374477991947,1.2256506433386427,4094.7453731080973,-0.7567803670208672,-0.3926746535260844,1.0688892755441985,0.0,0.0,0.0,0.0,25,500,28005.565984140732,,,,2026-02-02T00:58:21.000Z
29.998999589622695,16.02723406801316,997.9993203761384,0.20529105707932885,-0.8429659943327256,4096.090445418,1.4754541310422942,-1.031826550728435,0.2897671443565355,0.0,0.0,0.0,0.0,25,500,28007.317542110104,,,,2026-02-02T00:58:22.000Z
30.010703518353637,15.88153364632224,998.0043640866754,-0.5955923124479203,2.544397108500195,4096.102395803762,-1.4467571063284652,-0.889252162470918,-0.8069220858097825,0.0,0.0,0.0,0.0,25,500,27998.410398607888,,,,2026-02-02T00:58:23.000Z
29.971797334965707,15.929945318416749,998.0020419746861,1.266450620230187,1.1763145288717305,4094.996431614377,-0.33477332470482757,0.434376922028368,-0.046008828712611895,0.0,0.0,0.0,0.0,25,500,27983.805476363417,,,,2026-02-02T00:58:24.000Z
29.994020506549823,15.912793122553252,997.9970699939666,-0.7752596653264927,-1.4129510015315931,4093.255068904232,-0.6961170513463018,0.13161537327274178,0.6112911472382442,0.0,0.0,0.0,0.0,25,500,27991.56035209373,,,,2026-02-02T00:58:25.000Z
29.98257630773749,16.140592790347306,998.0183100698048,-3.869928234480942,0.06452962154250559,4096.645949007236,-1.1595355504504887,0.4915865075904735,0.23457001993653365,0.0,0.0,0.0,0.0,25,500,27995.346154510666,,,,2026-02-02T00:58:26.000Z
29.98804183563096,16.071121927268287,998.0039331069355,-0.2987229912992824,-1.7876664412781802,4095.8779920562893,-0.28002423292176953,0.2140143897008368,0.6010827381077641,0.0,0.0,0.0,0.0,25,500,27996.147439894874,,,,2026-02-02T00:58:27.000Z
30.024046244920726,15.987351054307744,998.0077190808731,-4.734955306746556,-0.3651697568248836,4097.000480938873,-0.8641720791739649,0.7043386011475956,1.0122459076529051,0.0,0.0,0.0,0.0,25,500,27993.846063714296,,,,2026-02-02T00:58:28.000Z
30.005981681339527,16.170722118495387,998.0107307974397,0.707541261782779,-1.1091864808651035,4094.9327993871216,0.012654464148654489,0.8782139981549947,-0.6484466533719213,0.0,0.0,0.0,0.0,25,500,28000.477533085716,,,,2026-02-02T00:58:29.000Z
30.00951564925058,16.14520435951992,998.0066814937904,-1.9586004605652707,2.3495236004660764,4098.441642597626,0.027177167672463982,-1.741716619866104,-1.1550756209601392,0.0,0.0,0.0,0.0,25,500,27991.49830911468,,,,2026-02-02T00:58:30.000Z
29.999194703502134,15.976928910585823,998.0206283291892,0.32672070983160095,4.23202411366199,4094.2464524375764,-0.6213317235219793,-0.8543096504143626,-0.03753880137224185,0.0,0.0,0.0,0.0,25,500,28021.677241206195,,,,2026-02-02T00:58:31.000Z
30.00758713824832,15.95894346778762,998.0016600688482,2.6281499630492084,-2.862376666471504,4099.424080568036,-0.37051335659386964,-0.2313759574900389,-0.3297431588698678,0.0,0.0,0.0,0.0,25,500,27986.346259850037,,,,2026-02-02T00:58:32.000Z
29.9823343549248,15.963763604410266,997.9999303865417,-1.8974973905360002,-3.8464325724195043,4092.5047269803435,-0.2308489679037105,-0.022677525487341064,0.7858464131561501,0.0,0.0,0.0,0.0,25,500,28008.873095440227,,,,2026-02-02T00:58:33.000Z
30.010382984117697,15.904725340403107,997.9935042791219,2.122512517024236,-0.4903448437027714,4096.869540129113,0.809846061119427,-0.6700905738180335,-1.074498389658808,0.0,0.0,0.0,0.0,25,500,27997.381452898382,,,,2026-02-02T00:58:34.000Z
29.9918015588144,16.173397444846717,997.9974372606345,-0.8667791333723064,-3.036831397657365,4096.950861365053,-0.14842940106418565,0.9120236709883057,1.0203818741776796,0.0,0.0,0.0,0.0,25,500,28004.627980952617,,,,2026-02-02T00:58:35.000Z
29.99468684180674,15.899358749694112,997.9926877543095,3.506389604131171,0.0924232073418343,4094.408885864118,0.8247017407860974,1.9799483682905985,1.353612109546766,0.0,0.0,0.0,0.0,25,500,28005.081148671776,,,,2026-02-02T00:58:36.000Z
30.005051510704547,16.086830431542744,998.00677211913,-0.7303052263964267,1.4978722276118535,4096.848787875722,0.5858129835546556,0.186161955581734,0.00030496426228980426,0.0,0.0,0.0,0.0,25,500,28001.570432301207,,,,2026-02-02T00:58:37.000Z
30.003164467585822,16.069054313090884,997.9908768375268,-1.6809859710133828,2.98828379453365,4098.559037339521,0.571530696900742,0.08434103219821125,0.06073612558130447,0.0,0.0,0.0,0.0,25,500,27988.666292524005,,,,2026-02-02T00:58:38.000Z
30.000846200483934,15.969513402177643,998.0007379216989,1.3744769007905768,0.40278911743056217,4091.5663623212918,1.3878459703459733,0.8494562551043311,-0.7675465012301531,0.0,0.0,0.0,0.0,25,500,27996.6796024963,,,,2026-02-02T00:58:39.000Z
29.986369038464197,16.181004510366446,998.005595469343,-0.8715794592472719,-0.386310449699158,4097.005489614981,-1.1193908797459098,-1.865839755203436,-0.5426608989740664,0.0,0.0,0.0,0.0,25,500,28001.690952721994,,,,2026-02-02T00:58:40.000Z
30.000998136688217,15.844090367891846,998.001503238866,-1.682899028258017,-3.9567698331461685,4091.01345835934,-0.47318310630711363,0.028468940438410424,-0.4083366806456837,0.0,0.0,0.0,0.0,25,500,28001.06433835284,,,,2026-02-02T00:58:41.000Z
30.00960561353483,15.992030869902111,997.9910408512443,-0.9556797014075823,0.052370298371596874,4094.0686703929537,1.7632988002995693,0.9790358254675168,1.442940067837931,0.0,0.0,0.0,0.0,25,500,27989.76868025218,,,,2026-02-02T00:58:42.000Z
29.994675129039003,15.95109598350595,998.0069894491401,-0.08921306436600282,0.14257452109892338,4099.258332729802,-0.25731650058926747,-0.6431539972011118,-0.07187078581077398,0.0,0.0,0.0,0.0,25,500,28012.912124590417,,,,2026-02-02T00:58:43.000Z
30.0131493704534,16.096059315027084,997.9991466029146,2.684360262489708,1.2779136284254906,4094.836435933216,-2.8151236899058496,-1.2265605799019654,-1.3221729566400084,0.0,0.0,0.0,0.0,25,500,27975.064265740824,,,,2026-02-02T00:58:44.000Z
29.99127308064086,16.035356586437516,997.9712728778355,-3.868175490919154,-1.4169762030581823,4093.652240071182,-0.20296834314788534,-0.1858056100997783,0.2553543421120036,0.0,0.0,0.0,0.0,25,500,27997.498751122355,,,,2026-02-02T00:58:45.000Z
30.000065478917183,15.82727048213335,997.9901664830942,0.046161317900841346,-0.8701052004717194,4095.6041245420306,0.13493953016324978,-0.06068543320192063,0.826290124622276,0.0,0.0,0.0,0.0,25,500,27990.786812448143,,,,2026-02-02T00:58:46.000Z
30.015353277333766,16.123947944374645,998.014011322364,1.249807189308086,-2.9560045106083686,4100.135812676327,-2.617113117431211,-0.9086522819154584,-0.02541136932159493,0.0,0.0,0.0,0.0,25,500,28001.821654163592,,,,2026-02-02T00:58:47.000Z
29.993186000873003,16.048546172292458,998.0148432184152,0.3868971499835922,-4.5825856137681305,4092.3366355055878,1.3339356398879483,2.096161276050951,1.4692134397269894,0.0,0.0,0.0,0.0,25,500,28010.167258560043,,,,2026-02-02T00:58:48.000Z
30.01053985483377,15.896450813803707,998.0052611121007,2.6197303388670683,-2.2169941815935665,4093.8973801767215,-0.713712463865602,-0.47869638100794565,0.777508667265898,0.0,0.0,0.0,0.0,25,500,27985.93030988823,,,,2026-02-02T00:58:49.000Z
30.019746523622217,15.96503208952136,998.0078406897696,-0.14869065951704852,-3.140651628506033,4098.994863366359,0.3285631151875155,-1.1536593514265687,-1.0491287298878536,0.0,0.0,0.0,0.0,25,500,28023.536052322885,,,,2026-02-02T00:58:50.000Z
30.00171044068924,15.870011508502792,997.9922170601874,-0.3691028843718903,0.6734245908412224,4099.7154046870755,-0.22598154534406228,-0.09362131907061147,-0.5514328123964021,0.0,0.0,0.0,0.0,25,500,28002.01848636958,,,,2026-02-02T00:58:51.000Z
29.99472983012617,15.982916197438351,997.9973985558127,1.1846590940266866,-1.0362681133337146,4095.7931375514195,-1.2883514192040415,0.9078606377044912,0.22622628142460888,0.0,0.0,0.0,0.0,25,500,28003.817239900956,,,,2026-02-02T00:58:52.000Z
29.9922726119705,16.015011796735983,998.0123536660046,0.19862762990269925,-1.0764742601495783,4093.521894594947,-1.07050813463542,0.017414248998230967,-1.6661892380266072,0.0,0.0,0.0,0.0,25,500,27985.602456646528,,,,2026-02-02T00:58:53.000Z
30.01304602703347,15.966535284136604,998.0042591524257,-0.780817476560942,-1.9688260923504242,4100.191687003618,-0.935082836427547,0.4855939200440023,0.33635673747061456,0.0,0.0,0.0,0.0,25,500,27999.534328116664,,,,2026-02-02T00:58:54.000Z
30.012766941993398,15.954953550012714,998.0006494838389,1.0322880791727593,-6.465130865024867,4099.188884783498,1.085671909183638,-0.8715105943331573,-1.7615824272546483,0.0,0.0,0.0,0.0,25,500,28009.716748215178,,,,2026-02-02T00:58:55.000Z
30.014493091228687,15.838725963094882,997.9981319145711,-1.3050565864332904,3.016621497495101,4097.357893975524,-0.14753818810015182,1.4876884464035136,1.0234334555645097,0.0,0.0,0.0,0.0,25,500,28002.099215722188,,,,2026-02-02T00:58:56.000Z
29.99967161649344,16.03372414615032,998.0117447200123,-1.2223543040386542,-2.0005410455535766,4094.375195302125,-0.5218655165517466,0.5617110279184433,0.9072736847917083,0.0,0.0,0.0,0.0,25,500,28001.40195573727,,,,2026-02-02T00:58:57.000Z
30.01037806941527,15.807554540313705,998.0112203215355,-1.0559880435312272,-0.824840139699814,4095.901941318324,-0.9346089125902313,1.0477015688776097,0.5047813609150709,0.0,0.0,0.0,0.0,25,500,27999.481404313217,,,,2026-02-02T00:58:58.000Z
29.99951160608874,16.003107951823726,998.0064967175077,2.7061383203328147,-2.909784330578621,4095.67927983791,1.1961502215261264,0.36516063247516933,-0.6758783643523114,0.0,0.0,0.0,0.0,25,500,27986.219999083365,,,,2026-02-02T00:58:59.000Z
29.991169448783918,15.820084417596753,998.0006627506608,-6.442032711971427,1.9438606868812678,4096.661702609231,1.4642012725235871,0.8248840377287843,0.17020282461353894,0.0,0.0,0.0,0.0,25,500,27986.162913289365,,,,2026-02-02T00:59:00.000Z
30.011241767851125,16.005050489048628,997.9964324351423,0.7911976695258847,0.28685787407464886,4098.9020028762625,1.1847438987066807,-0.8730525596772274,-0.5133774875146491,0.0,0.0,0.0,0.0,25,500,28011.693271266406,,,,2026-02-02T00:59:01.000Z
30.016338702782782,15.999388099541225,998.0069301371968,0.06854362840044445,-1.6527305705317372,4097.758834082275,0.49243733915416665,-0.4914104166895625,-1.0308152774500663,0.0,0.0,0.0,0.0,25,500,28008.822867059433,,,,2026-02-02T00:59:02.000Z
29.989793980272186,16.040334496767855,997.9889809015502,-3.3617409184762406,-0.7844592226880477,4093.8452478460304,0.2898300418707116,1.34648059555603,-0.3387430117714108,0.0,0.0,0.0,0.0,25,500,28010.30271172467,,,,2026-02-02T00:59:03.000Z
29.989605690370993,16.08622857168016,997.9910543015242,0.6194535582720044,3.35635984424974,4098.752992900039,-1.2159378179759015,1.5597419472839638,0.6982655364920956,0.0,0.0,0.0,0.0,25,500,27991.771799561953,,,,2026-02-02T00:59:04.000Z
30.000399819342302,16.104758842225095,997.9854890863921,0.951503983663064,-0.14593886376255658,4096.626264280027,-0.24581912671105752,-1.1470655997190768,0.043814192831760926,0.0,0.0,0.0,0.0,25,500,27998.42432238831,,,,2026-02-02T00:59:05.000Z
30.00956128605741,15.838995740062407,998.0123522977799,1.1792784627148,-0.3634670752318117,4097.374131591718,-0.6838602033464366,0.24973606786381217,1.4507099241344232,0.0,0.0,0.0,0.0,25,500,28012.31800186001,,,,2026-02-02T00:59:06.000Z
29.98866180806246,15.994179394686691,997.9927933337588,-5.303656126089898,-1.8827629722785304,4098.933081718557,-1.8255121089847097,-0.4309438004852274,0.7657805394802747,0.0,0.0,0.0,0.0,25,500,27987.713446752405,,,,2026-02-02T00:59:07.000Z
30.00227015736956,16.201094088456006,998.0040400778676,2.732778823708877,-3.789162300944606,4093.776839500973,1.0570434191653657,-0.6970314693648616,0.6586908139056186,0.0,0.0,0.0,0.0,25,500,28011.298824075533,,,,2026-02-02T00:59:08.000Z
29.994095730459403,16.01191005684977,997.9987444247929,-1.4754734093696817,-0.32007734715868885,4095.928348842587,-0.6958299463922752,0.28483969535544995,-1.608926549445604,0.0,0.0,0.0,0.0,25,500,27994.13480407376,,,,2026-02-02T00:59:09.000Z
30.00700829099825,15.916865185969868,998.0289753899012,1.3731354935063522,0.6509702246492353,4094.9370908972815,1.195941907435307,1.140962932365408,-0.28515853015527837,0.0,0.0,0.0,0.0,25,500,27991.447666995657,,,,2026-02-02T00:59:10.000Z
29.99202113178504,15.992029887356066,998.0044190545403,1.482147561364572,2.199168928655339,4092.864281149269,0.8817464007600121,0.45166247328419384,-1.0643724104341996,0.0,0.0,0.0,0.0,25,500,27999.680837001935,,,,2026-02-02T00:59:11.000Z
30.007718030002742,15.961633405968595,997.9813785924075,-1.7533941712385859,-4.496993068999311,4096.69341995521,0.5567179766334188,-0.319512449919035,-0.1830028796239041,0.0,0.0,0.0,0.0,25,500,27988.829980908882,,,,2026-02-02T00:59:12.000Z
29.998417851891823,15.882354184286784,998.011754357566,1.3209199047031006,-2.250192654046058,4101.023113103169,0.6128840717631837,0.51486117993516,-0.6932761239231569,0.0,0.0,0.0,0.0,25,500,27981.03106405503,,,,2026-02-02T00:59:13.000Z
29.99062859476319,16.0869104188207,997.996128490364,-0.7709864818247164,-1.1614821811129006,4092.3198445109883,-0.6153138820737076,-0.35997617358090106,-0.3776049530579387,0.0,0.0,0.0,0.0,25,500,28000.76029686649,,,,2026-02-02T00:59:14.000Z
30.00063689955427,16.058435255827536,997.9979907219805,-4.1427543586763145,-0.006961697146403657,4095.9354387779013,1.8578501512906649,0.4121143007306019,1.0611627323738506,0.0,0.0,0.0,0.0,25,500,28005.342657703815,,,,2026-02-02T00:59:15.000Z
29.980620266855116,15.866549092788787,997.9932748773699,2.335483851055558,-0.2900673830568449,4097.28108587015,0.04312543095304917,1.3964657004557333,0.4752499290058339,0.0,0.0,0.0,0.0,25,500,28012.152901726375,,,,2026-02-02T00:59:16.000Z
29.99440905427895,15.99067254161831,998.0019561251864,-1.5500899260324796,-0.2433773713745391,4096.246156403312,0.3019316851187039,-2.0771596593008277,1.007114428981635,0.0,0.0,0.0,0.0,25,500,28006.069747131714,,,,2026-02-02T00:59:17.000Z
30.003374010703247,15.943353635081788,998.0018251313768,-1.7089869254761085,0.816192117139889,4095.7737438949684,-0.6490763335666391,0.7972522985400334,-1.6006831090159857,0.0,0.0,0.0,0.0,25,500,28019.653971848325,,,,2026-02-02T00:59:18.000Z
29.98228245220968,15.839840748547504,997.9935452282235,-0.8061317360734442,-1.8065862215582185,4093.4015672731084,-0.9311652607769599,-1.5390549215704685,0.05797469661566357,0.0,0.0,0.0,0.0,25,500,28013.610749757365,,,,2026-02-02T00:59:19.000Z
29.974288631468944,15.858518054252402,997.9949185547952,0.5444734506547761,1.868282884467389,4096.465573485881,0.47729600880942324,1.2283277105444614,0.9667049813966009,0.0,0.0,0.0,0.0,25,500,28007.380787516868,,,,2026-02-02T00:59:20.000Z
29.976606326801868,15.873404017619967,998.0010128613309,-0.11454082164420454,0.8669048833989614,4094.486472045968,0.21751349593878547,-0.6370256098728607,1.5062959148871558,0.0,0.0,0.0,0.0,25,500,28004.68618825356,,,,2026-02-02T00:59:21.000Z
30.013271285555003,15.99415702465572,997.9765726851349,1.0961338494143409,-0.6396645282561587,4091.620156590043,-0.7893523659025773,-1.217671377606484,-1.548088389692493,0.0,0.0,0.0,0.0,25,500,28012.30102183073,,,,2026-02-02T00:59:22.000Z
29.999232409872373,15.954204699979664,997.985585025295,-2.678978733057318,3.2018159837778306,4098.389184441027,-1.438426718775404,0.6952692270887474,-0.35148363616116995,0.0,0.0,0.0,0.0,25,500,27977.869778886714,,,,2026-02-02T00:59:23.000Z
29.99467534605993,15.904081203790408,998.016699920961,-1.4847727408614693,3.1128320711435338,4097.916771639684,-1.269923087327547,0.36417006314241074,1.0342266740047628,0.0,0.0,0.0,0.0,25,500,27995.19942958737,,,,2026-02-02T00:59:24.000Z
30.00945154735667,15.960811697037904,998.0032782094432,-0.2319941446430671,1.8657907103876172,4096.103321953702,1.196133717091107,-0.9991869029616581,-0.19227831281144533,0.0,0.0,0.0,0.0,25,500,27981.41518953039,,,,2026-02-02T00:59:25.000Z
29.99595550317531,16.07475349718455,997.9947509101326,3.795774585317411,-6.037113541135585,4096.458149376412,-0.6132538146500716,-1.2529997571683937,-0.9104176741697237,0.0,0.0,0.0,0.0,25,500,28006.63097632386,,,,2026-02-02T00:59:26.000Z
30.002684618998668,16.035669609727204,997.9830391716846,-0.22762507682751612,3.1578901854359507,4098.148636025431,-0.33890854567583373,-0.18748148749128224,-1.5499991784960077,0.0,0.0,0.0,0.0,25,500,27992.57236122589,,,,2026-02-02T00:59:27.000Z
30.000257553509233,16.10018688076219,997.9994368383506,2.170444527323263,1.5895170449438683,4096.448679313557,1.4503402587590621,-1.2040869501711966,-0.9487015346631669,0.0,0.0,0.0,0.0,25,500,28030.196531423382,,,,2026-02-02T00:59:28.000Z
29.99529000579247,15.977168713528075,998.0098519209179,0.07711033756863542,4.012817275425873,4097.808035109522,-1.1221505614864147,-1.0614729729236276,-1.688901668563729,0.0,0.0,0.0,0.0,25,500,27994.82074201829,,,,2026-02-02T00:59:29.000Z
30.00294145883889,16.160255719068164,998.0263920610465,-0.967317274875137,2.474929183467077,4095.405035598252,-0.7269948257170568,0.11562079042143356,0.058460456834025704,0.0,0.0,0.0,0.0,25,500,28001.063631648824,,,,2026-02-02T00:59:30.000Z
30.007732612214202,16.03480798836985,998.0189205642499,-0.4934488482288811,3.156685354994571,4098.623967477148,-0.7687668285606931,-0.9658716342550967,0.8963101857786598,0.0,0.0,0.0,0.0,25,500,27995.977334658124,,,,2026-02-02T00:59:31.000Z
29.99815093382983,15.951108257665862,997.9911306197987,-0.3368394240577623,1.757309700360758,4096.641571451865,1.6180684811660395,0.4265392900265429,-1.260974758908604,0.0,0.0,0.0,0.0,25,500,27995.111687618562,,,,2026-02-02T00:59:32.000Z
29.995394444268452,16.009295180969037,997.9950420046862,1.2072914779214772,2.6973863972910244,4096.388103887211,1.9933835005824139,1.4901435958834768,0.2577297412110527,0.0,0.0,0.0,0.0,25,500,27987.53478116169,,,,2026-02-02T00:59:33.000Z
29.996574875920004,15.875192404741018,997.9852850076976,2.749222535153109,3.9882474814688798,4093.459877822576,0.7515632254021709,-0.14855541490058238,0.8452710294458669,0.0,0.0,0.0,0.0,25,500,27987.19850590059,,,,2026-02-02T00:59:34.000Z
29.977020874672142,15.969381486375223,997.9915834493338,0.7193616953726422,0.43310947675641165,4096.573911708603,0.7833847241542399,0.13015106198558457,-0.0027083268483496454,0.0,0.0,0.0,0.0,25,500,27978.20506997727,,,,2026-02-02T00:59:35.000Z
30.00283059546509,16.042997423022662,997.9978715683687,2.374155357483511,-3.1444610881562594,4094.3360901650112,-0.5803550028527311,2.018096732835487,-1.6106942949172454,0.0,0.0,0.0,0.0,25,500,28005.454623028036,,,,2026-02-02T00:59:36.000Z
29.987908887110116,16.06116695080986,997.9963286300338,-1.9295794752593711,-0.6149218000302843,4094.723434546943,1.9473284869042828,-1.1876011173773469,0.3862115546625031,0.0,0.0,0.0,0.0,25,500,27995.753532334722,,,,2026-02-02T00:59:37.000Z
30.006297187241188,15.958983777716881,998.0205456730658,-0.8292610176280611,0.7798911987668734,4094.3692487433677,0.2676962543586619,1.1912351951807418,-0.05464694476447034,0.0,0.0,0.0,0.0,25,500,28019.336282260425,,,,2026-02-02T00:59:38.000Z
29.999095758993246,16.273389042752264,997.9868464305753,-1.4486050684153335,0.1497751687431155,4093.8675301362014,0.8531102644497399,1.0708575979124821,-0.1565046486008555,0.0,0.0,0.0,0.0,25,500,27987.55859815933,,,,2026-02-02T00:59:39.000Z
30.001051210965304,15.982779225684471,997.9995490555082,0.6288891817497051,-2.493123932318853,4100.249542806034,-0.10552493877095412,0.8543173391737832,-0.5468372457604648,0.0,0.0,0.0,0.0,25,500,28014.76314520155,,,,2026-02-02T00:59:40.000Z
30.007003291706063,15.832160595785684,997.9793654023771,-0.7179167703588275,-3.262135250389958,4098.662678123977,-0.2680325873276106,1.2917478507326312,0.08678742627404129,0.0,0.0,0.0,0.0,25,500,28015.722593353516,,,,2026-02-02T00:59:41.000Z
29.99073476233659,16.121326719200848,998.0033089078049,1.4595458740683909,-1.4823253372696585,4099.840735004289,1.6630422595961174,0.2805749659586189,0.50981790844696,0.0,0.0,0.0,0.0,25,500,28012.770431665005,,,,2026-02-02T00:59:42.000Z
30.00369248443351,16.060712730384967,997.9865829465932,-1.862003423264883,1.615479111968302,4093.554209960889,0.539723679738307,-0.5829294955992674,2.3906481343358488,0.0,0.0,0.0,0.0,25,500,28002.347973104654,,,,2026-02-02T00:59:43.000Z
30.002676210525628,16.023168882095526,998.0110262630839,0.08606194664256288,3.160679541645939,4096.1425074998215,1.4513754610703817,1.0945732912205675,0.11233206838720484,0.0,0.0,0.0,0.0,25,500,27996.617942747806,,,,2026-02-02T00:59:44.000Z
29.998152191673572,15.953507910890822,997.9970897410699,1.3737158220245123,1.8331352275554025,4093.412984749592,0.2553281717450444,1.132842211712895,1.5111411600126732,0.0,0.0,0.0,0.0,25,500,28012.760676969374,,,,2026-02-02T00:59:45.000Z
29.990718137992364,16.039334651602644,997.9859801573172,-4.130605550081221,2.1148545742282723,4094.608610245606,-0.8483665364230907,1.1053139014932878,0.3577550834268766,0.0,0.0,0.0,0.0,25,500,27992.085368571625,,,,2026-02-02T00:59:46.000Z
30.00595238364055,16.161901624599764,997.9789729824644,4.243262614660407,-0.16163114632711534,4094.1637460331667,-0.5833429328784879,0.04450208231923648,-0.09952832764775339,0.0,0.0,0.0,0.0,25,500,28002.70707595446,,,,2026-02-02T00:59:47.000Z
30.007034545444192,16.020163293734015,997.9902136251139,-0.5663037697597514,-3.484164915411928,4098.479168012883,0.10296524246461053,-0.7161945136133265,0.14854752771129245,0.0,0.0,0.0,0.0,25,500,27999.562520539777,,,,2026-02-02T00:59:48.000Z
30.00113602025978,15.852996641318907,998.0023938089074,-4.050079827352346,-0.9104411617654108,4095.2075406437966,-0.6265002160433267,0.19136225411161115,-1.2217363696925094,0.0,0.0,0.0,0.0,25,500,27991.08583137304,,,,2026-02-02T00:59:49.000Z
29.989296975842855,15.654664591681223,998.0042151364715,0.31618779715357204,-0.5175288237447575,4098.136758667388,-1.1074614086276906,0.9422300175678358,0.3058602707520377,0.0,0.0,0.0,0.0,25,500,28002.780469722842,,,,2026-02-02T00:59:50.000Z
29.994725509670744,16.03845595606384,997.9950156201883,0.06688693594630188,-0.9941049736713645,4097.208241779177,1.2014170317870247,1.0243517898599654,-1.9920650648213725,0.0,0.0,0.0,0.0,25,500,28007.41838251593,,,,2026-02-02T00:59:51.000Z
29.9993966727758,15.901408645873989,998.0092579704343,-0.163788759144986,0.10938973074925232,4100.607277504209,-0.5448700708235121,-0.42967612707459496,-0.8626663578885319,0.0,0.0,0.0,0.0,25,500,27990.69171790561,,,,2026-02-02T00:59:52.000Z
30.00688494549982,15.99002872826042,997.9886425710711,1.9823822258533326,0.882839519785901,4093.0411115537204,0.1381927477913204,0.31537289612739006,0.10984309313381067,0.0,0.0,0.0,0.0,25,500,28004.60120187116,,,,2026-02-02T00:59:53.000Z
29.98416510598887,15.91909223769866,997.9707294015749,1.4948899428541118,1.706030376486995,4098.518466479573,0.29613358988560473,-1.308778304485956,1.1939822731788443,0.0,0.0,0.0,0.0,25,500,27977.709718126003,,,,2026-02-02T00:59:54.000Z
29.994361965356955,15.91190910158034,998.0028255365074,0.5957523820476903,-0.5562397287326681,4098.292881740801,-0.5881531253205687,0.9849501030058511,1.430624396998394,0.0,0.0,0.0,0.0,25,500,27989.508446589396,,,,2026-02-02T00:59:55.000Z
29.995973274400576,15.923472586671373,998.0129009581268,0.9003112678932953,-3.807518811289187,4094.053242323946,1.4507994663087393,-0.7833087567250635,-0.23654657964093476,0.0,0.0,0.0,0.0,25,500,27995.42654277122,,,,2026-02-02T00:59:56.000Z
29.99916778420597,15.932512464008344,998.0129933367366,-0.20871689887617306,-0.9657554385822698,4098.014266672946,-1.1171417612046128,0.7852553595715474,0.15571731953044088,0.0,0.0,0.0,0.0,25,500,28003.57337236966,,,,2026-02-02T00:59:57.000Z
29.98698674715975,16.077623598848284,997.9870019075938,3.5509816984800966,0.0874207939839677,4096.672289926052,0.2616252635807709,-1.1493045773901618,0.9843624695820279,0.0,0.0,0.0,0.0,25,500,28008.693147496342,,,,2026-02-02T00:59:58.000Z
29.997824672216268,16.057364379313658,997.9945530681268,-2.958392036715533,2.4456158442668166,4095.545047480093,0.24611770637658364,1.0314159064340078,-1.3294935721929189,0.0,0.0,0.0,0.0,25,500,28000.82822891164,,,,2026-02-02T00:59:59.000Z
