timestamp,temperature_temperature,humidity_humidity,pressure_pressure,accelerometer_Ax,accelerometer_Ay,accelerometer_Az,gyroscope_x,gyroscope_y,gyroscope_z,led_R,led_G,led_B,quaternion_x,quaternion_y,quaternion_z,quaternion_w,bsec_bsec,co2_co2,gas_gas
2025-12-17T16:46:47.411Z,47.89999771118164,10,990.1865844726562,755,745,3926,360,202,-518,,,,0.06378157436847687,0.02783196046948433,-0.02032465487718582,0.9973118901252747,25,500,47884
2025-12-17T16:46:46.911Z,47.79999923706055,10,990.1865844726562,-48,463,4114,-120,-68,-189,,,,0.07904032617807388,0.03509512543678284,-0.0056152199395000935,0.9962132573127747,0,0,41561
2025-12-17T16:46:46.411Z,47.79999923706055,10,990.1865844726562,-488,355,4166,-506,77,-345,,,,0.10076878219842911,0.031982339918613434,-0.004089344758540392,0.9943211674690247,25,500,56482
2025-12-17T16:46:45.911Z,47.79999923706055,10,990.1709594726562,-360,615,4049,-344,10,3,,,,0.10754366964101791,0.033874426037073135,-0.00476073008030653,0.9935887455940247,25,534,54497
2025-12-17T16:46:45.411Z,47.22999954223633,10,990.1709594726562,-249,768,3963,-174,-8,60,,,,0.10937471687793732,0.03674307093024254,-0.0062255701050162315,0.9932835698127747,44,534,60214
2025-12-17T16:46:44.911Z,47.82999801635742,10,990.2021484375,-96,379,4094,-74,-285,10,,,,0.13372768461704254,0.031616128981113434,-0.006347639951854944,0.9904759526252747,44,534,60461
2025-12-17T16:46:44.411Z,47.77000045776367,10,990.2021484375,190,1373,3792,-490,162,192,,,,0.14849814772605896,0.031677164137363434,-0.044006235897541046,0.9873632192611694,43,532,60296
2025-12-17T16:46:43.911Z,46.7599983215332,10,990.2177734375,-237,1113,3952,30,30,46,,,,0.14886435866355896,0.02941887080669403,-0.04840075597167015,0.9871801137924194,43,532,60668
2025-12-17T16:46:43.411Z,47.32999801635742,10,990.2801513671875,120,1117,3946,-215,359,13,,,,0.14685021340847015,0.033386144787073135,-0.05999740585684776,0.9867528676986694,43,532,59365
2025-12-17T16:46:42.911Z,47.349998474121094,10,990.2801513671875,-885,912,4073,-32,-2,432,,,,0.14428673684597015,0.033935461193323135,-0.06408675014972687,0.9868139028549194,41,528,60502
2025-12-17T16:46:42.411Z,47.28999710083008,10,990.2177734375,-335,1273,4126,215,62,56,,,,0.14446984231472015,0.033325109630823135,-0.06573469191789627,0.9867528676986694,41,528,61003
2025-12-17T16:46:41.911Z,47.16999816894531,10,990.2411499023438,-235,1045,3961,-18,11,39,,,,0.14703331887722015,0.032714758068323135,-0.08123758435249329,0.9852269887924194,41,525,60668
2025-12-17T16:46:41.411Z,47.16999816894531,10,990.2567749023438,-268,1035,3979,-27,10,77,,,,0.14776574075222015,0.032653726637363434,-0.08233621716499329,0.9849828481674194,39,525,60502
2025-12-17T16:46:40.911Z,47.189998626708984,10,990.2411499023438,-249,1050,4007,-45,18,44,,,,0.14855918288230896,0.032592691481113434,-0.08319070190191269,0.9847997426986694,39,525,60461
2025-12-17T16:46:40.411Z,47.189998626708984,10,990.2411499023438,-232,1015,3999,-23,3,24,,,,0.14904746413230896,0.032409586012363434,-0.08337380737066269,0.9847387075424194,39,515,60461
2025-12-17T16:46:39.911Z,47.209999084472656,10,990.2567749023438,-194,1065,3991,-30,15,-9,,,,0.14923056960105896,0.032348550856113434,-0.08331277221441269,0.9846776723861694,33,515,61130
2025-12-17T16:46:39.411Z,47.15999984741211,10,990.2021484375,-133,1065,3968,-29,4,-4,,,,0.14965781569480896,0.032714758068323135,-0.08367898315191269,0.9846166372299194,33,510,61599
2025-12-17T16:46:38.911Z,47.16999816894531,10,990.2411499023438,-144,1092,3959,-8,-40,47,,,,0.14935263991355896,0.03417959809303284,-0.08447244018316269,0.9845556020736694,31,510,60420
2025-12-17T16:46:38.411Z,47.11000061035156,10,990.2177734375,-359,1118,3934,36,-26,30,,,,0.14929160475730896,0.03424063324928284,-0.08453347533941269,0.9845556020736694,31,513,61556
2025-12-17T16:46:37.911Z,47,10,990.2411499023438,-379,1120,3976,37,-6,17,,,,0.14849814772605896,0.033874426037073135,-0.08441140502691269,0.9846776723861694,32,513,61857
2025-12-17T16:46:37.411Z,46.95000076293945,10,990.2177734375,-402,1098,4024,79,71,-41,,,,0.14666710793972015,0.02801506407558918,-0.08514382690191269,0.9850438833236694,32,513,60919
2025-12-17T16:46:36.911Z,46.89999771118164,10,990.2567749023438,297,1026,4037,50,70,85,,,,0.14862021803855896,0.03546133637428284,-0.08746315538883209,0.9843724966049194,32,509,61172
2025-12-17T16:46:36.411Z,46.779998779296875,10,990.2177734375,-178,1168,3974,-1,-248,-67,,,,0.14880332350730896,0.03790273517370224,-0.08636452257633209,0.9843114614486694,30,509,62381
2025-12-17T16:46:35.911Z,46.7599983215332,10,990.2411499023438,-464,1093,3979,27,-162,-107,,,,0.14916953444480896,0.04064930975437164,-0.07885722070932388,0.9847997426986694,30,509,61642
2025-12-17T16:46:35.411Z,46.779998779296875,10,990.2411499023438,-445,1194,3860,0,-84,-366,,,,0.14886435866355896,0.03967275097966194,-0.07452373206615448,0.9852269887924194,30,510,62031
2025-12-17T16:46:34.911Z,46.72999954223633,10,990.1865844726562,-292,1233,3802,102,123,-360,,,,0.14654503762722015,0.03692617639899254,-0.07025128602981567,0.9859594106674194,30,510,62074
2025-12-17T16:46:34.411Z,46.63999938964844,10,990.2021484375,223,922,4030,203,102,-266,,,,0.14495812356472015,0.03698721155524254,-0.06842023134231567,0.9863256216049194,30,505,61385
2025-12-17T16:46:33.911Z,46.599998474121094,10,990.2021484375,-254,1003,3961,0,-6,-2,,,,0.14562951028347015,0.03741445392370224,-0.06805402785539627,0.9862645864486694,28,505,62381
2025-12-17T16:46:33.411Z,46.61000061035156,10,990.2021484375,-247,1021,4003,7,12,-8,,,,0.14556847512722015,0.03729238361120224,-0.06799299269914627,0.9862645864486694,28,505,62031
2025-12-17T16:46:32.911Z,46.56999969482422,10,990.1475830078125,-223,1009,3985,12,16,-10,,,,0.14556847512722015,0.03723134845495224,-0.06793195754289627,0.9862645864486694,28,512,62425
2025-12-17T16:46:32.411Z,46.56999969482422,10,990.1865844726562,-207,993,4005,7,7,-7,,,,0.14556847512722015,0.03723134845495224,-0.06793195754289627,0.9862645864486694,32,512,61901
2025-12-17T16:46:31.911Z,46.59000015258789,10,990.1709594726562,-221,1003,3993,2,5,-10,,,,0.14562951028347015,0.03729238361120224,-0.06787092238664627,0.9862645864486694,32,512,62469
2025-12-17T16:46:31.411Z,46.68000030517578,10,990.1475830078125,-231,1003,3996,11,5,-5,,,,0.14562951028347015,0.03729238361120224,-0.06780988723039627,0.9862645864486694,32,519,62074
2025-12-17T16:46:30.911Z,46.77000045776367,10,990.1709594726562,-243,1025,3977,16,18,-10,,,,0.14562951028347015,0.03692617639899254,-0.06774885207414627,0.9862645864486694,36,519,62558
2025-12-17T16:46:30.411Z,46.77000045776367,10,990.1865844726562,-214,1086,4276,0,20,0,,,,0.14593468606472015,0.03717031329870224,-0.06774885207414627,0.9862035512924194,36,519,61427
2025-12-17T16:46:29.911Z,46.80999755859375,10,990.1709594726562,-242,1099,4267,12,4,0,,,,0.14593468606472015,0.03717031329870224,-0.06774885207414627,0.9862035512924194,36,527,61944
2025-12-17T16:46:29.411Z,46.80999755859375,10,990.1709594726562,-261,1073,4289,14,16,0,,,,0.14587365090847015,0.03698721155524254,-0.06780988723039627,0.9862645864486694,40,527,62249
2025-12-17T16:46:28.911Z,46.78999710083008,10,990.1475830078125,-247,1054,4279,1,35,0,,,,0.14617882668972015,0.03655996546149254,-0.06787092238664627,0.9862035512924194,40,541,62513
2025-12-17T16:46:28.411Z,46.72999954223633,10,990.1709594726562,-218,1117,4291,7,28,5,,,,0.14605675637722015,0.03631582483649254,-0.06817609816789627,0.9862035512924194,48,533,61599
2025-12-17T16:46:27.911Z,46.72999954223633,10,990.1475830078125,-273,1116,4258,0,46,4,,,,0.14379845559597015,0.03582754358649254,-0.06835919618606567,0.9865697622299194,44,533,62074
2025-12-17T16:46:27.411Z,46.869998931884766,10,990.1709594726562,-127,1098,4245,35,83,-49,,,,0.14282189309597015,0.03540030121803284,-0.06811506301164627,0.9867528676986694,44,533,62513
2025-12-17T16:46:26.911Z,46.869998931884766,10,990.2177734375,-229,987,4246,92,58,-8,,,,0.07177715748548508,-0.02734367921948433,-0.21606390178203583,0.9733251333236694,44,542,61642
2025-12-17T16:46:26.411Z,46.939998626708984,10,990.2177734375,-229,987,4246,92,58,-8,,,,0.0909421518445015,-0.03729238361120224,-0.182189479470253,0.9782689809799194,49,542,62118
2025-12-17T16:46:25.911Z,46.95000076293945,9,990.2411499023438,-161,970,4331,26,-13,14,,,,0.0970456525683403,-0.032775793224573135,-0.17419388890266418,0.9793065786361694,49,542,62425
2025-12-17T16:46:25.411Z,46.97999954223633,9,990.2177734375,-230,1020,4305,-90,40,-216,,,,0.14062464237213135,-0.01934809423983097,-0.0932614803314209,0.9854100942611694,49,535,61901
2025-12-17T16:46:24.911Z,47.029998779296875,9,990.2411499023438,-230,1020,4305,0,257,-111,,,,0.14062464237213135,-0.010620090179145336,-0.061645351350307465,0.9880346059799194,45,535,61257
2025-12-17T16:46:24.411Z,47.05999755859375,9,990.2411499023438,-230,1020,4305,-541,191,-612,,,,0.11120577156543732,0.022521914914250374,0.01416011992841959,0.9934056401252747,45,535,61728
2025-12-17T16:46:23.911Z,47.119998931884766,9,990.2411499023438,-189,1032,4275,393,-46,-327,,,,0.12640348076820374,0.07067853212356567,0.05560288578271866,0.9878515005111694,45,533,61987
2025-12-17T16:46:23.411Z,47.06999969482422,9,990.2567749023438,-206,1034,4281,-57,32,-321,,,,0.16967730224132538,0.0957639142870903,0.26098567247390747,0.9454321265220642,44,533,61257
2025-12-17T16:46:22.911Z,47.06999969482422,9,990.2411499023438,-206,1034,4281,383,-195,-185,,,,0.21838322281837463,0.0967404767870903,0.21923771500587463,0.9459204077720642,44,533,61771
2025-12-17T16:46:22.411Z,47.15999984741211,9,990.2957763671875,-206,1034,4281,-194,-485,-441,,,,0.23290956020355225,0.07775858789682388,0.1938471645116806,0.9497656226158142,44,534,61513
2025-12-17T16:46:21.911Z,47.209999084472656,9,990.2801513671875,44,641,4389,-426,243,-55,,,,0.23248231410980225,0.07488994300365448,0.1922602504491806,0.9504370093345642,44,534,61513
2025-12-17T16:46:21.411Z,47.209999084472656,9,990.2801513671875,416,1061,4371,-665,336,974,,,,0.23046815395355225,0.06994611024856567,0.1887202262878418,0.9519628882408142,44,530,61300
2025-12-17T16:46:20.911Z,47.37999725341797,9,990.2567749023438,-439,747,4365,163,796,258,,,,0.21911564469337463,0.060973964631557465,0.17285111546516418,0.9583105444908142,42,530,61513
2025-12-17T16:46:20.411Z,47.37999725341797,9,990.2801513671875,-85,1192,4587,226,697,246,,,,0.20959419012069702,0.05743393301963806,0.14788781106472015,0.9647802710533142,42,529,61300
2025-12-17T16:46:19.911Z,47.37999725341797,9,990.2411499023438,77,1218,4052,306,429,325,,,,0.1997065246105194,0.043151743710041046,0.11669892072677612,0.9718602895736694,42,529,60919
2025-12-17T16:46:19.411Z,47.36000061035156,9,990.2567749023438,66,995,4405,202,235,489,,,,0.1971430480480194,0.04058827459812164,0.10571262240409851,0.9737523794174194,42,529,60919
2025-12-17T16:46:18.911Z,47.36000061035156,9,990.2411499023438,-689,1827,3643,474,309,702,,,,0.17388871312141418,0.033386144787073135,0.05816635489463806,0.9824193716049194,42,523,61130
2025-12-17T16:46:18.411Z,47.439998626708984,9,990.2801513671875,80,1452,4123,117,432,659,,,,0.17657425999641418,0.032287515699863434,0.026245050132274628,0.9833348989486694,38,523,61427
2025-12-17T16:46:17.911Z,47.5099983215332,9,990.2567749023438,-741,2674,3350,257,39,671,,,,0.182311549782753,0.030883710831403732,0.011901824735105038,0.9826635122299194,38,519,61257
2025-12-17T16:46:17.411Z,47.48999786376953,9,990.2567749023438,-193,3018,3158,91,180,541,,,,0.1834712028503418,0.02923576533794403,0.008422830142080784,0.9824804067611694,36,519,61342
2025-12-17T16:46:16.911Z,47.45000076293945,9,990.2411499023438,-78,2847,3193,-128,44,455,,,,0.1842036247253418,0.025756770744919777,0.0026855398900806904,0.9825414419174194,36,519,61215
2025-12-17T16:46:16.411Z,47.459999084472656,9,990.2567749023438,91,2652,3328,-182,242,385,,,,0.1840815544128418,0.02062983065843582,-0.00744626997038722,0.9826024770736694,36,514,61427
2025-12-17T16:46:15.911Z,47.46999740600586,9,990.2567749023438,-294,2025,3768,-114,323,397,,,,0.05688462033867836,0.05541978031396866,0.07299786061048508,0.9941380620002747,33,514,61003
2025-12-17T16:46:15.411Z,47.459999084472656,9,990.2411499023438,-387,2015,3774,-40,425,441,,,,0.04736315831542015,0.061034999787807465,0.07116681337356567,0.9944432377815247,33,506,61088
2025-12-17T16:46:14.911Z,47.5,9,990.2567749023438,25,1883,3834,98,283,650,,,,0.05401597544550896,0.06414778530597687,0.062133628875017166,0.9945042729377747,28,506,61342
2025-12-17T16:46:14.411Z,47.55999755859375,9,990.2411499023438,81,2118,3832,56,120,398,,,,0.06774885207414627,0.05584702640771866,0.06549055129289627,0.9939549565315247,28,506,61987
2025-12-17T16:46:13.911Z,47.55999755859375,9,990.2567749023438,-166,1166,4423,-994,92,-104,,,,0.07495097815990448,0.05523667484521866,0.08294656127691269,0.9921849370002747,28,500,62031
2025-12-17T16:46:13.411Z,47.57999801635742,9,990.2567749023438,-299,1356,4172,1619,-791,-18,,,,0.07665996253490448,0.05700669065117836,0.0899655893445015,0.9913304448127747,25,500,62031
2025-12-17T16:46:12.911Z,47.529998779296875,9,990.2567749023438,-406,1594,4086,632,-988,964,,,,0.08190897107124329,0.05334458872675896,0.0956418439745903,0.9905369877815247,25,500,61685
2025-12-17T16:46:12.411Z,47.57999801635742,9,990.2567749023438,-401,1635,4061,-1730,952,1,,,,0.07452373206615448,0.052368029952049255,0.08453347533941269,0.9921849370002747,25,500,61513
2025-12-17T16:46:11.911Z,47.619998931884766,9,990.2801513671875,-275,1568,4024,-990,726,-1190,,,,0.08416726440191269,0.04998766630887985,0.6862775087356567,0.720640242099762,25,500,61172
2025-12-17T16:46:11.411Z,47.599998474121094,9,990.2567749023438,205,1739,4067,-117,-338,-823,,,,0.07348614186048508,0.050781119614839554,0.6848737597465515,0.723081648349762,25,500,61771
2025-12-17T16:46:10.911Z,47.59000015258789,9,990.2411499023438,-285,1369,4076,-282,161,-548,,,,0.07702617347240448,0.04913317412137985,0.6839582324028015,0.723753035068512,25,500,61771
2025-12-17T16:46:10.411Z,47.599998474121094,9,990.2801513671875,-245,1287,4269,-301,280,-464,,,,0.08001688122749329,0.050842154771089554,0.6819440722465515,0.725156843662262,25,500,61513
2025-12-17T16:46:09.911Z,47.59000015258789,9,990.2567749023438,-245,1287,4269,-99,101,92,,,,0.07128887623548508,0.05535874515771866,0.6809064745903015,0.726743757724762,25,500,60877
2025-12-17T16:46:09.411Z,47.57999801635742,9,990.2411499023438,-245,1287,4269,-109,69,-33,,,,0.08593727648258209,0.05389390513300896,0.6759626269340515,0.729856550693512,25,500,60919
2025-12-17T16:46:08.911Z,47.57999801635742,9,990.2177734375,-273,1275,4308,-109,69,-33,,,,0.08618141710758209,0.052795276045799255,0.6759626269340515,0.729917585849762,25,500,61814
2025-12-17T16:46:08.411Z,47.61000061035156,9,990.2801513671875,-273,1275,4308,-67,-15,-115,,,,0.08367898315191269,0.05706772580742836,0.6820661425590515,0.724180281162262,25,500,61003
2025-12-17T16:46:07.911Z,47.61000061035156,9,990.2567749023438,-273,1275,4308,161,-5,126,,,,0.0949094220995903,0.05993637070059776,0.6900616884231567,0.714963972568512,25,500,60961
2025-12-17T16:46:07.411Z,47.57999801635742,9,990.2567749023438,-273,1275,4308,5,-229,350,,,,0.08477761596441269,0.05310044810175896,0.6990338563919067,0.7080060243606567,25,500,61685
2025-12-17T16:46:06.911Z,47.5099983215332,9,990.2567749023438,57,1012,4883,-110,-240,447,,,,0.07305889576673508,0.05523667484521866,0.7010480165481567,0.7070904970169067,25,500,61172
2025-12-17T16:46:06.411Z,47.57999801635742,9,990.2801513671875,122,712,4742,556,-504,250,,,,0.07141094654798508,0.04864489659667015,0.7069073915481567,0.7019025087356567,25,500,61385
2025-12-17T16:46:05.911Z,47.70000076293945,9,990.2567749023438,624,501,3273,53,-36,-31,,,,0.07208233326673508,0.04608142375946045,0.7067242860794067,0.7022076845169067,25,500,61172
2025-12-17T16:46:05.411Z,47.68000030517578,9,990.2801513671875,-2302,-1372,4323,222,-118,-36,,,,0.06860333681106567,0.04730212315917015,0.712461531162262,0.6966534852981567,25,500,61003
2025-12-17T16:46:04.911Z,47.80999755859375,9,990.3191528320312,-1384,30,5260,231,-459,75,,,,0.07043439149856567,0.04602038860321045,0.710752546787262,0.6983624696731567,25,500,60627
2025-12-17T16:46:04.411Z,47.80999755859375,9,990.2957763671875,80,1217,3947,130,-193,373,,,,0.05828842520713806,0.04479968920350075,0.7042828798294067,0.7060528993606567,25,500,61130
2025-12-17T16:46:03.911Z,47.78999710083008,9,990.3191528320312,-741,790,4052,-3,110,-7,,,,0.05615219846367836,0.03771962970495224,0.7031232118606567,0.7077618837356567,25,500,60877
2025-12-17T16:46:03.411Z,47.81999969482422,9,990.2801513671875,-18,1042,4307,8,-496,176,,,,0.05499253422021866,0.03826894611120224,0.7009259462356567,0.710020124912262,25,500,61130
2025-12-17T16:46:02.911Z,47.80999755859375,9,990.2957763671875,-599,55,4621,-25,-4,67,,,,0.052306994795799255,0.03808584064245224,0.7029401063919067,0.7081891298294067,25,500,60961
2025-12-17T16:46:02.411Z,47.869998931884766,9,990.2957763671875,-557,287,4595,107,-68,-149,,,,0.05957015976309776,0.042541395872831345,0.7019635438919067,0.7083722352981567,25,500,60835
2025-12-17T16:46:01.911Z,47.89999771118164,9,990.2801513671875,-557,287,4595,256,-411,-428,,,,0.061157070100307465,0.04736315831542015,0.6997052431106567,0.710142195224762,25,500,60627
2025-12-17T16:46:01.411Z,47.88999938964844,9,990.2957763671875,-321,673,4253,-148,607,-725,,,,0.061523281037807465,0.04962145537137985,0.6962262392044067,0.713377058506012,25,500,60668
2025-12-17T16:46:00.911Z,47.959999084472656,9,990.2567749023438,151,685,4261,53,-255,-36,,,,0.052306994795799255,0.03961171582341194,0.6881085634231567,0.722593367099762,25,500,60544
2025-12-17T16:46:00.411Z,47.939998626708984,9,990.2801513671875,208,263,4465,518,-623,-50,,,,0.04638659954071045,0.042907603085041046,0.6865826845169067,0.724241316318512,25,500,60752
2025-12-17T16:45:59.911Z,47.90999984741211,9,990.2567749023438,62,917,4576,4,-75,162,,,,0.050292838364839554,0.03863515332341194,0.6888409852981567,0.722044050693512,25,500,61130
2025-12-17T16:45:59.411Z,47.90999984741211,9,990.2567749023438,-425,314,4112,128,-18,-41,,,,0.04888903349637985,0.04058827459812164,0.6852399706840515,0.725523054599762,25,500,61556
2025-12-17T16:45:58.911Z,47.939998626708984,10,990.2957763671875,-1181,-77,4378,213,-3,-204,,,,0.050598014146089554,0.041686903685331345,0.6840803027153015,0.726438581943512,25,500,61814
2025-12-17T16:45:58.411Z,48,10,990.2411499023438,-1279,1026,4589,934,-485,91,,,,0.041870009154081345,0.041870009154081345,0.6665632128715515,0.7430400848388672,25,500,61901
2025-12-17T16:45:57.911Z,48,10,990.2411499023438,-1292,1278,4727,146,48,73,,,,0.043212778866291046,0.050598014146089554,0.6580183506011963,0.7499980926513672,25,500,61257
2025-12-17T16:45:57.411Z,48,10,990.2567749023438,-1292,1278,4727,451,-347,304,,,,0.041625868529081345,0.052368029952049255,0.6494734287261963,0.7573832869529724,25,500,61513
2025-12-17T16:45:56.911Z,47.90999984741211,10,990.2567749023438,-1292,1278,4727,82,32,-42,,,,0.04541004076600075,0.05645737424492836,0.6463606357574463,0.7595195174217224,25,500,61857
2025-12-17T16:45:56.411Z,47.849998474121094,10,990.2567749023438,-1292,1278,4727,-242,356,-220,,,,0.04663074016571045,0.06500227749347687,0.6473371982574463,0.7579326033592224,25,500,61642
2025-12-17T16:45:55.911Z,47.849998474121094,10,990.2567749023438,-375,697,3914,-198,-108,154,,,,0.03741445392370224,0.05853256583213806,0.6568586826324463,0.7507305145263672,25,500,62337
2025-12-17T16:45:55.411Z,47.80999755859375,10,990.2567749023438,128,925,4007,-160,-2,96,,,,0.041503798216581345,0.05975326523184776,0.6608259677886963,0.7469463348388672,25,500,61901
2025-12-17T16:45:54.911Z,47.77000045776367,10,990.2411499023438,-389,282,3700,-229,-206,202,,,,0.03826894611120224,0.05688462033867836,0.6659528613090515,0.7427959442138672,25,500,62031
2025-12-17T16:45:54.411Z,47.72999954223633,10,990.2411499023438,-407,286,4041,34,-153,117,,,,0.02917473018169403,0.04772936925292015,0.6830427050590515,0.728208601474762,25,500,62118
2025-12-17T16:45:53.911Z,47.709999084472656,10,990.2411499023438,-112,753,3934,-783,217,-103,,,,0.01934809423983097,0.042663466185331345,0.6885968446731567,0.723508894443512,25,500,61556
2025-12-17T16:45:53.411Z,47.66999816894531,10,990.2411499023438,-785,50,3513,293,-291,334,,,,0.020873969420790672,0.03955068066716194,0.6929303407669067,0.719541609287262,25,500,61728
2025-12-17T16:45:52.911Z,47.56999969482422,10,990.2021484375,-172,873,3978,-101,68,13,,,,0.020812934264540672,0.03704824671149254,0.7009259462356567,0.711912214756012,25,500,61771
2025-12-17T16:45:52.411Z,47.52000045776367,9,990.2021484375,-47,734,4042,-49,18,96,,,,0.012817350216209888,0.033386144787073135,0.712644636631012,0.7005597352981567,25,500,61814
2025-12-17T16:45:51.911Z,47.41999816894531,10,990.2177734375,-334,736,3981,-28,-31,114,,,,0.008300759829580784,0.03558340668678284,0.724607527256012,0.6881085634231567,25,500,61728
2025-12-17T16:45:51.411Z,47.36000061035156,10,990.2177734375,-272,1815,4071,-140,23,222,,,,0.06933575868606567,0.0902707651257515,0.7841776609420776,0.6099227666854858,25,500,62425
2025-12-17T16:45:50.911Z,47.34000015258789,10,990.2177734375,-274,411,4218,-10,-49,155,,,,0.06994611024856567,0.12384001165628433,0.8049295544624329,0.5759872794151306,25,500,62469
2025-12-17T16:45:50.411Z,47.36000061035156,10,990.2177734375,-186,505,3780,-243,70,-16,,,,0.08862282335758209,0.14080774784088135,0.8143900036811829,0.5559067726135254,25,500,61944
2025-12-17T16:45:49.911Z,47.369998931884766,10,990.2177734375,-730,251,4178,-1099,158,-81,,,,0.0907590463757515,0.15533407032489777,0.8203104138374329,0.5427842736244202,25,500,61300
2025-12-17T16:45:49.411Z,47.369998931884766,10,990.2177734375,63,940,4086,-144,14,-148,,,,0.0889890268445015,0.16284137964248657,0.8201883435249329,0.5410752892494202,25,500,60668
2025-12-17T16:45:48.911Z,47.349998474121094,10,990.2411499023438,600,1042,3920,-21,-23,-223,,,,0.0886838510632515,0.16381794214248657,0.8154886364936829,0.5478501319885254,25,500,61172
2025-12-17T16:45:48.411Z,47.31999969482422,10,990.2411499023438,2002,2229,3702,598,-453,-218,,,,0.0939939022064209,0.17132525146007538,0.8117044568061829,0.5502915382385254,25,500,61944
2025-12-17T16:45:47.911Z,47.2599983215332,10,990.2021484375,-228,973,4129,742,-38,-523,,,,0.0946042463183403,0.17712357640266418,0.8101175427436829,0.5507187843322754,25,500,61427
2025-12-17T16:45:47.411Z,47.23999786376953,10,990.2177734375,73,155,3570,33,66,-54,,,,0.0897214487195015,0.16815142333507538,0.8226297497749329,0.5355821251869202,25,500,61685
2025-12-17T16:45:46.911Z,47.209999084472656,10,990.2021484375,-59,854,4165,57,49,-306,,,,0.08758522570133209,0.16516071557998657,0.8234232068061829,0.5356431603431702,25,500,62381
2025-12-17T16:45:46.411Z,47.209999084472656,10,990.2411499023438,-474,484,4204,69,13,-442,,,,0.08685280382633209,0.16265827417373657,0.8239114880561829,0.5357652306556702,25,500,62031
2025-12-17T16:45:45.911Z,47.22999954223633,10,990.2411499023438,-127,759,4183,-408,-12,75,,,,0.0900266245007515,0.16339069604873657,0.8220193982124329,0.5379624962806702,25,500,61685
2025-12-17T16:45:45.411Z,47.23999786376953,10,990.2177734375,-256,737,3958,154,-3,-511,,,,0.0946042463183403,0.16577105224132538,0.8193948864936829,0.5404649376869202,25,500,61814
2025-12-17T16:45:44.911Z,47.209999084472656,10,990.2567749023438,-169,693,4124,-576,-169,-653,,,,0.0942380428314209,0.16119343042373657,0.8177469372749329,0.5443711876869202,25,500,61857
2025-12-17T16:45:44.411Z,47.18000030517578,10,990.2411499023438,11,812,4215,-619,-313,-778,,,,0.0933225154876709,0.15429647266864777,0.8094461560249329,0.5587754249572754,25,500,60877
2025-12-17T16:45:43.911Z,47.119998931884766,10,990.2177734375,-893,4,3843,-762,200,-535,,,,0.0928342342376709,0.15154990553855896,0.8089578747749329,0.5602402687072754,25,500,61857
2025-12-17T16:45:43.411Z,47.09000015258789,10,990.2567749023438,131,276,3536,-144,-208,-125,,,,0.0925900936126709,0.14862021803855896,0.8093240857124329,0.5606064796447754,25,500,61901
2025-12-17T16:45:42.911Z,47.09000015258789,10,990.2567749023438,-542,430,4236,112,29,90,,,,0.0908200815320015,0.14385949075222015,0.8101175427436829,0.5609726905822754,25,500,62469
2025-12-17T16:45:42.411Z,47,10,990.2021484375,-229,668,4054,-131,-97,147,,,,0.08697487413883209,0.11303681880235672,0.8024881482124329,0.5792831778526306,25,500,61944
2025-12-17T16:45:41.911Z,46.869998931884766,10,990.2021484375,-289,443,4115,-599,46,61,,,,0.06256087124347687,0.08374001830816269,0.8001078367233276,0.5905746817588806,25,500,61470
2025-12-17T16:45:41.411Z,46.939998626708984,10,990.2567749023438,-470,843,4007,310,-475,-100,,,,0.04101552069187164,0.06280501186847687,0.8034036755561829,0.5905746817588806,25,500,61215
2025-12-17T16:45:40.911Z,47.02000045776367,10,990.2411499023438,-340,489,3969,80,7,-19,,,,0.04058827459812164,0.05517563968896866,0.8061502575874329,0.5876449942588806,25,500,62249
2025-12-17T16:45:40.411Z,47.189998626708984,10,990.2177734375,-307,858,4290,147,-28,-9,,,,0.03753652423620224,0.04675281047821045,0.8057840466499329,0.5891098380088806,25,500,62031
2025-12-17T16:45:39.911Z,47.15999984741211,10,990.2411499023438,-928,755,3756,-41,-2,7,,,,0.02899162471294403,0.03576650843024254,0.8032205700874329,0.5938094854354858,25,500,62425
2025-12-17T16:45:39.411Z,47.12999725341797,10,990.2177734375,-630,397,3941,-44,5,12,,,,0.01947016455233097,0.014465294778347015,0.7980326414108276,0.6020492315292358,25,500,61901
2025-12-17T16:45:38.911Z,47.12999725341797,10,990.2177734375,-304,681,3937,-32,42,45,,,,0.033691320568323135,0.043334849178791046,0.8197000622749329,0.5700668692588806,25,500,61987
2025-12-17T16:45:38.411Z,47.12999725341797,10,990.2411499023438,90,532,3980,431,227,-1,,,,0.04064930975437164,0.050598014146089554,0.8217142224311829,0.5661606788635254,25,500,62869
2025-12-17T16:45:37.911Z,47.07999801635742,10,990.2177734375,33,70,4180,-163,160,226,,,,0.04461658373475075,0.06005844101309776,0.8264749050140381,0.5578598976135254,25,500,62337
2025-12-17T16:45:37.411Z,46.95000076293945,10,990.2411499023438,-635,133,4096,23,3,-10,,,,0.04516590014100075,0.061889488250017166,0.8274514675140381,0.5562119483947754,25,500,62205
2025-12-17T16:45:36.911Z,46.95000076293945,10,990.2177734375,-441,408,4101,55,35,-1,,,,0.043884165585041046,0.06347639858722687,0.8281228542327881,0.5551133155822754,25,500,62469
2025-12-17T16:45:36.411Z,47.04999923706055,10,990.2411499023438,-316,414,4121,185,33,-6,,,,0.042419325560331345,0.06799299269914627,0.8289773464202881,0.5534043312072754,25,500,62162
2025-12-17T16:45:35.911Z,47.04999923706055,10,990.2177734375,-746,471,4165,61,219,160,,,,0.062438804656267166,0.0906980112195015,0.8240945935249329,0.5555405616760254,25,500,62162
2025-12-17T16:45:35.411Z,47.029998779296875,10,990.2411499023438,-372,297,4122,888,-112,55,,,,0.05889877304434776,0.08154276013374329,0.8267800807952881,0.5534043312072754,25,500,61901
2025-12-17T16:45:34.911Z,47.0099983215332,10,990.2411499023438,-91,1115,4026,594,-196,-135,,,,0.05981430038809776,0.08142068982124329,0.8273293972015381,0.5524277687072754,25,500,62293
2025-12-17T16:45:34.411Z,47.0099983215332,10,990.2411499023438,-762,1132,3971,316,375,-149,,,,0.05889877304434776,0.08148172497749329,0.8282449245452881,0.5512070655822754,25,500,62381
2025-12-17T16:45:33.911Z,46.939998626708984,10,990.2177734375,-62,1810,3572,135,4,76,,,,0.05993637070059776,0.08166483044624329,0.8287942409515381,0.5502305030822754,25,500,62337
2025-12-17T16:45:33.411Z,46.93000030517578,10,990.2021484375,-475,1259,3945,96,-9,56,,,,0.06347639858722687,0.07824686914682388,0.8313577175140381,0.5464463829994202,25,500,62425
2025-12-17T16:45:32.911Z,46.91999816894531,10,990.2177734375,-347,1594,3689,871,125,128,,,,0.05364976450800896,0.06445296108722687,0.8368508815765381,0.5408921837806702,25,500,62031
2025-12-17T16:45:32.411Z,46.91999816894531,10,990.2177734375,-397,1480,3832,-464,201,-298,,,,0.050292838364839554,0.05682358518242836,0.8408792018890381,0.5358262658119202,25,500,62869
2025-12-17T16:45:31.911Z,46.82999801635742,10,990.2177734375,-421,1713,3736,68,-145,-110,,,,0.033569250255823135,0.01989741064608097,0.8309304714202881,0.5549302101135254,25,500,62162
2025-12-17T16:45:31.411Z,46.779998779296875,10,990.2411499023438,-219,1669,3534,-92,-21,-77,,,,0.012512175366282463,0.0030517498962581158,0.8092630505561829,0.5872177481651306,25,500,62293
2025-12-17T16:45:30.911Z,46.80999755859375,10,990.2411499023438,-364,1782,3707,-41,-56,-50,,,,0.016357379034161568,-0.002624504966661334,0.8099954724311829,0.5861801505088806,25,500,62205
2025-12-17T16:45:30.411Z,46.79999923706055,10,990.2177734375,-412,1636,3770,-68,-70,-22,,,,0.00744626997038722,-0.023132264614105225,0.8383767604827881,0.5444932579994202,25,500,62337
2025-12-17T16:45:29.911Z,46.779998779296875,10,990.2021484375,-384,1645,3781,-250,-155,-126,,,,0.012939419597387314,-0.02734367921948433,0.8415505886077881,0.5392442345619202,25,500,62293
2025-12-17T16:45:29.411Z,46.71999740600586,10,990.2177734375,-392,1618,3749,131,-49,92,,,,0.012145965360105038,-0.025695735588669777,0.8375833034515381,0.5454087853431702,25,500,62162
2025-12-17T16:45:28.911Z,46.68000030517578,10,990.2021484375,-381,1713,3757,25,26,-25,,,,0.010803194716572762,-0.02868645079433918,0.8411233425140381,0.5398545861244202,25,500,62162
2025-12-17T16:45:28.411Z,46.59000015258789,10,990.2177734375,-386,1589,3811,-30,-12,-55,,,,0.0031127850525081158,-0.04595935344696045,0.8264138698577881,0.5610947608947754,25,500,62381
2025-12-17T16:45:27.911Z,46.52000045776367,10,990.2411499023438,-685,2013,3879,17,-17,-28,,,,0.005004869773983955,-0.04443347826600075,0.8177469372749329,0.5737289786338806,25,500,62249
2025-12-17T16:45:27.411Z,46.52000045776367,10,990.2177734375,-376,1602,3790,-36,1,-38,,,,0.008178689517080784,-0.03674307093024254,0.8187234997749329,0.5728744864463806,25,500,62293
2025-12-17T16:45:26.911Z,46.57999801635742,10,990.1865844726562,-367,1579,3715,54,47,22,,,,0.009216285310685635,-0.033813390880823135,0.8197000622749329,0.5715927481651306,25,500,62469
2025-12-17T16:45:26.411Z,46.57999801635742,10,990.2021484375,-385,1617,3748,472,529,-762,,,,0.016662554815411568,-0.024413999170064926,0.8355691432952881,0.5484604835510254,25,500,62425
2025-12-17T16:45:25.911Z,46.52000045776367,10,990.2021484375,-246,1353,3725,41,8,37,,,,0.025695735588669777,-0.024413999170064926,0.8452737331390381,0.5330796837806702,25,500,63004
2025-12-17T16:45:25.411Z,46.52000045776367,10,990.1865844726562,-293,860,3951,969,506,481,,,,0.030395429581403732,-0.012878385372459888,0.8496071696281433,0.5263047814369202,25,500,62914
2025-12-17T16:45:24.911Z,46.5,10,990.1865844726562,-478,270,4186,-1300,459,-348,,,,0.023681579157710075,-0.012329069897532463,0.8455178737640381,0.5331407189369202,25,500,62646
2025-12-17T16:45:24.411Z,46.40999984741211,10,990.1865844726562,-325,931,4292,-15,5,-154,,,,0.01715083420276642,-0.004455554764717817,0.8450295925140381,0.5343614220619202,25,500,62869
2025-12-17T16:45:23.911Z,46.40999984741211,10,990.2021484375,-289,627,4061,-366,267,-429,,,,0.01940912939608097,-0.0024413999635726213,0.8454568386077881,0.5336290001869202,25,500,62513
2025-12-17T16:45:23.411Z,46.349998474121094,10,990.1865844726562,-283,444,4086,-21,-44,269,,,,0.015685994178056717,-0.0017700149910524487,0.8426492214202881,0.5381456017494202,25,500,62469
2025-12-17T16:45:22.911Z,46.349998474121094,10,990.1709594726562,53,232,3921,160,-151,165,,,,0.00860593467950821,-0.00860593467950821,0.8374001979827881,0.5463243126869202,25,500,62249
2025-12-17T16:45:22.411Z,46.28999710083008,10,990.2021484375,225,864,3890,-19,46,-83,,,,0.015136679634451866,0.0005493150092661381,0.8388650417327881,0.5440049767494202,25,500,62646
2025-12-17T16:45:21.911Z,46.27000045776367,10,990.1865844726562,-326,713,3904,73,-330,614,,,,0.011047335341572762,-0.005737289786338806,0.8420999050140381,0.5390611290931702,25,500,62959
2025-12-17T16:45:21.411Z,46.34000015258789,10,990.1865844726562,-259,796,4004,103,-31,361,,,,0.006469709798693657,-0.011108369566500187,0.8463113307952881,0.5324082970619202,25,500,62646
2025-12-17T16:45:20.911Z,46.279998779296875,10,990.2177734375,-253,812,3992,-401,-289,-165,,,,0.004150379914790392,-0.012634244747459888,0.8442971706390381,0.5356431603431702,25,500,62735
2025-12-17T16:45:20.411Z,46.28999710083008,10,990.1865844726562,-282,695,4051,-1131,748,-603,,,,-0.008117655292153358,-0.02026361972093582,0.8494850993156433,0.5270372033119202,25,500,62513
2025-12-17T16:45:19.911Z,46.31999969482422,10,990.1865844726562,-512,448,4111,-520,395,-775,,,,-0.005920394789427519,-0.03430166840553284,0.8560158610343933,0.5156847238540649,25,500,62425
2025-12-17T16:45:19.411Z,46.28999710083008,10,990.2021484375,-425,1404,3696,-233,23,-32,,,,-0.012451140210032463,-0.04083241522312164,0.8536354899406433,0.5189806222915649,25,500,62162
2025-12-17T16:45:18.911Z,46.28999710083008,10,990.2021484375,-337,939,3951,473,-353,254,,,,-0.01947016455233097,-0.033569250255823135,0.8540017008781433,0.5187364816665649,25,500,61857
2025-12-17T16:45:18.411Z,46.34000015258789,10,990.1865844726562,-252,932,3996,-185,-63,-171,,,,-0.0026855398900806904,-0.01507564540952444,0.8588234782218933,0.5119615793228149,25,500,62031
2025-12-17T16:45:17.911Z,46.30999755859375,10,990.2021484375,-326,892,3947,2,-12,247,,,,0.0055541847832500935,-0.00738523481413722,0.8626686930656433,0.5056139230728149,25,500,62249
2025-12-17T16:45:17.411Z,46.209999084472656,10,990.1865844726562,-276,952,4027,-105,10,7,,,,0.010498019866645336,0.000793454993981868,0.8526589274406433,0.5222765207290649,25,500,61857
2025-12-17T16:45:16.911Z,46.11000061035156,10,990.1865844726562,43,960,3813,378,-147,72,,,,0.00738523481413722,0.0017089799512177706,0.8498513102531433,0.5269151329994202,25,500,62249
2025-12-17T16:45:16.411Z,46.09000015258789,10,990.2021484375,390,901,3776,506,-230,83,,,,0.014709435403347015,0.0062255701050162315,0.8576638102531433,0.5139147043228149,25,500,62031
2025-12-17T16:45:15.911Z,46.06999969482422,10,990.2177734375,-160,712,4027,-919,471,-436,,,,0.009826635010540485,0.004150379914790392,0.8478372097015381,0.5300889611244202,25,500,62337
2025-12-17T16:45:15.411Z,46.07999801635742,10,990.1865844726562,-209,-49,4015,135,46,-127,,,,0.015563924796879292,0.011047335341572762,0.8485085964202881,0.5287461876869202,25,500,61857
2025-12-17T16:45:14.911Z,46.04999923706055,10,990.1865844726562,-1315,-749,3966,736,-119,313,,,,0.015136679634451866,0.00885007530450821,0.8538796305656433,0.5200792551040649,25,500,61987
2025-12-17T16:45:14.411Z,46.029998779296875,10,990.2021484375,-476,-140,4177,-67,-77,-25,,,,0.023315370082855225,0.02832023985683918,0.8759742975234985,0.4808337390422821,25,500,62513
2025-12-17T16:45:13.911Z,46.119998931884766,10,990.2177734375,-577,145,4061,5,-150,-193,,,,0.01782221905887127,0.015991169959306717,0.8765236139297485,0.4806506335735321,25,500,62381
2025-12-17T16:45:13.411Z,46.06999969482422,10,990.2021484375,296,-375,4020,462,-26,175,,,,0.01855463907122612,0.01428219024091959,0.8737159967422485,0.4858385920524597,25,500,62646
2025-12-17T16:45:12.911Z,46.04999923706055,10,990.2021484375,-328,235,3972,10,-22,-79,,,,0.01348873507231474,0.015869099646806717,0.8723732233047485,0.4883410334587097,25,500,62205
2025-12-17T16:45:12.411Z,46.05999755859375,10,990.2021484375,-176,-30,4132,-274,-365,41,,,,0.013183560222387314,0.0061645349487662315,0.8767677545547485,0.4805895984172821,25,500,62646
2025-12-17T16:45:11.911Z,46.09000015258789,10,990.1865844726562,-55,-686,4368,-953,413,-468,,,,-0.0017700149910524487,-0.0022582949604839087,0.8764625787734985,0.4813220202922821,25,500,62074
2025-12-17T16:45:11.411Z,46.14999771118164,10,990.2021484375,117,-173,3880,-62,12,60,,,,-0.0013427699450403452,-0.01983637548983097,0.8779274225234985,0.4782702624797821,25,500,62558
2025-12-17T16:45:10.911Z,46.189998626708984,10,990.2177734375,101,521,4081,-414,-186,336,,,,0.0031127850525081158,-0.009765599854290485,0.8874489068984985,0.4606311321258545,25,500,62469
2025-12-17T16:45:10.411Z,46.03999710083008,10,990.2021484375,-1026,-1183,4199,321,-204,-238,,,,0.012023895047605038,0.004211415071040392,0.8815895318984985,0.4718005359172821,25,500,62031
2025-12-17T16:45:09.911Z,46.03999710083008,10,990.2021484375,-652,74,4055,-80,43,205,,,,0.011047335341572762,0.002380365040153265,0.8817726373672485,0.4713732898235321,25,500,62337
2025-12-17T16:45:09.411Z,46,10,990.2177734375,-582,-163,4146,124,-215,103,,,,0.0061645349487662315,-0.007202129811048508,0.8819557428359985,0.4711291491985321,25,500,62513
2025-12-17T16:45:08.911Z,46.25,10,990.1865844726562,852,905,3719,-900,271,-252,,,,0.004028310067951679,-0.014404259622097015,0.8861671686172485,0.4630115032196045,25,500,61944
2025-12-17T16:45:08.411Z,46.25,10,990.2177734375,-220,136,4065,31,-54,-59,,,,0.0016479450277984142,-0.022216739133000374,0.8851906061172485,0.4646594524383545,25,500,62293
2025-12-17T16:45:07.911Z,46.2599983215332,10,990.2021484375,-578,-453,4252,-387,648,-662,,,,-0.0021972600370645523,-0.01849360577762127,0.8862892389297485,0.4626452922821045,25,500,61987
2025-12-17T16:45:07.411Z,46.30999755859375,10,990.1709594726562,-203,267,4086,476,-173,315,,,,0.0016479450277984142,-0.02789299562573433,0.8744484186172485,0.4842516779899597,25,500,62031
2025-12-17T16:45:06.911Z,46.30999755859375,10,990.1865844726562,-527,506,4425,-83,6,92,,,,-0.012390105053782463,-0.033935461193323135,0.8701760172843933,0.4913317561149597,25,500,61944
2025-12-17T16:45:06.411Z,46.38999938964844,10,990.1709594726562,-268,453,4315,382,-353,116,,,,0.011901824735105038,-0.02777092531323433,0.8915382623672485,0.4517810642719269,25,500,62469
2025-12-17T16:45:05.911Z,46.369998931884766,10,990.1865844726562,-752,915,4617,151,-5,-79,,,,0.010864229872822762,-0.017028765752911568,0.8945900201797485,0.44628793001174927,25,500,62558
2025-12-17T16:45:05.411Z,46.34000015258789,10,990.1709594726562,-143,248,4139,445,-545,42,,,,0.0056762550957500935,-0.009887670166790485,0.8949562311172485,0.44586068391799927,25,500,62074
2025-12-17T16:45:04.911Z,46.369998931884766,10,990.1709594726562,-174,-472,3753,-140,-40,-258,,,,0.01489253994077444,0.003478995058685541,0.8979468941688538,0.43975716829299927,25,500,62824
2025-12-17T16:45:04.411Z,46.37999725341797,10,990.1475830078125,-218,-57,4065,-136,-211,-130,,,,0.011657685041427612,0.005798324942588806,0.8955054879188538,0.44482308626174927,25,500,62959
2025-12-17T16:45:03.911Z,46.34000015258789,10,990.1709594726562,-821,-1040,3858,-40,-11,-11,,,,0.007873514667153358,0.008056620135903358,0.8951393365859985,0.44555550813674927,25,500,63410
2025-12-17T16:45:03.411Z,46.23999786376953,10,990.1475830078125,22,-172,4412,47,-12,-21,,,,0.016601519659161568,0.016662554815411568,0.9011207222938538,0.43286022543907166,25,500,63048
2025-12-17T16:45:02.911Z,46.21999740600586,10,990.1319580078125,-406,-331,4070,358,-306,71,,,,0.016967730596661568,0.016052205115556717,0.8981910347938538,0.43896371126174927,25,500,63501
2025-12-17T16:45:02.411Z,46.21999740600586,10,990.1319580078125,-621,-567,3897,24,-10,71,,,,0.01995844580233097,0.016784625127911568,0.8997169137001038,0.43554577231407166,25,500,63004
2025-12-17T16:45:01.911Z,46.22999954223633,10,990.1085815429688,-368,191,4263,313,-9,-4,,,,0.012756315059959888,0.011230439879000187,0.8969092965126038,0.44183236360549927,25,500,63365
2025-12-17T16:45:01.411Z,46.25,10,990.1085815429688,-119,234,4121,-250,-16,-206,,,,0.015441855415701866,0.015563924796879292,0.8951393365859985,0.44512826204299927,25,500,63139
2025-12-17T16:45:00.911Z,46.279998779296875,10,990.1085815429688,-332,100,4242,-828,236,-433,,,,0.015685994178056717,0.01477046962827444,0.8950783014297485,0.44525033235549927,25,500,62735
2025-12-17T16:45:00.411Z,46.27000045776367,10,990.069580078125,-333,-377,3822,-935,627,382,,,,0.01477046962827444,0.01336666475981474,0.8948951959609985,0.44573861360549927,25,500,63048
2025-12-17T16:44:59.911Z,46.27000045776367,10,990.1319580078125,-126,131,4062,21,-113,14,,,,0.015869099646806717,0.015869099646806717,0.8962989449501038,0.44274789094924927,25,500,63229
2025-12-17T16:44:59.411Z,46.189998626708984,10,990.0929565429688,-376,-341,3538,-278,-76,-322,,,,0.01330562960356474,0.0037841699086129665,0.8987403512001038,0.43817025423049927,25,500,62469
2025-12-17T16:44:58.911Z,46.21999740600586,10,990.069580078125,-478,547,4217,177,-447,204,,,,0.013122525066137314,0.0003662100061774254,0.8993507027626038,0.43688851594924927,25,500,62646
2025-12-17T16:44:58.411Z,46.25,10,990.0929565429688,-310,441,4320,380,-450,778,,,,0.006347639951854944,-0.0018920849543064833,0.8995338082313538,0.43670541048049927,25,500,62381
2025-12-17T16:44:57.911Z,46.25,10,990.1085815429688,-795,1154,4437,274,-221,91,,,,0.020996039733290672,0.008056620135903358,0.9038673043251038,0.42706188559532166,25,500,62735
2025-12-17T16:44:57.411Z,46.15999984741211,10,990.069580078125,-11,-56,3783,93,-283,-344,,,,0.015991169959306717,0.006042465101927519,0.9058204293251038,0.42315566539764404,25,500,62959
2025-12-17T16:44:56.911Z,46.15999984741211,10,990.0929565429688,-31,149,4090,377,-113,741,,,,0.012451140210032463,-0.0003662100061774254,0.9066138863563538,0.42169082164764404,25,500,62735
2025-12-17T16:44:56.411Z,46.11000061035156,10,990.0929565429688,-244,329,4075,-135,11,-134,,,,0.015319785103201866,0.009155250154435635,0.9065528512001038,0.42162978649139404,25,500,62558
2025-12-17T16:44:55.911Z,46.09000015258789,10,990.0929565429688,27,274,4077,30,31,-69,,,,0.01715083420276642,0.00744626997038722,0.9072242379188538,0.42016494274139404,25,500,62469
2025-12-17T16:44:55.411Z,46.09000015258789,10,990.1319580078125,-464,-735,3679,338,-454,16,,,,0.010620090179145336,0.004089344758540392,0.9048438668251038,0.42553600668907166,25,500,62293
2025-12-17T16:44:54.911Z,46.0099983215332,10,990.1475830078125,-538,-259,4156,-19,-2,-22,,,,0.01708979904651642,0.01422115508466959,0.9085059762001038,0.41711318492889404,25,500,62558
2025-12-17T16:44:54.411Z,45.939998626708984,10,990.1865844726562,-184,-155,4243,49,74,15,,,,0.01739497482776642,0.016723589971661568,0.9072852730751038,0.41973769664764404,25,500,62602
2025-12-17T16:44:53.911Z,45.849998474121094,10,990.2021484375,-246,195,4035,237,-107,80,,,,0.016601519659161568,0.01483150478452444,0.9059424996376038,0.42266738414764404,25,500,62691
2025-12-17T16:44:53.411Z,45.78999710083008,10,990.1709594726562,-226,68,4210,-706,634,-451,,,,0.012878385372459888,0.015563924796879292,0.9035010933876038,0.42803844809532166,25,500,62602
2025-12-17T16:44:52.911Z,45.78999710083008,10,990.1709594726562,-327,-5,4150,29,-3,-108,,,,0.016357379034161568,0.021545354276895523,0.9130836129188538,0.40679827332496643,25,500,62337
2025-12-17T16:44:52.411Z,45.779998779296875,10,990.1865844726562,-211,111,4124,71,-147,0,,,,0.01983637548983097,0.02734367921948433,0.9149146676063538,0.40209856629371643,25,500,62425
2025-12-17T16:44:51.911Z,45.72999954223633,10,990.1865844726562,-157,63,4094,231,-506,-52,,,,0.011047335341572762,0.011352510191500187,0.9049659371376038,0.42516979575157166,25,500,62469
2025-12-17T16:44:51.411Z,45.65999984741211,10,990.1865844726562,-269,156,3857,198,310,-363,,,,0.015380820259451866,0.01824946515262127,0.9115577340126038,0.41039934754371643,25,500,62959
2025-12-17T16:44:50.911Z,45.61000061035156,10,990.1709594726562,39,826,4453,-93,-87,-127,,,,0.022521914914250374,0.02770989015698433,0.9147925972938538,0.40228167176246643,25,500,63274
2025-12-17T16:44:50.411Z,45.53999710083008,10,990.2021484375,-1809,-1538,4221,99,-356,428,,,,0.012939419597387314,0.01947016455233097,0.9106422066688538,0.41235247254371643,25,500,63410
2025-12-17T16:44:49.911Z,45.54999923706055,10,990.2021484375,578,-211,4063,-40,-13,25,,,,0.005493150092661381,-0.002319329883903265,0.9047217965126038,0.42578014731407166,25,500,62914
2025-12-17T16:44:49.411Z,45.54999923706055,10,990.1865844726562,-168,193,3976,33,19,-14,,,,0.01348873507231474,0.0031127850525081158,0.9072852730751038,0.42016494274139404,25,500,63184
2025-12-17T16:44:48.911Z,45.529998779296875,10,990.1865844726562,-319,453,4183,-29,-301,242,,,,-0.0007324200123548508,-0.004821764770895243,0.9046607613563538,0.42596325278282166,25,500,63184
2025-12-17T16:44:48.411Z,45.53999710083008,10,990.2021484375,-74,-124,4028,-33,-66,304,,,,0.0021972600370645523,0.007934549823403358,0.9103370308876038,0.41369521617889404,25,500,63730
2025-12-17T16:44:47.911Z,45.48999786376953,10,990.2021484375,0,185,3972,11,27,19,,,,-0.0003662100061774254,0.010803194716572762,0.9092383980751038,0.41607558727264404,25,500,63410
2025-12-17T16:44:47.411Z,45.5,10,990.2021484375,-244,157,4112,311,-71,190,,,,-0.0014648400247097015,0.01361080538481474,0.9100928902626038,0.41406142711639404,25,500,63593
2025-12-17T16:44:46.911Z,45.529998779296875,10,990.1865844726562,-662,56,4207,339,-238,5,,,,0.0018920849543064833,0.02728264406323433,0.9162574410438538,0.3995961546897888,25,500,63501
2025-12-17T16:44:46.411Z,45.55999755859375,10,990.1865844726562,-317,290,4051,-89,-91,-167,,,,0.0015258749481290579,0.030273359268903732,0.9156470894813538,0.4006947875022888,25,500,63684
2025-12-17T16:44:45.911Z,45.55999755859375,10,990.2021484375,-95,478,3926,677,-294,507,,,,-0.01000973954796791,0.03417959809303284,0.9129005074501038,0.40655413269996643,25,500,63730
2025-12-17T16:44:45.411Z,45.599998474121094,10,990.2021484375,-120,150,4092,41,-119,-417,,,,-0.009765599854290485,0.051818713545799255,0.9118629097938538,0.40692034363746643,25,500,63730
2025-12-17T16:44:44.911Z,45.599998474121094,10,990.1865844726562,-175,388,4024,288,-139,249,,,,-0.010742159560322762,0.06579572707414627,0.9170508980751038,0.3930043578147888,25,500,63961
2025-12-17T16:44:44.411Z,45.62999725341797,10,990.2021484375,-175,439,4037,680,-204,73,,,,-0.02069086581468582,0.05603012815117836,0.921079158782959,0.3846425712108612,25,500,63822
2025-12-17T16:44:43.911Z,45.62999725341797,10,990.2021484375,-100,609,4256,62,69,70,,,,-0.02923576533794403,0.05877670645713806,0.921384334564209,0.3829946219921112,25,500,63639
2025-12-17T16:44:43.411Z,45.62999725341797,10,990.1709594726562,-738,994,4443,-72,-204,233,,,,-0.03527823090553284,0.06927472352981567,0.921079158782959,0.3814687430858612,25,500,63961
2025-12-17T16:44:42.911Z,45.63999938964844,10,990.1475830078125,-164,187,4005,696,-183,-213,,,,-0.03662100061774254,0.06451399624347687,0.920957088470459,0.3823842704296112,25,500,63776
2025-12-17T16:44:42.411Z,45.66999816894531,10,990.1865844726562,147,-33,4025,175,-67,-3,,,,-0.043395884335041046,0.060424648225307465,0.919858455657959,0.3849477469921112,25,500,63684
2025-12-17T16:44:41.911Z,45.63999938964844,10,990.2021484375,-188,-355,3832,-100,-123,15,,,,-0.043640024960041046,0.06463606655597687,0.920957088470459,0.3817128837108612,25,500,63639
2025-12-17T16:44:41.411Z,45.64999771118164,10,990.2021484375,759,1660,4066,201,-104,55,,,,-0.043884165585041046,0.07012921571731567,0.924069881439209,0.3729848861694336,25,500,63593
2025-12-17T16:44:40.911Z,45.64999771118164,10,990.2021484375,-209,287,4016,-68,-315,-715,,,,-0.03936757519841194,0.07299786061048508,0.927854061126709,0.363402396440506,25,500,63776
2025-12-17T16:44:40.411Z,45.63999938964844,10,990.1865844726562,203,-481,3994,-199,-196,163,,,,-0.04870592802762985,0.08447244018316269,0.9435400366783142,0.31640544533729553,25,500,64147
2025-12-17T16:44:39.911Z,45.709999084472656,10,990.1709594726562,-318,321,4059,30,-222,112,,,,-0.033080969005823135,0.11321992427110672,0.9545873999595642,0.2734367847442627,25,500,63822
2025-12-17T16:44:39.411Z,45.75,10,990.2021484375,18,335,3920,131,-489,197,,,,-0.03472891449928284,0.11920135468244553,0.9553808569908142,0.2678215801715851,25,500,63776
2025-12-17T16:44:38.911Z,45.70000076293945,10,990.1709594726562,-308,-209,4167,-98,-39,-35,,,,-0.03906239941716194,0.12628141045570374,0.9565405249595642,0.25976496934890747,25,500,63961
2025-12-17T16:44:38.411Z,45.65999984741211,10,990.1709594726562,-586,-271,4437,686,110,-351,,,,-0.01873774453997612,0.13336147367954254,0.9611791968345642,0.24053893983364105,25,500,63730
2025-12-17T16:44:37.911Z,45.65999984741211,10,990.1865844726562,-246,540,3963,82,85,-204,,,,-0.00854489952325821,0.12304656207561493,0.9589208960533142,0.25530940294265747,25,500,63730
2025-12-17T16:44:37.411Z,45.529998779296875,10,990.1475830078125,8,416,4138,-100,-269,118,,,,0.002380365040153265,0.12963834404945374,0.9475073218345642,0.2921135127544403,25,500,64007
2025-12-17T16:44:36.911Z,45.529998779296875,10,990.1475830078125,-242,591,4235,-1230,-28,-292,,,,0.011962859891355038,0.14862021803855896,0.934201717376709,0.32403481006622314,25,500,64147
2025-12-17T16:44:36.411Z,45.529998779296875,10,990.1319580078125,-224,355,4006,-15,2,-30,,,,0.03961171582341194,0.14062464237213135,0.924069881439209,0.35296541452407837,25,500,64427
2025-12-17T16:44:35.911Z,45.439998626708984,10,990.1475830078125,960,1435,3505,372,-388,215,,,,0.07134991139173508,0.11877410858869553,0.9011207222938538,0.41070452332496643,25,500,63822
2025-12-17T16:44:35.411Z,45.369998931884766,10,990.1865844726562,-91,119,4324,-137,2,-275,,,,0.07556132972240448,0.06866437196731567,0.8864723443984985,0.4512927830219269,25,500,63730
2025-12-17T16:44:34.911Z,45.279998779296875,10,990.1709594726562,-257,546,4201,-391,25,-281,,,,0.07220440357923508,0.06311018764972687,0.8801246881484985,0.4647815227508545,25,500,63776
2025-12-17T16:44:34.411Z,45.209999084472656,10,990.1475830078125,1436,1718,3715,265,96,-542,,,,0.06951886415481567,0.06500227749347687,0.8745704889297485,0.4753405749797821,25,500,63684
2025-12-17T16:44:33.911Z,45.15999984741211,10,990.1319580078125,-326,469,4123,-275,-116,-874,,,,0.07427959144115448,0.06970196962356567,0.8488747477531433,0.5186144113540649,25,500,63822
2025-12-17T16:44:33.411Z,45.189998626708984,10,990.1865844726562,-205,-461,4178,-192,210,-557,,,,0.07037335634231567,0.08288552612066269,0.8292825222015381,0.5480942726135254,25,500,63776
2025-12-17T16:44:32.911Z,45.189998626708984,10,990.1865844726562,1265,1738,4193,-179,-351,-73,,,,0.07702617347240448,0.08502175658941269,0.8142068982124329,0.5690903663635254,25,500,63776
2025-12-17T16:44:32.411Z,45.189998626708984,10,990.1865844726562,-776,-433,4421,4,-59,-229,,,,0.08166483044624329,0.0953977033495903,0.7913187742233276,0.5982650518417358,25,500,63547
2025-12-17T16:44:31.911Z,45.16999816894531,10,990.1709594726562,-295,249,4073,211,330,127,,,,0.0900876596570015,0.0946652814745903,0.7811869382858276,0.6104110479354858,25,500,63547
2025-12-17T16:44:31.411Z,45.21999740600586,10,990.1709594726562,-377,305,4185,306,309,642,,,,0.0922238826751709,0.0943601131439209,0.7784404158592224,0.6136459112167358,25,500,63868
2025-12-17T16:44:30.911Z,45.21999740600586,10,990.1709594726562,-311,-100,4197,-474,-51,876,,,,0.08447244018316269,0.10436984896659851,0.7534770965576172,0.6435530185699463,25,500,63547
2025-12-17T16:44:30.411Z,45.2599983215332,10,990.1709594726562,-518,-60,4100,-285,1099,985,,,,0.08093240857124329,0.05651840940117836,0.6888409852981567,0.718076765537262,25,500,63547
2025-12-17T16:44:29.911Z,45.16999816894531,10,990.1709594726562,63,512,3878,-132,716,801,,,,0.06909161806106567,0.04949938505887985,0.6830427050590515,0.725400984287262,25,500,63501
2025-12-17T16:44:29.411Z,45.14999771118164,10,990.1865844726562,-304,-58,3542,480,504,825,,,,0.06542951613664627,0.04565418139100075,0.6807233691215515,0.728147566318512,25,500,63684
2025-12-17T16:44:28.911Z,45.03999710083008,10,990.1865844726562,-419,653,4052,341,-6,402,,,,0.06628400832414627,0.04528797045350075,0.6784040331840515,0.730222761631012,25,500,63410
2025-12-17T16:44:28.411Z,45.03999710083008,10,990.1475830078125,1,2489,3888,57,-38,442,,,,0.05895980820059776,0.03466787934303284,0.6698591113090515,0.7392559051513672,25,500,63365
2025-12-17T16:44:27.911Z,45.03999710083008,10,990.1709594726562,-156,774,4211,-47,-152,384,,,,0.04962145537137985,0.03808584064245224,0.6856061816215515,0.725217878818512,25,500,63456
2025-12-17T16:44:27.411Z,45.03999710083008,10,990.1865844726562,-792,551,4260,14,129,851,,,,0.05523667484521866,0.043517954647541046,0.6831647753715515,0.726804792881012,25,500,63547
2025-12-17T16:44:26.911Z,45,10,990.1865844726562,-1311,729,3952,91,212,284,,,,0.05755600333213806,0.052734240889549255,0.6808454394340515,0.728208601474762,25,500,63501
2025-12-17T16:44:26.411Z,44.98999786376953,10,990.1709594726562,-729,636,3953,-144,50,435,,,,0.05651840940117836,0.04028309881687164,0.6721174120903015,0.7371196746826172,25,500,63501
2025-12-17T16:44:25.911Z,44.91999816894531,10,990.1865844726562,-461,516,4128,-158,116,539,,,,0.04528797045350075,0.023376405239105225,0.6610701084136963,0.7485332489013672,25,500,63456
2025-12-17T16:44:25.411Z,44.95000076293945,10,990.1709594726562,-786,467,4024,-154,359,555,,,,0.04718005657196045,0.025512630119919777,0.6603987216949463,0.7488994598388672,25,500,63319
2025-12-17T16:44:24.911Z,44.96999740600586,10,990.1475830078125,-895,646,4120,-192,311,658,,,,0.052551135420799255,0.026061944663524628,0.6559431552886963,0.7525005340576172,25,500,63822
2025-12-17T16:44:24.411Z,44.93000030517578,10,990.1319580078125,-786,1014,3990,188,-262,252,,,,0.061645351350307465,0.033630285412073135,0.6456892490386963,0.7603129744529724,25,500,63684
2025-12-17T16:44:23.911Z,44.93000030517578,10,990.1865844726562,-825,637,4070,156,-115,355,,,,0.04632556438446045,0.025085384026169777,0.6375716328620911,0.7684916853904724,25,500,63684
2025-12-17T16:44:23.411Z,44.95000076293945,10,990.1865844726562,53,1449,3574,387,-56,27,,,,0.051025260239839554,0.023742614313960075,0.6290877461433411,0.7752665877342224,25,500,63915
2025-12-17T16:44:22.911Z,44.95000076293945,10,990.1709594726562,-626,940,3910,-71,51,128,,,,0.052551135420799255,0.026122979819774628,0.6268904805183411,0.7767924666404724,25,500,64333
2025-12-17T16:44:22.411Z,44.98999786376953,10,990.1709594726562,-700,1172,3964,52,41,172,,,,0.05377183482050896,0.026061944663524628,0.6215804219245911,0.7810038328170776,25,500,64333
2025-12-17T16:44:21.911Z,44.96999740600586,10,990.1865844726562,-221,1283,3631,715,16,423,,,,0.05541978031396866,0.03527823090553284,0.6027816534042358,0.7951029539108276,25,500,64147
2025-12-17T16:44:21.411Z,45.029998779296875,10,990.1475830078125,-375,971,3988,-1202,586,-322,,,,0.05700669065117836,0.03637685999274254,0.6008285284042358,0.7964457273483276,25,500,64427
2025-12-17T16:44:20.911Z,45.029998779296875,10,990.1865844726562,-585,1085,4296,-232,-14,-52,,,,0.05511460453271866,0.04034413397312164,0.5968002080917358,0.7994364500045776,25,500,64147
2025-12-17T16:44:20.411Z,45.04999923706055,10,990.1709594726562,-1579,2622,3507,-616,77,-29,,,,0.05731186643242836,0.03997792303562164,0.5952132940292358,0.8004740476608276,25,500,64054
2025-12-17T16:44:19.911Z,45.04999923706055,10,990.1865844726562,-191,2031,3361,45,56,-45,,,,0.06365950405597687,0.04064930975437164,0.5986312627792358,0.7973612546920776,25,500,64100
2025-12-17T16:44:19.411Z,45.029998779296875,10,990.1865844726562,82,1879,3509,-166,77,73,,,,0.061340175569057465,0.043334849178791046,0.6032088994979858,0.7939432859420776,25,500,64193
2025-12-17T16:44:18.911Z,45.05999755859375,10,990.1865844726562,609,1335,3777,-38,-74,34,,,,0.060851894319057465,0.04132069647312164,0.6125472784042358,0.7869242429733276,25,500,63730
2025-12-17T16:44:18.411Z,45.13999938964844,10,990.1709594726562,287,869,3997,137,52,155,,,,0.06408675014972687,0.051452506333589554,0.6090072393417358,0.7888773679733276,25,500,63547
2025-12-17T16:44:17.911Z,45.18000030517578,10,990.1709594726562,162,1013,4049,49,58,-149,,,,0.05957015976309776,0.043456919491291046,0.6077255010604858,0.7906473875045776,25,500,63639
2025-12-17T16:44:17.411Z,45.18000030517578,10,990.1709594726562,342,1098,3917,-19,6,329,,,,0.060729824006557465,0.04626452922821045,0.6062606573104858,0.7915629148483276,25,500,61599
2025-12-17T16:44:16.911Z,45.20000076293945,10,990.1475830078125,-124,996,4099,-143,-28,94,,,,0.05450425669550896,0.03533926606178284,0.6096175909042358,0.7899760007858276,25,500,60794
2025-12-17T16:44:16.411Z,45.189998626708984,10,990.1319580078125,-19,1149,3978,-72,6,137,,,,0.052490100264549255,0.033447179943323135,0.6085189580917358,0.7910746335983276,25,500,60919
2025-12-17T16:44:15.911Z,45.209999084472656,10,990.1085815429688,-414,1242,3894,73,-93,225,,,,0.05334458872675896,0.03521719574928284,0.6186507344245911,0.7830179929733276,25,500,60337
2025-12-17T16:44:15.411Z,45.28999710083008,10,990.1085815429688,-28,1299,3860,-92,-82,107,,,,0.05364976450800896,0.032348550856113434,0.6249983906745911,0.7780742049217224,25,500,60132
2025-12-17T16:44:14.911Z,45.38999938964844,10,990.069580078125,125,1260,3946,-38,12,89,,,,0.03869618847966194,0.021240180358290672,0.6406843662261963,0.7664775252342224,25,500,61172
2025-12-17T16:44:14.411Z,45.38999938964844,10,990.0462036132812,-454,1313,3669,80,-149,195,,,,0.02813713438808918,0.009033179841935635,0.6475813388824463,0.7613505721092224,25,500,61046
2025-12-17T16:44:13.911Z,45.43000030517578,10,990.069580078125,115,1119,3827,-280,43,-151,,,,0.02783196046948433,0.00885007530450821,0.6494734287261963,0.7597636580467224,25,500,61342
2025-12-17T16:44:13.411Z,45.52000045776367,10,990.0462036132812,-60,682,4085,-671,-251,-114,,,,0.02734367921948433,0.00885007530450821,0.6562483310699463,0.7539043426513672,25,500,60919
2025-12-17T16:44:12.911Z,45.599998474121094,10,990.0462036132812,-200,858,4043,-98,-99,-128,,,,0.01953119970858097,0.007324200123548508,0.7064801454544067,0.7073346376419067,25,500,62381
2025-12-17T16:44:12.411Z,45.61000061035156,10,990.0462036132812,-213,945,3883,-248,256,-73,,,,0.02679436467587948,0.008300759829580784,0.719358503818512,0.6940289735794067,25,500,62162
2025-12-17T16:44:11.911Z,45.62999725341797,10,990.1085815429688,-180,887,3987,631,152,184,,,,0.02832023985683918,0.011230439879000187,0.728941023349762,0.6838361620903015,25,500,62425
2025-12-17T16:44:11.411Z,45.619998931884766,10,990.0929565429688,-661,259,3606,-1,-2,78,,,,0.02752678468823433,0.015685994178056717,0.7371196746826172,0.6749250292778015,25,500,62646
2025-12-17T16:44:10.911Z,45.619998931884766,10,990.0929565429688,-307,763,4063,-4,-8,-51,,,,0.022766055539250374,0.011535614728927612,0.7388896942138672,0.6732770800590515,25,500,63004
2025-12-17T16:44:10.411Z,45.63999938964844,10,990.0929565429688,-475,372,3843,140,-89,106,,,,0.03863515332341194,0.03741445392370224,0.7084332704544067,0.7036725282669067,25,500,62824
2025-12-17T16:44:09.911Z,45.70000076293945,10,990.069580078125,-156,860,4033,-41,14,-46,,,,0.04534900560975075,0.041931044310331345,0.7003155946731567,0.711118757724762,25,500,62869
2025-12-17T16:44:09.411Z,45.72999954223633,10,990.069580078125,-327,58,4428,47,47,-224,,,,0.05316148325800896,0.052917346358299255,0.725950300693512,0.6835920214653015,25,500,62425
2025-12-17T16:44:08.911Z,45.689998626708984,10,990.1319580078125,-108,560,4009,391,-9,-114,,,,0.05694565549492836,0.062377769500017166,0.729856550693512,0.6782819628715515,25,500,63048
2025-12-17T16:44:08.411Z,45.73999786376953,10,990.1085815429688,-7,774,4025,138,-76,-76,,,,0.051391471177339554,0.061706386506557465,0.731443464756012,0.6771222949028015,25,500,62381
2025-12-17T16:44:07.911Z,45.73999786376953,10,990.1475830078125,-355,1815,4617,20,-16,-86,,,,0.051635608077049255,0.05694565549492836,0.731565535068512,0.6773664355278015,25,500,61987
2025-12-17T16:44:07.411Z,45.73999786376953,10,990.1475830078125,-505,-263,3968,-4,-22,-144,,,,0.04840075597167015,0.04547107592225075,0.722410261631012,0.6881695985794067,25,500,61857
2025-12-17T16:44:06.911Z,45.68000030517578,10,990.1475830078125,-90,342,4280,41,-46,-279,,,,0.051269400864839554,0.04827868565917015,0.730955183506012,0.6787092089653015,25,500,61944
2025-12-17T16:44:06.411Z,45.68000030517578,10,990.1475830078125,-202,648,4013,-252,105,-689,,,,0.05389390513300896,0.04998766630887985,0.729734480381012,0.6796857714653015,25,500,62118
2025-12-17T16:44:05.911Z,45.689998626708984,10,990.1319580078125,-98,701,4119,-4,34,-377,,,,0.05578599125146866,0.051696643233299255,0.728391706943512,0.6808454394340515,25,500,62031
2025-12-17T16:44:05.411Z,45.619998931884766,10,990.1865844726562,-306,631,4055,-124,-9,-484,,,,0.05371079966425896,0.052123889327049255,0.730344831943512,0.6788923144340515,25,500,61987
2025-12-17T16:44:04.911Z,45.55999755859375,10,990.1709594726562,-195,612,3998,-82,-67,-250,,,,0.05627426877617836,0.05853256583213806,0.7423076629638672,0.6650373339653015,25,500,61642
2025-12-17T16:44:04.411Z,45.45000076293945,10,990.1709594726562,-513,665,4053,35,-212,623,,,,0.05499253422021866,0.05657944455742836,0.7465801239013672,0.6605207920074463,25,500,61257
2025-12-17T16:44:03.911Z,45.37999725341797,10,990.1709594726562,-436,505,3930,-297,-5,608,,,,0.05645737424492836,0.05676255002617836,0.7409038543701172,0.6667463183403015,25,500,62646
2025-12-17T16:44:03.411Z,45.369998931884766,10,990.1475830078125,218,434,3916,-195,35,26,,,,0.06500227749347687,0.06677228957414627,0.732420027256012,0.6743757128715515,25,500,62381
2025-12-17T16:44:02.911Z,45.369998931884766,10,990.1865844726562,-166,683,4023,-361,-223,-654,,,,0.05932601913809776,0.05877670645713806,0.7402324676513672,0.6670514941215515,25,500,62074
2025-12-17T16:44:02.411Z,45.41999816894531,10,990.1709594726562,161,77,3660,-635,-263,13,,,,0.05877670645713806,0.062011558562517166,0.7416973114013672,0.6652204394340515,25,500,61987
2025-12-17T16:44:01.911Z,45.369998931884766,10,990.1709594726562,-1316,1625,3116,419,6,-287,,,,0.06579572707414627,0.06524641811847687,0.722410261631012,0.6851179003715515,25,500,61172
2025-12-17T16:44:01.411Z,45.34000015258789,10,990.1709594726562,-19,171,4365,-21,45,242,,,,0.06939679384231567,0.07080060243606567,0.7492656707763672,0.6547224521636963,25,500,61642
2025-12-17T16:44:00.911Z,45.34000015258789,10,990.1709594726562,-445,657,4088,-326,-2,-20,,,,0.07507304847240448,0.08099344372749329,0.7564677596092224,0.6445295810699463,25,500,61771
2025-12-17T16:44:00.411Z,45.34000015258789,10,990.1319580078125,-162,764,4065,-150,-45,-6,,,,0.06488020718097687,0.062194664031267166,0.7514629364013672,0.6535627841949463,25,500,61172
2025-12-17T16:43:59.911Z,45.349998474121094,10,990.1319580078125,-101,474,4054,-52,24,80,,,,0.07134991139173508,0.062194664031267166,0.7409038543701172,0.6647931933403015,25,500,61003
2025-12-17T16:43:59.411Z,45.349998474121094,10,990.1475830078125,-362,660,4054,-15,91,130,,,,0.05804428458213806,0.04968249052762985,0.7398052215576172,0.6683942675590515,25,500,61300
2025-12-17T16:43:58.911Z,45.34000015258789,10,990.2567749023438,-255,707,4289,0,71,9,,,,0.06439192593097687,0.05633530393242836,0.7383403778076172,0.6688825488090515,25,500,60752
2025-12-17T16:43:58.411Z,45.38999938964844,10,990.2567749023438,-260,556,4046,39,37,37,,,,0.05816635489463806,0.04589831829071045,0.7394390106201172,0.6690656542778015,25,500,61300
2025-12-17T16:43:57.911Z,45.46999740600586,10,990.2567749023438,-191,261,4101,182,-3,-305,,,,0.05859360098838806,0.04980456084012985,0.7426738739013672,0.6651594042778015,25,500,61300
2025-12-17T16:43:57.411Z,45.5,10,990.2567749023438,-197,243,4035,-115,51,390,,,,0.05969223007559776,0.05914291366934776,0.7429180145263672,0.6639997363090515,25,500,60050
2025-12-17T16:43:56.911Z,45.529998779296875,10,990.2567749023438,-105,361,4056,426,-34,-33,,,,0.05535874515771866,0.051391471177339554,0.7448101043701172,0.6629011034965515,25,500,60877
2025-12-17T16:43:56.411Z,45.55999755859375,10,990.2567749023438,-393,276,3962,-13,-169,-227,,,,0.05676255002617836,0.052734240889549255,0.7443828582763672,0.6631452441215515,25,500,61046
2025-12-17T16:43:55.911Z,45.59000015258789,10,990.2411499023438,122,689,4120,-30,-59,-35,,,,0.05603012815117836,0.05596909299492836,0.7457256317138672,0.6614363193511963,25,500,60794
2025-12-17T16:43:55.411Z,45.62999725341797,10,990.2411499023438,-135,360,4172,901,280,192,,,,0.05914291366934776,0.05322251841425896,0.7344341278076172,0.6739484667778015,25,500,60132
2025-12-17T16:43:54.911Z,45.62999725341797,10,990.2177734375,-185,472,4029,315,-176,-352,,,,0.05615219846367836,0.05804428458213806,0.7363262176513672,0.6716901659965515,25,500,61130
2025-12-17T16:43:54.411Z,45.63999938964844,10,990.2411499023438,-83,-217,4061,1255,-240,-90,,,,0.05651840940117836,0.06011947616934776,0.7399883270263672,0.6674177050590515,25,500,60585
2025-12-17T16:43:53.911Z,45.64999771118164,10,990.2411499023438,-648,1282,3955,-35,138,377,,,,0.05621323361992836,0.05957015976309776,0.7429790496826172,0.6641828417778015,25,500,59969
2025-12-17T16:43:53.411Z,45.64999771118164,10,990.2177734375,-256,548,3996,-668,-46,396,,,,0.05590806156396866,0.05938705429434776,0.7433452606201172,0.6638776659965515,25,500,59047
2025-12-17T16:43:52.911Z,46.20000076293945,10,990.1709594726562,163,1025,3945,339,205,81,,,,0.05535874515771866,0.05841049551963806,0.7424297332763672,0.6649762988090515,25,500,59206
2025-12-17T16:43:52.411Z,46.20000076293945,10,990.1865844726562,-482,1198,4247,931,-132,107,,,,0.05572495609521866,0.051635608077049255,0.7421855926513672,0.6658307909965515,25,500,59285
2025-12-17T16:43:51.911Z,46.20000076293945,10,990.1709594726562,-722,869,3535,-42,-43,-40,,,,0.05676255002617836,0.051757678389549255,0.7429790496826172,0.6648542284965515,25,500,59525
2025-12-17T16:43:51.411Z,46.32999801635742,10,990.1709594726562,-274,780,4045,-2,53,-151,,,,0.05682358518242836,0.04693591594696045,0.7454204559326172,0.6624128818511963,25,500,59605
2025-12-17T16:43:50.911Z,46.75,10,990.1865844726562,64,-746,3919,684,-70,52,,,,0.05694565549492836,0.04937731474637985,0.7553691864013672,0.6508772373199463,25,500,59484
2025-12-17T16:43:50.411Z,46.849998474121094,10,990.1865844726562,-152,657,4117,10,-44,-28,,,,0.05493149906396866,0.04949938505887985,0.7607402205467224,0.6447737216949463,25,500,59245
2025-12-17T16:43:49.911Z,46.90999984741211,10,990.2021484375,-95,681,3903,-19,-250,72,,,,0.05438218638300896,0.04730212315917015,0.7633036971092224,0.6419661045074463,25,500,59365
2025-12-17T16:43:49.411Z,46.86000061035156,10,990.1865844726562,-322,1119,4193,-55,-68,-114,,,,0.05505356937646866,0.04986559599637985,0.7628154158592224,0.6422712802886963,25,500,58154
2025-12-17T16:43:48.911Z,46.98999786376953,10,990.2021484375,98,251,4241,-567,150,251,,,,0.05541978031396866,0.052734240889549255,0.7622050642967224,0.6426985263824463,25,500,57698
2025-12-17T16:43:48.411Z,47.09000015258789,10,990.2021484375,-185,607,4047,-40,-82,-162,,,,0.050353873521089554,0.04827868565917015,0.7587260603904724,0.6475813388824463,25,500,56845
2025-12-17T16:43:47.911Z,47.07999801635742,10,990.1865844726562,111,22,4025,11,14,-155,,,,0.04864489659667015,0.04669177532196045,0.7586650252342224,0.6478865146636963,25,500,56338
2025-12-17T16:43:47.411Z,47.06999969482422,10,990.2021484375,-137,638,4067,294,7,-91,,,,0.04492175951600075,0.03894032910466194,0.7637309432029724,0.6427595615386963,25,500,54564
2025-12-17T16:43:46.911Z,47.099998474121094,10,990.2021484375,-1045,2330,3490,499,163,-195,,,,0.043823130428791046,0.03808584064245224,0.7653788924217224,0.6408674716949463,25,500,50167
2025-12-17T16:43:46.411Z,47.06999969482422,10,990.2177734375,27,407,4125,378,-22,55,,,,0.04083241522312164,0.030883710831403732,0.7659892439842224,0.6407454013824463,25,500,43225
2025-12-17T16:43:45.911Z,47.06999969482422,10,990.2567749023438,-311,872,3952,-62,14,-34,,,,0.03790273517370224,0.025573665276169777,0.7658671736717224,0.6412947177886963,25,500,55454
2025-12-17T16:43:45.411Z,46.21999740600586,10,990.2411499023438,-1229,1797,3041,-9,27,-78,,,,0.03631582483649254,0.02850334532558918,0.7671489119529724,0.6397078037261963,25,500,58154
2025-12-17T16:43:44.911Z,46.16999816894531,10,990.2411499023438,-164,785,4216,154,306,-10,,,,0.03869618847966194,0.041747938841581345,0.7636699080467224,0.6430647373199463,25,500,58423
2025-12-17T16:43:44.411Z,46.13999938964844,10,990.2411499023438,-620,3209,3335,10,-81,-239,,,,0.05590806156396866,0.07879618555307388,0.7723369002342224,0.6277449727058411,25,500,59008
2025-12-17T16:43:43.911Z,46.13999938964844,10,990.2567749023438,-82,1069,4088,326,-20,-188,,,,0.05963119491934776,0.08026102185249329,0.7714824080467224,0.6282942891120911,25,500,59365
2025-12-17T16:43:43.411Z,46.13999938964844,10,990.2411499023438,-141,985,4368,-89,-81,-11,,,,0.06549055129289627,0.08538796752691269,0.7711772322654724,0.6273787617683411,25,500,58656
2025-12-17T16:43:42.911Z,46.209999084472656,10,990.2801513671875,-213,88,3772,-69,-14,22,,,,0.04675281047821045,0.030883710831403732,0.7577494978904724,0.6500837802886963,25,500,59047
2025-12-17T16:43:42.411Z,46.27000045776367,10,990.2567749023438,-843,2471,3383,-109,-37,38,,,,0.04724108800292015,0.034118566662073135,0.7564067244529724,0.6514265537261963,25,500,59008
2025-12-17T16:43:41.911Z,46.25,10,990.2567749023438,7,418,4499,274,422,191,,,,0.04840075597167015,0.03637685999274254,0.7554912567138672,0.6522810459136963,25,500,58578
2025-12-17T16:43:41.411Z,46.29999923706055,10,990.2567749023438,-49,731,3971,-10,-87,-26,,,,0.04925524443387985,0.03717031329870224,0.7562236189842224,0.6513044834136963,25,500,58462
2025-12-17T16:43:40.911Z,46.209999084472656,10,990.2567749023438,-1007,2266,3391,-12,95,-77,,,,0.051330436021089554,0.04138173162937164,0.7652568221092224,0.6402571201324463,25,500,58154
2025-12-17T16:43:40.411Z,46.2599983215332,10,990.2957763671875,-282,642,4264,99,-21,-111,,,,0.04901110380887985,0.043273814022541046,0.7739238142967224,0.6298201680183411,25,500,57028
2025-12-17T16:43:39.911Z,46.30999755859375,10,990.2567749023438,-245,943,4025,507,106,51,,,,0.05401597544550896,0.052673205733299255,0.7723369002342224,0.6306746602058411,25,500,57511
2025-12-17T16:43:39.411Z,46.32999801635742,10,990.2957763671875,-151,745,3979,-56,-87,10,,,,0.04638659954071045,0.03894032910466194,0.7748393416404724,0.6291487812995911,25,500,55875
2025-12-17T16:43:38.911Z,46.32999801635742,10,990.2957763671875,288,-133,3763,371,-83,-78,,,,0.04913317412137985,0.041686903685331345,0.7751445174217224,0.6284163594245911,25,500,56518
2025-12-17T16:43:38.411Z,46.38999938964844,10,990.2957763671875,-212,695,3980,-440,-207,252,,,,0.050659049302339554,0.041625868529081345,0.7732524275779724,0.6306746602058411,25,500,57361
2025-12-17T16:43:37.911Z,46.43000030517578,10,990.2567749023438,-348,855,3946,-173,100,24,,,,0.04486072435975075,0.033386144787073135,0.7743510603904724,0.6301863789558411,25,500,57774
2025-12-17T16:43:37.411Z,46.53999710083008,9,990.2801513671875,-396,846,4354,-270,52,43,,,,0.04510486498475075,0.03515616059303284,0.7811869382858276,0.6215804219245911,25,500,56590
2025-12-17T16:43:36.911Z,46.63999938964844,10,990.2801513671875,-524,588,3415,-657,-266,-172,,,,0.04687488079071045,0.03796377032995224,0.7839335203170776,0.6177962422370911,25,500,56410
2025-12-17T16:43:36.411Z,46.70000076293945,9,990.2801513671875,-676,1127,4263,-8,-135,171,,,,0.050842154771089554,0.043578989803791046,0.7838724851608276,0.6172469258308411,25,500,58269
2025-12-17T16:43:35.911Z,46.779998779296875,9,990.3191528320312,-203,637,3928,-82,-16,74,,,,0.04534900560975075,0.03674307093024254,0.7909525632858276,0.6089462041854858,25,500,59325
2025-12-17T16:43:35.411Z,46.80999755859375,9,990.2957763671875,-250,713,3984,-55,-24,6,,,,0.04492175951600075,0.032653726637363434,0.7945536375045776,0.6046127080917358,25,500,59565
2025-12-17T16:43:34.911Z,46.90999984741211,9,990.3425903320312,-100,251,3817,-36,-13,-99,,,,0.04089345037937164,0.02868645079433918,0.7983988523483276,0.5999740362167358,25,500,59685
2025-12-17T16:43:34.411Z,47.029998779296875,9,990.3191528320312,-257,802,4044,-277,112,-227,,,,0.03698721155524254,0.03448477387428284,0.7963236570358276,0.6026595830917358,25,500,59605
2025-12-17T16:43:33.911Z,47.14999771118164,9,990.2957763671875,-394,712,4314,-327,86,1,,,,0.03637685999274254,0.04528797045350075,0.8038309216499329,0.5919784903526306,25,500,59726
2025-12-17T16:43:33.411Z,47.34000015258789,9,990.2957763671875,88,59,4378,785,-289,252,,,,0.02661125920712948,0.03698721155524254,0.8136575818061829,0.5794662833213806,25,500,59365
2025-12-17T16:43:32.911Z,47.31999969482422,9,990.2567749023438,-178,700,3989,-4,-107,-54,,,,0.021423285827040672,0.034118566662073135,0.8324563503265381,0.5525498390197754,25,500,59325
2025-12-17T16:43:32.411Z,47.31999969482422,9,990.2567749023438,-167,806,3971,218,-35,8,,,,0.01751704514026642,0.026245050132274628,0.8446633815765381,0.5342393517494202,25,500,59928
2025-12-17T16:43:31.911Z,47.39999771118164,9,990.2801513671875,-652,98,3627,-874,-93,76,,,,0.012206999585032463,0.0061034997925162315,0.8787208795547485,0.4770495593547821,25,500,59766
2025-12-17T16:43:31.411Z,47.689998626708984,9,990.2957763671875,51,51,4236,-57,-32,-121,,,,0.02020258456468582,0.009216285310685635,0.8858619928359985,0.4633166790008545,25,500,59008
2025-12-17T16:43:30.911Z,47.79999923706055,9,990.2957763671875,-156,285,3926,-43,-48,-97,,,,0.02801506407558918,0.010742159560322762,0.8822609186172485,0.4697253704071045,25,500,58969
2025-12-17T16:43:30.411Z,47.75,9,990.3191528320312,-363,617,3941,118,71,-39,,,,0.04003895819187164,0.04089345037937164,0.8851906061172485,0.4615466594696045,25,500,58269
2025-12-17T16:43:29.911Z,47.78999710083008,9,990.3191528320312,-184,675,3956,-647,-63,-79,,,,0.03900136426091194,0.042297255247831345,0.8859840631484985,0.4600818157196045,25,500,57849
2025-12-17T16:43:29.411Z,47.81999969482422,9,990.3191528320312,-105,423,4138,-90,10,-27,,,,0.03991689160466194,0.044250376522541046,0.8882423639297485,0.4553821384906769,25,500,58230
2025-12-17T16:43:28.911Z,47.86000061035156,9,990.3191528320312,-96,579,4056,-1148,143,-226,,,,0.03979482129216194,0.041992079466581345,0.8969092965126038,0.43835335969924927,25,500,58773
2025-12-17T16:43:28.411Z,47.96999740600586,9,990.3191528320312,-287,753,4027,365,51,-273,,,,0.04693591594696045,0.04992663115262985,0.8942848443984985,0.44213753938674927,25,500,58733
2025-12-17T16:43:27.911Z,48.16999816894531,9,990.3191528320312,-332,995,3962,575,133,-110,,,,0.03973378613591194,0.03741445392370224,0.8813453912734985,0.4692370891571045,25,500,58890
2025-12-17T16:43:27.411Z,48.119998931884766,9,990.3191528320312,-309,910,4004,-38,24,-99,,,,0.04003895819187164,0.03753652423620224,0.8814674615859985,0.4688708782196045,25,500,58812
2025-12-17T16:43:26.911Z,48.12999725341797,9,990.3425903320312,-256,925,3932,82,-88,-507,,,,0.03918446972966194,0.03607168421149254,0.8833595514297485,0.4655139446258545,25,500,58929
2025-12-17T16:43:26.411Z,48.119998931884766,9,990.358154296875,44,102,4185,81,-133,-513,,,,0.03717031329870224,0.033264074474573135,0.8908058404922485,0.4515369236469269,25,500,59405
2025-12-17T16:43:25.911Z,48.15999984741211,9,990.358154296875,-246,557,3995,63,6,-60,,,,0.043029673397541046,0.04455554857850075,0.8883644342422485,0.4547717869281769,25,500,59087
2025-12-17T16:43:25.411Z,48.27000045776367,9,990.3425903320312,-258,570,4053,317,78,-193,,,,0.03430166840553284,0.02947990410029888,0.8952003717422485,0.44323617219924927,25,500,59166
2025-12-17T16:43:24.911Z,48.22999954223633,9,990.358154296875,-165,566,4052,-79,242,-158,,,,0.03558340668678284,0.032775793224573135,0.8981910347938538,0.43688851594924927,25,500,59245
2025-12-17T16:43:24.411Z,48.25,9,990.381591796875,2,491,4093,-29,21,-37,,,,0.02935783565044403,0.016784625127911568,0.8956885933876038,0.44335824251174927,25,500,57963
2025-12-17T16:43:23.911Z,48.41999816894531,9,990.358154296875,-193,437,3996,2,-55,-35,,,,0.03521719574928284,0.022888125851750374,0.8930031061172485,0.4479358494281769,25,500,57511
2025-12-17T16:43:23.411Z,48.41999816894531,9,990.3425903320312,-699,2573,4188,-75,-39,-97,,,,0.03491201996803284,0.01989741064608097,0.8948341608047485,0.44451791048049927,25,500,57250
2025-12-17T16:43:22.911Z,48.619998931884766,9,990.3191528320312,-32,212,4517,-32,21,-183,,,,0.02880851924419403,0.010436984710395336,0.8977637887001038,0.43926888704299927,25,500,58230
2025-12-17T16:43:22.411Z,48.81999969482422,9,990.3425903320312,-228,1049,4143,16,-245,76,,,,0.02801506407558918,0.009765599854290485,0.8961158394813538,0.44274789094924927,25,500,58969
2025-12-17T16:43:21.911Z,49.11000061035156,9,990.3191528320312,57,339,4228,-602,156,-213,,,,0.030883710831403732,0.016906695440411568,0.8933082818984985,0.4479968845844269,25,500,59365
2025-12-17T16:43:21.411Z,49.14999771118164,9,990.3191528320312,-180,478,4005,32,31,-9,,,,0.02856438048183918,0.002380365040153265,0.8836647272109985,0.4671618938446045,25,500,54869
2025-12-17T16:43:20.911Z,49.20000076293945,9,990.2801513671875,234,-255,4355,-82,-63,0,,,,0.033752355724573135,0.005065904930233955,0.8780494928359985,0.4772326648235321,25,500,55699
2025-12-17T16:43:20.411Z,49.20000076293945,9,990.2801513671875,18,173,3713,466,-170,-134,,,,0.03790273517370224,0.01361080538481474,0.8764625787734985,0.4796740710735321,25,500,56087
2025-12-17T16:43:19.911Z,49.29999923706055,9,990.2801513671875,-306,645,4202,-33,-61,-77,,,,0.03808584064245224,0.02673332951962948,0.8775612115859985,0.4771105945110321,25,500,55839
2025-12-17T16:43:19.411Z,49.34000015258789,9,990.2567749023438,-196,727,4088,346,-55,182,,,,0.03594961389899254,0.016601519659161568,0.8797584772109985,0.4736926257610321,25,500,55315
2025-12-17T16:43:18.911Z,49.34000015258789,9,990.2567749023438,-418,269,3769,6,-109,-238,,,,0.04034413397312164,0.01788325421512127,0.8746315240859985,0.4827257990837097,25,500,55315
2025-12-17T16:43:18.411Z,49.71999740600586,9,990.2567749023438,52,-323,4218,-280,100,-165,,,,0.03680410608649254,0.012206999585032463,0.8796974420547485,0.4739367663860321,25,500,55350
2025-12-17T16:43:17.911Z,49.7599983215332,9,990.2411499023438,-177,-103,4024,720,-131,133,,,,0.03662100061774254,0.0014038049848750234,0.8836036920547485,0.4667346477508545,25,500,55734
2025-12-17T16:43:17.411Z,49.88999938964844,9,990.2567749023438,-345,690,4406,169,44,39,,,,0.033264074474573135,-0.00048827999853529036,0.8854347467422485,0.4634997844696045,25,500,56016
2025-12-17T16:43:16.911Z,49.89999771118164,9,990.2411499023438,-343,464,4032,513,13,-337,,,,0.03442373871803284,0.002868644893169403,0.8861671686172485,0.4620349407196045,25,500,56016
2025-12-17T16:43:16.411Z,49.82999801635742,9,990.2567749023438,-225,194,3953,-67,-49,-41,,,,0.03472891449928284,0.0029907149728387594,0.8861061334609985,0.4620349407196045,25,500,55594
2025-12-17T16:43:15.911Z,49.88999938964844,9,990.2567749023438,-232,339,4046,495,-15,150,,,,0.03796377032995224,0.005798324942588806,0.8849464654922485,0.4640491008758545,25,500,56194
2025-12-17T16:43:15.411Z,49.84000015258789,9,990.2801513671875,110,273,4197,-417,194,396,,,,0.02740471437573433,-0.016967730596661568,0.8775001764297485,0.4783923327922821,25,500,56410
2025-12-17T16:43:14.911Z,49.79999923706055,9,990.2567749023438,146,524,3875,-62,59,256,,,,0.03448477387428284,-0.01708979904651642,0.8762794733047485,0.4801623523235321,25,500,56194
2025-12-17T16:43:14.411Z,49.869998931884766,9,990.2957763671875,-151,301,4108,-191,-68,75,,,,0.032592691481113434,-0.021423285827040672,0.8723121881484985,0.4872424006462097,25,500,55074
2025-12-17T16:43:13.911Z,49.91999816894531,9,990.3425903320312,-88,1612,3840,-576,-15,52,,,,0.033080969005823135,-0.01770015060901642,0.8709084391593933,0.4898669123649597,25,500,54463
2025-12-17T16:43:13.411Z,49.89999771118164,9,990.358154296875,-177,590,3980,-125,-78,-190,,,,0.03802480548620224,-0.00939938984811306,0.8698708415031433,0.4915758967399597,25,500,54097
2025-12-17T16:43:12.911Z,49.849998474121094,9,990.358154296875,-210,651,3999,89,299,347,,,,0.03826894611120224,-0.0024413999635726213,0.8538796305656433,0.5189806222915649,25,500,52994
2025-12-17T16:43:12.411Z,50.0099983215332,9,990.358154296875,110,605,4324,-630,97,157,,,,0.03601064905524254,0.0007324200123548508,0.8342874050140381,0.5501084327697754,25,500,51422
2025-12-17T16:43:11.911Z,50.05999755859375,9,990.3971557617188,-117,1298,4258,37,-16,-99,,,,0.042968638241291046,0.005065904930233955,0.8067606091499329,0.5892319083213806,25,500,54097
2025-12-17T16:43:11.411Z,50.12999725341797,9,990.358154296875,-166,688,4042,103,-79,-271,,,,0.03601064905524254,-0.0025634700432419777,0.7750834822654724,0.6307967305183411,25,500,55350
2025-12-17T16:43:10.911Z,50.15999984741211,9,990.381591796875,-126,553,4166,-4,-6,-39,,,,0.03662100061774254,-0.005371079780161381,0.7758769392967224,0.6296980977058411,25,500,55524
2025-12-17T16:43:10.411Z,50.06999969482422,9,990.358154296875,39,841,4159,-93,-28,-33,,,,0.024169860407710075,-0.005249009933322668,0.7675761580467224,0.6404402256011963,25,500,55040
2025-12-17T16:43:09.911Z,50.04999923706055,9,990.381591796875,-148,513,3949,141,19,64,,,,0.03460684418678284,0.01416011992841959,0.7731913924217224,0.6329939961433411,25,500,55281
2025-12-17T16:43:09.411Z,50.04999923706055,9,990.381591796875,-1129,2218,4907,-963,85,40,,,,0.034057531505823135,0.00952146016061306,0.7648295760154724,0.6431868076324463,25,500,54835
2025-12-17T16:43:08.911Z,50.03999710083008,9,990.358154296875,-74,367,3941,142,-34,19,,,,0.02929680049419403,0.005859360098838806,0.7559184432029724,0.6539289951324463,25,500,55315
2025-12-17T16:43:08.411Z,50.03999710083008,9,990.358154296875,-167,975,4099,-182,-136,255,,,,0.021545354276895523,0.005432114936411381,0.7375469207763672,0.6748639941215515,25,500,55040
2025-12-17T16:43:07.911Z,50,9,990.381591796875,-251,431,4219,29,-3,188,,,,0.021789494901895523,0.015808064490556717,0.7357769012451172,0.6765729784965515,25,500,55212
2025-12-17T16:43:07.411Z,49.90999984741211,9,990.358154296875,-191,1763,4199,-159,-117,51,,,,0.02691643498837948,0.022033635526895523,0.7378520965576172,0.6740095019340515,25,500,55910
2025-12-17T16:43:06.911Z,49.849998474121094,9,990.358154296875,-483,1939,4490,-423,86,121,,,,0.031433023512363434,0.03771962970495224,0.731931746006012,0.6795637011528015,25,500,55699
2025-12-17T16:43:06.411Z,49.709999084472656,9,990.381591796875,78,342,4035,-158,-105,475,,,,0.024047790095210075,0.016235310584306717,0.7572001814842224,0.6524031162261963,25,500,55629
2025-12-17T16:43:05.911Z,49.709999084472656,9,990.358154296875,8,335,4357,57,63,696,,,,0.022399844601750374,0.01831050030887127,0.7721537947654724,0.6347029805183411,25,500,55734
2025-12-17T16:43:05.411Z,49.7599983215332,9,990.358154296875,-481,1104,4634,-196,132,782,,,,0.022582950070500374,0.01934809423983097,0.7756938338279724,0.6303084492683411,25,500,55177
2025-12-17T16:43:04.911Z,49.71999740600586,9,990.381591796875,-115,316,4096,-42,19,-253,,,,0.023803649470210075,0.015930134803056717,0.7819193601608276,0.6226180195808411,25,500,54430
2025-12-17T16:43:04.411Z,49.71999740600586,9,990.381591796875,216,-16,4615,-4,-78,155,,,,0.024536069482564926,0.015685994178056717,0.7847269773483276,0.6190779805183411,25,500,54801
2025-12-17T16:43:03.911Z,49.72999954223633,9,990.3425903320312,-75,326,4257,-209,-311,-373,,,,0.025268489494919777,0.015502889640629292,0.7857645750045776,0.6177352070808411,25,500,54733
2025-12-17T16:43:03.411Z,49.88999938964844,9,990.3425903320312,-156,498,4033,601,-108,512,,,,0.030578535050153732,0.021911565214395523,0.7901591062545776,0.6116317510604858,25,500,54767
2025-12-17T16:43:02.911Z,49.84000015258789,9,990.381591796875,-135,480,4180,-74,73,460,,,,0.032775793224573135,0.022582950070500374,0.7908915281295776,0.6105941534042358,25,500,54971
2025-12-17T16:43:02.411Z,49.78999710083008,9,990.358154296875,-204,790,4146,641,-319,652,,,,0.02886955440044403,0.023559510707855225,0.7877177000045776,0.6148666143417358,25,500,55177
2025-12-17T16:43:01.911Z,49.84000015258789,9,990.3425903320312,-122,297,3948,-4,-80,6,,,,0.033508215099573135,0.023986754938960075,0.7779521346092224,0.6269515156745911,25,500,55040
2025-12-17T16:43:01.411Z,49.78999710083008,9,990.3425903320312,412,-426,4332,-641,-326,157,,,,0.03448477387428284,0.024352964013814926,0.7733134627342224,0.6325667500495911,25,500,55074
2025-12-17T16:43:00.911Z,49.81999969482422,9,990.381591796875,-53,25,3878,70,144,5,,,,0.02929680049419403,0.022155705839395523,0.7687358260154724,0.6384261250495911,25,500,54835
2025-12-17T16:43:00.411Z,49.82999801635742,9,990.3425903320312,-6,407,4050,153,220,196,,,,0.030395429581403732,0.020812934264540672,0.7690410017967224,0.6380599141120911,25,500,55350
2025-12-17T16:42:59.911Z,49.79999923706055,9,990.3425903320312,74,650,4343,-332,-134,-336,,,,0.032226480543613434,0.020996039733290672,0.7744731307029724,0.6313460469245911,25,500,54903
2025-12-17T16:42:59.411Z,49.79999923706055,9,990.358154296875,52,941,4085,-142,-39,-182,,,,0.032104410231113434,0.021179145202040672,0.7900980710983276,0.6116927862167358,25,500,55212
2025-12-17T16:42:58.911Z,49.779998779296875,9,990.381591796875,-217,181,3997,-257,19,-216,,,,0.03643789514899254,0.023010194301605225,0.7935160398483276,0.6069320440292358,25,500,55246
2025-12-17T16:42:58.411Z,49.7599983215332,9,990.358154296875,64,560,4140,108,-144,-275,,,,0.03906239941716194,0.02874748408794403,0.7941263914108276,0.6057723760604858,25,500,55419
2025-12-17T16:42:57.911Z,49.87999725341797,9,990.3425903320312,259,-335,4260,-41,17,-64,,,,0.04095448553562164,0.02813713438808918,0.7941874265670776,0.6055892705917358,25,500,55246
2025-12-17T16:42:57.411Z,49.90999984741211,9,990.358154296875,92,118,4133,-18,-5,-49,,,,0.03802480548620224,0.023498475551605225,0.7934550046920776,0.6069320440292358,25,500,55246
2025-12-17T16:42:56.911Z,49.90999984741211,9,990.358154296875,256,515,4050,-45,8,-132,,,,0.04125966131687164,0.026184014976024628,0.7951029539108276,0.6043685674667358,25,500,55385
2025-12-17T16:42:56.411Z,49.79999923706055,10,990.381591796875,70,363,4061,-243,40,39,,,,0.04028309881687164,0.024597104638814926,0.7916849851608276,0.6090072393417358,25,500,55108
2025-12-17T16:42:55.911Z,49.72999954223633,9,990.2567749023438,-117,288,4142,-765,466,93,,,,0.03875722363591194,0.025817804038524628,0.7910746335983276,0.6099227666854858,25,500,54801
2025-12-17T16:42:55.411Z,50.34000015258789,9,990.2567749023438,-242,512,4036,-101,27,235,,,,0.03887929394841194,0.023925719782710075,0.7906473875045776,0.6105331182479858,25,500,55108
2025-12-17T16:42:54.911Z,50.28999710083008,9,990.2957763671875,-366,93,4045,4,45,266,,,,0.03436270356178284,0.020873969420790672,0.7960795164108276,0.6037582159042358,25,500,54733
2025-12-17T16:42:54.411Z,50.21999740600586,9,990.2801513671875,25,252,4073,239,-63,181,,,,0.031616128981113434,0.021179145202040672,0.7872904539108276,0.6153548955917358,25,500,54463
2025-12-17T16:42:53.911Z,50.25,9,990.3425903320312,-138,-513,4235,122,33,-47,,,,0.03570547327399254,0.02728264406323433,0.7839945554733276,0.6190779805183411,25,500,54030
2025-12-17T16:42:53.411Z,50.2599983215332,9,990.358154296875,150,730,3422,-35,-12,-322,,,,0.03491201996803284,0.02801506407558918,0.7806376218795776,0.6232894062995911,25,500,54030
2025-12-17T16:42:52.911Z,50.16999816894531,9,990.381591796875,18,484,4125,-4,55,-373,,,,0.033813390880823135,0.032958898693323135,0.7856425046920776,0.6168196797370911,25,500,53997
2025-12-17T16:42:52.411Z,50.07999801635742,9,990.381591796875,81,547,4054,-52,25,-98,,,,0.032531656324863434,0.032043375074863434,0.7851542234420776,0.6175521016120911,25,500,54064
2025-12-17T16:42:51.911Z,50.06999969482422,9,990.381591796875,-212,240,4087,-70,-58,34,,,,0.03930654004216194,0.03521719574928284,0.7827738523483276,0.6199324727058411,25,500,53866
2025-12-17T16:42:51.411Z,50.06999969482422,9,990.3425903320312,-92,-135,3773,14,131,-40,,,,0.024841245263814926,0.009643529541790485,0.7821635007858276,0.6224349141120911,25,500,54196
2025-12-17T16:42:50.911Z,50.04999923706055,9,990.358154296875,128,47,4008,67,-210,198,,,,0.026245050132274628,0.006957990117371082,0.7832621335983276,0.6210311055183411,25,500,54064
2025-12-17T16:42:50.411Z,50.14999771118164,9,990.3425903320312,-1809,1956,3711,509,-163,346,,,,0.030639570206403732,0.004272449761629105,0.7944315671920776,0.6064437627792358,25,500,54396
2025-12-17T16:42:49.911Z,50.14999771118164,9,990.3425903320312,497,-361,3685,-1,44,78,,,,0.03802480548620224,-0.00927731953561306,0.8431375026702881,0.5361924767494202,25,500,53899
2025-12-17T16:42:49.411Z,50.07999801635742,10,990.2567749023438,-259,229,4091,385,-353,70,,,,0.03576650843024254,-0.0031127850525081158,0.8505837321281433,0.5245347619056702,25,500,53997
2025-12-17T16:42:48.911Z,50.04999923706055,10,990.1475830078125,-442,36,3941,-18,39,64,,,,0.04571521654725075,-0.0010986300185322762,0.8629738688468933,0.5030504465103149,25,500,53605
2025-12-17T16:42:48.411Z,50.029998779296875,10,990.3425903320312,17,-136,4137,30,-197,15,,,,0.04528797045350075,0.0005493150092661381,0.8660256266593933,0.49786248803138733,25,500,53475
2025-12-17T16:42:47.911Z,49.91999816894531,10,990.3971557617188,-211,313,4087,-212,16,156,,,,0.04730212315917015,0.005249009933322668,0.8668190836906433,0.49627557396888733,25,500,53153
2025-12-17T16:42:47.411Z,49.91999816894531,10,990.358154296875,-216,285,4060,-341,-189,149,,,,0.02929680049419403,-0.006042465101927519,0.8552224040031433,0.5172716379165649,25,500,53281
2025-12-17T16:42:46.911Z,49.91999816894531,10,990.381591796875,-139,640,4063,20,49,17,,,,0.03460684418678284,-0.0017089799512177706,0.8377053737640381,0.5449205040931702,25,500,52899
2025-12-17T16:42:46.411Z,50.65999984741211,10,990.3971557617188,-5,406,4129,-93,-78,-63,,,,0.04046620428562164,0.02673332951962948,0.8282449245452881,0.5581650733947754,25,500,52647
2025-12-17T16:42:45.911Z,50.439998626708984,10,990.381591796875,-695,-750,3805,345,-29,211,,,,0.03594961389899254,0.01855463907122612,0.8289163112640381,0.5578598976135254,25,500,52772
2025-12-17T16:42:45.411Z,50.54999923706055,10,990.358154296875,-301,-73,4377,1200,-53,184,,,,0.03552237153053284,0.021667424589395523,0.8287942409515381,0.5579209327697754,25,500,52273
2025-12-17T16:42:44.911Z,50.66999816894531,10,990.381591796875,-209,461,4047,58,59,-32,,,,0.03723134845495224,0.030761640518903732,0.8276956081390381,0.5589585304260254,25,500,52522
2025-12-17T16:42:44.411Z,50.68000030517578,10,990.381591796875,-557,163,4031,-20,68,-93,,,,0.03887929394841194,0.041442763060331345,0.8226297497749329,0.5656723976135254,25,500,52772
2025-12-17T16:42:43.911Z,50.91999816894531,10,990.381591796875,47,22,4055,64,-15,-471,,,,0.03979482129216194,0.03546133637428284,0.8270852565765381,0.5595078468322754,25,500,52522
2025-12-17T16:42:43.411Z,51.07999801635742,10,990.358154296875,-50,-11,4328,-160,-110,-431,,,,0.03961171582341194,0.03894032910466194,0.8272073268890381,0.5590806007385254,25,500,52647
2025-12-17T16:42:42.911Z,50.97999954223633,10,990.381591796875,35,154,3862,-281,-4,-452,,,,0.03912343457341194,0.042053114622831345,0.8266580104827881,0.5596909523010254,25,500,52088
2025-12-17T16:42:42.411Z,50.959999084472656,12,990.358154296875,-176,579,4041,-28,-59,-242,,,,0.03784170001745224,0.05450425669550896,0.8352029323577881,0.5458360314369202,25,500,52119
2025-12-17T16:42:41.911Z,50.98999786376953,12,990.1865844726562,-242,519,4037,-97,-49,-191,,,,0.03997792303562164,0.06268294155597687,0.8397805690765381,0.5377793908119202,25,500,51844
2025-12-17T16:42:41.411Z,51.07999801635742,13,990.1709594726562,-164,623,3956,165,-9,155,,,,0.03607168421149254,0.05560288578271866,0.8432595729827881,0.5333238244056702,25,500,51512
2025-12-17T16:42:40.911Z,51.0099983215332,13,990.1865844726562,197,77,4154,-22,-8,340,,,,0.03613271936774254,0.050842154771089554,0.8442971706390381,0.5321641564369202,25,500,51065
2025-12-17T16:42:40.411Z,51.0099983215332,13,990.1865844726562,237,373,3428,-583,-1,307,,,,0.03613271936774254,0.050475943833589554,0.8446633815765381,0.5315538048744202,25,500,51512
2025-12-17T16:42:39.911Z,51.099998474121094,13,990.1865844726562,-205,327,4198,-522,-284,725,,,,0.034118566662073135,0.043945200741291046,0.8424661159515381,0.5358262658119202,25,500,51542
2025-12-17T16:42:39.411Z,51.13999938964844,13,990.1865844726562,-94,669,4302,221,-22,-240,,,,0.03448477387428284,0.04687488079071045,0.8431375026702881,0.5344224572181702,25,500,51452
2025-12-17T16:42:38.911Z,51.099998474121094,13,990.1865844726562,-193,-122,4211,-56,-16,8,,,,0.031555093824863434,0.03936757519841194,0.8524147868156433,0.5203233957290649,25,500,51422
2025-12-17T16:42:38.411Z,51.03999710083008,13,990.2021484375,-4,340,4226,-343,58,225,,,,0.02893058955669403,0.03424063324928284,0.8627907633781433,0.5034776926040649,25,500,51422
2025-12-17T16:42:37.911Z,50.93000030517578,13,990.2021484375,-261,-12,4205,-539,-384,442,,,,0.02795403078198433,0.02886955440044403,0.8698098063468933,0.4916979670524597,25,500,51124
2025-12-17T16:42:37.411Z,50.869998931884766,13,990.2021484375,-106,420,4026,-151,-225,-94,,,,0.02856438048183918,0.031616128981113434,0.8839088678359985,0.4655749797821045,25,500,51813
2025-12-17T16:42:36.911Z,50.709999084472656,13,990.2021484375,-143,125,4153,-67,-61,44,,,,0.02905265986919403,0.031616128981113434,0.8866554498672485,0.4603259563446045,25,500,51632
2025-12-17T16:42:36.411Z,50.82999801635742,13,990.2177734375,-181,489,4069,-78,-89,-14,,,,0.02954093925654888,0.03417959809303284,0.8870216608047485,0.4594104290008545,25,500,51753
2025-12-17T16:42:35.911Z,50.79999923706055,13,990.2177734375,-240,390,3936,-79,-25,-85,,,,0.033447179943323135,0.03417959809303284,0.8882423639297485,0.4568469822406769,25,500,51813
2025-12-17T16:42:35.411Z,50.73999786376953,13,990.1475830078125,-301,2185,3767,467,-66,-26,,,,0.032836828380823135,0.03948964551091194,0.8853126764297485,0.4620349407196045,25,500,51482
2025-12-17T16:42:34.911Z,50.70000076293945,13,990.2177734375,-230,223,4069,-56,-7,-29,,,,0.030639570206403732,0.04962145537137985,0.8840919733047485,0.4635608196258545,25,500,51302
2025-12-17T16:42:34.411Z,50.7599983215332,13,990.2411499023438,-211,109,4043,-707,-149,-84,,,,0.043395884335041046,0.06372053921222687,0.8854957818984985,0.4581287205219269,25,500,51482
2025-12-17T16:42:33.911Z,50.77000045776367,13,990.3191528320312,-151,205,4082,58,-18,114,,,,0.03497305512428284,0.05474839359521866,0.8836036920547485,0.4635608196258545,25,500,51154
2025-12-17T16:42:33.411Z,50.78999710083008,13,990.3191528320312,246,307,4081,297,-3,-46,,,,0.04125966131687164,0.060363613069057465,0.8785988092422485,0.4718005359172821,25,500,51124
2025-12-17T16:42:32.911Z,50.70000076293945,13,990.3425903320312,-319,18,4073,-973,-50,86,,,,0.03814687579870224,0.06414778530597687,0.8806740045547485,0.4677722454071045,25,500,50977
2025-12-17T16:42:32.411Z,44.98999786376953,13,990.3191528320312,106,316,4069,253,60,-110,,,,0.03717031329870224,0.06665021926164627,0.8847633600234985,0.4597156047821045,25,500,51065
2025-12-17T16:42:31.911Z,45.099998474121094,13,990.3191528320312,78,305,4144,191,110,-378,,,,0.03796377032995224,0.06890851259231567,0.8866554498672485,0.4556262791156769,25,500,50947
2025-12-17T16:42:31.411Z,45.06999969482422,13,990.3191528320312,184,569,3940,433,-357,-403,,,,0.04022206366062164,0.07849100977182388,0.8590676188468933,0.5041490793228149,25,500,50424
2025-12-17T16:42:30.911Z,44.98999786376953,13,990.3191528320312,60,227,4100,152,-68,-328,,,,0.042846571654081345,0.08428933471441269,0.8640725016593933,0.49432244896888733,25,500,50714
2025-12-17T16:42:30.411Z,44.90999984741211,13,990.2957763671875,501,-225,3952,-15,-76,5,,,,0.03655996546149254,0.07366924732923508,0.8626076579093933,0.49908319115638733,25,500,50482
2025-12-17T16:42:29.911Z,44.90999984741211,13,990.3191528320312,-575,1480,4006,-65,-16,-81,,,,0.02911369502544403,0.07165508717298508,0.8710915446281433,0.4848620295524597,25,500,50830
2025-12-17T16:42:29.411Z,44.87999725341797,13,990.3191528320312,237,-166,4198,56,-29,-26,,,,0.023132264614105225,0.06866437196731567,0.8786598443984985,0.4718005359172821,25,500,51332
2025-12-17T16:42:28.911Z,44.87999725341797,13,990.3191528320312,-123,397,4056,-411,70,-168,,,,0.024963315576314926,0.06738264113664627,0.8763405084609985,0.4761950671672821,25,500,50977
2025-12-17T16:42:28.411Z,44.81999969482422,13,990.3425903320312,-176,556,4241,371,-401,38,,,,0.02874748408794403,0.07275371998548508,0.8623024821281433,0.5002428293228149,25,500,50714
2025-12-17T16:42:27.911Z,44.81999969482422,13,990.3191528320312,-499,791,4287,-1161,240,-420,,,,0.02667229436337948,0.07275371998548508,0.8614479899406433,0.5018297433853149,25,500,51966
2025-12-17T16:42:27.411Z,44.82999801635742,13,990.3191528320312,94,421,3710,326,-7,743,,,,0.033325109630823135,0.08447244018316269,0.8673684000968933,0.4891955256462097,25,500,51662
2025-12-17T16:42:26.911Z,44.79999923706055,13,990.3191528320312,-119,552,4067,-145,-108,203,,,,0.022827090695500374,0.07611064612865448,0.8687111735343933,0.4887682795524597,25,500,51183
2025-12-17T16:42:26.411Z,44.72999954223633,13,990.3425903320312,-269,541,3993,-13,-36,-195,,,,0.02038569003343582,0.07568340003490448,0.8713356852531433,0.4842516779899597,25,500,51243
2025-12-17T16:42:25.911Z,44.73999786376953,13,990.3191528320312,-402,640,4003,-80,-94,-181,,,,0.021301215514540672,0.07281475514173508,0.8742653131484985,0.4793688952922821,25,500,51065
2025-12-17T16:42:25.411Z,44.73999786376953,13,990.3191528320312,-1009,1992,3582,-97,33,-149,,,,0.012206999585032463,0.04931627959012985,0.9013648629188538,0.42999157309532166,25,500,51362
2025-12-17T16:42:24.911Z,44.77000045776367,13,990.3191528320312,-281,599,4102,-49,-26,-230,,,,0.013000454753637314,0.02850334532558918,0.9177222847938538,0.3959340453147888,25,500,51273
2025-12-17T16:42:24.411Z,44.73999786376953,13,990.3191528320312,93,-48,4021,-702,-23,-94,,,,0.022155705839395523,0.02996818535029888,0.919431209564209,0.3912953734397888,25,500,51302
2025-12-17T16:42:23.911Z,44.73999786376953,13,990.3425903320312,-152,762,4032,-4,1,123,,,,0.02020258456468582,0.025024350732564926,0.924008846282959,0.3808583915233612,25,500,51362
2025-12-17T16:42:23.411Z,44.77000045776367,13,990.3191528320312,-275,674,4341,219,0,-291,,,,0.03564443811774254,0.04766833409667015,0.924741268157959,0.3757314682006836,25,500,51036
2025-12-17T16:42:22.911Z,44.73999786376953,13,990.358154296875,-261,449,3966,391,-58,-169,,,,0.041808973997831345,0.07763651758432388,0.923703670501709,0.3726186752319336,25,500,51542
2025-12-17T16:42:22.411Z,44.72999954223633,13,990.3425903320312,-65,838,4300,-91,4,223,,,,0.041747938841581345,0.07568340003490448,0.923032283782959,0.3746938705444336,25,500,51183
2025-12-17T16:42:21.911Z,44.71999740600586,13,990.358154296875,-431,300,3897,-125,-72,190,,,,0.041992079466581345,0.07647685706615448,0.922849178314209,0.3751211166381836,25,506,51154
2025-12-17T16:42:21.411Z,44.70000076293945,13,990.358154296875,425,126,4247,147,-43,-102,,,,0.042297255247831345,0.07745341211557388,0.922482967376709,0.3757314682006836,25,506,51183
2025-12-17T16:42:20.911Z,44.68000030517578,13,990.358154296875,-18,-245,4871,-826,-270,183,,,,0.03704824671149254,0.051879748702049255,0.924375057220459,0.3759145736694336,25,504,51362
2025-12-17T16:42:20.411Z,44.72999954223633,13,990.3425903320312,-168,439,4068,499,-3,-354,,,,0.012634244747459888,0.009948705323040485,0.924741268157959,0.3801259696483612,25,504,51183
2025-12-17T16:42:19.911Z,44.78999710083008,13,990.358154296875,-328,541,4071,-51,-35,-21,,,,0.02050776034593582,0.03710927814245224,0.9128394722938538,0.40594378113746643,25,504,51213
2025-12-17T16:42:19.411Z,44.71999740600586,13,990.358154296875,148,573,4083,161,86,-224,,,,0.03698721155524254,0.08081033825874329,0.9138770699501038,0.3959950804710388,25,500,51213
2025-12-17T16:42:18.911Z,44.71999740600586,13,990.358154296875,-372,17,3693,367,-251,-821,,,,0.03448477387428284,0.07086163759231567,0.9154029488563538,0.3945912718772888,25,500,51124
2025-12-17T16:42:18.411Z,44.689998626708984,13,990.358154296875,-424,437,3913,47,362,-338,,,,0.03619375452399254,0.07324200123548508,0.9133277535438538,0.3988026976585388,25,504,51183
2025-12-17T16:42:17.911Z,44.75,13,990.358154296875,-105,1769,4221,25,94,-236,,,,0.03784170001745224,0.07488994300365448,0.9124122262001038,0.4003896117210388,25,504,50859
2025-12-17T16:42:17.411Z,44.72999954223633,13,990.3191528320312,-283,103,3795,175,-173,-229,,,,0.03759755939245224,0.07202129811048508,0.9108863472938538,0.40447893738746643,28,503,50918
2025-12-17T16:42:16.911Z,44.7599983215332,14,990.3425903320312,-79,1134,4271,-213,43,-85,,,,0.03771962970495224,0.07427959144115448,0.9061256051063538,0.41454970836639404,28,503,50947
2025-12-17T16:42:16.411Z,44.73999786376953,14,990.3425903320312,-204,771,4009,181,-38,114,,,,0.04016102850437164,0.07592754065990448,0.8995948433876038,0.42809948325157166,27,503,51243
2025-12-17T16:42:15.911Z,44.72999954223633,14,990.358154296875,-250,716,4067,-40,0,16,,,,0.04046620428562164,0.07873515039682388,0.8766456842422485,0.4728381335735321,27,503,51154
2025-12-17T16:42:15.411Z,44.72999954223633,14,990.3425903320312,-328,890,3970,-53,-15,18,,,,0.03710927814245224,0.07757548242807388,0.8718850016593933,0.4820544421672821,25,503,51362
2025-12-17T16:42:14.911Z,44.72999954223633,14,990.3191528320312,-393,711,3875,-61,18,18,,,,0.04742419347167015,0.08599831163883209,0.8736549615859985,0.4764392077922821,25,503,51036
2025-12-17T16:42:14.411Z,44.71999740600586,14,990.381591796875,-319,1664,4178,95,57,61,,,,0.03997792303562164,0.07452373206615448,0.8715187907218933,0.4829699397087097,25,503,51124
2025-12-17T16:42:13.911Z,44.66999816894531,14,990.358154296875,-284,741,4006,87,-147,-73,,,,0.041564833372831345,0.07482890784740448,0.8698708415031433,0.4857165217399597,27,500,51362
2025-12-17T16:42:13.411Z,44.73999786376953,14,990.358154296875,-152,-71,4107,-306,-47,135,,,,0.03973378613591194,0.07391338795423508,0.8741432428359985,0.4782092273235321,26,500,51213
2025-12-17T16:42:12.911Z,44.87999725341797,14,990.3191528320312,-347,682,3767,-1368,360,-144,,,,0.03918446972966194,0.07989481836557388,0.8732277154922485,0.4790026843547821,26,500,51006
2025-12-17T16:42:12.411Z,44.88999938964844,14,990.3425903320312,-292,709,4019,369,-408,-66,,,,0.03942861035466194,0.08105447888374329,0.8726173639297485,0.4799182116985321,26,500,51602
2025-12-17T16:42:11.911Z,44.80999755859375,14,990.3425903320312,-385,633,3910,-127,-13,70,,,,0.04016102850437164,0.07934550195932388,0.8704811930656433,0.4839465022087097,26,500,51512
2025-12-17T16:42:11.411Z,44.779998779296875,14,990.3191528320312,-609,587,3798,-90,99,83,,,,0.04675281047821045,0.08074930310249329,0.8636452555656433,0.49523797631263733,26,500,51302
2025-12-17T16:42:10.911Z,44.779998779296875,14,990.3191528320312,-62,1254,4286,-10,-146,157,,,,0.043701060116291046,0.08239725232124329,0.8640725016593933,0.49450555443763733,27,500,51154
2025-12-17T16:42:10.411Z,44.87999725341797,14,990.3425903320312,-244,476,4263,328,-314,116,,,,0.04608142375946045,0.08520486205816269,0.8665749430656433,0.4894396662712097,27,500,50569
2025-12-17T16:42:09.911Z,44.869998931884766,14,990.3425903320312,-460,774,3991,0,92,234,,,,0.043090708553791046,0.07696513831615448,0.8665139079093933,0.4911486506462097,25,493,50743
2025-12-17T16:42:09.411Z,44.80999755859375,14,990.3425903320312,-505,766,3972,-87,19,271,,,,0.042907603085041046,0.07299786061048508,0.8694435954093933,0.4866320490837097,25,493,50772
2025-12-17T16:42:08.911Z,44.82999801635742,14,990.3425903320312,-186,512,4118,-178,156,113,,,,0.04736315831542015,0.07391338795423508,0.8665749430656433,0.4911486506462097,25,494,50482
2025-12-17T16:42:08.411Z,44.78999710083008,14,990.3425903320312,-123,-469,4021,-389,-210,227,,,,0.044250376522541046,0.06408675014972687,0.8721901178359985,0.4827868342399597,25,494,50597
2025-12-17T16:42:07.911Z,44.709999084472656,14,990.3425903320312,-244,554,4066,312,189,5,,,,0.04547107592225075,0.06262190639972687,0.8757301568984985,0.4764392077922821,25,500,50714
2025-12-17T16:42:07.411Z,44.66999816894531,14,990.3191528320312,-94,331,4091,-21,27,39,,,,0.04064930975437164,0.06463606655597687,0.8858009576797485,0.4576404392719269,25,500,50918
2025-12-17T16:42:06.911Z,44.62999725341797,14,990.3191528320312,-202,658,4188,-132,-40,-33,,,,0.04602038860321045,0.07226543873548508,0.8879371881484985,0.4517810642719269,25,500,50947
2025-12-17T16:42:06.411Z,44.62999725341797,14,990.3425903320312,-125,961,3881,-16,-65,19,,,,0.03680410608649254,0.06280501186847687,0.8988013863563538,0.43218883872032166,25,504,51036
2025-12-17T16:42:05.911Z,44.55999755859375,14,990.358154296875,-161,857,3998,-21,57,85,,,,0.031005779281258583,0.052856311202049255,0.9085670113563538,0.41314589977264404,25,504,51332
2025-12-17T16:42:05.411Z,44.61000061035156,14,990.381591796875,-194,905,4052,248,-138,233,,,,0.031494058668613434,0.05346665903925896,0.9098487496376038,0.41015520691871643,21,504,50801
2025-12-17T16:42:04.911Z,44.56999969482422,14,990.381591796875,-237,881,3929,-204,231,67,,,,0.030517499893903732,0.052795276045799255,0.9110084176063538,0.40771380066871643,21,503,50947
2025-12-17T16:42:04.411Z,44.55999755859375,14,990.358154296875,-139,853,3876,-60,-53,-46,,,,0.02783196046948433,0.04766833409667015,0.9141212105751038,0.40154924988746643,22,503,50977
2025-12-17T16:42:03.911Z,44.55999755859375,14,990.358154296875,-227,-180,4166,90,-125,-123,,,,0.024047790095210075,0.043762095272541046,0.9158912301063538,0.3982533812522888,22,501,51065
2025-12-17T16:42:03.411Z,44.46999740600586,14,990.381591796875,-175,959,3955,124,-15,-92,,,,0.02789299562573433,0.04760729894042015,0.9148536324501038,0.3998402953147888,25,501,50597
2025-12-17T16:42:02.911Z,44.46999740600586,14,990.358154296875,-541,1098,3806,-25,18,-72,,,,0.02709954045712948,0.04992663115262985,0.9141212105751038,0.40142717957496643,25,507,50947
2025-12-17T16:42:02.411Z,44.46999740600586,14,990.358154296875,52,1071,4193,637,359,-93,,,,0.023864684626460075,0.04962145537137985,0.9150367379188538,0.3994740843772888,25,507,50626
2025-12-17T16:42:01.911Z,44.48999786376953,14,990.358154296875,-271,967,3987,-51,6,-188,,,,0.021301215514540672,0.051208365708589554,0.9157081246376038,0.3978261351585388,27,507,51095
2025-12-17T16:42:01.411Z,44.54999923706055,14,990.358154296875,-273,946,3970,-772,-193,-162,,,,0.025451594963669777,0.06414778530597687,0.9150977730751038,0.3970937132835388,27,514,51243
2025-12-17T16:42:00.911Z,44.54999923706055,14,990.3191528320312,-48,748,4263,-177,76,-24,,,,0.021972600370645523,0.061279140412807465,0.9168067574501038,0.3939198851585388,27,514,50830
2025-12-17T16:42:00.411Z,44.529998779296875,13,990.3425903320312,-161,923,4239,-362,-267,-131,,,,0.021423285827040672,0.06030258163809776,0.9177833199501038,0.3917226195335388,27,514,50859
2025-12-17T16:41:59.911Z,44.529998779296875,13,990.3191528320312,-76,121,4210,170,-156,-211,,,,0.02789299562573433,0.06964093446731567,0.9168677926063538,0.3919667601585388,27,514,51095
2025-12-17T16:41:59.411Z,44.5099983215332,13,990.3191528320312,-358,827,4010,-23,40,-136,,,,0.021301215514540672,0.050842154771089554,0.9165626168251038,0.3959950804710388,27,517,50947
2025-12-17T16:41:58.911Z,44.59000015258789,13,990.3191528320312,-947,314,4048,-31,-36,-103,,,,0.01831050030887127,0.03887929394841194,0.924558162689209,0.3784169852733612,25,517,50655
2025-12-17T16:41:58.411Z,44.64999771118164,13,990.3971557617188,0,1506,4129,46,-23,-146,,,,0.02001947909593582,0.032409586012363434,0.928220272064209,0.3699941635131836,25,517,50947
2025-12-17T16:41:57.911Z,44.73999786376953,13,990.3971557617188,-126,16,3954,-4,-77,-47,,,,0.01928705908358097,0.02893058955669403,0.928708553314209,0.3690176010131836,29,522,51095
2025-12-17T16:41:57.411Z,44.80999755859375,13,990.3425903320312,-214,748,4032,164,-44,144,,,,0.01361080538481474,0.023315370082855225,0.931882381439209,0.361632376909256,29,522,50743
2025-12-17T16:41:56.911Z,44.77000045776367,15,990.358154296875,-167,474,4264,-102,-47,55,,,,0.01843257062137127,0.03686514124274254,0.937070369720459,0.34655672311782837,29,522,50626
2025-12-17T16:41:56.411Z,44.73999786376953,15,990.358154296875,-275,876,3906,-115,-96,2,,,,0.021240180358290672,0.051330436021089554,0.936215877532959,0.34686189889907837,33,526,50453
2025-12-17T16:41:55.911Z,44.72999954223633,15,990.358154296875,-351,867,3945,-32,-76,-56,,,,0.026184014976024628,0.05938705429434776,0.934262752532959,0.35046297311782837,33,526,50138
2025-12-17T16:41:55.411Z,44.709999084472656,15,990.358154296875,-71,863,4078,43,-5,11,,,,0.02691643498837948,0.062316734343767166,0.928098201751709,0.365965873003006,33,529,50281
2025-12-17T16:41:54.911Z,44.869998931884766,15,990.358154296875,78,347,3710,-776,-30,33,,,,0.025329524651169777,0.06396467983722687,0.927304744720459,0.3677968978881836,33,529,50309
2025-12-17T16:41:54.411Z,44.84000015258789,15,990.3425903320312,-287,773,3961,26,-17,-56,,,,0.025024350732564926,0.06640607863664627,0.927609920501709,0.3666982650756836,35,529,50424
2025-12-17T16:41:53.911Z,44.87999725341797,15,990.3425903320312,-164,1158,4101,249,-183,-80,,,,0.023986754938960075,0.07177715748548508,0.925900936126709,0.3699941635131836,35,536,50309
2025-12-17T16:41:53.411Z,44.81999969482422,15,990.3425903320312,-291,792,3896,-804,130,6,,,,0.026428155601024628,0.07488994300365448,0.920224666595459,0.3830556571483612,35,536,50281
2025-12-17T16:41:52.911Z,44.84000015258789,16,990.3191528320312,-207,759,4059,340,94,-41,,,,0.023010194301605225,0.07061749696731567,0.9083228707313538,0.41149798035621643,37,536,50482
2025-12-17T16:41:52.411Z,44.87999725341797,16,990.3191528320312,-1099,1756,3466,171,-25,-400,,,,0.021545354276895523,0.07220440357923508,0.9047828316688538,0.41906630992889404,37,539,50138
2025-12-17T16:41:51.911Z,44.91999816894531,16,990.3425903320312,-270,754,4038,471,167,-170,,,,0.026184014976024628,0.07562236487865448,0.9042335152626038,0.41937148571014404,37,539,50540
2025-12-17T16:41:51.411Z,44.91999816894531,16,990.3425903320312,21,314,3983,-121,-15,-7,,,,0.023315370082855225,0.08056619763374329,0.9055152535438538,0.41577041149139404,40,539,50714
2025-12-17T16:41:50.911Z,44.93000030517578,16,990.3191528320312,-304,870,3878,-422,-64,-350,,,,0.023071229457855225,0.07452373206615448,0.9069800972938538,0.41375625133514404,40,540,50453
2025-12-17T16:41:50.411Z,46.97999954223633,16,990.3425903320312,-362,1352,4494,-142,-24,-27,,,,0.022643985226750374,0.06414778530597687,0.9102759957313538,0.40826311707496643,40,540,50597
2025-12-17T16:41:49.911Z,46.87999725341797,16,990.3191528320312,-115,911,3997,540,-249,134,,,,0.025878839194774628,0.05810531973838806,0.9078956246376038,0.41418349742889404,41,539,50859
2025-12-17T16:41:49.411Z,46.80999755859375,16,990.3425903320312,-202,-45,4364,555,-4,-102,,,,0.020935004577040672,0.05920394882559776,0.9041724801063538,0.42236220836639404,41,539,50830
2025-12-17T16:41:48.911Z,46.82999801635742,16,990.358154296875,-251,659,4011,188,-229,173,,,,0.021850530058145523,0.05749496817588806,0.9022193551063538,0.42675670981407166,41,539,50830
2025-12-17T16:41:48.411Z,46.68000030517578,16,990.3425903320312,-316,555,4028,-82,-47,-50,,,,0.021667424589395523,0.05743393301963806,0.9047828316688538,0.42132461071014404,45,532,50743
2025-12-17T16:41:47.911Z,46.68000030517578,16,990.381591796875,-91,-102,3761,-61,-36,13,,,,0.022643985226750374,0.05316148325800896,0.9041724801063538,0.42315566539764404,45,521,50772
2025-12-17T16:41:47.411Z,46.619998931884766,16,990.358154296875,-472,99,3770,-90,-40,92,,,,0.01940912939608097,0.04687488079071045,0.9056983590126038,0.42083632946014404,47,521,50626
2025-12-17T16:41:46.911Z,42.59000015258789,16,990.358154296875,-239,411,4300,-1006,123,362,,,,0.016967730596661568,0.051879748702049255,0.9046607613563538,0.42254531383514404,47,524,50830
2025-12-17T16:41:46.411Z,42.59000015258789,16,990.3425903320312,-273,617,4014,41,-120,297,,,,0.01715083420276642,0.042663466185331345,0.9064307808876038,0.41973769664764404,47,524,50918
2025-12-17T16:41:45.911Z,42.52000045776367,16,990.3425903320312,-246,594,4084,-366,155,187,,,,0.01745600998401642,0.043762095272541046,0.9060035347938538,0.42053115367889404,48,524,51332
2025-12-17T16:41:45.411Z,42.46999740600586,16,990.3425903320312,-287,684,3968,-149,32,-45,,,,0.016906695440411568,0.043517954647541046,0.9066749215126038,0.41906630992889404,48,523,50859
2025-12-17T16:41:44.911Z,42.41999816894531,16,990.3425903320312,-661,1142,4170,-23,11,-78,,,,0.016723589971661568,0.043945200741291046,0.9099097847938538,0.41210833191871643,47,523,51154
2025-12-17T16:41:44.411Z,42.349998474121094,16,990.3425903320312,-398,890,3946,-61,-83,-170,,,,0.02050776034593582,0.04852282628417015,0.9114356637001038,0.40795794129371643,47,523,50597
2025-12-17T16:41:43.911Z,42.29999923706055,16,990.3425903320312,-276,723,4180,57,24,28,,,,0.015747029334306717,0.042175184935331345,0.9129615426063538,0.40545549988746643,43,523,50830
2025-12-17T16:41:43.411Z,42.22999954223633,16,990.3425903320312,-235,1218,4282,-398,68,258,,,,0.01354977022856474,0.03875722363591194,0.9125953316688538,0.40673723816871643,43,523,50918
2025-12-17T16:41:42.911Z,42.15999984741211,16,990.358154296875,-206,-9,4105,433,198,5,,,,0.012451140210032463,0.03930654004216194,0.9133277535438538,0.40496721863746643,37,523,50977
2025-12-17T16:41:42.411Z,42.02000045776367,16,990.3425903320312,-309,630,3927,-50,-33,78,,,,0.015441855415701866,0.03936757519841194,0.9154029488563538,0.4002065062522888,37,527,50801
2025-12-17T16:41:41.911Z,41.96999740600586,15,990.358154296875,3,781,4033,169,65,-156,,,,0.01354977022856474,0.04962145537137985,0.9185157418251038,0.3919667601585388,39,527,50859
2025-12-17T16:41:41.411Z,41.90999984741211,16,990.358154296875,-219,396,3911,270,235,13,,,,0.014404259622097015,0.03906239941716194,0.921994686126709,0.3848256766796112,39,527,50859
2025-12-17T16:41:40.911Z,41.89999771118164,15,990.3425903320312,-337,-171,4226,86,66,-73,,,,0.011108369566500187,0.03503409028053284,0.926206111907959,0.3751211166381836,38,527,50830
2025-12-17T16:41:40.411Z,41.86000061035156,16,990.358154296875,-233,386,4032,371,70,-12,,,,0.007995584979653358,0.03887929394841194,0.929196834564209,0.3673696517944336,38,527,51065
2025-12-17T16:41:39.911Z,41.849998474121094,16,990.381591796875,-246,1250,4289,3,-79,35,,,,0.007324200123548508,0.031738199293613434,0.933652400970459,0.356627494096756,38,524,50947
2025-12-17T16:41:39.411Z,41.73999786376953,16,990.3191528320312,-240,1995,4601,23,-65,-26,,,,0.005126940086483955,0.022277774289250374,0.938535213470459,0.34435945749282837,38,524,50743
2025-12-17T16:41:38.911Z,41.77000045776367,16,990.2957763671875,-195,867,3831,121,21,-105,,,,0.004333484917879105,0.021484319120645523,0.9427465796470642,0.33270177245140076,38,523,51213
2025-12-17T16:41:38.411Z,41.77000045776367,16,990.2957763671875,-310,707,3985,62,-70,-29,,,,0.0015258749481290579,0.01947016455233097,0.9517797827720642,0.3059684634208679,38,526,51124
2025-12-17T16:41:37.911Z,41.790000915527344,16,990.2957763671875,-281,780,4033,-570,-465,163,,,,0.01898188516497612,0.03881825879216194,0.9528784155845642,0.3001090884208679,38,526,50859
2025-12-17T16:41:37.411Z,42.029998779296875,16,990.2801513671875,-361,886,4007,-33,-97,-47,,,,0.01818842999637127,0.04711902141571045,0.9529394507408142,0.2987052798271179,40,525,51183
2025-12-17T16:41:36.911Z,42.0099983215332,16,990.2957763671875,-125,569,3938,-81,-104,-17,,,,0.042541395872831345,0.08752419054508209,0.9498266577720642,0.2971794009208679,40,525,51124
2025-12-17T16:41:36.411Z,42.02000045776367,16,990.2567749023438,-133,856,4113,91,-4,-170,,,,0.04650866985321045,0.0969235822558403,0.9446386694908142,0.30987468361854553,40,525,51065
2025-12-17T16:41:35.911Z,42.14999771118164,16,990.2801513671875,-703,447,4008,-117,289,68,,,,0.042663466185331345,0.0909421518445015,0.940732479095459,0.32372963428497314,40,521,50655
2025-12-17T16:41:35.411Z,42.16999816894531,16,990.3191528320312,-69,642,3645,333,-22,2,,,,0.043517954647541046,0.0950314924120903,0.932675838470459,0.34509187936782837,40,521,51273
2025-12-17T16:41:34.911Z,42.16999816894531,16,990.3191528320312,-536,874,4111,66,18,-33,,,,0.04583728313446045,0.0936276912689209,0.925473690032959,0.364134818315506,38,519,51273
2025-12-17T16:41:34.411Z,42.06999969482422,16,990.3191528320312,-347,801,3927,-2,68,-309,,,,0.03527823090553284,0.05834946036338806,0.9159522652626038,0.3952626585960388,38,519,51183
2025-12-17T16:41:33.911Z,42.11000061035156,16,990.358154296875,-295,793,4013,374,82,-302,,,,0.033264074474573135,0.05706772580742836,0.9154029488563538,0.3970326781272888,38,519,51692
2025-12-17T16:41:33.411Z,42.029998779296875,16,990.358154296875,98,311,3748,18,-136,-59,,,,0.032714758068323135,0.05993637070059776,0.9143653512001038,0.3989247679710388,38,520,52397
2025-12-17T16:41:32.911Z,42.029998779296875,16,990.381591796875,-736,494,3770,25,0,-130,,,,0.033142004162073135,0.06445296108722687,0.9125953316688538,0.40222063660621643,40,520,52242
2025-12-17T16:41:32.411Z,42.05999755859375,16,990.381591796875,-449,737,3977,38,-44,-286,,,,0.02026361972093582,0.061401210725307465,0.9102759957313538,0.40887346863746643,40,521,51392
2025-12-17T16:41:31.911Z,42.04999923706055,16,990.358154296875,192,-51,4372,-472,-251,-392,,,,0.01489253994077444,0.07519511878490448,0.924741268157959,0.3726797103881836,39,521,50918
2025-12-17T16:41:31.411Z,42.029998779296875,16,990.381591796875,-488,637,4080,-213,-17,-32,,,,0.022216739133000374,0.0996091216802597,0.921933650970459,0.3735952377319336,39,521,50772
2025-12-17T16:41:30.911Z,42.04999923706055,16,990.358154296875,-80,219,4083,-168,-229,-60,,,,0.021545354276895523,0.0924069881439209,0.9182716012001038,0.3843373954296112,37,523,50801
2025-12-17T16:41:30.411Z,42.14999771118164,16,990.3971557617188,-1767,1245,3437,-465,329,483,,,,0.02880851924419403,0.061950523406267166,0.9169898629188538,0.3928822875022888,37,523,50569
2025-12-17T16:41:29.911Z,42.15999984741211,16,990.381591796875,-286,370,4133,391,-291,661,,,,0.02966300956904888,0.04119862616062164,0.921689510345459,0.3845205008983612,37,520,50597
2025-12-17T16:41:29.411Z,42.22999954223633,16,990.358154296875,-349,656,4101,-25,-2,-21,,,,0.02697747014462948,0.033019933849573135,0.925473690032959,0.3762807846069336,36,520,50714
2025-12-17T16:41:28.911Z,42.22999954223633,16,990.358154296875,-451,651,4226,-150,61,500,,,,0.024475034326314926,0.031371988356113434,0.925473690032959,0.3765859603881836,36,540,50801
2025-12-17T16:41:28.411Z,42.23999786376953,16,990.358154296875,-277,659,4045,175,127,688,,,,0.02746574953198433,0.03680410608649254,0.928159236907959,0.3691396713256836,36,540,50714
2025-12-17T16:41:27.911Z,42.22999954223633,16,990.358154296875,30,763,4203,210,-38,-109,,,,0.025878839194774628,0.03637685999274254,0.926145076751709,0.3743886947631836,36,540,50743
2025-12-17T16:41:27.411Z,42.15999984741211,16,990.358154296875,-394,489,4132,-32,20,29,,,,0.024047790095210075,0.03710927814245224,0.926877498626709,0.3726186752319336,36,540,50772
2025-12-17T16:41:26.911Z,42.13999938964844,16,990.358154296875,-258,337,3930,-36,-66,57,,,,0.025085384026169777,0.032897863537073135,0.930661678314209,0.363402396440506,37,540,51154
2025-12-17T16:41:26.411Z,42.06999969482422,16,990.3425903320312,-457,392,4097,-103,-10,156,,,,0.023986754938960075,0.03747548907995224,0.931821346282959,0.360045462846756,37,540,51844
2025-12-17T16:41:25.911Z,42.07999801635742,16,990.3971557617188,94,-35,3998,-202,149,-729,,,,0.01977534033358097,0.03881825879216194,0.930600643157959,0.363280326128006,37,537,51392
2025-12-17T16:41:25.411Z,42.15999984741211,16,990.358154296875,-1529,1955,3587,-127,-454,-278,,,,0.024230895563960075,0.042175184935331345,0.930417537689209,0.363036185503006,38,537,51183
2025-12-17T16:41:24.911Z,42,16,990.358154296875,-119,504,4127,-16,56,44,,,,0.024780210107564926,0.043090708553791046,0.929379940032959,0.365721732378006,38,537,51273
2025-12-17T16:41:24.411Z,42.040000915527344,16,990.381591796875,-428,590,4198,267,-32,183,,,,0.01885981485247612,0.041870009154081345,0.928037166595459,0.3694448471069336,36,536,50482
2025-12-17T16:41:23.911Z,42.02000045776367,16,990.358154296875,-594,554,3736,735,276,303,,,,0.030639570206403732,0.05340562388300896,0.929746150970459,0.362853080034256,36,536,50597
2025-12-17T16:41:23.411Z,42,16,990.3971557617188,-424,392,4092,181,156,-442,,,,0.021606389433145523,0.043578989803791046,0.929563045501709,0.365355521440506,36,536,50626
2025-12-17T16:41:22.911Z,42.12999725341797,16,990.3971557617188,-381,284,4089,298,-51,168,,,,0.010620090179145336,0.042114149779081345,0.930844783782959,0.362669974565506,48,538,50655
2025-12-17T16:41:22.411Z,42.16999816894531,16,990.3971557617188,-375,430,4039,18,-45,-121,,,,0.014587365090847015,0.042724501341581345,0.924619197845459,0.3780507743358612,48,538,50685
2025-12-17T16:41:21.911Z,42.119998931884766,15,990.4205932617188,-213,-48,4187,531,-239,328,,,,0.01489253994077444,0.04461658373475075,0.9174171090126038,0.3950795531272888,48,544,50801
2025-12-17T16:41:21.411Z,42.12999725341797,15,990.3971557617188,-191,512,4019,-47,35,-49,,,,0.01507564540952444,0.05456528812646866,0.9154029488563538,0.3984975218772888,48,544,50743
2025-12-17T16:41:20.911Z,42.06999969482422,15,990.3971557617188,-294,470,4077,396,-291,-47,,,,0.012023895047605038,0.04827868565917015,0.9168677926063538,0.3959340453147888,48,544,51154
2025-12-17T16:41:20.411Z,42.18000030517578,15,990.3971557617188,-272,903,3711,-105,41,-6,,,,0.006530744954943657,0.05603012815117836,0.925900936126709,0.3733510971069336,48,544,51482
2025-12-17T16:41:19.911Z,42.16999816894531,16,990.381591796875,-146,1775,4028,-141,-101,187,,,,0.01000973954796791,0.0916135311126709,0.933652400970459,0.34594637155532837,46,534,51452
2025-12-17T16:41:19.411Z,42.16999816894531,16,990.3971557617188,-164,1033,3982,46,-174,150,,,,0.01763911545276642,0.052551135420799255,0.934689998626709,0.35101228952407837,46,534,51452
2025-12-17T16:41:18.911Z,42.16999816894531,16,990.381591796875,-306,1096,3728,229,70,181,,,,0.01788325421512127,0.03826894611120224,0.938535213470459,0.34240636229515076,45,525,51966
2025-12-17T16:41:18.411Z,42.07999801635742,16,990.3971557617188,-395,984,3851,74,-120,0,,,,0.016235310584306717,0.01940912939608097,0.937314510345459,0.34747225046157837,45,525,51662
2025-12-17T16:41:17.911Z,42.07999801635742,16,990.381591796875,558,941,3907,-273,-179,43,,,,0.016662554815411568,0.01861567422747612,0.936276912689209,0.35027986764907837,45,525,51065
2025-12-17T16:41:17.411Z,42.14999771118164,16,990.381591796875,-213,572,4050,-444,282,-447,,,,0.016113240271806717,0.010620090179145336,0.934628963470459,0.354979544878006,47,525,51065
2025-12-17T16:41:16.911Z,42.15999984741211,16,990.3971557617188,-220,677,4027,-52,-56,-86,,,,0.02038569003343582,0.01849360577762127,0.935178279876709,0.35302644968032837,47,520,51065
2025-12-17T16:41:16.411Z,42.15999984741211,16,990.4205932617188,-247,829,3960,209,-207,120,,,,0.01745600998401642,0.013000454753637314,0.936337947845459,0.35040193796157837,47,520,51422
2025-12-17T16:41:15.911Z,42.12999725341797,16,990.3971557617188,-643,584,3878,-111,123,430,,,,0.012634244747459888,0.010559055022895336,0.936215877532959,0.35095125436782837,47,520,51392
2025-12-17T16:41:15.411Z,42.04999923706055,16,990.381591796875,-293,739,4004,306,-31,183,,,,0.01763911545276642,0.015991169959306717,0.937009334564209,0.34832674264907837,50,517,51753
2025-12-17T16:41:14.911Z,41.959999084472656,16,990.3971557617188,-438,1082,3975,-459,-83,76,,,,0.01501461025327444,0.010803194716572762,0.935727596282959,0.35204988718032837,50,517,51723
2025-12-17T16:41:14.411Z,41.97999954223633,16,990.3971557617188,-541,922,4064,334,-49,-379,,,,0.01336666475981474,0.0061645349487662315,0.933347225189209,0.358580619096756,44,517,51783
2025-12-17T16:41:13.911Z,42.02000045776367,16,990.381591796875,4,279,3972,-90,-15,-96,,,,0.012756315059959888,0.008422830142080784,0.932187557220459,0.361510306596756,44,516,51273
2025-12-17T16:41:13.411Z,42.06999969482422,16,990.358154296875,-131,764,4066,659,-267,141,,,,0.012390105053782463,0.008239724673330784,0.931455135345459,0.363402396440506,44,516,51542
2025-12-17T16:41:12.911Z,42.31999969482422,16,990.381591796875,-122,259,4096,648,338,-73,,,,0.013732874765992165,0.010620090179145336,0.928647518157959,0.3704824447631836,39,516,51662
2025-12-17T16:41:12.411Z,42.41999816894531,16,990.381591796875,-246,365,4087,3,263,-276,,,,0.009155250154435635,0.00860593467950821,0.921994686126709,0.3868398368358612,39,511,51753
2025-12-17T16:41:11.911Z,42.349998474121094,16,990.358154296875,377,657,3549,9,-22,62,,,,0.00958249531686306,0.011352510191500187,0.921323299407959,0.3883657157421112,39,511,51783
2025-12-17T16:41:11.411Z,42.41999816894531,16,990.3971557617188,-296,516,3931,23,75,123,,,,0.008239724673330784,0.013854945078492165,0.920957088470459,0.3892202079296112,39,511,51844
2025-12-17T16:41:10.911Z,42.41999816894531,16,990.381591796875,-398,620,4239,200,-14,38,,,,0.008117655292153358,0.01855463907122612,0.918698787689209,0.3944081664085388,36,512,52027
2025-12-17T16:41:10.411Z,42.47999954223633,16,990.381591796875,-467,163,4556,181,177,-97,,,,0.0032958900555968285,0.006408675108104944,0.9143043160438538,0.40484514832496643,36,512,52058
2025-12-17T16:41:09.911Z,42.46999740600586,16,990.4205932617188,-38,373,4199,-167,-20,-72,,,,0.00750730512663722,0.00885007530450821,0.9125342965126038,0.40875139832496643,36,512,52428
2025-12-17T16:41:09.411Z,42.52000045776367,16,990.3971557617188,-361,339,3938,-109,-48,55,,,,0.016235310584306717,-0.00042724498780444264,0.9177833199501038,0.3966664671897888,35,505,51935
2025-12-17T16:41:08.911Z,42.66999816894531,16,990.4205932617188,-132,705,3579,912,-239,106,,,,0.01947016455233097,0.0018920849543064833,0.919248104095459,0.3930653929710388,35,505,52304
2025-12-17T16:41:08.411Z,42.63999938964844,16,990.3971557617188,-27,899,4178,115,-135,89,,,,0.01800532452762127,0.007690410129725933,0.922299861907959,0.3858022391796112,35,505,51966
2025-12-17T16:41:07.911Z,42.61000061035156,16,990.381591796875,-652,-46,4254,258,-70,168,,,,0.02655022405087948,0.007690410129725933,0.930539608001709,0.365111380815506,34,505,51966
2025-12-17T16:41:07.411Z,42.52000045776367,15,990.3971557617188,-127,1618,4316,-110,-67,60,,,,0.024230895563960075,0.013183560222387314,0.936582088470459,0.34918123483657837,34,505,52335
2025-12-17T16:41:06.911Z,42.45000076293945,16,990.3971557617188,-113,617,4035,192,-131,88,,,,0.023498475551605225,0.00854489952325821,0.937863826751709,0.34588533639907837,34,505,52088
2025-12-17T16:41:06.411Z,42.38999938964844,15,990.4205932617188,-716,15,3733,-503,25,240,,,,0.021545354276895523,0.0025634700432419777,0.937436580657959,0.34728914499282837,31,505,52428
2025-12-17T16:41:05.911Z,42.31999969482422,15,990.4205932617188,-433,-293,4255,-58,-74,71,,,,0.012390105053782463,0.014526329934597015,0.927487850189209,0.3732290267944336,31,505,52181
2025-12-17T16:41:05.411Z,42.27000045776367,15,990.4205932617188,-468,502,4120,-62,-67,9,,,,0.011108369566500187,0.008056620135903358,0.928830623626709,0.3701162338256836,32,504,52027
2025-12-17T16:41:04.911Z,42.23999786376953,16,990.3971557617188,-605,945,4257,-21,-61,39,,,,0.009216285310685635,0.009094214998185635,0.930234432220459,0.3666982650756836,32,504,51935
2025-12-17T16:41:04.411Z,42.189998626708984,16,990.4205932617188,-289,229,3853,-806,-271,316,,,,0.007141095120459795,0.011596649885177612,0.930539608001709,0.365904837846756,32,504,52058
2025-12-17T16:41:03.911Z,42.13999938964844,16,990.4205932617188,-599,572,3931,15,-8,128,,,,0.008239724673330784,0.012206999585032463,0.923886775970459,0.3822622001171112,28,502,52335
2025-12-17T16:41:03.411Z,42.13999938964844,16,990.4205932617188,-51,2374,3675,-142,-108,158,,,,0.01000973954796791,0.015747029334306717,0.921323299407959,0.3881826102733612,28,502,51935
2025-12-17T16:41:02.911Z,42.13999938964844,16,990.381591796875,-35,416,4373,-152,-13,-97,,,,0.007568339817225933,0.03753652423620224,0.9172950387001038,0.3962392210960388,28,500,51813
2025-12-17T16:41:02.411Z,42.09000015258789,16,990.3971557617188,-461,1197,4363,-101,32,-182,,,,0.00872800499200821,0.033019933849573135,0.928342342376709,0.3699941635131836,27,500,51905
2025-12-17T16:41:01.911Z,42.0099983215332,15,990.4205932617188,-217,307,4078,-369,-127,-188,,,,0.012084930203855038,0.034118566662073135,0.931821346282959,0.361022025346756,27,504,51512
2025-12-17T16:41:01.411Z,42,15,990.3971557617188,-420,321,4031,-19,-36,-119,,,,0.007141095120459795,0.01934809423983097,0.935605525970459,0.35241609811782837,27,504,51572
2025-12-17T16:41:00.911Z,41.939998626708984,15,990.381591796875,-280,39,4112,-14,113,-249,,,,0.01837153546512127,0.031494058668613434,0.9431738257408142,0.33007729053497314,27,504,52150
2025-12-17T16:41:00.411Z,41.939998626708984,16,990.3425903320312,-424,1471,4327,140,-99,57,,,,0.016357379034161568,0.03643789514899254,0.9428076148033142,0.33074867725372314,28,511,52273
2025-12-17T16:40:59.911Z,41.89999771118164,16,990.358154296875,-351,66,4197,30,97,154,,,,0.01336666475981474,0.01843257062137127,0.9482397437095642,0.31664958596229553,28,511,51813
2025-12-17T16:40:59.411Z,41.84000015258789,16,990.3191528320312,-393,-456,3632,384,34,160,,,,0.01428219024091959,0.01782221905887127,0.9470800757408142,0.32012856006622314,27,511,51753
2025-12-17T16:40:58.911Z,41.84000015258789,16,990.3191528320312,227,1389,3582,-63,-227,-138,,,,0.006896954961121082,0.009033179841935635,0.9443334937095642,0.32861244678497314,27,508,51542
2025-12-17T16:40:58.411Z,41.72999954223633,16,990.3191528320312,-29,474,4109,-4,-76,-214,,,,0.011779755353927612,0.02026361972093582,0.936398983001709,0.35003572702407837,26,508,51542
2025-12-17T16:40:57.911Z,41.73999786376953,16,990.3191528320312,-94,118,3794,61,-3,370,,,,0.010559055022895336,0.01995844580233097,0.935117244720459,0.35351473093032837,26,508,51482
2025-12-17T16:40:57.411Z,41.86000061035156,16,990.3425903320312,-269,193,3987,-107,31,200,,,,0.008422830142080784,0.025329524651169777,0.932858943939209,0.359190970659256,26,500,51692
2025-12-17T16:40:56.911Z,41.96999740600586,16,990.3191528320312,-103,235,4160,-167,-39,242,,,,0.011901824735105038,0.01885981485247612,0.932248592376709,0.360960990190506,25,500,51662
2025-12-17T16:40:56.411Z,42.09000015258789,16,990.3425903320312,-118,207,3848,91,149,-131,,,,0.010742159560322762,0.023010194301605225,0.932187557220459,0.360960990190506,25,500,51662
2025-12-17T16:40:55.911Z,42.09000015258789,16,990.2957763671875,-280,62,4223,-64,15,-103,,,,0.01403804961591959,0.03002922050654888,0.933164119720459,0.357787162065506,27,500,51512
2025-12-17T16:40:55.411Z,42.20000076293945,16,990.2957763671875,-113,184,4029,-902,-181,214,,,,0.013000454753637314,0.030700605362653732,0.933896541595459,0.355895072221756,27,500,51392
2025-12-17T16:40:54.911Z,42.22999954223633,16,990.2957763671875,-307,441,4097,-42,-17,-82,,,,0.012451140210032463,0.02954093925654888,0.936521053314209,0.34899812936782837,27,500,51482
2025-12-17T16:40:54.411Z,42.279998779296875,16,990.3191528320312,-57,364,4152,-179,10,21,,,,0.016845660284161568,0.02886955440044403,0.936948299407959,0.34777742624282837,31,500,51482
2025-12-17T16:40:53.911Z,42.369998931884766,16,990.3425903320312,-304,94,4153,-228,-88,-74,,,,0.01495357509702444,0.02923576533794403,0.9446386694908142,0.32635414600372314,31,500,51512
2025-12-17T16:40:53.411Z,42.369998931884766,16,990.358154296875,-30,492,4167,77,-16,109,,,,0.007019024807959795,0.04461658373475075,0.9468969702720642,0.31829753518104553,31,500,51452
2025-12-17T16:40:52.911Z,42.369998931884766,16,990.3425903320312,-241,126,4021,-28,57,143,,,,0.00885007530450821,0.03588857874274254,0.9494604468345642,0.31158366799354553,31,499,51632
2025-12-17T16:40:52.411Z,42.31999969482422,16,990.381591796875,-96,124,4043,78,-154,94,,,,0.010803194716572762,0.03442373871803284,0.9528173804283142,0.3013297915458679,29,499,51392
2025-12-17T16:40:51.911Z,42.32999801635742,16,990.381591796875,-325,-172,3961,221,107,107,,,,0.006347639951854944,0.02972404472529888,0.9667333364486694,0.25390559434890747,29,500,51392
2025-12-17T16:40:51.411Z,42.27000045776367,16,990.3971557617188,-98,258,4047,-64,4,42,,,,0.007141095120459795,0.02850334532558918,0.9688085317611694,0.24591001868247986,29,500,51036
2025-12-17T16:40:50.911Z,42.22999954223633,16,990.381591796875,-468,431,4054,128,-145,358,,,,0.00866696983575821,0.02941887080669403,0.9701513051986694,0.24035583436489105,25,500,51183
2025-12-17T16:40:50.411Z,42.16999816894531,16,990.381591796875,-491,350,4129,-103,-15,-18,,,,0.008483865298330784,0.033019933849573135,0.9713109731674194,0.23522889614105225,25,501,51095
2025-12-17T16:40:49.911Z,42.119998931884766,16,990.381591796875,-237,438,3879,-43,-61,-5,,,,0.009216285310685635,0.03540030121803284,0.9713720083236694,0.23455750942230225,25,501,51542
2025-12-17T16:40:49.411Z,42.09000015258789,16,990.358154296875,-1253,1198,3393,-622,-464,347,,,,0.007263164967298508,0.033996496349573135,0.9694799184799194,0.24261412024497986,25,504,51452
2025-12-17T16:40:48.911Z,42.07999801635742,16,990.381591796875,134,-151,4287,129,-20,-60,,,,0.0056762550957500935,0.03698721155524254,0.9694188833236694,0.24236997961997986,25,504,51392
2025-12-17T16:40:48.411Z,42.11000061035156,16,990.381591796875,-81,191,4150,-12,57,-50,,,,0.0056762550957500935,0.042114149779081345,0.9692968130111694,0.24200376868247986,25,504,51065
2025-12-17T16:40:47.911Z,42.05999755859375,16,990.358154296875,-90,601,3899,-128,-94,19,,,,0.002624504966661334,0.03533926606178284,0.9686254262924194,0.24584898352622986,25,504,51213
2025-12-17T16:40:47.411Z,41.97999954223633,16,990.381591796875,-296,149,4146,-225,-68,-64,,,,0.0025024348869919777,0.03637685999274254,0.9678930044174194,0.24865658581256866,25,501,50859
2025-12-17T16:40:46.911Z,41.88999938964844,16,990.381591796875,-250,198,4106,392,190,33,,,,0.0016479450277984142,0.02844231016933918,0.9576391577720642,0.2863762080669403,24,501,51332
2025-12-17T16:40:46.411Z,41.86000061035156,16,990.381591796875,-1997,1319,3739,9,-226,-133,,,,0.0006103499908931553,0.01745600998401642,0.9566015601158142,0.2906486690044403,24,501,51006
2025-12-17T16:40:45.911Z,41.84000015258789,16,990.3971557617188,-358,452,4099,-28,-186,-86,,,,-0.000793454993981868,0.004821764770895243,0.9647192358970642,0.2631218731403351,24,500,50772
2025-12-17T16:40:45.411Z,41.79999923706055,16,990.381591796875,48,-108,3655,118,-18,-488,,,,-0.0013427699450403452,-0.003478995058685541,0.9656347036361694,0.25964289903640747,25,500,50511
2025-12-17T16:40:44.911Z,41.84000015258789,17,990.381591796875,-302,240,4090,-32,38,-183,,,,-0.0014038049848750234,-0.006530744954943657,0.9654515981674194,0.26025325059890747,25,500,50482
2025-12-17T16:40:44.411Z,41.72999954223633,17,990.381591796875,-275,539,3938,-23,-22,-113,,,,-0.0012817350216209888,-0.008117655292153358,0.9649633765220642,0.2621453106403351,25,500,50540
2025-12-17T16:40:43.911Z,41.71999740600586,17,990.381591796875,-413,332,4119,-72,-47,-25,,,,-0.0011596649419516325,-0.008239724673330784,0.9641088843345642,0.2652581036090851,25,497,50569
2025-12-17T16:40:43.411Z,41.71999740600586,17,990.358154296875,-272,369,4117,-96,14,-2,,,,-0.006835919804871082,-0.012145965360105038,0.9642919898033142,0.2644036114215851,25,497,50569
2025-12-17T16:40:42.911Z,41.77000045776367,17,990.358154296875,-251,372,3991,433,-62,57,,,,-0.0038452050648629665,-0.013183560222387314,0.9655126333236694,0.25988703966140747,27,500,51065
2025-12-17T16:40:42.411Z,41.75,17,990.358154296875,-460,18,4192,-23,-113,-48,,,,0,-0.021179145202040672,0.9666112661361694,0.25512629747390747,27,500,51273
2025-12-17T16:40:41.911Z,41.75,17,990.381591796875,-205,-90,4178,-30,122,-107,,,,0.0006713849725201726,-0.008911109529435635,0.9670385122299194,0.25421077013015747,27,501,51482
2025-12-17T16:40:41.411Z,41.72999954223633,17,990.4205932617188,-348,169,4013,-96,-45,-15,,,,0.003662100061774254,0.0056762550957500935,0.9662450551986694,0.25732356309890747,27,501,51183
2025-12-17T16:40:40.911Z,41.63999938964844,17,990.381591796875,-1138,1187,3995,69,101,119,,,,0.006286604795604944,0.015869099646806717,0.9681981801986694,0.24938900768756866,25,500,51036
2025-12-17T16:40:40.411Z,41.63999938964844,17,990.4205932617188,-204,147,4113,96,-24,196,,,,0.00872800499200821,0.03710927814245224,0.9699071645736694,0.24023376405239105,25,500,51065
2025-12-17T16:40:39.911Z,41.55999755859375,17,990.4595947265625,-387,316,3962,8,-68,-181,,,,0.015869099646806717,0.04443347826600075,0.9693578481674194,0.24096618592739105,25,500,51095
2025-12-17T16:40:39.411Z,41.529998779296875,17,990.4205932617188,-93,173,4272,183,93,-219,,,,0.01733393967151642,0.04815661534667015,0.9672826528549194,0.24835141003131866,25,500,51124
2025-12-17T16:40:38.911Z,41.5,17,990.4595947265625,-485,520,4169,143,52,-12,,,,0.01947016455233097,0.04650866985321045,0.9700902700424194,0.23718200623989105,25,500,51213
2025-12-17T16:40:38.411Z,41.5,17,990.3971557617188,-412,196,4121,60,-7,49,,,,0.013915980234742165,0.01873774453997612,0.9723485708236694,0.23211610317230225,25,500,50918
2025-12-17T16:40:37.911Z,41.43000030517578,17,990.4205932617188,445,0,3924,18,-12,85,,,,0.011962859891355038,0.011718720197677612,0.9736303091049194,0.22741641104221344,25,500,51065
2025-12-17T16:40:37.411Z,41.5,17,990.4361572265625,419,-125,3779,-14,-23,95,,,,0.00952146016061306,0.00866696983575821,0.9724096059799194,0.23266541957855225,23,500,50889
2025-12-17T16:40:36.911Z,41.41999816894531,17,990.4205932617188,-1582,1419,3442,-136,-264,-197,,,,0.009216285310685635,0.011657685041427612,0.9712499380111694,0.23736511170864105,23,500,50511
2025-12-17T16:40:36.411Z,41.41999816894531,17,990.4205932617188,471,-120,4457,361,390,-207,,,,0.010925265029072762,0.012817350216209888,0.9699681997299194,0.24243101477622986,23,500,50889
2025-12-17T16:40:35.911Z,41.349998474121094,17,990.4361572265625,402,45,3848,-106,3,-85,,,,0.01342769991606474,0.016662554815411568,0.9727147817611694,0.23095643520355225,25,500,50714
2025-12-17T16:40:35.411Z,41.27000045776367,17,990.4205932617188,95,81,3757,4,-30,58,,,,0.013915980234742165,0.021484319120645523,0.9793065786361694,0.20068307220935822,25,500,50889
2025-12-17T16:40:34.911Z,41.2599983215332,17,990.4205932617188,-396,168,4164,-388,-121,-97,,,,0.01342769991606474,0.025756770744919777,0.9789403676986694,0.20190377533435822,25,500,50714
2025-12-17T16:40:34.411Z,41.209999084472656,17,990.4361572265625,-247,343,4035,-122,-17,-181,,,,0.02069086581468582,0.044250376522541046,0.9805272817611694,0.1901240199804306,25,500,51183
2025-12-17T16:40:33.911Z,41.12999725341797,17,990.4205932617188,-251,372,4054,-403,108,-94,,,,0.011047335341572762,0.02880851924419403,0.9790014028549194,0.20123238861560822,25,500,51006
2025-12-17T16:40:33.411Z,41.12999725341797,17,990.3971557617188,-253,449,4016,-134,41,206,,,,0.008483865298330784,0.02783196046948433,0.9788793325424194,0.20220895111560822,25,500,51095
2025-12-17T16:40:32.911Z,41.04999923706055,17,990.4361572265625,-176,271,3537,180,52,170,,,,0.011901824735105038,0.03839101642370224,0.9787572622299194,0.20086617767810822,25,500,51065
2025-12-17T16:40:32.411Z,41.0099983215332,17,990.4205932617188,-299,517,4033,84,81,0,,,,0.011779755353927612,0.04064930975437164,0.9780248403549194,0.20379586517810822,25,500,50918
2025-12-17T16:40:31.911Z,40.91999816894531,17,990.4751586914062,-501,1155,4410,460,71,-233,,,,0.011291475035250187,0.03826894611120224,0.9777806997299194,0.20568795502185822,25,500,50714
2025-12-17T16:40:31.411Z,40.91999816894531,17,990.4361572265625,-287,399,4029,67,28,130,,,,0.012573209591209888,0.042785536497831345,0.9781469106674194,0.20300240814685822,25,500,50743
2025-12-17T16:40:30.911Z,40.90999984741211,17,990.4595947265625,-369,365,3974,-9,-39,175,,,,0.007080059964209795,0.043762095272541046,0.9787572622299194,0.2000117003917694,25,500,50947
2025-12-17T16:40:30.411Z,40.86000061035156,17,990.4361572265625,-342,327,4036,-124,-103,184,,,,0.016357379034161568,0.05474839359521866,0.9791845083236694,0.1945185512304306,25,500,50947
2025-12-17T16:40:29.911Z,40.75,17,990.4361572265625,-75,-156,4310,169,-31,56,,,,0.013000454753637314,0.04541004076600075,0.9774144887924194,0.20568795502185822,25,500,50655
2025-12-17T16:40:29.411Z,40.689998626708984,17,990.4361572265625,-307,-20,4190,-62,-74,-473,,,,0.007873514667153358,0.04980456084012985,0.9796727895736694,0.1940302699804306,25,500,50801
2025-12-17T16:40:28.911Z,40.64999771118164,17,990.4595947265625,-405,-138,4146,-120,0,3,,,,0.0062255701050162315,0.050720084458589554,0.9828466176986694,0.17712357640266418,25,500,50714
2025-12-17T16:40:28.411Z,40.52000045776367,16,990.4751586914062,-295,27,4100,-106,-134,252,,,,0.00958249531686306,0.05401597544550896,0.9817479848861694,0.181762233376503,25,500,50772
2025-12-17T16:40:27.911Z,40.39999771118164,16,990.4751586914062,-241,-4,4102,280,-171,-531,,,,0.013122525066137314,0.06848126649856567,0.9807103872299194,0.182433620095253,25,500,50830
2025-12-17T16:40:27.411Z,40.37999725341797,16,990.4751586914062,-299,-42,4058,-140,0,236,,,,0.0055541847832500935,0.05676255002617836,0.9821752309799194,0.179015651345253,25,500,50947
2025-12-17T16:40:26.911Z,40.30999755859375,16,990.4751586914062,-581,60,4188,-140,59,3,,,,0.00671384995803237,0.06280501186847687,0.9817479848861694,0.179076686501503,25,500,51422
2025-12-17T16:40:26.411Z,40.27000045776367,16,990.4751586914062,-451,238,3724,-195,-61,35,,,,0.004089344758540392,0.07098370790481567,0.9815038442611694,0.177367702126503,25,500,51095
2025-12-17T16:40:25.911Z,40.209999084472656,16,990.4595947265625,-81,-477,4440,-257,-25,-48,,,,-0.00372313498519361,0.06402571499347687,0.9829076528549194,0.17242386937141418,25,500,50918
2025-12-17T16:40:25.411Z,40.16999816894531,16,990.4595947265625,-258,81,4070,-95,-7,62,,,,-0.006042465101927519,0.06286604702472687,0.9814428091049194,0.180724635720253,25,500,51183
2025-12-17T16:40:24.911Z,40.18000030517578,16,990.4751586914062,-106,-148,4202,-111,3,-133,,,,-0.0055541847832500935,0.06982403993606567,0.9796727895736694,0.1878046989440918,25,500,51006
2025-12-17T16:40:24.411Z,40.099998474121094,16,990.4985961914062,-227,233,3968,-157,-88,18,,,,-0.008361794985830784,0.05328355357050896,0.9830907583236694,0.17486527562141418,25,500,51243
2025-12-17T16:40:23.911Z,40.02000045776367,16,990.4985961914062,-486,273,4168,595,-272,50,,,,-0.012878385372459888,0.04730212315917015,0.9850438833236694,0.16497761011123657,25,500,51302
2025-12-17T16:40:23.411Z,39.96999740600586,16,990.52197265625,122,686,3850,-140,-70,164,,,,-0.013977015390992165,0.04797350987792015,0.9857763051986694,0.16009479761123657,25,500,50947
2025-12-17T16:40:22.911Z,39.88999938964844,16,990.52197265625,-267,691,3991,263,-123,-205,,,,-0.00927731953561306,0.05499253422021866,0.9870580434799194,0.14996299147605896,25,500,51065
2025-12-17T16:40:22.411Z,39.849998474121094,16,990.4595947265625,-151,795,3973,-1044,369,-286,,,,0.01983637548983097,0.07842997461557388,0.9921849370002747,0.0947873517870903,25,500,51183
2025-12-17T16:40:21.911Z,39.869998931884766,16,990.4595947265625,-151,177,4327,-183,-60,108,,,,0.00946042500436306,0.08477761596441269,0.9925511479377747,0.08660866320133209,25,500,51154
2025-12-17T16:40:21.411Z,39.88999938964844,16,990.4985961914062,-156,481,3973,-784,273,-408,,,,0.0021362248808145523,0.0925290584564209,0.9922459721565247,0.08258035778999329,25,500,51243
2025-12-17T16:40:20.911Z,39.82999801635742,16,990.4751586914062,-261,-25,4202,75,-63,198,,,,0.007873514667153358,0.10272190719842911,0.9916966557502747,0.07611064612865448,25,500,51213
2025-12-17T16:40:20.411Z,39.779998779296875,16,990.4985961914062,-268,280,4140,-158,-34,-100,,,,0.011657685041427612,0.10760470479726791,0.9915745854377747,0.07043439149856567,25,500,51362
2025-12-17T16:40:19.911Z,39.709999084472656,16,990.4751586914062,-110,537,4165,-1059,240,-145,,,,0.003967274911701679,0.10412570834159851,0.9934666752815247,0.04559314623475075,25,500,51362
2025-12-17T16:40:19.411Z,39.619998931884766,16,990.4751586914062,-257,329,4072,485,-40,413,,,,0.00372313498519361,0.10321018099784851,0.9936497807502747,0.043212778866291046,25,500,51095
2025-12-17T16:40:18.911Z,39.73999786376953,16,990.53759765625,-92,180,3672,-89,-39,11,,,,-0.0015258749481290579,0.10241673141717911,0.9946873784065247,0.0027465750463306904,25,500,51482
2025-12-17T16:40:18.411Z,39.779998779296875,16,990.53759765625,8,259,3715,-137,-46,43,,,,0.0027465750463306904,-0.10278294235467911,-0.9946873784065247,0.004150379914790392,25,500,51602
2025-12-17T16:40:17.911Z,39.95000076293945,16,990.52197265625,688,2031,4223,775,-169,-471,,,,0.00878904014825821,-0.0970456525683403,-0.9951756596565247,0.003173819975927472,25,500,51065
2025-12-17T16:40:17.411Z,39.81999969482422,15,990.52197265625,-350,-385,4098,24,-116,-184,,,,0.00878904014825821,-0.0969846174120903,-0.9951756596565247,0.0037841699086129665,25,500,51095
2025-12-17T16:40:16.911Z,39.82999801635742,15,990.53759765625,-264,-81,4367,-72,28,-241,,,,0.010986300185322762,-0.0963132306933403,-0.9952366948127747,0.002075189957395196,25,500,50977
2025-12-17T16:40:16.411Z,39.87999725341797,15,990.5609741210938,-106,686,4182,-324,124,-319,,,,-0.006042465101927519,0.10290501266717911,0.9944432377815247,0.02014154940843582,25,500,51065
2025-12-17T16:40:15.911Z,39.959999084472656,15,990.53759765625,-226,409,4194,337,-930,-588,,,,-0.006957990117371082,0.0996701568365097,0.9947484135627747,0.01965327002108097,25,500,51095
2025-12-17T16:40:15.411Z,40.15999984741211,15,990.53759765625,-340,101,4132,-491,-419,-222,,,,-0.007263164967298508,0.10034153610467911,0.9946873784065247,0.01892085000872612,25,500,50947
2025-12-17T16:40:14.911Z,40.18000030517578,15,990.5609741210938,-267,439,3976,-119,-301,-114,,,,-0.0062255701050162315,0.10565158724784851,0.9941990971565247,0.015930134803056717,25,500,51154
2025-12-17T16:40:14.411Z,40.209999084472656,15,990.5609741210938,-532,23,3918,-48,177,2,,,,-0.005981429945677519,0.0999753326177597,0.9947484135627747,0.01995844580233097,25,500,51332
2025-12-17T16:40:13.911Z,40.349998474121094,15,990.5765991210938,781,1903,4074,250,-173,5,,,,-0.002075189957395196,0.0894773080945015,0.9959080815315247,0.007995584979653358,25,500,51036
2025-12-17T16:40:13.411Z,40.459999084472656,15,990.5765991210938,-227,-6,4309,21,-59,-40,,,,-0.00030517499544657767,0.07977274805307388,0.9967625737190247,0.0021972600370645523,25,500,51124
2025-12-17T16:40:12.911Z,40.41999816894531,15,990.5999755859375,-462,77,3736,34,-28,-102,,,,-0.007141095120459795,-0.05871567130088806,-0.9981663823127747,0.007019024807959795,25,500,51243
2025-12-17T16:40:12.411Z,40.529998779296875,15,990.52197265625,-540,-149,3987,-12,-72,-126,,,,-0.007812479976564646,-0.05761703848838806,-0.9982274174690247,0.009765599854290485,25,500,51572
2025-12-17T16:40:11.911Z,40.63999938964844,15,990.5765991210938,-80,483,4246,0,-63,-140,,,,-0.005493150092661381,-0.052917346358299255,-0.9983494877815247,0.01959223486483097,25,500,51213
2025-12-17T16:40:11.411Z,40.73999786376953,15,990.5765991210938,-545,1449,4328,14,-41,-16,,,,-0.00030517499544657767,-0.05499253422021866,-0.9984105229377747,0.008483865298330784,25,500,50977
2025-12-17T16:40:10.911Z,40.86000061035156,15,990.5999755859375,-476,-225,4137,-28,20,-25,,,,-0.011840789578855038,0.10253880172967911,0.9945653080940247,0.011718720197677612,25,500,51542
2025-12-17T16:40:10.411Z,41.099998474121094,15,990.5765991210938,-314,719,4054,-23,-70,43,,,,-0.005981429945677519,0.08032205700874329,0.9966405034065247,0.010375949554145336,25,500,51602
2025-12-17T16:40:09.911Z,41.119998931884766,15,990.5609741210938,-515,787,3977,11,-31,-14,,,,-0.0029907149728387594,0.06268294155597687,0.9979832768440247,0.0006103499908931553,25,500,51692
2025-12-17T16:40:09.411Z,41.14999771118164,15,990.5765991210938,-288,189,3889,74,-20,-15,,,,0,-0.05950912460684776,-0.9981053471565247,0.011474579572677612,25,500,51452
2025-12-17T16:40:08.911Z,41.27000045776367,15,990.5609741210938,-386,576,3937,-86,-5,-10,,,,-0.009948705323040485,-0.011230439879000187,-0.9963353276252747,0.08349587768316269,25,500,51723
2025-12-17T16:40:08.411Z,41.27000045776367,15,990.5609741210938,-455,-34,3808,42,-64,119,,,,-0.009033179841935635,-0.00854489952325821,-0.9951756596565247,0.0971066877245903,25,500,51392
2025-12-17T16:40:07.911Z,41.34000015258789,15,990.5609741210938,-293,110,3790,93,-19,-3,,,,-0.00872800499200821,-0.01031491532921791,-0.9935277104377747,0.11260957270860672,25,500,51452
2025-12-17T16:40:07.411Z,41.37999725341797,15,990.5609741210938,-396,59,4203,204,58,-169,,,,-0.0056762550957500935,-0.007263164967298508,-0.9910252690315247,0.13317836821079254,25,500,51036
2025-12-17T16:40:06.911Z,41.369998931884766,15,990.5609741210938,-747,136,4021,343,43,-186,,,,-0.004516589920967817,0.0010986300185322762,-0.9863256216049194,0.16467243432998657,25,500,51362
2025-12-17T16:40:06.411Z,41.39999771118164,15,990.5765991210938,-524,277,3968,92,-5,-84,,,,-0.01843257062137127,0.014648400247097015,-0.9820531606674194,0.1869502067565918,25,500,51124
2025-12-17T16:40:05.911Z,41.48999786376953,15,990.5609741210938,767,1458,3753,8,-14,-109,,,,-0.01855463907122612,0.01428219024091959,-0.9813207387924194,0.1907954066991806,25,500,51154
2025-12-17T16:40:05.411Z,41.5099983215332,15,990.5609741210938,-680,708,4007,518,-296,-13,,,,-0.016784625127911568,0.0030517498962581158,-0.9818700551986694,0.1886591911315918,25,500,50947
2025-12-17T16:40:04.911Z,41.689998626708984,15,990.5765991210938,-642,612,4434,-866,343,503,,,,-0.006530744954943657,0.012878385372459888,-0.9805272817611694,0.1958002746105194,25,500,51542
2025-12-17T16:40:04.411Z,41.7599983215332,15,990.5765991210938,241,1336,3856,-584,-111,331,,,,0.00744626997038722,-0.01794428937137127,-0.9774755239486694,0.20989936590194702,25,500,51422
2025-12-17T16:40:03.911Z,41.80999755859375,15,990.5765991210938,-123,1062,3998,1017,275,-583,,,,0.006530744954943657,-0.03863515332341194,-0.9658178091049194,0.25610285997390747,25,500,51332
2025-12-17T16:40:03.411Z,42.119998931884766,15,990.5765991210938,-319,942,3987,256,126,-127,,,,0.009094214998185635,-0.04785143956542015,-0.9639868140220642,0.26122981309890747,25,500,51273
2025-12-17T16:40:02.911Z,42.15999984741211,14,990.5609741210938,-354,909,4037,169,-27,-73,,,,0.012023895047605038,-0.05584702640771866,-0.9617285132408142,0.2678826153278351,25,500,51183
2025-12-17T16:40:02.411Z,42.34000015258789,14,990.5765991210938,-273,913,4010,96,-1,-256,,,,0.016113240271806717,-0.05334458872675896,-0.9631933569908142,0.2628777325153351,25,500,51243
2025-12-17T16:40:01.911Z,42.30999755859375,15,990.5999755859375,-265,977,3979,-13,-17,-304,,,,0.01831050030887127,-0.04461658373475075,-0.9637426733970642,0.2623284161090851,25,500,51095
2025-12-17T16:40:01.411Z,42.55999755859375,14,990.5999755859375,-386,880,3980,-20,-81,-629,,,,0.01989741064608097,-0.05535874515771866,-0.9606909155845642,0.2710564434528351,25,500,50743
2025-12-17T16:40:00.911Z,42.55999755859375,14,990.5999755859375,-376,882,4040,106,-118,-811,,,,0.01428219024091959,-0.05590806156396866,-0.9594091773033142,0.2758171558380127,25,500,50977
2025-12-17T16:40:00.411Z,42.64999771118164,14,990.5999755859375,-400,741,4130,400,-174,-842,,,,0.011901824735105038,-0.04669177532196045,-0.9662450551986694,0.25286799669265747,25,500,50626
2025-12-17T16:39:59.911Z,42.709999084472656,14,990.5999755859375,-326,926,4046,-102,82,-128,,,,0.01733393967151642,-0.041747938841581345,-0.9664891958236694,0.25256282091140747,25,500,50714
2025-12-17T16:39:59.411Z,42.80999755859375,14,990.5999755859375,-378,839,4003,-156,50,-113,,,,0.013671839609742165,-0.04052723944187164,-0.9674657583236694,0.24926693737506866,25,500,50977
2025-12-17T16:39:58.911Z,42.86000061035156,14,990.5609741210938,-320,848,4009,5,-57,-28,,,,0.013854945078492165,-0.052551135420799255,-0.9690526723861694,0.24059997498989105,25,500,50947
2025-12-17T16:39:58.411Z,43.04999923706055,14,990.5609741210938,-265,832,3874,-498,20,-155,,,,0.014465294778347015,-0.06964093446731567,-0.9625830054283142,0.26129084825515747,25,500,50947
2025-12-17T16:39:57.911Z,43.31999969482422,14,990.5765991210938,-325,767,4006,-1133,58,-264,,,,0.011108369566500187,-0.06433089077472687,-0.9620336890220642,0.2649529278278351,25,500,51154
2025-12-17T16:39:57.411Z,43.459999084472656,14,990.5765991210938,-289,879,3947,-206,-60,-30,,,,0.00671384995803237,-0.05908187851309776,-0.9667943716049194,0.24847348034381866,25,500,51273
2025-12-17T16:39:56.911Z,43.75,14,990.5999755859375,-363,705,4093,-437,-23,-125,,,,0.011596649885177612,-0.05932601913809776,-0.9673436880111694,0.24584898352622986,25,500,51273
2025-12-17T16:39:56.411Z,43.77000045776367,14,990.6156005859375,-208,494,4025,555,-310,-25,,,,0.008056620135903358,-0.06341536343097687,-0.9666723012924194,0.24780209362506866,25,500,51302
2025-12-17T16:39:55.911Z,43.779998779296875,14,990.6156005859375,-180,545,4103,-160,117,-90,,,,0.006469709798693657,-0.07122784107923508,-0.9649633765220642,0.25231868028640747,25,500,50977
2025-12-17T16:39:55.411Z,43.790000915527344,14,990.5765991210938,-442,567,4009,-703,-16,216,,,,0.00872800499200821,-0.06475813686847687,-0.9653905630111694,0.25244075059890747,25,500,50685
2025-12-17T16:39:54.911Z,43.790000915527344,15,990.5999755859375,-680,480,3953,-500,179,-265,,,,0.012817350216209888,-0.06353743374347687,-0.9658178091049194,0.25085383653640747,25,500,51183
2025-12-17T16:39:54.411Z,43.779998779296875,14,990.6389770507812,-693,1405,4022,572,-46,630,,,,0.011169404722750187,-0.061462245881557465,-0.9670385122299194,0.24676451086997986,25,500,51273
2025-12-17T16:39:53.911Z,43.77000045776367,14,990.6156005859375,-207,335,4110,-36,-24,-84,,,,0.00927731953561306,-0.07452373206615448,-0.9659398794174194,0.24737484753131866,25,500,51452
2025-12-17T16:39:53.411Z,43.75,14,990.6156005859375,-557,243,4054,-973,225,-48,,,,0.01434322539716959,-0.05517563968896866,-0.9687474966049194,0.24133238196372986,25,500,51362
2025-12-17T16:39:52.911Z,43.71999740600586,14,990.6389770507812,-836,1154,4283,-77,-10,104,,,,0.012817350216209888,-0.062194664031267166,-0.9711278676986694,0.22979676723480225,25,500,51422
2025-12-17T16:39:52.411Z,43.70000076293945,14,990.6156005859375,-284,-69,4234,-705,101,-516,,,,0.015991169959306717,-0.06512434780597687,-0.9754003286361694,0.20977729558944702,25,500,51273
2025-12-17T16:39:51.911Z,43.70000076293945,14,990.6156005859375,-338,-1,4145,-1229,600,-512,,,,0.01977534033358097,-0.08526589721441269,-0.9804662466049194,0.17590287327766418,25,500,51422
2025-12-17T16:39:51.411Z,43.73999786376953,14,990.5765991210938,-148,141,4046,490,-217,1079,,,,0.01879877969622612,-0.08410622924566269,-0.9805272817611694,0.17639115452766418,25,500,51065
2025-12-17T16:39:50.911Z,43.709999084472656,14,990.5765991210938,-296,66,4047,-59,6,54,,,,0.02044672518968582,-0.08605934679508209,-0.9806493520736694,0.17431595921516418,25,500,51065
2025-12-17T16:39:50.411Z,43.689998626708984,14,990.5765991210938,-175,136,4090,216,-231,182,,,,0.021484319120645523,-0.0891110971570015,-0.9809545278549194,0.17120318114757538,25,500,51183
2025-12-17T16:39:49.911Z,43.689998626708984,14,990.5765991210938,-264,-29,4158,42,-25,13,,,,0.022949159145355225,-0.0911252573132515,-0.9811986684799194,0.16827349364757538,25,500,50655
2025-12-17T16:39:49.411Z,43.709999084472656,14,990.5765991210938,-186,-224,4157,695,-90,-273,,,,0.02050776034593582,-0.0916745662689209,-0.9807103872299194,0.17132525146007538,25,500,51124
2025-12-17T16:39:48.911Z,43.73999786376953,14,990.5999755859375,-171,153,3917,-8,-4,-72,,,,0.026428155601024628,-0.10687228292226791,-0.9792455434799194,0.16998247802257538,25,500,51213
2025-12-17T16:39:48.411Z,43.849998474121094,15,990.6156005859375,-526,-146,4513,288,-293,196,,,,0.021728459745645523,-0.08758522570133209,-0.9817479848861694,0.16711382567882538,25,500,51572
2025-12-17T16:39:47.911Z,43.90999984741211,14,990.6389770507812,-863,-581,4001,433,-346,146,,,,0.025024350732564926,-0.10192845016717911,-0.9788182973861694,0.17565873265266418,25,500,51783
2025-12-17T16:39:47.411Z,43.91999816894531,14,990.5999755859375,-261,353,4086,-141,302,-463,,,,0.024597104638814926,-0.08728004992008209,-0.9797948598861694,0.177978053689003,25,500,51572
2025-12-17T16:39:46.911Z,43.89999771118164,15,990.5999755859375,7,749,4015,23,-181,322,,,,0.026122979819774628,-0.08776833117008209,-0.9789403676986694,0.182128444314003,25,500,51512
2025-12-17T16:39:46.411Z,43.869998931884766,15,990.5999755859375,1151,1653,3840,-113,81,155,,,,0.031066814437508583,-0.08648659288883209,-0.9749730825424194,0.20239205658435822,25,500,51723
2025-12-17T16:39:45.911Z,43.89999771118164,15,990.5999755859375,-412,579,3977,-612,1,120,,,,0.031127849593758583,-0.08599831163883209,-0.9744237661361694,0.20507760345935822,25,500,51632
2025-12-17T16:39:45.411Z,43.81999969482422,15,990.6156005859375,-997,-549,3728,-1434,6,-137,,,,0.031677164137363434,-0.08502175658941269,-0.9745458364486694,0.20471139252185822,25,500,51632
2025-12-17T16:39:44.911Z,43.80999755859375,15,990.6156005859375,-548,400,3501,372,55,-35,,,,0.031433023512363434,-0.08361794799566269,-0.9725927114486694,0.21435491740703583,25,500,51302
2025-12-17T16:39:44.411Z,43.80999755859375,15,990.5999755859375,337,891,3568,-143,-61,103,,,,0.033874426037073135,-0.08624245226383209,-0.9716771841049194,0.21728460490703583,25,500,51512
2025-12-17T16:39:43.911Z,43.80999755859375,15,990.6389770507812,-301,565,4000,-123,23,87,,,,0.026245050132274628,-0.07287579029798508,-0.9736913442611694,0.21417181193828583,25,500,51422
2025-12-17T16:39:43.411Z,43.80999755859375,15,990.6156005859375,-814,-26,3872,-89,-125,82,,,,0.02673332951962948,-0.07098370790481567,-0.9700902700424194,0.23034608364105225,25,500,51632
2025-12-17T16:39:42.911Z,43.81999969482422,15,990.6389770507812,-285,495,4065,232,17,31,,,,0.023620544001460075,-0.060790859162807465,-0.9661229848861694,0.24951107800006866,25,500,51662
2025-12-17T16:39:42.411Z,43.82999801635742,15,990.6156005859375,-383,318,4166,-578,-240,340,,,,0.01947016455233097,-0.04779040440917015,-0.9606298804283142,0.2728264629840851,25,500,51632
2025-12-17T16:39:41.911Z,43.82999801635742,15,990.6389770507812,-491,1195,3487,199,-83,-221,,,,0.024413999170064926,-0.02777092531323433,-0.9094215035438538,0.41406142711639404,25,500,51723
2025-12-17T16:39:41.411Z,43.849998474121094,15,990.6156005859375,-84,471,3700,-181,-242,152,,,,0.031249919906258583,-0.04650866985321045,-0.8991065621376038,0.43395885825157166,25,500,51452
2025-12-17T16:39:40.911Z,43.869998931884766,15,990.6389770507812,-253,216,4133,-55,-86,-69,,,,0.043090708553791046,-0.04986559599637985,-0.8890968561172485,0.4528796970844269,25,500,51753
2025-12-17T16:39:40.411Z,43.88999938964844,15,990.6156005859375,-558,427,4002,132,21,-175,,,,0.03906239941716194,-0.06011947616934776,-0.8851295709609985,0.4597156047821045,25,500,51874
2025-12-17T16:39:39.911Z,43.89999771118164,15,990.6389770507812,-56,603,3950,136,-27,-233,,,,0.03979482129216194,-0.06622297316789627,-0.8884865045547485,0.4522693455219269,25,500,51844
2025-12-17T16:39:39.411Z,43.93000030517578,15,990.6156005859375,623,1726,4144,18,-12,47,,,,0.043456919491291046,-0.07189922779798508,-0.8914772272109985,0.44518929719924927,25,500,52058
2025-12-17T16:39:38.911Z,43.89999771118164,15,990.6389770507812,-156,723,4028,282,-13,-89,,,,0.04583728313446045,-0.07055646181106567,-0.8926979303359985,0.44262582063674927,25,500,51662
2025-12-17T16:39:38.411Z,43.88999938964844,15,990.6389770507812,-396,707,4101,180,-89,-295,,,,0.04473865404725075,-0.06878644227981567,-0.8908668756484985,0.44665414094924927,25,500,52027
2025-12-17T16:39:37.911Z,43.81999969482422,15,990.6389770507812,-252,594,4257,-30,-130,17,,,,0.04071034491062164,-0.06896954774856567,-0.8895851373672485,0.4495227634906769,25,500,51905
2025-12-17T16:39:37.411Z,43.79999923706055,15,990.6389770507812,-252,1580,4515,543,-40,-337,,,,0.03826894611120224,-0.06494124233722687,-0.8915992975234985,0.44641000032424927,25,500,51602
2025-12-17T16:39:36.911Z,43.80999755859375,15,990.6156005859375,-504,-185,3781,102,47,-325,,,,0.033752355724573135,-0.06463606655597687,-0.8918434381484985,0.44634896516799927,25,500,51452
2025-12-17T16:39:36.411Z,43.80999755859375,15,990.6156005859375,-423,18,4410,87,-312,-347,,,,0.02929680049419403,-0.06024154648184776,-0.8919655084609985,0.44702035188674927,25,500,51813
2025-12-17T16:39:35.911Z,43.75,15,990.6156005859375,-389,-93,3891,-17,24,-59,,,,0.01837153546512127,-0.04504382982850075,-0.8926368951797485,0.4481189548969269,25,500,52027
2025-12-17T16:39:35.411Z,43.73999786376953,15,990.6156005859375,-423,718,3976,-341,140,-648,,,,0.02020258456468582,-0.04663074016571045,-0.8923927545547485,0.4483020603656769,25,500,52304
2025-12-17T16:39:34.911Z,43.68000030517578,15,990.6156005859375,175,154,3859,-236,27,-327,,,,0.007263164967298508,-0.015747029334306717,-0.8887916803359985,0.4578845798969269,25,500,52459
2025-12-17T16:39:34.411Z,43.709999084472656,15,990.6156005859375,-377,763,4035,-92,-62,-265,,,,0.0006103499908931553,-0.0006103499908931553,-0.8833595514297485,0.4685657024383545,25,500,52273
2025-12-17T16:39:33.911Z,43.72999954223633,15,990.6156005859375,-382,784,4013,-169,256,7,,,,0.011718720197677612,-0.012451140210032463,-0.8725563287734985,0.4881579279899597,25,500,52397
2025-12-17T16:39:33.411Z,43.73999786376953,15,990.6389770507812,-344,874,4025,-235,-46,397,,,,0.010925265029072762,-0.01031491532921791,-0.8697487711906433,0.4932238459587097,25,500,52428
2025-12-17T16:39:32.911Z,43.73999786376953,15,990.6156005859375,-50,876,4257,-234,-73,194,,,,0.007812479976564646,-0.01007077470421791,-0.8708474040031433,0.4912707209587097,25,500,51905
2025-12-17T16:39:32.411Z,43.73999786376953,15,990.6389770507812,-467,1668,4325,15,-46,-12,,,,0.015685994178056717,-0.005371079780161381,-0.8704811930656433,0.4918200373649597,25,500,52119
2025-12-17T16:39:31.911Z,43.709999084472656,15,990.6389770507812,-29,-324,4099,-14,23,-96,,,,0.01824946515262127,-0.033996496349573135,-0.8535744547843933,0.5194078683853149,25,500,52335
2025-12-17T16:39:31.411Z,43.709999084472656,15,990.6156005859375,-248,1549,4408,50,235,-48,,,,0.017028765752911568,-0.022827090695500374,-0.8647438883781433,0.5012804269790649,25,500,52490
2025-12-17T16:39:30.911Z,43.689998626708984,15,990.6389770507812,-325,826,4025,122,8,-4,,,,0.01867670938372612,-0.024658139795064926,-0.8677956461906433,0.49590936303138733,25,500,52647
2025-12-17T16:39:30.411Z,43.65999984741211,15,990.6156005859375,-491,878,3977,41,-123,100,,,,0.01507564540952444,-0.024047790095210075,-0.8674294352531433,0.49664178490638733,25,500,52366
2025-12-17T16:39:29.911Z,43.64999771118164,15,990.662353515625,-317,200,4203,150,84,7,,,,0.013122525066137314,-0.01892085000872612,-0.8665749430656433,0.49841180443763733,25,500,52772
2025-12-17T16:39:29.411Z,43.599998474121094,15,990.6156005859375,-342,747,3999,-66,65,-30,,,,0.012817350216209888,-0.01849360577762127,-0.8641945719718933,0.5025621652603149,25,500,52804
2025-12-17T16:39:28.911Z,43.55999755859375,15,990.6389770507812,-590,454,3905,66,-19,-5,,,,0.012573209591209888,-0.01904292032122612,-0.8632180094718933,0.5041490793228149,25,500,53026
2025-12-17T16:39:28.411Z,43.5099983215332,15,990.6389770507812,-181,-97,4212,663,-79,-350,,,,0.015197714790701866,-0.01947016455233097,-0.8619973063468933,0.5062242746353149,25,500,53058
2025-12-17T16:39:27.911Z,43.459999084472656,15,990.5999755859375,-337,932,4030,283,-178,-370,,,,0.012390105053782463,-0.01916499063372612,-0.8630349040031433,0.5045763254165649,25,500,53378
2025-12-17T16:39:27.411Z,43.34000015258789,15,990.5765991210938,-184,14,3995,-17,-48,-89,,,,0.01708979904651642,-0.012268034741282463,-0.8662697672843933,0.49902215600013733,25,500,53346
2025-12-17T16:39:26.911Z,43.30999755859375,15,990.6389770507812,-430,821,3981,314,28,8,,,,0.02691643498837948,-0.011230439879000187,-0.8612038493156433,0.5073229074478149,25,500,53378
2025-12-17T16:39:26.411Z,43.37999725341797,15,990.6156005859375,-183,-299,3715,-378,34,-178,,,,0.022094670683145523,-0.020996039733290672,-0.8580300211906433,0.5125719308853149,25,500,53540
2025-12-17T16:39:25.911Z,43.37999725341797,15,990.6156005859375,-687,34,4204,-774,-146,663,,,,0.021423285827040672,-0.025146419182419777,-0.8567482829093933,0.5145860910415649,25,500,53670
2025-12-17T16:39:25.411Z,43.369998931884766,15,990.5999755859375,-402,311,4164,588,-613,7,,,,0.023986754938960075,-0.026489190757274628,-0.8554665446281433,0.5165392160415649,25,500,53314
2025-12-17T16:39:24.911Z,43.29999923706055,15,990.6156005859375,-353,623,3983,53,-54,310,,,,0.024902280420064926,-0.032775793224573135,-0.8586403727531433,0.5108019113540649,25,500,53378
2025-12-17T16:39:24.411Z,43.2599983215332,15,990.5999755859375,-666,492,3948,-41,-79,107,,,,0.024108825251460075,-0.032714758068323135,-0.8626076579093933,0.5041490793228149,25,500,53475
2025-12-17T16:39:23.911Z,43.2599983215332,15,990.6156005859375,12,749,3861,443,-140,-77,,,,0.025390559807419777,-0.03631582483649254,-0.8499733805656433,0.5249009728431702,25,500,53507
2025-12-17T16:39:23.411Z,43.23999786376953,15,990.6156005859375,-358,530,4086,80,-64,-147,,,,0.02917473018169403,-0.026184014976024628,-0.8516823649406433,0.5225206613540649,25,500,53249
2025-12-17T16:39:22.911Z,43.23999786376953,15,990.6156005859375,-342,791,3864,135,-179,-110,,,,0.02941887080669403,-0.04125966131687164,-0.8467385768890381,0.5294786095619202,25,500,53442
2025-12-17T16:39:22.411Z,43.20000076293945,15,990.6389770507812,-401,813,3989,64,-103,-67,,,,0.02685539983212948,-0.031799234449863434,-0.8463723659515381,0.5308824181556702,25,500,53540
2025-12-17T16:39:21.911Z,43.16999816894531,15,990.6389770507812,-444,751,4036,14,-125,-34,,,,0.03466787934303284,-0.04779040440917015,-0.8493630290031433,0.5244126915931702,25,500,53670
2025-12-17T16:39:21.411Z,43.12999725341797,15,990.6156005859375,-313,1020,4164,-500,120,99,,,,0.025817804038524628,-0.03631582483649254,-0.8554665446281433,0.5158678293228149,25,500,53735
2025-12-17T16:39:20.911Z,43.09000015258789,15,990.5999755859375,-487,601,4081,-715,84,206,,,,0.022094670683145523,-0.034057531505823135,-0.8554055094718933,0.5162950754165649,25,500,53637
2025-12-17T16:39:20.411Z,43.07999801635742,15,990.6389770507812,-157,627,4105,-627,18,-283,,,,0.022949159145355225,-0.03912343457341194,-0.8503395915031433,0.5242295861244202,25,500,52994
2025-12-17T16:39:19.911Z,43.13999938964844,15,990.6156005859375,-223,750,3984,125,54,329,,,,0.01928705908358097,-0.033264074474573135,-0.8524147868156433,0.5213609933853149,25,500,53800
2025-12-17T16:39:19.411Z,43.07999801635742,15,990.5999755859375,-187,440,4077,-146,38,-226,,,,0.016113240271806717,-0.02819816954433918,-0.8544899821281433,0.5183702707290649,25,500,53899
2025-12-17T16:39:18.911Z,43.07999801635742,15,990.6156005859375,-280,765,3863,-65,-138,78,,,,0.010925265029072762,-0.026184014976024628,-0.8533303141593933,0.5205065011978149,25,500,53217
2025-12-17T16:39:18.411Z,43.0099983215332,15,990.6156005859375,-334,209,4164,456,87,-6,,,,0.011596649885177612,-0.02825920470058918,-0.8511330485343933,0.5239854454994202,25,500,53185
2025-12-17T16:39:17.911Z,43,15,990.5999755859375,-121,-425,4378,-839,254,-104,,,,0.01916499063372612,-0.032897863537073135,-0.8500954508781433,0.5251451134681702,25,500,53442
2025-12-17T16:39:17.411Z,43.0099983215332,15,990.5999755859375,-280,255,4089,170,-105,22,,,,0.025085384026169777,-0.032958898693323135,-0.8537575602531433,0.5189195871353149,25,500,53026
2025-12-17T16:39:16.911Z,42.98999786376953,15,990.6156005859375,-155,327,4128,91,-293,-69,,,,0.023986754938960075,-0.043762095272541046,-0.8499123454093933,0.5244737267494202,25,500,53153
2025-12-17T16:39:16.411Z,43.06999969482422,15,990.6389770507812,269,-287,3812,-15,413,-621,,,,0.02709954045712948,-0.033996496349573135,-0.8531472086906433,0.5197740793228149,25,500,53089
2025-12-17T16:39:15.911Z,43.14999771118164,15,990.6389770507812,-81,-603,2945,-101,1,151,,,,0.025207454338669777,-0.04919420927762985,-0.8434426784515381,0.5343003869056702,25,500,53153
2025-12-17T16:39:15.411Z,43.07999801635742,15,990.6389770507812,1424,1192,3787,-737,521,-679,,,,0.02679436467587948,-0.04644763469696045,-0.8543068766593933,0.5169664621353149,25,500,53346
2025-12-17T16:39:14.911Z,43.06999969482422,15,990.6156005859375,-276,118,4363,25,-28,-17,,,,0.023620544001460075,-0.042358290404081345,-0.8567482829093933,0.5133653879165649,25,500,52930
2025-12-17T16:39:14.411Z,43.05999755859375,15,990.662353515625,-72,479,4046,167,-17,-46,,,,0.022888125851750374,-0.04095448553562164,-0.8593727946281433,0.5091539621353149,25,500,52678
2025-12-17T16:39:13.911Z,43.05999755859375,15,990.6389770507812,92,399,3733,516,-92,-106,,,,0.025573665276169777,-0.03906239941716194,-0.8610817790031433,0.5062242746353149,25,500,52584
2025-12-17T16:39:13.411Z,43,15,990.6389770507812,-284,123,4109,66,100,-7,,,,0.022705020383000374,-0.04473865404725075,-0.8524758219718933,0.5203233957290649,25,500,52867
2025-12-17T16:39:12.911Z,43.029998779296875,15,990.6389770507812,-126,137,3989,73,-184,276,,,,0.032043375074863434,-0.043212778866291046,-0.8506447672843933,0.5228258371353149,25,500,52709
2025-12-17T16:39:12.411Z,43.029998779296875,15,990.6389770507812,-122,83,4005,0,-44,-13,,,,0.02746574953198433,-0.03759755939245224,-0.8478372097015381,0.5281358361244202,25,500,52772
2025-12-17T16:39:11.911Z,43.06999969482422,15,990.6389770507812,-245,383,4090,-38,-71,-15,,,,0.02752678468823433,-0.03631582483649254,-0.8425881862640381,0.5365586876869202,25,500,52522
2025-12-17T16:39:11.411Z,43.119998931884766,15,990.662353515625,54,-44,3891,146,72,530,,,,0.02960197441279888,-0.04138173162937164,-0.8379495143890381,0.5432725548744202,25,500,52804
2025-12-17T16:39:10.911Z,43.18000030517578,15,990.662353515625,-1513,-856,4195,71,-144,69,,,,0.03009025566279888,-0.04779040440917015,-0.8345925807952881,0.5479111671447754,25,500,52772
2025-12-17T16:39:10.411Z,43.18000030517578,15,990.662353515625,-1304,-629,3678,92,126,17,,,,0.026122979819774628,-0.044311411678791046,-0.8429543972015381,0.5354600548744202,25,500,52772
2025-12-17T16:39:09.911Z,43.34000015258789,15,990.662353515625,-903,40,4231,-297,83,-612,,,,0.042602431029081345,-0.05670151486992836,-0.8260476589202881,0.5590195655822754,25,500,52836
2025-12-17T16:39:09.411Z,43.39999771118164,15,990.6156005859375,-245,388,4047,763,-555,549,,,,0.04071034491062164,-0.04681384563446045,-0.8383767604827881,0.5414415001869202,25,500,52867
2025-12-17T16:39:08.911Z,43.48999786376953,15,990.6389770507812,-150,219,3916,149,201,-129,,,,0.04461658373475075,-0.05395494028925896,-0.8400247097015381,0.5379624962806702,25,500,53153
2025-12-17T16:39:08.411Z,43.45000076293945,15,990.6389770507812,-300,1198,4412,-70,91,140,,,,0.04840075597167015,-0.060607753694057465,-0.8457620143890381,0.5277696251869202,25,500,53026
2025-12-17T16:39:07.911Z,43.45000076293945,15,990.6156005859375,-245,1204,4427,149,-219,212,,,,0.04553211107850075,-0.04809558019042015,-0.8449075222015381,0.5306993126869202,25,500,52772
2025-12-17T16:39:07.411Z,43.369998931884766,15,990.6389770507812,-38,634,4014,25,-84,182,,,,0.04986559599637985,-0.04705798625946045,-0.8215311169624329,0.5659165382385254,25,500,53058
2025-12-17T16:39:06.911Z,43.41999816894531,15,990.6389770507812,-700,-204,3959,571,-343,-243,,,,0.08074930310249329,-0.07311993092298508,-0.7573832869529724,0.6437361240386963,25,500,52741
2025-12-17T16:39:06.411Z,43.34000015258789,15,990.662353515625,147,1553,4016,921,-130,-167,,,,0.07611064612865448,-0.08660866320133209,-0.7438945770263672,0.6582014560699463,25,500,52647
2025-12-17T16:39:05.911Z,43.290000915527344,15,990.662353515625,-750,-49,4369,303,11,-277,,,,0.07861308008432388,-0.0953977033495903,-0.7468852996826172,0.6532576084136963,25,500,53346
2025-12-17T16:39:05.411Z,43.31999969482422,15,990.670166015625,-543,1344,4321,-234,-80,-332,,,,0.08282449841499329,-0.08807350695133209,-0.7587870955467224,0.6399519443511963,25,500,52772
2025-12-17T16:39:04.911Z,43.31999969482422,15,990.662353515625,-347,553,3959,-187,33,-335,,,,0.0965573713183403,-0.0899655893445015,-0.7557964324951172,0.6412947177886963,25,500,52647
2025-12-17T16:39:04.411Z,43.290000915527344,15,990.662353515625,-36,290,3946,45,-27,66,,,,0.0932004451751709,-0.0887448862195015,-0.7573832869529724,0.6400740146636963,25,500,52647
2025-12-17T16:39:03.911Z,43.29999923706055,15,990.662353515625,665,1603,3469,-61,-61,-276,,,,0.08215311169624329,-0.07806376367807388,-0.7838114500045776,0.6104720830917358,25,500,52772
2025-12-17T16:39:03.411Z,43.439998626708984,15,990.662353515625,-338,508,3930,-599,204,-182,,,,0.07781962305307388,-0.07904032617807388,-0.7897928953170776,0.6031478643417358,25,500,53058
2025-12-17T16:39:02.911Z,43.43000030517578,15,990.670166015625,-148,246,4227,-73,6,408,,,,0.07507304847240448,-0.07849100977182388,-0.7948588132858276,0.5968612432479858,25,500,53026
2025-12-17T16:39:02.411Z,43.43000030517578,15,990.662353515625,-626,-145,4277,-23,-22,158,,,,0.07031232118606567,-0.0900876596570015,-0.8186014294624329,0.5627427101135254,25,500,52867
2025-12-17T16:39:01.911Z,43.369998931884766,15,990.662353515625,-168,414,4061,943,-483,822,,,,0.05981430038809776,-0.07415752112865448,-0.8228738903999329,0.5601181983947754,25,500,52962
2025-12-17T16:39:01.411Z,43.39999771118164,15,990.662353515625,-837,43,4091,2,-206,-468,,,,0.05841049551963806,-0.07183819264173508,-0.8242776989936829,0.5584702491760254,25,500,52930
2025-12-17T16:39:00.911Z,43.31999969482422,15,990.6389770507812,-718,711,4143,28,-89,-576,,,,0.03692617639899254,-0.05548081547021866,-0.8212869763374329,0.5665268898010254,25,500,53058
2025-12-17T16:39:00.411Z,43.2599983215332,15,990.6389770507812,-64,741,3962,-397,394,-1016,,,,0.033080969005823135,-0.043273814022541046,-0.8091409802436829,0.5850204825401306,25,500,52804
2025-12-17T16:38:59.911Z,43.36000061035156,15,990.662353515625,-693,-500,4035,-188,140,-266,,,,0.032653726637363434,-0.033996496349573135,-0.8059671521186829,0.5899643301963806,25,500,52867
2025-12-17T16:38:59.411Z,43.32999801635742,15,990.6156005859375,725,869,3425,-116,196,474,,,,0.030334394425153732,-0.033996496349573135,-0.7999857664108276,0.5982040166854858,25,500,52994
2025-12-17T16:38:58.911Z,43.2599983215332,15,990.662353515625,11,1402,4092,-206,26,113,,,,0.030212324112653732,-0.03417959809303284,-0.7976053953170776,0.6013778448104858,25,500,52772
2025-12-17T16:38:58.411Z,43.22999954223633,15,990.662353515625,-621,224,4211,20,-188,166,,,,0.023986754938960075,-0.02801506407558918,-0.7949198484420776,0.6055282354354858,25,500,52962
2025-12-17T16:38:57.911Z,43.279998779296875,15,990.6156005859375,-152,418,4065,95,365,-70,,,,0.023010194301605225,-0.02667229436337948,-0.7935160398483276,0.6074203252792358,25,500,52994
2025-12-17T16:38:57.411Z,43.36000061035156,15,990.6156005859375,-598,625,4172,-17,278,693,,,,0.01812739484012127,-0.01916499063372612,-0.7869242429733276,0.6163924336433411,25,500,52867
2025-12-17T16:38:56.911Z,43.45000076293945,15,990.6389770507812,912,1431,3739,80,92,267,,,,0.013244595378637314,-0.01867670938372612,-0.7802714109420776,0.6249373555183411,25,500,52899
2025-12-17T16:38:56.411Z,43.43000030517578,15,990.6389770507812,43,248,3501,35,27,237,,,,0.013915980234742165,-0.01776118576526642,-0.7788066267967224,0.6267684102058411,25,500,53153
2025-12-17T16:38:55.911Z,43.38999938964844,15,990.6156005859375,-213,666,4190,121,38,633,,,,0.010375949554145336,-0.011291475035250187,-0.7773417830467224,0.6288436055183411,25,500,53185
2025-12-17T16:38:55.411Z,43.20000076293945,15,990.6389770507812,-380,339,4323,-4,12,48,,,,0.01806635968387127,-0.01721186935901642,-0.7927225828170776,0.6090072393417358,25,500,52836
2025-12-17T16:38:54.911Z,43.16999816894531,15,990.670166015625,-379,743,4000,-23,-82,-73,,,,0.023925719782710075,-0.024536069482564926,-0.7782573103904724,0.6268904805183411,25,500,52867
2025-12-17T16:38:54.411Z,43.21999740600586,15,990.6156005859375,194,1013,4125,617,58,8,,,,-0.015747029334306717,0.01422115508466959,-0.7796610593795776,0.6257918477058411,25,500,52930
2025-12-17T16:38:53.911Z,43.15999984741211,15,990.6389770507812,-594,233,4004,-20,1,7,,,,-0.013793909922242165,0.015685994178056717,-0.7783183455467224,0.6274397969245911,25,500,52678
2025-12-17T16:38:53.411Z,43.27000045776367,15,990.662353515625,-536,1192,3834,175,90,-428,,,,0.04455554857850075,-0.022277774289250374,-0.7580546736717224,0.6502668857574463,25,500,52647
2025-12-17T16:38:52.911Z,43.349998474121094,15,990.6389770507812,-564,161,4075,-102,-146,-200,,,,0.04132069647312164,-0.01953119970858097,-0.7530498504638672,0.6563093662261963,25,500,52772
2025-12-17T16:38:52.411Z,43.52000045776367,15,990.6389770507812,-256,799,3957,57,-6,-39,,,,0.03515616059303284,-0.012817350216209888,-0.7409648895263672,0.6704084277153015,25,500,52772
2025-12-17T16:38:51.911Z,43.52000045776367,15,990.662353515625,583,1718,2887,70,-11,-69,,,,0.02996818535029888,-0.006408675108104944,-0.7392559051513672,0.6726056933403015,25,500,52490
2025-12-17T16:38:51.411Z,43.55999755859375,15,990.6389770507812,-390,499,4062,-15,20,-78,,,,0.02679436467587948,-0.001831050030887127,-0.7414531707763672,0.6704084277153015,25,500,52304
2025-12-17T16:38:50.911Z,43.56999969482422,15,990.6389770507812,-205,441,4017,215,82,-305,,,,0.030700605362653732,-0.003356924979016185,-0.7423686981201172,0.6691877245903015,25,500,52678
2025-12-17T16:38:50.411Z,43.55999755859375,15,990.662353515625,-693,934,4001,17,24,-107,,,,0.023132264614105225,0.0017089799512177706,-0.7410869598388672,0.6708967089653015,25,500,52615
2025-12-17T16:38:49.911Z,43.5,15,990.6156005859375,288,1155,3778,33,-116,-98,,,,0.01794428937137127,-0.0006713849725201726,-0.7382183074951172,0.6742536425590515,25,500,52553
2025-12-17T16:38:49.411Z,43.47999954223633,15,990.662353515625,11,1554,3768,201,13,19,,,,0.022643985226750374,-0.008422830142080784,-0.721555769443512,0.6918927431106567,25,500,52804
2025-12-17T16:38:48.911Z,43.5099983215332,15,990.6389770507812,-1417,734,4160,623,-152,-487,,,,0.02044672518968582,-0.012939419597387314,-0.726682722568512,0.6865216493606567,25,500,52553
2025-12-17T16:38:48.411Z,43.459999084472656,15,990.6156005859375,-448,1434,3835,67,86,207,,,,0.01776118576526642,-0.0055541847832500935,-0.730833113193512,0.6822492480278015,25,500,52615
2025-12-17T16:38:47.911Z,43.40999984741211,15,990.662353515625,-371,1406,3924,-23,-147,-57,,,,0.023925719782710075,-0.011596649885177612,-0.727293074131012,0.6857282519340515,25,500,52304
2025-12-17T16:38:47.411Z,43.349998474121094,15,990.662353515625,-1052,774,4109,64,-139,-128,,,,0.00854489952325821,0.0055541847832500935,-0.7474346160888672,0.6641828417778015,25,500,51874
2025-12-17T16:38:46.911Z,43.349998474121094,15,990.6389770507812,-338,1016,3946,-476,-115,189,,,,0.01989741064608097,-0.012634244747459888,-0.7537212371826172,0.6567366123199463,25,500,52150
2025-12-17T16:38:46.411Z,43.15999984741211,15,990.6389770507812,-375,983,3927,358,-1,80,,,,0.01928705908358097,-0.01910395547747612,-0.7587870955467224,0.6507551670074463,25,500,52836
2025-12-17T16:38:45.911Z,43.15999984741211,15,990.6389770507812,-26,1215,3932,-55,29,23,,,,0.02038569003343582,-0.01916499063372612,-0.7596415877342224,0.6496565341949463,25,500,52088
2025-12-17T16:38:45.411Z,43.189998626708984,15,990.6389770507812,-403,877,3979,172,56,7,,,,0.017028765752911568,-0.016723589971661568,-0.7551860809326172,0.6549665927886963,25,500,52459
2025-12-17T16:38:44.911Z,43.31999969482422,15,990.6156005859375,-449,817,3999,527,-178,217,,,,0.01922602578997612,-0.01959223486483097,-0.7529888153076172,0.6573469638824463,25,500,52150
2025-12-17T16:38:44.411Z,43.30999755859375,15,990.6389770507812,-10,385,4236,-845,385,-225,,,,0.01837153546512127,-0.021179145202040672,-0.7507915496826172,0.6599104404449463,25,500,52366
2025-12-17T16:38:43.911Z,43.23999786376953,14,990.6389770507812,-308,540,4042,-22,129,125,,,,0.011901824735105038,-0.016296345740556717,-0.7549419403076172,0.6554548740386963,25,500,52366
2025-12-17T16:38:43.411Z,43.23999786376953,14,990.6156005859375,-504,507,4125,55,112,-461,,,,0.008911109529435635,-0.011535614728927612,-0.7601298689842224,0.6495344638824463,25,500,52647
2025-12-17T16:38:42.911Z,43.18000030517578,14,990.6156005859375,-62,517,4088,366,-31,541,,,,0.00927731953561306,-0.014587365090847015,-0.7514019012451172,0.6595442295074463,25,500,52584
2025-12-17T16:38:42.411Z,43.13999938964844,14,990.6389770507812,-326,584,4104,226,16,158,,,,0.02008051425218582,-0.021728459745645523,-0.7456645965576172,0.6655866503715515,25,500,52678
2025-12-17T16:38:41.911Z,43.18000030517578,14,990.6389770507812,-284,384,4086,155,-154,368,,,,0.024658139795064926,-0.02758781984448433,-0.7462139129638672,0.6646100878715515,25,500,52804
2025-12-17T16:38:41.411Z,43.18000030517578,14,990.662353515625,-456,436,4020,-1526,587,-428,,,,0.030883710831403732,-0.033325109630823135,-0.7445659637451172,0.6658918261528015,25,500,52366
2025-12-17T16:38:40.911Z,43.13999938964844,14,990.6156005859375,-352,469,4085,-1068,300,-99,,,,0.030517499893903732,-0.030578535050153732,-0.7523174285888672,0.6572859287261963,25,500,53089
2025-12-17T16:38:40.411Z,43.07999801635742,14,990.6389770507812,-135,345,4077,300,-157,288,,,,0.033386144787073135,-0.03637685999274254,-0.7448101043701172,0.6653425097465515,25,500,52584
2025-12-17T16:38:39.911Z,43.029998779296875,14,990.6156005859375,-393,405,4088,-14,-58,151,,,,0.03729238361120224,-0.04034413397312164,-0.7432842254638672,0.6666242480278015,25,500,52804
2025-12-17T16:38:39.411Z,42.98999786376953,14,990.6156005859375,-668,220,4028,-215,75,-119,,,,0.04864489659667015,-0.05395494028925896,-0.7549419403076172,0.6516706943511963,25,500,52459
2025-12-17T16:38:38.911Z,43.04999923706055,14,990.5609741210938,-328,474,3922,-107,39,-41,,,,0.04577625170350075,-0.051757678389549255,-0.7622660994529724,0.6434309482574463,25,500,53281
