timestamp,temperature_temperature,humidity_humidity,pressure_pressure,accelerometer_Ax,accelerometer_Ay,accelerometer_Az,gyroscope_x,gyroscope_y,gyroscope_z,led_R,led_G,led_B,quaternion_x,quaternion_y,quaternion_z,quaternion_w,bsec_bsec,co2_co2,gas_gas
2026-03-06T22:28:52.744Z,51.5,14,985.8186035,-1705,-1238,3318,780,-256,347,,,,-0.089843519,0.2694084942340851,-0.122680351,0.9509252905845642,25,500,22722
2026-03-06T22:28:52.704Z,51.5,14,985.8029785,-2082,-1571,3056,580,-53,330,,,,-0.101440169,0.2766716480255127,-0.127013832,0.9470800757408142,25,500,22840
2026-03-06T22:28:52.664Z,51.57999801635742,14,985.8341674804688,-2134,-1079,3403,81,-201,23,,,,-0.094299078,0.2808220386505127,-0.122802421,0.9471411108970642,25,500,22583
2026-03-06T22:28:52.624Z,51.69999694824219,14,985.8029785,-1494,-1104,4125,-394,151,-316,,,,-0.083007596,0.2733147144317627,-0.116027534,0.9512304663658142,25,500,22491
2026-03-06T22:28:52.584Z,51.80999755859375,14,985.8341674804688,-2172,-470,3608,6,414,-322,,,,-0.056335304,0.2853996455669403,-0.060363613,0.9547705054283142,25,500,22287
2026-03-06T22:28:52.544Z,51.98999786376953,14,985.8029785,-2580,-482,3272,27,-642,-751,,,,-0.053161483,0.3032829165458679,-0.03356925,0.9508032202720642,25,500,22021
2026-03-06T22:28:52.504Z,52.04999923706055,14,985.8186035,-2335,-166,3535,-120,-395,-662,,,,0.002746575,0.32653725147247314,-0.021423286,0.9448828101158142,25,500,21912
2026-03-06T22:28:52.464Z,52.04999923706055,14,985.8029785,-2678,434,3127,-148,-12,-268,,,,0.00903318,0.32617104053497314,-0.01489254,0.9451269507408142,25,500,21591
2026-03-06T22:28:52.424Z,52.11000061035156,14,985.8341674804688,-2508,226,3175,108,137,-80,,,,0.002624505,0.32141029834747314,-0.01025388,0.9468359351158142,25,500,21570
2026-03-06T22:28:52.384Z,52.11000061035156,14,985.8029785,-2485,-270,3258,296,230,190,,,,-0.00695799,0.31481853127479553,-0.01208493,0.9489721655845642,25,500,21549
2026-03-06T22:28:52.344Z,52.18000030517578,14,985.8029785,-2255,238,3354,-154,181,120,,,,-0.00305175,0.3025504946708679,-0.020324655,0.9528784155845642,25,500,21507
2026-03-06T22:28:52.304Z,52.18000030517578,14,985.8029785,-1926,-200,3634,236,173,209,,,,-0.019287059,0.2902214229106903,-0.028625416,0.9562963843345642,25,500,21761
2026-03-06T22:28:52.264Z,52.11000061035156,14,985.7873535,-1892,260,3723,-37,208,444,,,,-0.0134277,0.2899772822856903,-0.045410041,0.9558081030845642,25,500,21868
2026-03-06T22:28:52.224Z,52.11000061035156,14,985.8029785,-2290,-108,3313,-344,-276,584,,,,-0.01562496,0.2987663149833679,-0.066100903,0.9518408179283142,25,500,21890
2026-03-06T22:28:52.184Z,52.029998779296875,14,985.7873535,-2133,356,4398,441,-52,759,,,,-0.045715217,0.2742302417755127,-0.088500753,0.9564184546470642,25,500,21999
2026-03-06T22:28:52.144Z,51.97999954223633,14,985.7639770507812,-1936,-1169,3080,456,176,-89,,,,-0.091735601,0.25683528184890747,-0.064697102,0.9598364233970642,25,500,21933
2026-03-06T22:28:52.104Z,51.96999740600586,14,985.7639770507812,-1794,-926,3584,391,434,-453,,,,-0.102905013,0.23986755311489105,-0.030334394,0.9647802710533142,25,500,22175
2026-03-06T22:28:52.064Z,51.97999954223633,14,985.8029785,-1711,-150,3171,452,515,-784,,,,-0.117553413,0.23992858827114105,0.1931147426366806,0.9440283179283142,25,500,22153
2026-03-06T22:28:52.024Z,51.94999694824219,14,985.7873535,-2387,127,4286,250,269,-1810,,,,-0.099975333,0.23162782192230225,0.2894890010356903,0.923276424,25,500,22021
2026-03-06T22:28:51.984Z,51.87999725341797,14,985.8029785,-2112,-193,4048,704,166,-738,,,,-0.097411856,0.23120057582855225,0.31371989846229553,0.9157081246376038,25,500,22087
2026-03-06T22:28:51.944Z,51.87999725341797,14,985.8029785,-2344,1048,3223,-871,-269,-782,,,,-0.070312321,0.23718200623989105,0.33471593260765076,0.9091773629188538,25,500,22198
2026-03-06T22:28:51.904Z,51.79999923706055,14,985.8341674804688,-2107,645,3425,-346,290,-601,,,,-0.064575031,0.23211610317230225,0.35119539499282837,0.9047217965126038,25,500,22131
2026-03-06T22:28:51.864Z,51.91999816894531,14,985.8029785,-1621,496,3710,118,110,-400,,,,-0.067748852,0.21166938543319702,0.359923393,0.9060645699501038,25,500,22021
2026-03-06T22:28:51.824Z,52.05999755859375,14,985.8029785,-1120,193,3893,154,336,140,,,,-0.081115514,0.1979365050792694,0.34191808104515076,0.9149757027626038,25,500,21761
2026-03-06T22:28:51.784Z,52.14999771118164,14,985.8029785,-1530,651,3753,91,-185,656,,,,-0.087585226,0.21142524480819702,0.32293617725372314,0.9182716012001038,25,500,21423
2026-03-06T22:28:51.744Z,52.16999816894531,14,985.8029785,-1900,313,3427,-305,-616,689,,,,-0.101440169,0.22302189469337463,0.2932731807231903,0.924069881,25,500,21570
2026-03-06T22:28:51.704Z,52.22999954223633,14,985.8186035,-2094,-772,3741,536,-174,1238,,,,-0.145812616,0.1959223449230194,0.25225764513015747,0.936276913,25,500,21528
2026-03-06T22:28:51.664Z,52.28999710083008,14,985.8186035,-2303,-1354,3161,209,-95,594,,,,-0.161864817,0.1956782042980194,0.23907409608364105,0.937131405,25,500,21465
2026-03-06T22:28:51.624Z,52.28999710083008,14,985.8186035,-2026,-1003,3380,128,-229,781,,,,-0.164428294,0.1954340636730194,0.21466009318828583,0.9426245093345642,25,500,21507
2026-03-06T22:28:51.584Z,52.32999801635742,14,985.8186035,-1934,-1152,3388,-150,-169,833,,,,-0.165465891,0.1964716613292694,0.1918940395116806,0.9471411108970642,25,500,21299
2026-03-06T22:28:51.544Z,52.29999923706055,14,985.8029785,-1747,-390,3736,-325,-122,745,,,,-0.140197396,0.20971626043319702,0.15600545704364777,0.9549536108970642,25,500,21238
2026-03-06T22:28:51.504Z,52.16999816894531,14,985.8186035,-1983,-57,3954,-473,-440,382,,,,-0.116882026,0.2739861011505127,0.14062464237213135,0.9441503882408142,25,500,21361
2026-03-06T22:28:51.464Z,52.25,14,985.7873535,-2411,-419,3382,-224,-193,119,,,,-0.111510947,0.2794182300567627,0.13543666899204254,0.9439672827720642,25,500,21157
2026-03-06T22:28:51.424Z,52.25999832,14,985.7639770507812,-2147,-500,3359,-264,10,54,,,,-0.106750213,0.2778313159942627,0.13305629789829254,0.9453100562095642,25,500,21137
2026-03-06T22:28:51.384Z,52.15999984741211,14,985.7639770507812,-2220,-351,3428,-177,3,4,,,,-0.09912084,0.2766716480255127,0.13970911502838135,0.9455541968345642,25,500,21486
2026-03-06T22:28:51.344Z,52.119998931884766,14,985.8029785,-2258,-230,3365,-106,-3,-40,,,,-0.094299078,0.2811272144317627,0.14764367043972015,0.9434790015220642,25,500,21528
2026-03-06T22:28:51.304Z,52.02000045776367,14,985.7873535,-2963,-283,3050,-172,-146,61,,,,-0.08459451,0.3006584048271179,0.14550743997097015,0.938718319,25,500,21633
2026-03-06T22:28:51.264Z,51.90999984741211,14,985.7873535,-1620,-27,3729,-200,514,-215,,,,-0.06420882,0.2739861011505127,0.177550808,0.9429907202720642,25,500,21697
2026-03-06T22:28:51.224Z,51.869998931884766,14,985.8029785,-2081,317,3680,-184,318,-611,,,,-0.055358745,0.2645256817340851,0.20843452215194702,0.939877987,25,500,21977
2026-03-06T22:28:51.184Z,51.86000061035156,14,985.8186035,-2154,-258,3697,42,270,-303,,,,-0.057983249,0.25909358263015747,0.21850529313087463,0.93896246,25,500,22021
2026-03-06T22:28:51.144Z,51.77000045776367,14,985.8186035,-1949,624,3535,-269,178,-201,,,,-0.040954486,0.24713070690631866,0.25915461778640747,0.932736874,25,500,21933
2026-03-06T22:28:51.104Z,51.77000045776367,14,985.8029785,-1879,341,3766,174,66,-368,,,,-0.062438805,0.23925720155239105,0.32330238819122314,0.9133887887001038,25,500,22131
2026-03-06T22:28:51.064Z,51.66999816894531,14,985.7873535,-1661,603,3861,553,-40,-662,,,,-0.074828908,0.23309266567230225,0.363585502,0.8987403512001038,25,500,22287
2026-03-06T22:28:51.024Z,51.64999771118164,14,985.8186035,-1469,515,3383,445,144,-575,,,,-0.091674566,0.22863711416721344,0.40362444519996643,0.8810402154922485,25,500,22355
2026-03-06T22:28:50.984Z,51.64999771118164,14,985.8341674804688,-1655,412,3467,321,-177,-564,,,,-0.111571983,0.22174015641212463,0.44488412141799927,0.8604714274406433,25,500,22491
2026-03-06T22:28:50.944Z,51.66999816894531,14,985.8186035,-1389,-421,4156,649,310,-191,,,,-0.128661782,0.20233102142810822,0.4749743640422821,0.8466775417327881,25,500,22537
2026-03-06T22:28:50.904Z,51.66999816894531,14,985.8341674804688,-1885,-631,3506,236,176,-138,,,,-0.19598338,0.12786832451820374,0.6433699131011963,0.728818953,25,500,22377
2026-03-06T22:28:50.864Z,51.66999816894531,14,985.8575439453125,-1664,-251,3811,497,663,-1125,,,,-0.198058575,0.10559055209159851,0.714963973,0.6620466709136963,25,500,22423
2026-03-06T22:28:50.824Z,51.779998779296875,14,985.8186035,-1120,-409,3840,621,315,-1708,,,,-0.207152784,0.082580358,0.7901591062545776,0.5707992911338806,25,500,22491
2026-03-06T22:28:50.784Z,51.86000061035156,14,985.8029785,-896,1152,3589,825,30,-2038,,,,-0.231139541,0.05957016,0.9165626168251038,0.32067787647247314,25,500,22131
2026-03-06T22:28:50.744Z,51.82999801635742,14,985.8029785,-1698,-1777,4246,1285,418,-2315,,,,-0.250121415,0.023437440395355225,0.9498876929283142,0.1859126091003418,25,500,22087
2026-03-06T22:28:50.704Z,51.869998931884766,14,985.8186035,-2033,1842,3431,-807,-710,-2073,,,,0.23998962342739105,-0.035339266,-0.968625426,0.053100448,25,500,22153
2026-03-06T22:28:50.664Z,52.029998779296875,14,985.8186035,-2005,389,3685,1732,191,-1903,,,,0.22558535635471344,0.02050776,-0.956967771,0.181090847,25,500,21999
2026-03-06T22:28:50.624Z,52.029998779296875,14,985.8186035,-1342,85,3560,1879,460,-1778,,,,0.20574899017810822,0.063903645,-0.931882381,0.2916862666606903,25,500,21761
2026-03-06T22:28:50.584Z,52.029998779296875,14,985.8029785,-2366,415,3852,1391,-328,-1709,,,,0.21649114787578583,0.14752160012722015,-0.846128225,0.4640491008758545,25,500,21782
2026-03-06T22:28:50.544Z,51.98999786376953,14,985.7873535,-2380,-79,3643,1808,-1293,-36,,,,0.15423543751239777,0.1983027160167694,-0.761716783,0.5971664190292358,25,500,21782
2026-03-06T22:28:50.504Z,52.09000015258789,14,985.7639770507812,-1566,-798,3505,1458,1159,-1698,,,,0.10974092781543732,0.20513863861560822,-0.720579207,0.6530745029449463,25,500,21955
2026-03-06T22:28:50.464Z,52.09000015258789,14,985.7873535,-2253,-1046,3530,1235,478,-1918,,,,0.035461336,0.2647698223590851,-0.506346345,0.8198831677436829,25,500,21977
2026-03-06T22:28:50.424Z,52.07999801635742,14,985.8029785,-2312,-589,3459,581,-80,-1166,,,,0.035217196,0.2741692066192627,-0.476988524,0.8342263698577881,25,500,22021
2026-03-06T22:28:50.384Z,52.21999740600586,14,985.8186035,-1824,-818,3416,500,-47,-643,,,,0.026672294,0.2826530933380127,-0.464537382,0.8387429714202881,25,500,22131
2026-03-06T22:28:50.344Z,52.18000030517578,14,985.8186035,-2612,-36,3174,735,-199,-361,,,,0.041442763060331345,0.31371989846229553,-0.417235255,0.8518654704093933,25,500,22242
2026-03-06T22:28:50.304Z,52.05999755859375,14,985.8186035,-2158,-1176,3414,90,-335,-513,,,,0.042602431029081345,0.32946693897247314,-0.378661126,0.8637673258781433,25,500,22242
2026-03-06T22:28:50.264Z,51.98999786376953,14,985.8029785,-2322,-700,3339,-166,-12,-72,,,,0.042419325560331345,0.32788002490997314,-0.365538627,0.8700539469718933,25,500,22423
2026-03-06T22:28:50.224Z,51.849998474121094,14,985.8186035,-2287,-755,3346,-33,63,29,,,,0.036682036,0.32696449756622314,-0.350585043,0.8767677545547485,25,500,22514
2026-03-06T22:28:50.184Z,51.82999801635742,14,985.8575439453125,-2245,-636,3340,-45,101,-58,,,,0.018859815,0.32043373584747314,-0.294005603,0.9002662301063538,25,500,22606
2026-03-06T22:28:50.144Z,51.79999923706055,14,985.8341674804688,-2202,-713,3431,28,134,-136,,,,0.00073242,0.31231608986854553,-0.232848525,0.920957088,25,500,22560
2026-03-06T22:28:50.104Z,51.96999740600586,14,985.7873535,-2136,-639,2902,113,396,-369,,,,-0.01232907,0.2982780337333679,-0.177672878,0.937680721,25,500,22400
2026-03-06T22:28:50.064Z,52.18000030517578,14,985.7873535,-2081,-612,3408,-98,618,-487,,,,-0.018127395,0.2670891582965851,-0.129882485,0.9546484351158142,25,500,21977
2026-03-06T22:28:50.024Z,52.30999755859375,14,985.7639770507812,-372,65,4177,-414,1741,-413,,,,0.003845205,0.15624959766864777,-0.044006236,0.9866918325424194,25,500,21912
2026-03-06T22:28:49.984Z,52.349998474121094,14,985.8186035,-282,323,4369,-466,644,-192,,,,0.00695799,0.14453087747097015,-0.000671385,0.9894383549690247,25,500,21675
2026-03-06T22:28:49.944Z,52.36000061035156,14,985.8575439453125,-1759,805,3431,-343,137,-246,,,,0.029357836,0.17340043187141418,0.047363158,0.9832128286361694,25,500,21654
2026-03-06T22:28:49.904Z,52.41999816894531,14,985.8575439453125,-2105,1080,3594,-960,-25,232,,,,0.042114149779081345,0.177489772,0.052551135420799255,0.9817479848861694,25,500,21382
2026-03-06T22:28:49.864Z,52.439998626708984,14,985.8575439453125,-748,616,4098,-49,4,341,,,,0.021606389433145523,0.14562951028347015,0.050964225083589554,0.9877294301986694,25,500,21279
2026-03-06T22:28:49.824Z,52.48999786376953,14,985.8341674804688,-543,-107,4082,296,600,834,,,,-0.0012207,0.14355431497097015,0.048644897,0.9884007573127747,25,500,21279
2026-03-06T22:28:49.784Z,52.48999786376953,14,985.8186035,-2002,-902,3133,-208,-638,866,,,,-0.048522826,0.16015583276748657,0.084716581,0.9822362661361694,25,500,21259
2026-03-06T22:28:49.744Z,52.44999694824219,14,985.8341674804688,-816,-887,4045,970,1098,529,,,,-0.064452961,0.12945523858070374,0.10827609151601791,0.9835180044174194,25,500,21528
2026-03-06T22:28:49.704Z,52.369998931884766,14,985.8341674804688,61,-1158,3677,5,666,433,,,,-0.06701643,0.10528537631034851,0.13690149784088135,0.9826635122299194,25,500,21612
2026-03-06T22:28:49.664Z,52.29999923706055,14,985.8341674804688,469,-399,4248,-123,419,-20,,,,-0.059631195,0.11041231453418732,0.24560484290122986,0.9611791968345642,25,500,21718
2026-03-06T22:28:49.624Z,52.22999954223633,14,985.8186035,-877,-1160,4761,838,-432,-711,,,,-0.078918256,0.15844686329364777,0.3035880923271179,0.936154842,25,500,21977
2026-03-06T22:28:49.584Z,52.22999954223633,14,985.8029785,-695,627,3916,-1574,-2180,-600,,,,-0.04077138,0.13494838774204254,0.4578235447406769,0.8777443170547485,25,500,22087
2026-03-06T22:28:49.544Z,52.21999740600586,14,985.7873535,65,-526,3702,881,730,-289,,,,-0.05957016,0.098144278,0.5260606408119202,0.8425881862640381,25,500,22109
2026-03-06T22:28:49.504Z,52.38999938964844,14,985.8029785,774,133,4545,675,568,-364,,,,-0.05957016,0.098571524,0.5961288213729858,0.7945536375045776,25,500,21912
2026-03-06T22:28:49.464Z,52.52000045776367,14,985.8341674804688,-1769,660,4162,-1142,-1529,-556,,,,-0.104675025,0.14379845559597015,0.6571028232574463,0.732420027,25,500,21675
2026-03-06T22:28:49.424Z,52.52000045776367,14,985.8731689453125,-1855,-74,4115,1609,-727,-422,,,,-0.133422509,0.065978833,0.8195779919624329,0.5532212257385254,25,500,21423
2026-03-06T22:28:49.384Z,52.48999786376953,14,985.8029785,-994,-1170,5215,-567,1974,-399,,,,-0.090698011,0.026550224,0.8928810358047485,0.44012337923049927,25,500,21591
2026-03-06T22:28:49.344Z,52.55999755859375,14,985.8186035,-3658,2927,4023,-3896,548,699,,,,-0.022033636,0.11358613520860672,0.8978858590126038,0.42455944418907166,25,500,21675
2026-03-06T22:28:49.304Z,52.52000045776367,14,985.7873535,589,2405,4356,-762,6621,872,,,,0.13061490654945374,0.06396468,0.8980689644813538,0.41497695446014404,25,500,21654
2026-03-06T22:28:49.264Z,52.47999954223633,14,985.7639770507812,279,323,1863,1516,2817,1166,,,,-0.00378417,0.10717745870351791,0.940610409,0.32202064990997314,25,500,21675
2026-03-06T22:28:49.224Z,52.50999832,14,985.7639770507812,-1895,-903,1953,1213,-3507,770,,,,-0.139342904,0.052490100264549255,0.9436621069908142,0.2954094111919403,25,500,21570
2026-03-06T22:28:49.184Z,52.59000015258789,14,985.8186035,-1315,257,3693,405,982,-99,,,,-0.094177008,0.030212324112653732,0.9584326148033142,0.2675164043903351,25,500,21654
2026-03-06T22:28:49.144Z,52.59000015258789,14,985.7639770507812,-294,-21,4303,-77,1323,-532,,,,-0.04064931,0.0085449,0.9735692739486694,0.22448672354221344,25,500,21675
2026-03-06T22:28:49.104Z,52.599998474121094,13,985.7249755859375,166,-33,4060,362,315,-393,,,,-0.025878839,-0.008117655,0.9825414419174194,0.1838374137878418,25,500,21654
2026-03-06T22:28:49.064Z,52.61000061035156,13,985.7093505859375,119,-67,4021,133,282,-251,,,,-0.032043375,-0.00866697,0.9887059330940247,0.14575158059597015,25,500,21570
2026-03-06T22:28:49.024Z,52.63999938964844,13,985.7639770507812,22,-99,3858,-34,-542,-404,,,,-0.02990715,-0.006286605,0.9928563237190247,0.11517304182052612,25,500,21675
2026-03-06T22:28:48.984Z,52.72999954223633,13,985.7639770507812,1203,-591,4019,-231,876,-199,,,,-0.01232907,0.000915525,0.9963963627815247,0.083556913,25,500,21528
2026-03-06T22:28:48.944Z,52.84000015258789,13,985.8029785,736,673,4891,-411,253,-237,,,,-0.02636712,0.01879878,0.9981053471565247,0.051757678389549255,25,500,21341
2026-03-06T22:28:48.904Z,52.89999771118164,13,985.8341674804688,-2457,1683,2517,-330,-1614,-318,,,,0.15710408985614777,-0.065490551,-0.985349059,0.00317382,25,500,20936
2026-03-06T22:28:48.864Z,53.02000045776367,13,985.8575439453125,-1518,99,3611,-369,117,148,,,,0.14300499856472015,-0.053222518,-0.987973571,0.022888125851750374,25,500,20759
2026-03-06T22:28:48.824Z,53.13999938964844,13,985.8731689453125,-310,905,4742,-19,903,709,,,,0.11566132307052612,-0.050414909,-0.99151355,0.030578535050153732,25,500,20897
2026-03-06T22:28:48.784Z,53.13999938964844,13,985.8575439453125,-179,-359,3989,203,555,892,,,,0.10192845016717911,-0.02978508,-0.993466675,0.040527239,25,500,20721
2026-03-06T22:28:48.744Z,53.18000030517578,13,985.8029785,776,607,4006,40,683,1105,,,,0.097594962,-0.032958899,-0.993466675,0.048522826,25,500,20759
2026-03-06T22:28:48.704Z,53.16999816894531,13,985.8029785,-1571,-1138,4186,-322,-770,1274,,,,0.16149860620498657,0.033813390880823135,-0.980954528,0.10229466110467911,25,500,20917
2026-03-06T22:28:48.664Z,53.18000030517578,13,985.8186035,-2136,-282,3955,-393,496,1512,,,,0.15283164381980896,0.018371535,-0.982419372,0.10522434115409851,25,500,20721
2026-03-06T22:28:48.624Z,53.15999984741211,13,985.8029785,1532,2168,5662,-1441,375,1925,,,,0.093871832,-0.019409129,-0.989316285,0.10974092781543732,25,500,20818
2026-03-06T22:28:48.584Z,53.19999694824219,13,985.8341674804688,-2253,1942,3445,1621,-1377,1090,,,,0.21356146037578583,-0.095092528,-0.969174743,0.076843068,25,500,20917
2026-03-06T22:28:48.544Z,53.15999984741211,13,985.8575439453125,-1377,-269,4038,1014,1643,703,,,,0.16735796630382538,-0.0598143,-0.983395934,0.035217196,25,500,21016
2026-03-06T22:28:48.504Z,53.15999984741211,13,985.9667969,831,1656,3901,-264,1990,681,,,,-0.114257522,0.074706838,0.9904759526252747,0.01489254,25,500,21096
2026-03-06T22:28:48.464Z,53.119998931884766,13,985.9823608398438,-3120,-309,3191,190,-1129,239,,,,-0.178161159,0.018859815,0.9813817739486694,0.068542302,25,500,21036
2026-03-06T22:28:48.424Z,52.97999954223633,13,985.8731689453125,-1652,-598,3447,1405,1017,-662,,,,-0.145873651,-0.0158691,0.9873021841049194,0.060546718537807465,25,500,21137
2026-03-06T22:28:48.384Z,52.97999954223633,13,985.9667969,877,-1565,4370,645,799,-1652,,,,0.059509125,0.047912475,-0.996518433,0.032165445387363434,25,500,21157
2026-03-06T22:28:48.344Z,53.099998474121094,13,985.8341674804688,-288,-58,4151,122,290,-1629,,,,0.10211155563592911,0.018676709,-0.990292847,0.091857672,25,500,20936
2026-03-06T22:28:48.304Z,53.22999954223633,13,985.9667969,-423,-217,4425,-673,-290,-2014,,,,0.12371794134378433,-0.001281735,-0.983518004,0.13165248930454254,25,500,20586
2026-03-06T22:28:48.264Z,53.099998474121094,13,985.8731689453125,-2470,2174,3510,-694,-1364,-2170,,,,0.17163041234016418,-0.02832024,-0.968930602,0.17541459202766418,25,500,20547
2026-03-06T22:28:48.224Z,53.13999938964844,13,985.8575439453125,-1868,1934,3639,-13,-606,-1867,,,,0.1860957145690918,-0.030273359,-0.953671873,0.23431336879730225,25,500,20799
2026-03-06T22:28:48.184Z,53.25999832,13,985.8575439453125,-633,1422,4372,1231,-389,-2733,,,,0.15747030079364777,0.014343225,-0.873288751,0.4607532024383545,25,500,20682
2026-03-06T22:28:48.144Z,53.25999832,13,985.8575439453125,-854,410,4139,1068,158,-1675,,,,0.15319785475730896,0.070190251,-0.821592152,0.5444932579994202,25,500,20624
2026-03-06T22:28:48.104Z,53.22999954223633,13,985.8731689453125,-1670,-61,3604,1017,-1135,-609,,,,0.180968776,0.12603726983070374,-0.80499059,0.5506577491760254,25,500,20547
2026-03-06T22:28:48.064Z,53.19999694824219,13,985.8731689453125,-1929,-176,3772,281,115,678,,,,0.17413285374641418,0.13897669315338135,-0.809446156,0.5431504845619202,25,500,20528
2026-03-06T22:28:48.024Z,53.25999832,13,985.8341674804688,-1707,-559,3659,716,-82,-201,,,,0.15069541335105896,0.15527303516864777,-0.79742229,0.5631699562072754,25,500,20490
2026-03-06T22:28:47.984Z,53.22999954223633,13,985.8575439453125,-1808,180,3939,1487,665,-1018,,,,0.12689176201820374,0.13873255252838135,-0.728818953,0.6582624912261963,25,500,20490
2026-03-06T22:28:47.944Z,53.14999771118164,13,985.8341674804688,-790,338,3953,-262,667,-2187,,,,0.11248750239610672,0.10919161140918732,-0.687437177,0.7090436220169067,25,500,20624
2026-03-06T22:28:47.904Z,53.19999694824219,13,985.8186035,-352,-55,4238,430,1117,-2041,,,,0.063781574,0.092406988,-0.606382728,0.7871073484420776,25,500,20605
2026-03-06T22:28:47.864Z,53.279998779296875,13,985.8186035,-1125,603,3892,643,5,-1519,,,,0.069579899,0.099792227,-0.57433933,0.8094461560249329,25,500,20701
2026-03-06T22:28:47.824Z,53.279998779296875,13,985.8575439453125,-364,-83,4349,-241,-152,-1092,,,,0.058288425,0.087951437,-0.557066441,0.8236673474311829,25,500,20586
2026-03-06T22:28:47.784Z,53.27000045776367,13,985.8575439453125,-879,37,4005,-40,-25,-345,,,,0.062194664031267166,0.090148695,-0.553160191,0.8258035182952881,25,500,20547
2026-03-06T22:28:47.744Z,53.27000045776367,13,985.8731689453125,-885,-13,4045,-34,-23,-180,,,,0.062560871,0.089782484,-0.548033237,0.8292214870452881,25,500,20509
2026-03-06T22:28:47.704Z,53.25,13,985.8731689453125,-786,-108,4024,-25,35,-90,,,,0.062438804656267166,0.089904554,-0.547605991,0.8294656276702881,25,500,20509
2026-03-06T22:28:47.664Z,53.31999969482422,13,985.9667969,-878,6,3998,48,-53,-36,,,,0.06420882,0.092162848,-0.544432223,0.8311746120452881,25,500,20283
2026-03-06T22:28:47.624Z,53.31999969482422,13,986.0057983398438,-908,57,4025,-35,-95,-47,,,,0.066833325,0.093688726,-0.544676363,0.8306252956390381,25,500,20154
2026-03-06T22:28:47.584Z,53.34000015258789,13,986.0291748046875,-943,-43,4001,-14,-53,-35,,,,0.065734692,0.097167723,-0.538389742,0.8344094753265381,25,500,20414
2026-03-06T22:28:47.544Z,53.29999923706055,13,986.0369873046875,-914,-59,4056,46,-8,-79,,,,0.065063313,0.098266348,-0.537352145,0.8350198268890381,25,500,20377
2026-03-06T22:28:47.504Z,53.189998626708984,14,986.0291748046875,-921,-106,4034,107,-38,-121,,,,0.062927082,0.1000974029302597,-0.533079684,0.8377053737640381,25,500,20414
2026-03-06T22:28:47.464Z,53.189998626708984,14,986.0291748046875,-889,4,4031,67,18,-186,,,,0.061950523406267166,0.10040257126092911,-0.527037203,0.8415505886077881,25,500,20433
2026-03-06T22:28:47.424Z,53.15999984741211,14,985.9667969,-849,-124,4040,44,5,-214,,,,0.0598143,0.10259983688592911,-0.521116853,0.8451516628265381,25,500,20414
2026-03-06T22:28:47.384Z,53.04999923706055,14,985.9667969,-991,-150,3915,109,-132,-194,,,,0.066467114,0.11114473640918732,-0.5104357,0.8500344157218933,25,500,20547
2026-03-06T22:28:47.344Z,52.97999954223633,14,985.8731689453125,-881,190,4022,-106,-139,-236,,,,0.07263165,0.11193818598985672,-0.502562165,0.8541237711906433,25,500,20779
2026-03-06T22:28:47.304Z,53.00999832,14,985.8029785,-1089,129,4037,7,-127,-347,,,,0.074889943,0.11444062739610672,-0.495604187,0.8576638102531433,25,500,20701
2026-03-06T22:28:47.264Z,53,14,985.8186035,-1094,109,4061,98,-8,-300,,,,0.072570615,0.11517304182052612,-0.485472381,0.8635231852531433,25,500,20662
2026-03-06T22:28:47.224Z,53.14999771118164,14,985.8575439453125,-990,-12,3843,192,40,-276,,,,0.067992993,0.11590546369552612,-0.475584716,0.8692604899406433,25,500,20377
2026-03-06T22:28:47.184Z,53.04999923706055,14,985.8341674804688,-1009,243,4046,61,16,-261,,,,0.063476399,0.11480683833360672,-0.450987607,0.8828102350234985,25,500,20191
2026-03-06T22:28:47.144Z,53.04999923706055,14,985.8341674804688,-982,-104,3958,305,150,-397,,,,0.055969093,0.11328095942735672,-0.43279919,0.8925148248672485,25,500,20471
2026-03-06T22:28:47.104Z,52.959999084472656,14,985.8186035,-804,621,4201,-160,281,-682,,,,0.05664048,0.10662814229726791,-0.408934504,0.9044776558876038,25,500,20377
2026-03-06T22:28:47.064Z,53.03999710083008,14,985.8575439453125,-978,305,4014,279,-42,-184,,,,0.050231803208589554,0.11285371333360672,-0.396422327,0.9096656441688538,25,500,20154
2026-03-06T22:28:47.024Z,52.98999786376953,14,985.8186035,-852,256,4180,297,-87,-335,,,,0.042297255247831345,0.11840789765119553,-0.379271477,0.9166236519813538,25,500,20172
2026-03-06T22:28:46.984Z,52.94999694824219,14,985.8186035,-939,-212,3921,317,-36,-209,,,,0.017028765752911568,0.13439907133579254,-0.350462973,0.926694393,25,500,20321
2026-03-06T22:28:46.944Z,52.84000015258789,14,985.8575439453125,-1575,-841,3817,436,-75,-143,,,,-0.009582495,0.15533407032489777,-0.335143179,0.929196835,25,500,20509
2026-03-06T22:28:46.904Z,52.75999832,14,985.8575439453125,-1885,-1560,3468,956,-352,-6,,,,-0.030151291,0.16265827417373657,-0.332213491,0.928525448,25,500,20605
2026-03-06T22:28:46.864Z,52.72999954223633,14,985.8341674804688,-1116,-1578,3551,596,352,346,,,,-0.049804561,0.15655477344989777,-0.339598745,0.926084042,25,500,20586
2026-03-06T22:28:46.824Z,52.72999954223633,14,985.8341674804688,-1131,-771,3769,-64,74,313,,,,-0.04382313,0.14825402200222015,-0.340087026,0.927548885,25,500,20740
2026-03-06T22:28:46.784Z,52.709999084472656,14,985.8186035,-627,-733,3978,-226,315,122,,,,-0.034484774,0.12243621051311493,-0.33764562,0.932553768,25,500,20740
2026-03-06T22:28:46.744Z,52.599998474121094,14,985.8186035,-851,-536,4056,-340,79,22,,,,-0.023742614,0.11944549530744553,-0.336302847,0.933774471,25,500,20936
2026-03-06T22:28:46.704Z,52.47999954223633,14,985.8341674804688,-150,-431,4030,-330,0,125,,,,-0.00915525,0.10613986104726791,-0.330382466,0.937741756,25,500,20976
2026-03-06T22:28:46.664Z,52.40999984741211,14,985.8341674804688,-341,-142,3965,40,18,-5,,,,0.002380365,0.11358613520860672,-0.302794635,0.9462255835533142,25,500,21096
2026-03-06T22:28:46.624Z,52.29999923706055,14,985.8341674804688,-955,-247,4459,-246,-214,-200,,,,0.010314915,0.12487760931253433,-0.291442126,0.9483007788658142,25,500,21157
2026-03-06T22:28:46.584Z,52.16999816894531,14,985.8341674804688,-1534,-734,4331,12,-669,-25,,,,0.014404259622097015,0.14532433450222015,-0.278807878,0.9491552710533142,25,500,21403
2026-03-06T22:28:46.544Z,52.21999740600586,14,985.8575439453125,-1565,534,3643,-47,-805,-14,,,,0.038635153,0.14623986184597015,-0.270079881,0.9508642554283142,25,500,21238
2026-03-06T22:28:46.504Z,52.369998931884766,14,985.8186035,-389,750,3929,-724,230,-357,,,,0.0463866,0.14977988600730896,-0.249450043,0.9555639624595642,25,500,21056
2026-03-06T22:28:46.464Z,52.38999938964844,14,985.8731689453125,-2824,-2188,3466,-111,-421,647,,,,-0.021545354,0.1986689269542694,-0.305907428,0.930783749,25,500,21016
2026-03-06T22:28:46.424Z,52.38999938964844,14,985.8731689453125,-1473,-1350,3570,622,186,536,,,,-0.031188885,0.178588405,-0.347594321,0.919919491,25,500,20996
2026-03-06T22:28:46.384Z,52.31999969482422,14,985.8731689453125,-1701,-1155,3560,-132,108,434,,,,-0.02331537,0.180236354,-0.365111381,0.9130225777626038,25,500,21056
2026-03-06T22:28:46.344Z,52.18000030517578,14,985.8341674804688,-1494,-976,3517,-177,-230,222,,,,0.008117655,0.16497761011123657,-0.387999505,0.9066749215126038,25,500,21137
2026-03-06T22:28:46.304Z,52.22999954223633,14,985.8731689453125,-1189,0,3968,-900,605,-618,,,,0.032043375074863434,0.14520226418972015,-0.396971643,0.9056373238563538,25,500,20838
2026-03-06T22:28:46.264Z,52.12999725341797,14,985.9667969,-882,-59,3907,223,87,-629,,,,0.032592691481113434,0.14495812356472015,-0.398436487,0.9050269722938538,25,500,20624
2026-03-06T22:28:46.224Z,52.07999801635742,14,985.8731689453125,-719,218,3866,218,-338,-648,,,,0.040161029,0.14471398293972015,-0.406371027,0.9012427926063538,25,500,20799
2026-03-06T22:28:46.184Z,52.07999801635742,14,985.9667969,-4,166,4564,491,128,-533,,,,0.02905266,0.14239466190338135,-0.417967677,0.8967261910438538,25,500,21157
2026-03-06T22:28:46.144Z,52.09000015258789,14,985.9823608398438,-1097,-242,5057,819,-140,-854,,,,0.032287515699863434,0.15582235157489777,-0.427061886,0.8900734186172485,25,500,21016
2026-03-06T22:28:46.104Z,52.03999710083008,14,985.9667969,1839,-244,5053,-674,356,-907,,,,0.033203039318323135,0.14977988600730896,-0.440977871,0.8842750787734985,25,500,21197
2026-03-06T22:28:46.064Z,51.94999694824219,14,985.9667969,-3251,1109,2613,-478,-3219,-1082,,,,0.070861638,0.2713616192340851,-0.441710293,0.8521096110343933,25,500,21320
2026-03-06T22:28:46.024Z,51.86000061035156,14,985.9667969,-2658,-1509,-1044,3273,-389,-325,,,,0.048889033,0.3071891665458679,-0.438231289,0.8432595729827881,25,500,21320
2026-03-06T22:28:45.984Z,51.869998931884766,14,986.0057983398438,-14,-1777,2359,2331,1259,-462,,,,-0.00305175,0.2692253887653351,-0.424437374,0.8644387125968933,25,500,21177
2026-03-06T22:28:45.944Z,51.89999771118164,14,985.9823608398438,-5206,-386,498,551,-4399,-893,,,,0.071044743,0.366271049,-0.408018976,0.8331887722015381,25,500,21279
2026-03-06T22:28:45.904Z,51.82999801635742,14,985.9667969,-2270,97,3347,-1354,-177,-788,,,,0.11218232661485672,0.24169859290122986,-0.454954892,0.8496682047843933,25,500,21096
2026-03-06T22:28:45.864Z,51.869998931884766,14,985.9823608398438,-1854,411,3809,-533,1683,196,,,,0.10717745870351791,0.21533147990703583,-0.46746707,0.8505837321281433,25,500,21238
2026-03-06T22:28:45.824Z,51.869998931884766,14,985.9823608398438,-1866,308,3812,-193,437,432,,,,0.10180637985467911,0.1989741027355194,-0.499815613,0.8367288112640381,25,500,20996
2026-03-06T22:28:45.784Z,51.84000015258789,14,985.9823608398438,-1508,-122,3880,263,293,420,,,,0.089721449,0.21502630412578583,-0.536436617,0.8110941052436829,25,500,21361
2026-03-06T22:28:45.744Z,51.71999740600586,14,986.0291748046875,899,1468,3023,124,-728,383,,,,0.098937735,0.23223817348480225,-0.558470249,0.7900980710983276,25,500,21382
2026-03-06T22:28:45.704Z,51.62999725341797,14,985.9823608398438,-6319,-4877,931,701,-2139,759,,,,0.099303946,0.4484851658344269,-0.551817417,0.6959820985794067,25,500,21570
2026-03-06T22:28:45.664Z,51.599998474121094,15,986.0057983398438,-3166,-2176,3177,909,1688,1563,,,,0.067748852,0.3829946219921112,-0.593443274,0.7045270204544067,25,500,21718
2026-03-06T22:28:45.624Z,51.5,15,986.0057983398438,-1765,-1298,3459,-1580,1808,417,,,,0.06970197,0.2751457691192627,-0.647886515,0.7067853212356567,25,500,21739
2026-03-06T22:28:45.584Z,51.37999725341797,14,985.9667969,-1807,-1165,3660,-1372,688,251,,,,0.087341085,0.23528993129730225,-0.660459757,0.7075787782669067,25,500,21782
2026-03-06T22:28:45.544Z,51.40999984741211,15,986.0057983398438,-990,-47,3647,-1439,451,270,,,,0.10620089620351791,0.1963495910167694,-0.672544658,0.7055035829544067,25,500,21761
2026-03-06T22:28:45.504Z,51.40999984741211,15,985.9667969,-1870,-521,3399,-1149,227,465,,,,0.12731900811195374,0.1842036247253418,-0.683225811,0.6949445009231567,25,500,21570
2026-03-06T22:28:45.464Z,51.40999984741211,15,985.9667969,-1845,290,3807,-885,-78,337,,,,0.15277060866355896,0.094726317,-0.743406296,0.6441633701324463,25,500,21465
2026-03-06T22:28:45.424Z,51.47999954223633,15,985.9667969,-583,1412,4401,170,495,47,,,,0.12957730889320374,0.070312321,-0.722044051,0.6758405566215515,25,500,21341
2026-03-06T22:28:45.384Z,51.47999954223633,15,985.8731689453125,-884,754,3855,-40,323,-1146,,,,0.12506070733070374,0.073852353,-0.703184247,0.6959820985794067,25,500,21444
2026-03-06T22:28:45.344Z,51.37999725341797,15,985.8575439453125,-997,386,3919,355,41,-577,,,,0.10290501266717911,0.10198948532342911,-0.66924876,0.728696883,25,500,21591
2026-03-06T22:28:45.304Z,51.37999725341797,15,985.8731689453125,-1593,-95,4662,461,25,-267,,,,0.072265439,0.13928186893463135,-0.639341652,0.7526226043701172,25,500,21465
2026-03-06T22:28:45.264Z,51.34000015258789,15,985.8575439453125,-1683,-1573,3184,1598,-572,-645,,,,0.04089345,0.16473346948623657,-0.611570716,0.7727031111717224,25,500,21382
2026-03-06T22:28:45.224Z,51.11000061035156,15,985.8731689453125,-1130,-598,3713,179,416,-541,,,,0.032775793224573135,0.15386924147605896,-0.58593601,0.7948588132858276,25,500,21718
2026-03-06T22:28:45.184Z,50.959999084472656,15,985.8731689453125,-393,171,4068,-255,284,-511,,,,0.048278686,0.13415493071079254,-0.533262789,0.8337991237640381,25,500,21804
2026-03-06T22:28:45.144Z,50.959999084472656,15,985.8575439453125,-744,-2403,3873,-410,-792,-716,,,,0.052673205733299255,0.178161159,-0.475950927,0.8595559000968933,25,500,21868
2026-03-06T22:28:45.104Z,50.88999938964844,15,985.8731689453125,-1979,1042,3959,-1145,-1717,-831,,,,0.12365690618753433,0.16009479761123657,-0.443541348,0.8730446100234985,25,500,21955
2026-03-06T22:28:45.064Z,50.81999969482422,15,985.8731689453125,-566,1246,3822,-484,913,56,,,,0.10473605990409851,0.11608856916427612,-0.415709376,0.8959327340126038,25,500,21977
2026-03-06T22:28:45.024Z,50.71999740600586,15,985.9667969,-623,452,3881,560,-46,-22,,,,0.088378683,0.13146938383579254,-0.397398889,0.9038062691688538,25,500,21933
2026-03-06T22:28:44.984Z,50.689998626708984,15,985.9823608398438,-562,665,3999,324,-500,195,,,,0.083678983,0.14990195631980896,-0.376646996,0.9102759957313538,25,500,21912
2026-03-06T22:28:44.944Z,50.68000030517578,15,986.0291748046875,-1606,1549,5055,-426,-780,197,,,,0.085082792,0.1895136684179306,-0.364256889,0.9077735543251038,25,500,21912
2026-03-06T22:28:44.904Z,50.54999923706055,15,986.0057983398438,-1773,-884,3099,2031,-1286,-15,,,,-0.008850075,0.20544381439685822,-0.304076374,0.930112362,25,500,22175
2026-03-06T22:28:44.864Z,50.47999954223633,15,985.9823608398438,-1262,-561,3605,-51,846,-396,,,,-0.01147458,0.1880488395690918,-0.285582751,0.939572811,25,500,22198
2026-03-06T22:28:44.824Z,50.5,15,985.9823608398438,-1290,-778,3170,11,571,-842,,,,0.004821765,0.21545355021953583,-0.134215966,0.9671605825424194,25,500,22043
2026-03-06T22:28:44.784Z,50.46999740600586,15,985.8731689453125,-2436,668,3955,173,-540,-877,,,,0.044738654,0.22387637197971344,-0.075073048,0.9706395864486694,25,500,21890
2026-03-06T22:28:44.744Z,50.46999740600586,15,985.9667969,-2052,1256,3341,-699,-22,-190,,,,0.062988117,0.21618597209453583,-0.052184924,0.9728978872299194,25,500,22021
2026-03-06T22:28:44.704Z,50.43000030517578,15,985.9667969,-1509,1220,3676,-389,331,-464,,,,0.044067271053791046,0.20336861908435822,0.049255244,0.9768041372299194,25,500,22021
2026-03-06T22:28:44.664Z,50.369998931884766,15,985.8341674804688,-915,288,3624,620,-4,-1016,,,,-0.02819817,0.1967768371105194,0.17687943577766418,0.9639257788658142,25,500,21999
2026-03-06T22:28:44.624Z,50.34000015258789,15,985.8341674804688,-1404,1429,4326,1233,-351,-987,,,,-0.074401662,0.20214791595935822,0.30956950783729553,0.926084042,25,500,21999
2026-03-06T22:28:44.584Z,50.28999710083008,15,985.8575439453125,-3033,-483,3535,420,-445,-633,,,,-0.133361474,0.20123238861560822,0.3720083236694336,0.8962379097938538,25,500,22065
2026-03-06T22:28:44.544Z,50.21999740600586,15,985.9667969,-1232,-543,3818,1979,-301,-760,,,,-0.187438488,0.091613531,0.6251814961433411,0.7520122528076172,25,500,22043
2026-03-06T22:28:44.504Z,50.14999771118164,16,985.9667969,-1043,-110,3813,608,374,-1922,,,,-0.212035596,0.058837742,0.8077371716499329,0.5468125343322754,25,500,22131
2026-03-06T22:28:44.464Z,50.02000045776367,16,985.8575439453125,-1143,976,3806,673,-727,-2328,,,,-0.230529189,0.04492176,0.8804908990859985,0.41168108582496643,25,500,22220
2026-03-06T22:28:44.424Z,49.87999725341797,16,985.8731689453125,-1604,-2437,4415,1693,-104,-2044,,,,-0.255858719,0.013977015390992165,0.927670956,0.2713616192340851,25,500,22265
2026-03-06T22:28:44.384Z,49.80999755859375,16,985.8731689453125,-3069,1862,2912,-657,-867,-2519,,,,-0.267638475,0.058044285,0.9500097632408142,0.14977988600730896,25,500,22400
2026-03-06T22:28:44.344Z,49.73999786376953,16,985.8731689453125,-2195,3061,3328,129,330,-2205,,,,0.26086360216140747,0.10363742709159851,-0.880124688,0.3826894462108612,25,500,22377
2026-03-06T22:28:44.304Z,49.71999740600586,16,985.9667969,-3090,-576,3436,1943,-506,-1116,,,,0.25109797716140747,0.18054153,-0.82842803,0.4668567180633545,25,500,22332
2026-03-06T22:28:44.264Z,49.71999740600586,16,985.8341674804688,-3562,-197,2781,1591,-897,-1045,,,,0.24511656165122986,0.23211610317230225,-0.778806627,0.5285630822181702,25,500,22400
2026-03-06T22:28:44.224Z,49.66999816894531,16,985.8575439453125,-2884,-282,2865,1655,233,-1351,,,,0.21740667521953583,0.25579768419265747,-0.726804793,0.5991195440292358,25,500,22423
2026-03-06T22:28:44.184Z,49.54999923706055,16,985.8731689453125,-2748,-205,3201,1262,472,-1860,,,,0.1961054503917694,0.2622673809528351,-0.684019268,0.6517317295074463,25,500,22491
2026-03-06T22:28:44.144Z,49.48999786376953,16,985.8575439453125,-2511,-623,3224,1590,516,-1879,,,,0.13006559014320374,0.2908317744731903,-0.581297338,0.7486553192138672,25,500,22287
2026-03-06T22:28:44.104Z,49.39999771118164,16,985.8731689453125,-2243,-1196,3054,1521,475,-1305,,,,0.10137913376092911,0.3024284243583679,-0.542357028,0.7771586775779724,25,500,22423
2026-03-06T22:28:44.064Z,49.28999710083008,16,985.9667969,-2800,-179,3509,826,-9,-1171,,,,0.097961172,0.3056632876396179,-0.508970857,0.7986429929733276,25,500,22265
2026-03-06T22:28:44.024Z,49.16999816894531,16,985.9823608398438,-2384,-1397,3543,387,481,-1252,,,,0.080871373,0.31292644143104553,-0.474058837,0.8189676403999329,25,500,22793
2026-03-06T22:28:43.984Z,49.029998779296875,16,985.9823608398438,-2376,-700,3269,437,235,-393,,,,0.062072593718767166,0.31286540627479553,-0.437010586,0.8409402370452881,25,500,23006
2026-03-06T22:28:43.944Z,48.849998474121094,16,985.9823608398438,-2251,-709,3482,3,71,8,,,,0.04077138,0.31207194924354553,-0.369811058,0.8741432428359985,25,500,24659
2026-03-06T22:28:43.904Z,48.599998474121094,17,985.9667969,-2169,-622,3381,5,9,-403,,,,0.032226480543613434,0.31066814064979553,-0.328307271,0.8914161920547485,25,500,24866
2026-03-06T22:28:43.864Z,48.529998779296875,17,985.9667969,-2293,-278,3405,186,325,-530,,,,0.00964353,0.2886955440044403,-0.225402251,0.930417538,25,500,24908
2026-03-06T22:28:43.824Z,48.43000030517578,17,985.9823608398438,-1215,-414,3883,77,1457,-1046,,,,-0.001281735,0.23303163051605225,-0.156798914,0.9597143530845642,25,500,25021
2026-03-06T22:28:43.784Z,48.45000076293945,17,985.9667969,-1019,-666,3942,-307,1661,-1063,,,,0.0024414,0.1856684684753418,-0.040954486,0.9816869497299194,25,500,24522
2026-03-06T22:28:43.744Z,48.31999969482422,17,986.0057983398438,-2220,113,3425,-398,83,-377,,,,0.010864229872822762,0.1928706020116806,0.058898773,0.9793676137924194,25,500,24590
2026-03-06T22:28:43.704Z,48.21999740600586,17,985.9823608398438,-969,1451,3610,-999,266,-167,,,,0.035156161,0.177978054,0.076415822,0.9804052114486694,25,500,24563
2026-03-06T22:28:43.664Z,48.13999938964844,17,985.9667969,-1836,1135,3907,-322,235,-439,,,,0.038940329,0.16784624755382538,0.10852023214101791,0.9790014028549194,25,500,24700
2026-03-06T22:28:43.624Z,48.13999938964844,17,985.9667969,-170,357,3979,264,669,271,,,,0.024169860407710075,0.14056360721588135,0.11560028791427612,0.9829686880111694,25,500,24936
2026-03-06T22:28:43.584Z,48.04999923706055,17,985.8575439453125,271,-100,4108,499,654,498,,,,0.00671385,0.13067594170570374,0.13043180108070374,0.9827245473861694,25,500,24686
2026-03-06T22:28:43.544Z,47.97999954223633,17,985.8341674804688,-2319,-78,4483,173,300,418,,,,-0.020751899,0.1918330043554306,0.17559769749641418,0.9653295278549194,25,500,24825
2026-03-06T22:28:43.504Z,47.91999816894531,17,985.8731689453125,-424,-926,4382,1275,-2026,138,,,,-0.059387054,0.11505097150802612,0.25756770372390747,0.9575170874595642,25,500,24838
2026-03-06T22:28:43.464Z,47.86000061035156,17,985.8731689453125,-40,-382,3790,-226,464,122,,,,-0.048522826,0.11999481171369553,0.31939616799354553,0.938718319,25,500,24769
2026-03-06T22:28:43.424Z,47.689998626708984,17,985.8575439453125,-1176,-2169,3923,174,-420,-268,,,,-0.068603337,0.13854944705963135,0.358458549,0.920590878,25,500,24783
2026-03-06T22:28:43.384Z,47.54999923706055,18,985.8731689453125,-1564,1041,3771,-63,-1037,-273,,,,-0.02966301,0.1840205192565918,0.42175185680389404,0.8873268365859985,25,500,24838
2026-03-06T22:28:43.344Z,47.43000030517578,18,985.8731689453125,-1375,850,3720,-409,1018,291,,,,-0.028015064,0.16528278589248657,0.4637439250946045,0.8698708415031433,25,500,24936
2026-03-06T22:28:43.304Z,47.36000061035156,18,985.8731689453125,-652,853,3750,362,587,-120,,,,-0.037902735,0.13897669315338135,0.5172106027603149,0.8435647487640381,25,500,24993
2026-03-06T22:28:43.264Z,47.36000061035156,18,985.8731689453125,230,-968,4109,1001,588,-165,,,,-0.057372902,0.10229466110467911,0.5817856192588806,0.8048074841499329,25,500,25163
2026-03-06T22:28:43.224Z,47.209999084472656,18,985.8575439453125,-3029,-906,2230,-355,253,-414,,,,-0.132384911,0.15283164381980896,0.6915265321731567,0.6933575868606567,25,500,25307
2026-03-06T22:28:43.184Z,47.12999725341797,18,985.8341674804688,-2437,-753,3617,1175,138,-308,,,,-0.152526468,0.11248750239610672,0.7360210418701172,0.6498396396636963,25,500,25438
2026-03-06T22:28:43.144Z,46.98999786376953,18,985.8731689453125,-894,-561,3403,668,1008,-494,,,,-0.139098763,0.069885075,0.7822245359420776,0.6031478643417358,25,500,25674
2026-03-06T22:28:43.104Z,46.93000030517578,18,985.8731689453125,-1827,-1026,3807,255,430,-863,,,,-0.13952601,0.062377769500017166,0.8218362927436829,0.5487046241760254,25,500,25570
2026-03-06T22:28:43.064Z,46.89999771118164,18,985.9667969,-22,820,4083,-713,516,-573,,,,-0.095458739,0.054626323,0.8475320339202881,0.5191026926040649,25,500,25351
2026-03-06T22:28:43.024Z,46.70000076293945,18,985.9823608398438,-2572,1502,3613,770,1457,95,,,,-0.039489646,0.067809887,0.8674904704093933,0.4911486506462097,25,500,25351
2026-03-06T22:28:42.984Z,46.70000076293945,18,986.0057983398438,631,2461,3083,-1821,2305,660,,,,0.11108370125293732,0.057922214,0.8648049235343933,0.4861437678337097,25,500,25526
2026-03-06T22:28:42.944Z,46.599998474121094,18,985.9667969,4816,1177,7851,1158,2184,1465,,,,0.17388871312141418,0.027160576,0.8645607829093933,0.4706408977508545,25,500,25585
2026-03-06T22:28:42.904Z,46.48999786376953,18,985.9823608398438,-2896,54,1395,-1239,-6349,1555,,,,-0.103454322,0.11328095942735672,0.8928200006484985,0.42333877086639404,25,500,25615
2026-03-06T22:28:42.864Z,46.43000030517578,19,986.0057983398438,-561,119,4491,649,629,329,,,,-0.01525875,0.030517499893903732,0.939328671,0.34112462401390076,25,500,25734
2026-03-06T22:28:42.824Z,46.279998779296875,19,985.9823608398438,108,138,4041,268,891,-643,,,,0.00085449,0.019714305,0.9460424780845642,0.32324135303497314,25,500,25809
2026-03-06T22:28:42.784Z,46.07999801635742,19,985.8731689453125,1163,-482,4495,327,461,-594,,,,0.017761186,-0.01086423,0.9674047231674194,0.25219660997390747,25,500,26037
2026-03-06T22:28:42.744Z,45.71999740600586,19,985.8341674804688,1203,-205,3745,-118,364,305,,,,0.022521914914250374,-0.000915525,0.9753392934799194,0.21948185563087463,25,500,26473
2026-03-06T22:28:42.704Z,45.71999740600586,19,985.8186035,738,-398,3563,-6,242,27,,,,0.002624505,0.00769041,0.9817479848861694,0.1897578090429306,25,500,26664
2026-03-06T22:28:42.664Z,45.47999954223633,19,985.8575439453125,-457,-162,3665,-325,-1154,-455,,,,-0.016906695,0.026306085288524628,0.9863866567611694,0.16137653589248657,25,500,26858
2026-03-06T22:28:42.624Z,45.30999755859375,19,985.8186035,-464,756,4730,-868,919,-32,,,,-0.052306995,0.071166813,0.9913304448127747,0.096862547,25,500,27105
2026-03-06T22:28:42.584Z,45.30999755859375,19,985.8186035,-1755,1172,2921,-1008,-2232,-171,,,,-0.10168431,0.096862547,0.9879125356674194,0.064880207,25,500,27072
2026-03-06T22:28:42.544Z,45.20000076293945,19,985.7639770507812,-2190,1077,3513,-655,-561,152,,,,-0.111877158,0.10345432162284851,0.9880346059799194,0.021240180358290672,25,500,26874
2026-03-06T22:28:42.504Z,45.09000015258789,20,985.8029785,1809,308,4294,-230,134,-428,,,,0.00891111,-0.078796186,-0.996152222,0.036315825,25,500,26809
2026-03-06T22:28:42.464Z,45,20,985.7639770507812,2778,602,3658,334,1527,682,,,,-0.009826635,-0.073303036,-0.995480835,0.058654636,25,500,26761
2026-03-06T22:28:42.424Z,44.88999938964844,20,985.7483520507812,-554,1379,4529,-65,-1242,715,,,,0.095580809,-0.052612171,-0.98962146,0.09301734,25,500,26284
2026-03-06T22:28:42.384Z,44.77000045776367,20,985.7873535,-3307,-2151,2121,1809,-3096,758,,,,0.14776574075222015,0.022155705839395523,-0.981442809,0.11968963593244553,25,500,26457
2026-03-06T22:28:42.344Z,44.62999725341797,20,985.7873535,-1198,-157,4473,1047,538,1041,,,,0.09594702,0.015319785103201866,-0.986874938,0.12890592217445374,25,500,26378
2026-03-06T22:28:42.304Z,44.53999710083008,20,985.7873535,2773,-340,2986,-795,1565,1185,,,,0.023071229457855225,-0.00903318,-0.990842164,0.13256801664829254,25,500,26300
2026-03-06T22:28:42.264Z,44.53999710083008,20,985.7873535,1430,-3599,3528,-247,1626,1582,,,,0.066528149,0.018127395,-0.986020446,0.15148887038230896,25,500,26347
2026-03-06T22:28:42.224Z,44.39999771118164,21,985.8029785,-2799,1673,3889,-1535,-3459,164,,,,0.17565873265266418,-0.058410496,-0.972836852,0.13885462284088135,25,500,26552
2026-03-06T22:28:42.184Z,44.209999084472656,21,985.8186035,436,116,3622,-330,1844,1274,,,,0.081176549,-0.040466204,-0.994687378,0.047912475,25,500,26858
2026-03-06T22:28:42.144Z,44,21,985.8186035,1710,-1108,4364,581,1280,1258,,,,0.050292838364839554,-0.028991625,-0.998288453,0.00183105,25,500,27055
2026-03-06T22:28:42.104Z,43.77000045776367,21,985.8186035,-3700,-712,2788,-1216,-1177,589,,,,-0.16296345,0.002990715,0.9852880239486694,0.050720084458589554,25,500,27121
2026-03-06T22:28:42.064Z,43.56999969482422,21,985.8186035,-800,-814,3614,1198,1314,412,,,,-0.052184924,-0.049804561,0.9963353276252747,0.044860724,25,500,27390
2026-03-06T22:28:42.024Z,43.48999786376953,21,985.7873535,586,-450,3882,-329,1228,-968,,,,-0.01367184,0.00219726,0.9993260502815247,0.032165445387363434,25,500,27205
2026-03-06T22:28:41.984Z,43.34000015258789,22,985.8029785,-385,293,4188,-811,-1118,-892,,,,-0.031005779,0.023742614313960075,0.9988988041877747,0.024413999170064926,25,500,27289
2026-03-06T22:28:41.944Z,43.18000030517578,22,985.8341674804688,7,502,4617,-857,-1,-1038,,,,-0.035400301,0.051391471177339554,0.9979222416877747,0.011230439879000187,25,500,27138
2026-03-06T22:28:41.904Z,43.02000045776367,22,985.8575439453125,-931,1326,3895,-703,-743,-559,,,,-0.061218105,0.078552045,0.9948704838752747,0.013488735,25,500,26858
2026-03-06T22:28:41.864Z,42.849998474121094,22,985.9667969,-819,860,3763,-253,-456,-374,,,,0.063049152,-0.074828908,-0.995114625,0.010436984710395336,25,500,27339
2026-03-06T22:28:41.824Z,42.63999938964844,23,986.0057983398438,-751,1597,4056,122,216,-728,,,,0.052856311202049255,-0.073730282,-0.995480835,0.026245050132274628,25,500,27356
2026-03-06T22:28:41.784Z,42.47999954223633,23,986.0057983398438,554,-89,4363,557,357,-419,,,,0.024841245263814926,-0.028015064,-0.99920398,0.007507305,25,500,27088
2026-03-06T22:28:41.744Z,42.18000030517578,23,985.8575439453125,371,816,4064,492,-289,-109,,,,0.038574118,-0.022643985,-0.998959839,0.00341796,25,500,26696
2026-03-06T22:28:41.704Z,41.97999954223633,24,985.7639770507812,328,397,3866,182,-808,-127,,,,-0.085815206,0.019592235,0.9960301518440247,0.009460425,25,500,26989
2026-03-06T22:28:41.664Z,41.73999786376953,24,985.7639770507812,-1506,-243,3755,-119,-372,-24,,,,0.12384001165628433,0.042236220091581345,-0.989438355,0.061340175569057465,25,500,27155
2026-03-06T22:28:41.624Z,41.5,24,985.7483520507812,-732,-540,4036,595,961,-1248,,,,0.091613531,0.050903189927339554,-0.990659058,0.086852804,25,500,27121
2026-03-06T22:28:41.584Z,41.5,24,985.7249755859375,-186,-944,4074,236,1244,-517,,,,0.065734692,0.053161483,-0.991757691,0.09619116,25,500,27121
2026-03-06T22:28:41.544Z,41.29999923706055,24,985.6859741210938,-517,-644,4239,178,212,-820,,,,0.058959808,0.054626323,-0.989865601,0.11645478010177612,25,500,27088
2026-03-06T22:28:41.504Z,41.29999923706055,24,985.6859741210938,516,-762,3882,31,421,-1005,,,,0.046996951,0.052429065108299255,-0.987119079,0.14318810403347015,25,500,26874
2026-03-06T22:28:41.464Z,41.29999923706055,24,985.6859741210938,186,-116,3969,199,15,-1075,,,,0.072387509,0.036865141,-0.975949645,0.20220895111560822,25,575,17408
2026-03-06T22:28:41.424Z,41.29999923706055,24,985.7093505859375,-1177,-383,4903,-391,-100,-712,,,,0.091918707,0.031188884750008583,-0.968747497,0.22796572744846344,68,575,17367
2026-03-06T22:28:41.384Z,41.29999923706055,25,985.7249755859375,-384,-762,5028,-304,-177,-1063,,,,0.083068632,0.0292968,-0.961789548,0.25915461778640747,68,575,17272
2026-03-06T22:28:41.344Z,41.07999801635742,11,986.1383666992188,-1364,2607,4168,-164,-572,-1823,,,,0.12457243353128433,0.013610805,-0.939939022,0.31738200783729553,63,566,17354
2026-03-06T22:28:41.304Z,59.22999954223633,11,986.0993652,-1759,-156,3103,483,-782,-1577,,,,0.13122524321079254,0.038391016,-0.917234004,0.3740224838256836,63,566,17463
2026-03-06T22:28:41.264Z,59.23999786376953,11,986.1539916992188,-734,-494,3971,168,848,-1528,,,,0.071960263,0.052612170577049255,-0.879697442,0.4670398235321045,63,566,17367
2026-03-06T22:28:41.224Z,59.16999816894531,11,986.1929931640625,-779,-223,4045,1007,441,-1638,,,,0.044189341366291046,0.062316734343767166,-0.854489982,0.5137315988540649,58,558,17519
2026-03-06T22:28:41.184Z,59.03999710083008,11,986.2319946289062,52,-897,4490,548,1224,-1074,,,,0.004089345,0.062072593718767166,-0.838437796,0.5413194298744202,58,558,17381
2026-03-06T22:28:41.144Z,59.02000045776367,11,986.2163696289062,-220,-306,3976,198,566,-478,,,,-0.00646971,0.059509125,-0.835447073,0.5462022423744202,58,558,17408
2026-03-06T22:28:41.104Z,58.96999740600586,11,986.2319946289062,-284,-275,4531,-53,-259,109,,,,0.00195312,0.069885075,-0.837644339,0.5416856408119202,58,550,17408
2026-03-06T22:28:41.064Z,59.02000045776367,11,986.1929931640625,-1268,-894,3884,797,-355,-500,,,,0.054382186,0.14715538918972015,-0.710630476,0.6857892870903015,53,550,17645
2026-03-06T22:28:41.024Z,58.89999771118164,11,986.1929931640625,-1086,222,3923,299,492,-1512,,,,0.04809558,0.13500942289829254,-0.677610576,0.721250594,53,550,17533
2026-03-06T22:28:40.984Z,58.939998626708984,11,986.1929931640625,-1172,-207,3714,42,401,-1276,,,,0.042480360716581345,0.12591519951820374,-0.65399003,0.7446880340576172,49,542,17744
2026-03-06T22:28:40.944Z,58.87999725341797,11,986.1539916992188,-244,65,4279,-67,806,-658,,,,0.032043375074863434,0.10601779818534851,-0.642576456,0.7581157088279724,49,542,17887
2026-03-06T22:28:40.904Z,58.78999710083008,11,986.1539916992188,-708,-334,4080,365,10,-193,,,,0.026916435,0.11151094734668732,-0.631101906,0.7670878767967224,49,542,17873
2026-03-06T22:28:40.864Z,58.71999740600586,11,986.1383666992188,-990,-466,3941,129,-97,-260,,,,0.018249465,0.12292449176311493,-0.608091712,0.7839945554733276,48,540,17916
2026-03-06T22:28:40.824Z,58.65999984741211,11,986.1539916992188,-983,-438,3926,97,100,-153,,,,0.014587365090847015,0.12139861285686493,-0.604246497,0.7872904539108276,48,540,17858
2026-03-06T22:28:40.784Z,58.59000015258789,11,986.1383666992188,-136,-1071,4163,122,321,-131,,,,-0.011779755,0.10424777865409851,-0.601744056,0.7916849851608276,48,541,17916
2026-03-06T22:28:40.744Z,58.459999084472656,11,986.1539916992188,-391,-595,4532,294,-36,221,,,,-0.01196286,0.11077852547168732,-0.600950599,0.7914408445358276,48,541,17687
2026-03-06T22:28:40.704Z,58.38999938964844,11,986.1539916992188,-803,-546,4133,4,-399,-120,,,,-0.007141095,0.12335173785686493,-0.598326087,0.7915629148483276,48,541,17787
2026-03-06T22:28:40.664Z,58.3599968,11,986.1773681640625,-691,-842,3851,393,-299,-143,,,,-0.03063957,0.13507045805454254,-0.576414526,0.8052957653999329,47,538,17873
2026-03-06T22:28:40.624Z,58.46999740600586,11,986.1539916992188,-450,-1048,3858,254,157,-273,,,,-0.045898318,0.13403286039829254,-0.553770542,0.8204324841499329,47,538,17758
2026-03-06T22:28:40.584Z,58.40999984741211,11,986.1149902,-255,-410,4119,-163,17,-264,,,,-0.04064931,0.12634244561195374,-0.543150485,0.8290383815765381,47,538,17873
2026-03-06T22:28:40.544Z,58.38999938964844,11,986.1539916992188,-299,-1268,4219,-220,22,-122,,,,-0.039489646,0.12475553900003433,-0.528563082,0.8386819362640381,43,531,17701
2026-03-06T22:28:40.504Z,58.39999771118164,11,986.1383666992188,2153,-491,4692,-456,510,-282,,,,-0.044006236,0.10247776657342911,-0.509459138,0.8531472086906433,43,531,17858
2026-03-06T22:28:40.464Z,58.369998931884766,11,986.1383666992188,-4749,173,2339,139,-1006,-693,,,,0.074157521,0.23046815395355225,-0.464171171,0.8519265055656433,43,531,17787
2026-03-06T22:28:40.424Z,58.439998626708984,11,986.0759887695312,-310,885,4094,-1361,-710,-102,,,,0.044982795,0.12396208196878433,-0.393126428,0.9099097847938538,38,523,17744
2026-03-06T22:28:40.384Z,58.349998474121094,11,986.0993652,219,632,3887,485,809,-244,,,,0.026672294,0.12084929645061493,-0.376708031,0.9179664254188538,38,523,17772
2026-03-06T22:28:40.344Z,58.349998474121094,11,986.0759887695312,-270,1494,4414,262,-120,256,,,,0.025024350732564926,0.14276085793972015,-0.375182152,0.9155250191688538,38,523,17603
2026-03-06T22:28:40.304Z,58.349998474121094,11,986.0759887695312,-1941,-2189,3340,362,-1602,489,,,,-0.04357899,0.1993403136730194,-0.365416557,0.9081397652626038,28,506,17617
2026-03-06T22:28:40.264Z,58.29999923706055,11,986.0993652,-996,-1387,3613,-143,1292,3,,,,-0.050964225,0.16198688745498657,-0.364134818,0.9157081246376038,28,506,17687
2026-03-06T22:28:40.224Z,58.31999969482422,11,986.0759887695312,-385,-342,3787,-340,935,-1,,,,-0.015685994,0.13012662529945374,-0.353636801,0.926084042,28,506,17758
2026-03-06T22:28:40.184Z,58.349998474121094,11,986.0525512695312,84,-169,3861,-587,-148,-275,,,,-0.01013181,0.12518277764320374,-0.353941977,0.926755428,19,491,17887
2026-03-06T22:28:40.144Z,58.25999832,11,986.0993652,-2310,686,3207,514,156,-252,,,,0.053222518,0.17205765843391418,-0.373412132,0.9099708199501038,19,491,18107
2026-03-06T22:28:40.104Z,58.21999740600586,11,986.1383666992188,-2214,-33,3565,-443,166,516,,,,0.053649765,0.15637166798114777,-0.402403742,0.9003883004188538,13,479,18092
2026-03-06T22:28:40.064Z,58.25,11,986.1149902,298,1363,4558,122,1269,590,,,,0.028259205,0.088744886,-0.450560361,0.8878151178359985,13,479,18077
2026-03-06T22:28:40.024Z,58.13999938964844,11,986.1149902,-1875,-1766,4462,-125,56,729,,,,-0.004211415,0.177794948,-0.559202671,0.8096902966499329,3,463,18152
2026-03-06T22:28:39.984Z,58.07999801635742,11,986.0993652,-647,-1508,3861,1136,-671,750,,,,-0.028503345,0.13446010649204254,-0.657591105,0.7406597137451172,3,463,18227
2026-03-06T22:28:39.944Z,58.03999710083008,11,986.0993652,-710,-807,3738,-459,237,251,,,,-0.01757808,0.11840789765119553,-0.668272197,0.7341289520263672,0,463,18626
2026-03-06T22:28:39.904Z,57.959999084472656,11,986.1383666992188,-746,-848,4089,-770,54,67,,,,-0.00598143,0.10223362594842911,-0.676084697,0.729551375,0,444,18657
2026-03-06T22:28:39.864Z,57.89999771118164,11,986.1383666992188,232,-396,4457,-269,436,-237,,,,-0.000793455,0.089294203,-0.667905986,0.7388286590576172,0,444,18657
2026-03-06T22:28:39.824Z,57.89999771118164,11,986.1149902,695,-27,4498,34,-190,-1046,,,,-0.004699695,0.11675995588302612,-0.60534513,0.7872904539108276,0,441,18486
2026-03-06T22:28:39.784Z,57.73999786376953,11,986.0993652,-929,-2018,4710,1070,263,46,,,,-0.007263165,0.15765340626239777,-0.615354896,0.7722148299217224,0,441,18486
2026-03-06T22:28:39.744Z,57.62999725341797,11,986.1149902,-2333,-863,3002,-427,-1693,701,,,,0.032287515699863434,0.15869100391864777,-0.657224894,0.7360210418701172,0,441,18517
2026-03-06T22:28:39.704Z,57.62999725341797,11,986.1149902,-1525,132,3621,-1498,-166,1768,,,,0.055236675,0.12628141045570374,-0.709714949,0.6907941102981567,0,431,18641
2026-03-06T22:28:39.664Z,57.62999725341797,11,986.1383666992188,-1577,-383,3920,-1224,52,2167,,,,0.061340175569057465,0.10498020052909851,-0.762021959,0.6359236836433411,0,431,18800
2026-03-06T22:28:39.624Z,57.63999938964844,11,986.1149902,-513,850,4508,-750,466,2296,,,,0.040710345,0.060241546,-0.835386038,0.5447984337806702,0,428,18689
2026-03-06T22:28:39.584Z,57.61000061035156,11,986.1383666992188,-339,-211,4047,-572,399,1541,,,,0.039977923,0.052368029952049255,-0.867551506,0.4928576350212097,0,428,18752
2026-03-06T22:28:39.544Z,57.61000061035156,11,986.1383666992188,-209,230,4218,-507,3,1916,,,,0.046264529,0.043640024960041046,-0.896604121,0.43810921907424927,0,432,18641
2026-03-06T22:28:39.504Z,57.56999969482422,11,986.0993652,-643,17,4099,-406,-132,1826,,,,0.05517564,0.054565288,-0.921262264,0.3809804618358612,0,432,18657
2026-03-06T22:28:39.464Z,57.529998779296875,11,986.0993652,-575,-942,4031,554,-504,2029,,,,0.052612170577049255,0.083068632,-0.938596249,0.33062660694122314,0,432,18563
2026-03-06T22:28:39.424Z,57.50999832,11,986.1149902,-600,-550,4444,846,-170,1624,,,,0.048950069,0.11401338130235672,-0.957700193,0.25945979356765747,0,436,18563
2026-03-06T22:28:39.384Z,57.43000030517578,11,986.1149902,-961,-1121,4109,-156,-479,1365,,,,0.065978833,0.11566132307052612,-0.969479918,0.20556588470935822,0,436,18594
2026-03-06T22:28:39.344Z,57.40999984741211,11,986.1383666992188,-822,-1852,3579,196,-1043,1739,,,,0.094299078,0.12603726983070374,-0.984494567,0.077148236,0,442,18673
2026-03-06T22:28:39.304Z,57.529998779296875,11,986.1383666992188,-502,-1817,3680,-109,-350,2156,,,,0.10424777865409851,0.11822479218244553,-0.987180114,0.024658139795064926,0,442,18517
2026-03-06T22:28:39.264Z,57.529998779296875,11,986.1383666992188,-1208,-568,3938,-927,-677,1191,,,,-0.119994812,-0.086852804,0.9889500737190247,0.00390624,0,456,18610
2026-03-06T22:28:39.224Z,57.63999938964844,11,986.0993652,-422,-900,3804,-745,-100,912,,,,-0.139464974,-0.055847026,0.9877294301986694,0.042358290404081345,0,465,18501
2026-03-06T22:28:39.184Z,57.63999938964844,11,986.0993652,-1307,-901,3819,-631,-1065,480,,,,-0.203002408,-0.02832024,0.9761327505111694,0.071655087,0,465,18424
2026-03-06T22:28:39.144Z,57.66999816894531,11,986.1149902,-2071,-122,4181,-307,-653,531,,,,-0.223632246,-0.019103955,0.9704564809799194,0.088012472,0,485,18455
2026-03-06T22:28:39.104Z,57.66999816894531,11,986.1773681640625,-3518,-675,2623,-189,-1230,955,,,,-0.253844559,-0.00598143,0.9597753882408142,0.11938446015119553,0,485,18486
2026-03-06T22:28:39.064Z,57.69999694824219,11,986.1773681640625,-2326,313,3400,-1511,145,1143,,,,-0.233764052,0.024780210107564926,0.9589819312095642,0.15814168751239777,0,485,18439
2026-03-06T22:28:39.024Z,57.75,11,986.1383666992188,-1957,304,3701,-1127,597,1160,,,,-0.200377911,0.062988117,0.9484838843345642,0.23699890077114105,0,485,18393
2026-03-06T22:28:38.984Z,57.78999710083008,11,986.1383666992188,-1713,194,3755,-627,203,873,,,,-0.190917477,0.073425107,0.94109869,0.2691033184528351,4,504,18182
2026-03-06T22:28:38.944Z,57.79999923706055,11,986.0759887695312,-1569,-106,3793,-353,78,797,,,,-0.187316418,0.085387968,0.9146705269813538,0.34777742624282837,4,504,18092
2026-03-06T22:28:38.904Z,57.66999816894531,11,986.1149902,-1642,306,3807,-435,-224,610,,,,-0.193053707,0.095824949,0.9049659371376038,0.3667593002319336,4,504,17744
2026-03-06T22:28:38.864Z,57.93000030517578,11,986.1149902,-2015,58,3696,50,-514,621,,,,-0.216002867,0.092773199,0.8901344537734985,0.3902577757835388,16,514,17617
2026-03-06T22:28:38.824Z,58.14999771118164,11,986.1383666992188,-1754,3,3751,-320,299,122,,,,-0.206664503,0.095092528,0.8884865045547485,0.3984364867210388,16,514,17505
2026-03-06T22:28:38.784Z,58.15999984741211,11,986.1149902,-1794,-17,3715,-24,-37,170,,,,-0.20745796,0.095763914,0.8865944147109985,0.40209856629371643,16,514,17354
2026-03-06T22:28:38.744Z,58.15999984741211,11,986.0525512695312,-1818,22,3709,-29,-7,100,,,,-0.207641065,0.098083243,0.8831764459609985,0.40887346863746643,27,509,17354
2026-03-06T22:28:38.704Z,58.29999923706055,11,986.0759887695312,-1792,-8,3716,-52,-38,97,,,,-0.208129346,0.1000363677740097,0.8787208795547485,0.41766250133514404,27,509,17450
2026-03-06T22:28:38.664Z,58.29999923706055,11,986.0993652,-1890,0,3707,-23,-9,69,,,,-0.209105909,0.10070774704217911,0.8779274225234985,0.41863906383514404,33,500,17422
2026-03-06T22:28:38.624Z,58.41999816894531,11,986.0759887695312,-1634,-373,3687,-20,-50,57,,,,-0.209166944,0.10247776657342911,0.8674294352531433,0.43957406282424927,33,500,17381
2026-03-06T22:28:38.584Z,58.599998474121094,11,986.1383666992188,-1810,-38,3754,63,91,-40,,,,-0.205260709,0.10620089620351791,0.8695046305656433,0.43640023469924927,33,500,17533
2026-03-06T22:28:38.544Z,58.599998474121094,11,986.0993652,-1845,47,3706,-27,-12,121,,,,-0.205260709,0.10681124776601791,0.8680397868156433,0.43920785188674927,30,500,17408
2026-03-06T22:28:38.504Z,58.779998779296875,11,986.1383666992188,-1804,22,3708,-32,17,79,,,,-0.205016568,0.10644503682851791,0.8660866618156433,0.44317513704299927,30,500,17715
2026-03-06T22:28:38.464Z,59.05999755859375,11,986.1773681640625,-1520,-38,3995,7,14,41,,,,-0.185180187,0.10717745870351791,0.8563820719718933,0.4698474407196045,25,500,17701
2026-03-06T22:28:38.424Z,59.04999923706055,11,986.1383666992188,-1845,470,3803,144,589,108,,,,-0.177428737,0.096496336,0.8657814860343933,0.4577014744281769,25,500,17575
2026-03-06T22:28:38.384Z,59.00999832,11,986.1539916992188,-1713,33,3783,-164,-57,-141,,,,-0.17669633,0.099487051,0.8673684000968933,0.4544055759906769,25,500,17603
2026-03-06T22:28:38.344Z,59.029998779296875,11,986.1383666992188,-1501,35,3864,-51,50,19,,,,-0.174865276,0.099792227,0.8668190836906433,0.4559924900531769,25,500,17830
2026-03-06T22:28:38.304Z,59.1099968,11,986.0993652,-1677,142,3830,26,-56,-16,,,,-0.177428737,0.10302708297967911,0.8672463297843933,0.4535510838031769,25,500,17931
2026-03-06T22:28:38.264Z,59.04999923706055,11,986.1539916992188,-1582,306,3818,90,51,-50,,,,-0.17059283,0.10205052047967911,0.8725563287734985,0.44604378938674927,25,500,17873
2026-03-06T22:28:38.224Z,59.029998779296875,11,986.1773681640625,-1432,228,3864,-315,164,23,,,,-0.164733469,0.10436984896659851,0.8736549615859985,0.44567757844924927,25,500,18107
2026-03-06T22:28:38.184Z,59.029998779296875,11,986.1383666992188,-1663,202,3784,86,54,200,,,,-0.162597239,0.099975333,0.8734108209609985,0.4478748142719269,25,500,18107
2026-03-06T22:28:38.144Z,58.96999740600586,11,986.1539916992188,-1563,297,3805,-40,91,30,,,,-0.158141688,0.10095188766717911,0.8724952936172485,0.4511096775531769,25,500,18063
2026-03-06T22:28:38.104Z,58.959999084472656,11,986.1539916992188,-1440,205,3955,-56,122,37,,,,-0.152160257,0.098571524,0.8738380670547485,0.4509876072406769,25,500,18004
2026-03-06T22:28:38.064Z,58.959999084472656,11,986.1383666992188,-1754,262,3812,82,8,13,,,,-0.164123118,0.10369846224784851,0.8709084391593933,0.4514148533344269,25,500,18317
2026-03-06T22:28:38.024Z,58.88999938964844,11,986.1383666992188,-1309,217,3796,-41,-153,93,,,,-0.166320369,0.10266087204217911,0.8691384196281433,0.4541614353656769,25,500,18348
2026-03-06T22:28:37.984Z,58.779998779296875,11,986.1383666992188,-1825,248,3706,162,-59,204,,,,-0.17669633,0.10528537631034851,0.8645607829093933,0.4583728611469269,25,500,18077
2026-03-06T22:28:37.944Z,58.72999954223633,11,986.1773681640625,-1715,66,3742,-70,-292,57,,,,-0.182738796,0.10852023214101791,0.8623635172843933,0.4594714641571045,25,500,17858
2026-03-06T22:28:37.904Z,58.72999954223633,10,986.1773681640625,-1772,239,3757,-7,-194,83,,,,-0.185180187,0.11273164302110672,0.8599831461906433,0.4619128704071045,25,500,17787
2026-03-06T22:28:37.864Z,58.77000045776367,10,986.1929931640625,-1540,96,3749,-110,-64,30,,,,-0.187438488,0.10552951693534851,0.8591896891593933,0.4641711711883545,25,500,17547
2026-03-06T22:28:37.824Z,58.66999816894531,10,986.1539916992188,-1691,266,3975,132,-30,-129,,,,-0.190612301,0.10259983688592911,0.8623024821281433,0.4576404392719269,25,500,17533
2026-03-06T22:28:37.784Z,58.64999771118164,10,986.1539916992188,-1786,-100,3558,220,38,-127,,,,-0.198485821,0.09912084,0.8632790446281433,0.4531848728656769,25,500,17463
2026-03-06T22:28:37.744Z,58.64999771118164,10,986.1383666992188,-2496,694,3585,152,-435,-137,,,,-0.201781705,0.10534641146659851,0.8627907633781433,0.4512927830219269,25,500,17463
2026-03-06T22:28:37.704Z,58.53999710083008,10,986.1149902,-1435,-131,3889,-44,421,28,,,,-0.194823712,0.092406988,0.8648659586906433,0.4531848728656769,25,500,17381
2026-03-06T22:28:37.664Z,58.46999740600586,10,986.0993652,-1618,-26,3891,110,-23,94,,,,-0.199523419,0.085326932,0.8636452555656433,0.4548328220844269,25,500,17046
2026-03-06T22:28:37.624Z,58.50999832,10,986.0993652,-1061,-215,3954,94,-25,131,,,,-0.209533155,0.061218105256557465,0.8611428141593933,0.4590442478656769,25,500,16800
2026-03-06T22:28:37.584Z,58.84000015258789,10,986.0759887695312,-1535,-229,3737,311,274,14,,,,-0.215148374,0.05395494,0.8604714274406433,0.4585559666156769,25,500,16292
2026-03-06T22:28:37.544Z,59.209999084472656,10,986.0369873046875,-1545,-303,3736,227,-49,70,,,,-0.221984297,0.046081424,0.8602883219718933,0.4564197361469269,25,500,16209
2026-03-06T22:28:37.504Z,59.29999923706055,10,986.0525512695312,-1883,-556,3951,343,-186,13,,,,-0.234984756,0.03771963,0.8594338297843933,0.4523303806781769,25,500,16150
2026-03-06T22:28:37.464Z,59.39999771118164,10,986.0057983398438,-1559,-563,3942,529,-125,-5,,,,-0.247496918,0.027892996,0.8608986735343933,0.44354134798049927,25,500,16044
2026-03-06T22:28:37.424Z,59.41999816894531,10,986.0759887695312,-2032,-969,3647,409,-1122,-287,,,,-0.257384598,-0.003112785,0.8757911920547485,0.40820208191871643,25,500,16067
2026-03-06T22:28:37.384Z,59.44999694824219,10,986.0525512695312,-1716,-922,3757,-137,737,-166,,,,-0.241881698,-0.00646971,0.8837257623672485,0.4005116820335388,25,500,15917
2026-03-06T22:28:37.344Z,59.44999694824219,10,986.0759887695312,-1724,-592,3738,-136,131,-102,,,,-0.236144409,-0.002746575,0.8863502740859985,0.3981923460960388,25,500,15725
2026-03-06T22:28:37.304Z,59.50999832,10,986.0759887695312,-1318,-857,3571,-22,178,-113,,,,-0.2308954,-0.01171872,0.8964210152626038,0.3779897391796112,25,500,15826
2026-03-06T22:28:37.264Z,59.80999755859375,10,986.1149902,-1704,-721,3714,-21,-139,-358,,,,-0.236144409,-0.007263165,0.9006934762001038,0.364439994,25,500,15928
2026-03-06T22:28:37.224Z,60.1099968,10,986.1383666992188,-1693,-535,3763,69,-95,-470,,,,-0.239013061,-0.005065905,0.9142432808876038,0.32702553272247314,25,500,16067
2026-03-06T22:28:37.184Z,60.3599968,10,986.1929931640625,-1420,-534,3808,341,45,-615,,,,-0.227843657,-0.009216285,0.938291073,0.25988703966140747,25,500,15963
2026-03-06T22:28:37.144Z,60.369998931884766,10,986.1773681640625,-1858,11,3652,-248,127,-371,,,,-0.22491397,-0.003234855,0.9418920874595642,0.24932797253131866,25,500,15986
2026-03-06T22:28:37.104Z,60.44999694824219,10,986.1539916992188,-1845,-634,3751,504,-100,-148,,,,-0.22906436,-0.011901825,0.9428686499595642,0.24151548743247986,25,500,16009
2026-03-06T22:28:37.064Z,60.50999832,10,986.1539916992188,-1791,-374,3657,76,134,-345,,,,-0.225280181,-0.013977015,0.9462255835533142,0.23150575160980225,25,500,16244
2026-03-06T22:28:37.024Z,60.69999694824219,11,986.1773681640625,-1680,-440,3735,129,142,-175,,,,-0.220092207,-0.018737745,0.9503759741783142,0.21893253922462463,25,500,16425
2026-03-06T22:28:36.984Z,60.75,11,986.1929931640625,-1787,-302,3665,39,10,-140,,,,-0.222167403,-0.018249465,0.9513525366783142,0.21252386271953583,25,500,16389
2026-03-06T22:28:36.944Z,60.709999084472656,11,986.2163696289062,-1741,-417,3592,110,75,0,,,,-0.215941831,-0.022338809,0.9529394507408142,0.21154731512069702,25,500,16474
2026-03-06T22:28:36.904Z,60.66999816894531,11,986.1539916992188,-1443,-306,3855,-79,374,6,,,,-0.197387189,-0.022827091,0.9566625952720642,0.21264593303203583,25,500,16548
2026-03-06T22:28:36.864Z,60.52000045776367,11,986.1149902,-1064,-426,3885,-105,802,105,,,,-0.163940012,-0.031005779,0.9622167944908142,0.21508733928203583,25,500,16598
2026-03-06T22:28:36.824Z,60.46999740600586,11,986.1149902,-1216,-445,3940,18,54,-47,,,,-0.164428294,-0.031494059,0.9622778296470642,0.21435491740703583,25,500,16341
2026-03-06T22:28:36.784Z,60.39999771118164,11,986.1383666992188,-1259,-448,3934,29,-15,-23,,,,-0.167357966,-0.032409586,0.9619726538658142,0.21307317912578583,25,500,16724
2026-03-06T22:28:36.744Z,60.28999710083008,11,986.1149902,-1262,-475,3927,17,-114,15,,,,-0.18054153,-0.032348551,0.9578832983970642,0.22082462906837463,25,500,16851
2026-03-06T22:28:36.704Z,60.279998779296875,11,986.1383666992188,-1241,-537,3892,-127,-48,201,,,,-0.185058117,-0.031371988,0.9561132788658142,0.22473086416721344,25,500,16994
2026-03-06T22:28:36.664Z,59.94999694824219,11,986.1149902,-1543,-925,3599,-19,-257,168,,,,-0.194091305,-0.031066814,0.9552587866783142,0.22088566422462463,25,500,17165
2026-03-06T22:28:36.624Z,59.8599968,11,986.1539916992188,-1424,-571,3843,-70,-221,-37,,,,-0.194640622,-0.024597105,0.9559301733970642,0.21826115250587463,25,500,17112
2026-03-06T22:28:36.584Z,59.8599968,11,986.1383666992188,-1275,-639,4091,-136,26,51,,,,-0.189574704,-0.02465814,0.9572119116783142,0.21691839396953583,25,500,16942
2026-03-06T22:28:36.544Z,59.73999786376953,11,986.2163696289062,-1648,187,3741,20,41,101,,,,-0.184875011,-0.00500487,0.9550756812095642,0.23132264614105225,25,500,16929
2026-03-06T22:28:36.504Z,59.66999816894531,11,986.2319946289062,-1442,-13,3831,-580,204,472,,,,-0.176024944,0,0.9523290991783142,0.24902279675006866,25,500,17192
2026-03-06T22:28:36.464Z,59.6099968,11,986.2553711,-811,-391,3736,-291,214,803,,,,-0.156554773,0.001525875,0.8785377740859985,0.4511707127094269,25,500,16981
2026-03-06T22:28:36.424Z,59.62999725341797,11,986.2319946289062,-483,-929,3874,-130,-115,2379,,,,-0.158202723,-0.00500487,0.8457009792327881,0.5095812082290649,25,500,16877
2026-03-06T22:28:36.384Z,59.50999832,11,986.1383666992188,-1054,-908,3995,-232,-126,1927,,,,-0.15899618,0.003967275,0.8190286755561829,0.5511460304260254,25,500,17125
2026-03-06T22:28:36.344Z,59.439998626708984,11,986.1539916992188,-1013,-1218,3848,-681,-305,1418,,,,-0.173705608,-0.010314915,0.723997176,0.6674177050590515,25,500,17125
2026-03-06T22:28:36.304Z,59.19999694824219,11,986.1929931640625,-817,-1561,3864,-190,-430,1409,,,,-0.178710476,-0.003478995,0.6964703798294067,0.6948834657669067,25,500,17007
2026-03-06T22:28:36.264Z,59.099998474121094,11,986.1929931640625,-840,-1402,3831,-512,-587,1257,,,,-0.178771511,0.011657685041427612,0.6733991503715515,0.717161238,25,500,17259
2026-03-06T22:28:36.224Z,59.1099968,11,986.1929931640625,-360,-1375,3755,-639,-326,1113,,,,-0.174010783,0.030822675675153732,0.6544783115386963,0.7350444793701172,25,500,17232
2026-03-06T22:28:36.184Z,59.03999710083008,11,986.1773681640625,-626,-1094,4088,-873,-957,773,,,,-0.180236354,0.064391926,0.6337874531745911,0.7493877410888672,25,500,17219
2026-03-06T22:28:36.144Z,59.04999923706055,11,986.1929931640625,-2014,232,3780,-9,-1285,878,,,,-0.106872283,0.182006374,0.3955678343772888,0.8937965631484985,25,500,17192
2026-03-06T22:28:36.104Z,58.89999771118164,11,986.1773681640625,-1379,-370,4012,-1354,566,3147,,,,-0.081786901,0.17071489989757538,0.2983390688896179,0.935422421,25,500,17219
2026-03-06T22:28:36.064Z,58.89999771118164,11,986.1773681640625,-1087,-924,3593,-1445,123,3269,,,,-0.044189341,0.182860866,0.088866957,0.9780858755111694,25,500,17272
2026-03-06T22:28:36.024Z,58.77000045776367,11,986.1773681640625,-1438,-261,3608,-677,-529,3002,,,,-0.03930654,0.1962275207042694,-0.007995585,0.9796727895736694,25,500,17436
2026-03-06T22:28:35.984Z,58.79999923706055,11,986.1539916992188,-2460,544,4702,-179,-512,2163,,,,-0.021362251,0.22491396963596344,-0.118285827,0.9669164419174194,25,500,17477
2026-03-06T22:28:35.944Z,58.75999832,11,986.1383666992188,-1314,-1188,3624,666,5,611,,,,-0.033752356,0.21240179240703583,-0.240722045,0.9464086890220642,25,500,17547
2026-03-06T22:28:35.904Z,58.65999984741211,11,986.1539916992188,-1462,-622,4151,-611,76,790,,,,-0.009582495,0.20239205658435822,-0.287780017,0.935971737,25,500,17505
2026-03-06T22:28:35.864Z,58.5,11,986.1773681640625,-908,188,3681,-780,56,796,,,,0.047302123,0.1951899230480194,-0.371214867,0.9064918160438538,25,500,17367
2026-03-06T22:28:35.824Z,58.55999755859375,11,986.1383666992188,-1362,1015,3888,-496,-656,352,,,,0.11846893280744553,0.14813195168972015,-0.438231289,0.8785377740859985,25,500,17259
2026-03-06T22:28:35.784Z,58.52000045776367,11,986.1539916992188,-623,829,4035,-22,242,-483,,,,0.089538343,0.14581261575222015,-0.448668271,0.8771339654922485,25,500,17408
2026-03-06T22:28:35.744Z,58.55999755859375,11,986.1929931640625,-1047,237,4175,683,156,-69,,,,0.076720998,0.16662554442882538,-0.458861142,0.8693215250968933,25,500,17533
2026-03-06T22:28:35.704Z,58.48999786376953,11,986.1539916992188,-2344,1187,4237,700,-985,-154,,,,0.076843068,0.20196481049060822,-0.458433896,0.8619973063468933,25,500,17477
2026-03-06T22:28:35.664Z,58.38999938964844,11,986.1383666992188,-2028,-1466,3361,1999,-572,-291,,,,0.010803194716572762,0.22772158682346344,-0.448729306,0.8640725016593933,25,500,17463
2026-03-06T22:28:35.624Z,58.31999969482422,11,986.1149902,-1829,-1060,3986,-119,761,-503,,,,0.012329069897532463,0.20880073308944702,-0.446226895,0.8700539469718933,25,500,17436
2026-03-06T22:28:35.584Z,58.23999786376953,11,986.1149902,-1345,-847,3958,-152,345,-530,,,,0.011657685041427612,0.1906733363866806,-0.443541348,0.8756080865859985,25,500,17340
2026-03-06T22:28:35.544Z,58.19999694824219,11,986.1149902,-799,-375,3759,-85,584,-391,,,,0.02978508,0.1979975402355194,-0.417845607,0.8861061334609985,25,500,17219
2026-03-06T22:28:35.504Z,58.21999740600586,11,986.1539916992188,-2398,-205,3522,-156,-1496,-793,,,,0.064391926,0.23870788514614105,-0.407042414,0.8792701959609985,25,500,17205
2026-03-06T22:28:35.464Z,58.30999755859375,11,986.1383666992188,-2108,371,3754,-367,-1512,6,,,,0.10534641146659851,0.23767028748989105,-0.452879697,0.8527809977531433,25,500,17179
2026-03-06T22:28:35.424Z,58.23999786376953,11,986.1539916992188,-2180,285,3681,-48,208,-176,,,,0.10595676302909851,0.23138368129730225,-0.460448027,0.8503395915031433,25,500,17139
2026-03-06T22:28:35.384Z,58.04999923706055,11,986.1773681640625,-1648,0,3738,334,223,-18,,,,0.098632559,0.23126161098480225,-0.470213652,0.8459451198577881,25,500,17246
2026-03-06T22:28:35.344Z,58.1099968,11,986.1773681640625,-1947,-26,530,145,-465,-181,,,,0.14746056497097015,0.3878163993358612,-0.491575897,0.7655619978904724,25,500,17259
2026-03-06T22:28:35.304Z,58.029998779296875,11,986.1929931640625,-6878,-4127,777,2789,-3162,1223,,,,0.10552951693534851,0.4752185046672821,-0.499937683,0.716245711,25,500,17340
2026-03-06T22:28:35.264Z,58.19999694824219,11,986.1929931640625,-3390,-2249,2816,-131,2606,1589,,,,0.060851894319057465,0.40728655457496643,-0.55114603,0.725645125,25,500,17205
2026-03-06T22:28:35.224Z,58.279998779296875,11,986.1773681640625,-1640,-928,3641,-950,2214,91,,,,0.040832415,0.2683708965778351,-0.583311498,0.7654399275779724,25,500,17381
2026-03-06T22:28:35.184Z,58.22999954223633,11,986.1539916992188,-1439,-1116,3785,-475,1284,-398,,,,0.037902735,0.23022401332855225,-0.583677709,0.7777079939842224,25,500,17179
2026-03-06T22:28:35.144Z,58.39999771118164,11,986.1539916992188,-1052,-499,4108,-811,636,-504,,,,0.057189796,0.1925043910741806,-0.586302221,0.7847269773483276,25,500,17422
2026-03-06T22:28:35.104Z,58.34000015258789,11,986.1929931640625,-2554,-286,3426,-617,381,-356,,,,0.11804168671369553,0.181457058,-0.598448157,0.7712993025779724,25,500,17408
2026-03-06T22:28:35.064Z,58.279998779296875,11,986.1929931640625,-1491,557,3836,-952,389,149,,,,0.13391079008579254,0.12707486748695374,-0.624510109,0.7587870955467224,25,500,17450
2026-03-06T22:28:35.024Z,58.04999923706055,11,986.1929931640625,-945,826,3889,-353,528,308,,,,0.12951627373695374,0.11181612312793732,-0.636839211,0.7517070770263672,25,500,17395
2026-03-06T22:28:34.984Z,57.94999694824219,11,986.2163696289062,-766,938,4119,-160,374,285,,,,0.12499967962503433,0.12023895233869553,-0.657530069,0.7330913543701172,25,500,17519
2026-03-06T22:28:34.944Z,57.93000030517578,11,986.1539916992188,-1545,218,3979,92,-507,859,,,,0.12750211358070374,0.14257775247097015,-0.668516338,0.718626082,25,500,17575
2026-03-06T22:28:34.904Z,57.959999084472656,11,986.1773681640625,-1119,-740,4041,179,-344,856,,,,0.0756834,0.15875203907489777,-0.635313332,0.7518901824951172,25,500,17547
2026-03-06T22:28:34.864Z,58.099998474121094,11,986.1383666992188,-3635,71,3523,-746,-109,552,,,,0.13018766045570374,0.20739692449569702,-0.565611362,0.7874125242233276,25,500,17575
2026-03-06T22:28:34.824Z,58.099998474121094,11,986.1149902,-1800,630,3526,-850,-482,473,,,,0.14196741580963135,0.14434777200222015,-0.563597202,0.8007792234420776,25,500,17519
2026-03-06T22:28:34.784Z,58.02000045776367,11,986.1773681640625,-2853,-929,3230,-532,622,328,,,,0.10516330599784851,0.22863711416721344,-0.47326538,0.8441751003265381,25,500,17533
2026-03-06T22:28:34.744Z,57.91999816894531,11,986.1929931640625,-1974,-495,3481,1372,-410,-269,,,,0.037292384,0.21899357438087463,-0.393919885,0.8918434381484985,25,500,17408
2026-03-06T22:28:34.704Z,57.75999832,11,986.1929931640625,-1534,-589,3610,408,789,-1163,,,,0.023376405239105225,0.1998896300792694,-0.353697836,0.9133887887001038,25,500,17408
2026-03-06T22:28:34.664Z,57.75999832,11,986.1539916992188,-1295,-255,3918,305,612,-1440,,,,0.017394975,0.1863398551940918,-0.304686725,0.933835506,25,500,17340
2026-03-06T22:28:34.624Z,57.82999801635742,12,986.1773681640625,-1683,732,3487,316,215,-1616,,,,0.01745601,0.21038764715194702,-0.121093437,0.9699071645736694,25,500,17381
2026-03-06T22:28:34.584Z,57.81999969482422,12,986.1929931640625,-1629,496,3988,133,-31,-1574,,,,0.019836375,0.20971626043319702,-0.063659504,0.9754613637924194,25,500,17381
2026-03-06T22:28:34.544Z,57.779998779296875,12,986.1929931640625,-1410,-1012,4475,437,256,-819,,,,0.00866697,0.20214791595935822,-0.020629831,0.9790624380111694,25,500,17408
2026-03-06T22:28:34.504Z,57.82999801635742,12,986.1539916992188,-2207,1234,3393,-916,-154,-554,,,,0.036926176,0.20489449799060822,0.008605935,0.9780248403549194,25,500,17205
2026-03-06T22:28:34.464Z,57.81999969482422,12,986.1539916992188,-1625,1118,3321,-431,217,-702,,,,0.040710345,0.1983637511730194,0.056213234,0.9776586294174194,25,500,17299
2026-03-06T22:28:34.424Z,57.78999710083008,12,986.1929931640625,-1196,349,3623,472,91,-854,,,,-0.045349006,0.1831660270690918,0.26019221544265747,0.9468969702720642,25,500,17340
2026-03-06T22:28:34.384Z,57.72999954223633,12,986.1539916992188,-1542,478,3658,1379,-635,-973,,,,-0.071838193,0.1878657341003418,0.30822673439979553,0.929746151,25,500,17205
2026-03-06T22:28:34.344Z,57.69999694824219,12,986.1929931640625,-1061,77,4001,773,-298,-985,,,,-0.097533926,0.1887812614440918,0.3742666244506836,0.9025855660438538,25,500,17286
2026-03-06T22:28:34.304Z,57.65999984741211,12,986.1539916992188,-2785,-6,3633,230,-787,-1162,,,,-0.150512308,0.1958613097667694,0.4667956829071045,0.8491188883781433,25,500,17547
2026-03-06T22:28:34.264Z,57.55999755859375,12,986.1383666992188,-2217,-1742,2912,2089,-364,-1171,,,,-0.19000195,0.16308552026748657,0.5215440988540649,0.8156107068061829,25,500,17575
2026-03-06T22:28:34.224Z,57.54999923706055,12,986.1539916992188,-348,304,3898,1391,695,-1302,,,,-0.252806962,0.003601065,0.929135799,0.2695915997028351,25,500,17603
2026-03-06T22:28:34.184Z,57.599998474121094,12,986.1383666992188,-1183,-2700,3756,953,404,-2460,,,,-0.280089617,-0.037902735,0.9530615210533142,0.10821505635976791,25,500,17715
2026-03-06T22:28:34.144Z,57.73999786376953,12,986.1149902,-3297,1851,2666,977,-861,-2754,,,,0.3077384829521179,0.013793909922242165,-0.950742185,0.033508215099573135,25,500,17801
2026-03-06T22:28:34.104Z,57.709999084472656,12,986.1383666992188,-2545,227,3159,-128,-91,-2243,,,,0.2795403003692627,0.091918707,-0.905515254,0.3056022524833679,25,500,17830
2026-03-06T22:28:34.064Z,57.62999725341797,12,986.1539916992188,-2149,-311,3055,2400,-73,-1892,,,,0.2713616192340851,0.11297578364610672,-0.890927911,0.34606844186782837,25,500,17858
2026-03-06T22:28:34.024Z,57.57999801635742,12,986.1773681640625,-2895,-1841,3738,1867,103,-1795,,,,0.21801702678203583,0.23614440858364105,-0.789060473,0.5234361290931702,25,500,17772
2026-03-06T22:28:33.984Z,57.47999954223633,12,986.1539916992188,-3173,-421,2817,133,-275,-276,,,,0.21295110881328583,0.23901306092739105,-0.775876939,0.5435777306556702,25,500,17801
2026-03-06T22:28:33.944Z,57.46999740600586,12,986.1539916992188,-2156,-358,3670,166,1181,-669,,,,0.10089085251092911,0.22582949697971344,-0.66558665,0.7040997743606567,25,500,17772
2026-03-06T22:28:33.904Z,57.40999984741211,12,986.1149902,-1657,-881,3276,1542,1078,-2626,,,,0.060790859162807465,0.22021427750587463,-0.598875403,0.7675151228904724,25,500,17744
2026-03-06T22:28:33.864Z,57.30999755859375,12,986.1383666992188,-1554,-457,3889,801,1318,-2310,,,,0.015563924796879292,0.20440621674060822,-0.456236631,0.8659035563468933,25,500,17631
2026-03-06T22:28:33.824Z,57.22999954223633,12,986.1929931640625,-1559,-756,3706,798,83,-1019,,,,-0.001525875,0.21374456584453583,-0.422118068,0.8809181451797485,25,500,17408
2026-03-06T22:28:33.784Z,57.15999984741211,12,986.2163696289062,-1692,-367,3830,823,92,-1181,,,,-0.0158691,0.22198429703712463,-0.352904379,0.9087501168251038,25,500,17354
2026-03-06T22:28:33.744Z,57.05999755859375,12,986.2163696289062,-1846,-311,3835,215,262,-1295,,,,-0.008605935,0.21820011734962463,-0.316588551,0.923032284,25,500,17354
2026-03-06T22:28:33.704Z,57.06999969482422,12,986.2163696289062,-1634,-520,3739,-233,279,-991,,,,-0.00048828,0.21227972209453583,-0.290526599,0.932981014,25,500,17179
2026-03-06T22:28:33.664Z,57.03999710083008,12,986.1929931640625,-1491,-422,3899,170,-69,-19,,,,0.00280761,0.21466009318828583,-0.28698656,0.933530331,25,500,17072
2026-03-06T22:28:33.624Z,56.96999740600586,12,986.1929931640625,-2340,-650,3306,62,-126,-85,,,,0.02026362,0.2730095684528351,-0.263549119,0.924924374,25,500,17020
2026-03-06T22:28:33.584Z,57.00999832,12,986.1383666992188,-2160,-745,3366,-123,-297,20,,,,0.024047790095210075,0.2817986011505127,-0.2617791,0.922727108,25,500,17099
2026-03-06T22:28:33.544Z,57.07999801635742,12,986.1383666992188,-2183,-379,3451,-364,-111,-75,,,,0.032165445387363434,0.2835075855255127,-0.256713212,0.92333746,25,500,17139
2026-03-06T22:28:33.504Z,57.09000015258789,12,986.1383666992188,-2225,-394,3460,-64,-34,49,,,,0.036315825,0.2868644893169403,-0.262572557,0.920529842,25,500,17139
2026-03-06T22:28:33.464Z,57.21999740600586,12,986.1539916992188,-2178,-327,3455,-7,-38,-4,,,,0.035278231,0.2875969111919403,-0.256530106,0.921994686,25,500,17179
2026-03-06T22:28:33.424Z,57.39999771118164,12,986.1773681640625,-2292,-251,3429,17,-30,-44,,,,0.035217196,0.2909538447856903,-0.244689316,0.924191952,25,500,17205
2026-03-06T22:28:33.384Z,57.369998931884766,12,986.2163696289062,-2205,-459,3345,96,11,-111,,,,0.031127849593758583,0.2911369502544403,-0.237243041,0.926206112,25,500,17152
2026-03-06T22:28:33.344Z,57.279998779296875,12,986.2163696289062,-2165,-177,3551,69,52,-133,,,,0.034484774,0.2826530933380127,-0.234313369,0.929440975,25,500,17033
2026-03-06T22:28:33.304Z,57.349998474121094,12,986.2553711,-1987,-233,3580,-181,381,-142,,,,0.02990715,0.26147395372390747,-0.21343939,0.940793514,25,500,17165
2026-03-06T22:28:33.264Z,57.619998931884766,12,986.2553711,-2037,-310,3590,30,33,-125,,,,0.026306085288524628,0.2622673809528351,-0.199828595,0.9436621069908142,25,500,17059
2026-03-06T22:28:33.224Z,57.619998931884766,12,986.2553711,-2054,-269,3533,88,-32,-122,,,,0.024902280420064926,0.2648918926715851,-0.189269528,0.9451269507408142,25,500,16994
2026-03-06T22:28:33.184Z,57.54999923706055,12,986.2319946289062,-2234,-244,3383,39,-115,-168,,,,0.023864684626460075,0.2691033184528351,-0.175292522,0.9466528296470642,25,500,17099
2026-03-06T22:28:33.144Z,57.52000045776367,12,986.2319946289062,-2461,-228,3368,19,-88,-197,,,,0.02050776,0.2676384747028351,-0.160216868,0.9498266577720642,25,500,17072
2026-03-06T22:28:33.104Z,57.279998779296875,12,986.2163696289062,-1657,-123,3678,105,351,-160,,,,0.012268034741282463,0.23406922817230225,-0.147216424,0.9608740210533142,25,500,17086
2026-03-06T22:28:33.064Z,57.279998779296875,12,986.1929931640625,-1691,-180,3801,-124,379,123,,,,0.007995585,0.22961367666721344,-0.143004999,0.9626440405845642,25,500,17072
2026-03-06T22:28:33.024Z,57.38999938964844,12,986.1929931640625,-1655,-97,3846,128,96,159,,,,0.003234855,0.22753848135471344,-0.133544579,0.9645361304283142,25,500,17072
2026-03-06T22:28:32.984Z,57.439998626708984,12,986.1773681640625,-1666,-283,4232,-71,76,106,,,,0.00012207,0.22656191885471344,-0.134154931,0.9646582007408142,25,500,17165
2026-03-06T22:28:32.944Z,57.36000061035156,12,986.1773681640625,-1343,-399,3918,423,-149,127,,,,-0.017700151,0.20568795502185822,-0.104797095,0.9727758169174194,25,500,17072
2026-03-06T22:28:32.904Z,57.36000061035156,12,986.1773681640625,-533,-1177,3749,-681,922,330,,,,-0.013122525,0.16339069604873657,-0.07580547,0.9835180044174194,25,500,17020
2026-03-06T22:28:32.864Z,57.369998931884766,12,986.1773681640625,-580,-560,4053,-467,450,272,,,,-0.00903318,0.14910849928855896,-0.04492176,0.9877294301986694,25,500,17086
2026-03-06T22:28:32.824Z,57.369998931884766,12,986.1773681640625,-619,-391,4037,-251,227,212,,,,-0.00622557,0.14562951028347015,-0.004455555,0.9892552495002747,25,500,16981
2026-03-06T22:28:32.784Z,57.279998779296875,12,986.1773681640625,-1047,-270,3952,-400,-255,71,,,,-0.00012207,0.15576131641864777,0.030395429581403732,0.9873021841049194,25,500,17072
2026-03-06T22:28:32.744Z,57.279998779296875,12,986.1773681640625,-1390,259,4541,-584,-193,108,,,,0.013000454753637314,0.16619829833507538,0.05676255,0.9843114614486694,25,500,17219
2026-03-06T22:28:32.704Z,57.29999923706055,12,986.1773681640625,-1666,1191,3945,-782,-435,386,,,,0.045898318,0.1874384880065918,0.064941242,0.9790014028549194,25,500,17165
2026-03-06T22:28:32.664Z,57.32999801635742,12,986.1929931640625,-1539,685,3803,42,299,357,,,,0.038146876,0.17596390843391418,0.084045194,0.9800390005111694,25,500,17299
2026-03-06T22:28:32.624Z,57.279998779296875,12,986.2163696289062,-968,660,3979,117,687,380,,,,0.028076099,0.15612752735614777,0.099242911,0.9822973012924194,25,500,17367
2026-03-06T22:28:32.584Z,57.18000030517578,12,986.2553711,-429,-203,4143,422,563,306,,,,-0.025146419,0.15002402663230896,0.20330758392810822,0.9671605825424194,25,500,17436
2026-03-06T22:28:32.544Z,57.12999725341797,12,986.2319946289062,-2616,136,4392,-415,-1128,77,,,,-0.049682491,0.1848750114440918,0.25109797716140747,0.9487890601158142,25,500,17519
2026-03-06T22:28:32.504Z,57.12999725341797,12,986.2553711,-1859,-1041,3248,1232,-182,181,,,,-0.090942152,0.16723589599132538,0.2995597720146179,0.934812069,25,500,17505
2026-03-06T22:28:32.464Z,57.099998474121094,12,986.2319946289062,-255,-905,3795,360,564,222,,,,-0.105224341,0.11291474848985672,0.44134408235549927,0.8839088678359985,25,500,17603
2026-03-06T22:28:32.424Z,57.04999923706055,12,986.2319946289062,-462,-394,3684,-48,9,-217,,,,-0.109191611,0.12164275348186493,0.4841296076774597,0.8595559000968933,25,500,17422
2026-03-06T22:28:32.384Z,56.89999771118164,12,986.2163696289062,-844,-1709,4462,-236,-1048,-432,,,,-0.146728143,0.14092981815338135,0.6300032734870911,0.7493877410888672,25,500,17395
2026-03-06T22:28:32.344Z,56.89999771118164,12,986.2553711,-3019,573,3455,-665,-1043,-609,,,,-0.148559183,0.1878046989440918,0.6586287021636963,0.713316023,25,500,17519
2026-03-06T22:28:32.304Z,56.82999801635742,12,986.2163696289062,-1822,742,3773,-1502,-403,218,,,,-0.132384911,0.14794884622097015,0.7799662351608276,0.5934432744979858,25,500,17477
2026-03-06T22:28:32.264Z,56.82999801635742,12,986.2163696289062,-3578,-926,1557,491,1244,436,,,,-0.24462828,0.090698011,0.8583351969718933,0.44164925813674927,25,500,17575
2026-03-06T22:28:32.224Z,56.63999938964844,12,986.2319946289062,-4069,-1600,2448,1924,-1710,125,,,,-0.261351883,0.043029673397541046,0.8681008219718933,0.41973769664764404,25,500,17519
2026-03-06T22:28:32.184Z,56.63999938964844,12,986.2319946289062,-2035,-769,3316,668,1322,138,,,,-0.212890074,0.015991169959306717,0.8833595514297485,0.41717422008514404,25,500,17395
2026-03-06T22:28:32.144Z,56.529998779296875,12,986.1929931640625,-494,-1382,3817,-240,1626,313,,,,-0.124938644,-0.01440426,0.8703591227531433,0.4759509265422821,25,500,17354
2026-03-06T22:28:32.104Z,56.47999954223633,12,986.1773681640625,-816,-421,4067,-422,391,606,,,,-0.108337127,0.002014155,0.8617531657218933,0.49548211693763733,25,500,17519
2026-03-06T22:28:32.064Z,56.459999084472656,12,986.2163696289062,666,-1297,4934,-633,345,582,,,,-0.077148236,-0.008605935,0.8533303141593933,0.5154405832290649,25,500,17327
2026-03-06T22:28:32.024Z,56.529998779296875,12,986.2163696289062,1729,-1697,5031,-44,694,632,,,,0.068420231,-0.00256347,0.8598610758781433,0.5057970285415649,25,500,17422
2026-03-06T22:28:31.984Z,56.529998779296875,12,986.1929931640625,-594,5237,7258,-2243,-2353,1379,,,,0.012206999585032463,0.10620089620351791,0.8522927165031433,0.5119005441665649,25,500,17286
2026-03-06T22:28:31.944Z,56.46999740600586,13,986.1773681640625,-2207,-314,1908,-200,-4329,1910,,,,-0.094604246,0.10436984896659851,0.8532082438468933,0.5021349191665649,25,500,17340
2026-03-06T22:28:31.904Z,56.36000061035156,13,986.1773681640625,-271,29,4135,1510,297,22,,,,-0.036621001,0.00329589,0.9038062691688538,0.42626842856407166,25,500,17381
2026-03-06T22:28:31.864Z,56.279998779296875,13,986.1539916992188,158,-423,4223,123,71,-604,,,,-0.01379391,-0.043456919,0.9464697241783142,0.31933513283729553,25,500,17246
2026-03-06T22:28:31.824Z,56.23999786376953,13,986.1773681640625,292,-300,4053,-31,224,-171,,,,-0.009094215,-0.041992079,0.9502539038658142,0.30834880471229553,25,500,17381
2026-03-06T22:28:31.784Z,56.279998779296875,13,986.1929931640625,231,-333,4052,-131,-37,-90,,,,-0.009216285,-0.038879294,0.9533056616783142,0.2992545962333679,25,500,17381
2026-03-06T22:28:31.744Z,56.31999969482422,13,986.1929931640625,404,-685,3703,-5,83,-109,,,,-0.00708006,-0.036437895,0.9563574194908142,0.2896721065044403,25,500,17408
2026-03-06T22:28:31.704Z,56.28999710083008,13,986.1929931640625,613,-99,4307,-466,-94,-306,,,,0.006164535,-0.010559055,0.9675267934799194,0.25219660997390747,25,500,17617
2026-03-06T22:28:31.664Z,56.189998626708984,13,986.1773681640625,188,308,4571,-260,-225,-174,,,,-0.01293942,0.020324655,0.9811986684799194,0.1911616176366806,25,500,17436
2026-03-06T22:28:31.624Z,56.22999954223633,13,986.2163696289062,-222,-220,3898,-97,-434,-612,,,,-0.034362704,0.023254334926605225,0.9863866567611694,0.15893514454364777,25,500,17547
2026-03-06T22:28:31.584Z,56.15999984741211,13,986.2319946289062,-1297,1324,3619,3,-805,-585,,,,-0.051757678,0.035644438,0.9884617924690247,0.13745081424713135,25,500,17561
2026-03-06T22:28:31.544Z,56.03999710083008,13,986.2319946289062,-199,678,4037,-131,-262,-185,,,,-0.035827544,0.04077138,0.9912083745002747,0.12048309296369553,25,500,17533
2026-03-06T22:28:31.504Z,56.02000045776367,13,986.2319946289062,1607,406,3895,-189,966,373,,,,-0.00402831,0.014221155,0.9954808354377747,0.093627691,25,500,17645
2026-03-06T22:28:31.464Z,56.02000045776367,13,986.1773681640625,-2793,-348,3277,-81,-334,712,,,,-0.128539711,-0.007019025,0.9894383549690247,0.065734692,25,500,17744
2026-03-06T22:28:31.424Z,55.78999710083008,13,986.1929931640625,-1474,-1714,3224,1768,-1533,352,,,,-0.118957214,-0.05383287,0.9899876713752747,0.053222518,25,500,17858
2026-03-06T22:28:31.384Z,55.78999710083008,13,986.1773681640625,-172,-691,4464,232,1055,705,,,,-0.085876241,-0.04809558,0.9938939213752747,0.049072139,25,500,17931
2026-03-06T22:28:31.344Z,55.71999740600586,13,986.1773681640625,-190,-664,4491,-337,329,605,,,,-0.077758588,-0.040099993,0.9953587651252747,0.039672751,25,500,17989
2026-03-06T22:28:31.304Z,55.57999801635742,13,986.1539916992188,-615,-403,3675,-430,279,562,,,,0.13159145414829254,0.013732874765992165,-0.991147339,0.0024414,25,500,18302
2026-03-06T22:28:31.264Z,55.43000030517578,14,986.1929931640625,-2199,270,4146,-462,-1645,-137,,,,0.1846919059753418,-0.00073242,-0.981992126,0.038391016,25,500,18409
2026-03-06T22:28:31.224Z,55.349998474121094,14,986.1929931640625,-1639,561,3854,-941,-1645,-329,,,,0.16680864989757538,-0.022643985,-0.982785583,0.0756834,25,500,18752
2026-03-06T22:28:31.184Z,55.279998779296875,14,986.1539916992188,-1259,861,3852,-137,790,167,,,,0.14404259622097015,-0.02636712,-0.985043883,0.090453871,25,500,18641
2026-03-06T22:28:31.144Z,55.16999816894531,14,986.1539916992188,-929,930,3894,-292,603,190,,,,0.13623012602329254,-0.026061945,-0.984860778,0.10375949740409851,25,500,18486
2026-03-06T22:28:31.104Z,55.04999923706055,14,986.1383666992188,-881,536,3749,220,-245,139,,,,0.13433803617954254,-0.011535615,-0.983762145,0.11822479218244553,25,500,18579
2026-03-06T22:28:31.064Z,54.96999740600586,14,986.1149902,212,-157,4208,401,569,-154,,,,0.10900851339101791,0.022216739133000374,-0.981747985,0.15386924147605896,25,500,18470
2026-03-06T22:28:31.024Z,54.90999984741211,14,986.1383666992188,-3484,-287,2722,-57,-445,-257,,,,0.18231155,0.066345043,-0.958432615,0.20904487371444702,25,500,18439
2026-03-06T22:28:30.984Z,54.78999710083008,14,986.1383666992188,-2369,-758,3314,1634,-274,-1342,,,,0.14923056960105896,0.093993902,-0.947507322,0.2664788067340851,25,500,18439
2026-03-06T22:28:30.944Z,54.50999832,14,986.1383666992188,-506,-529,4025,709,1225,-1735,,,,0.029540939,0.10662814229726791,-0.893552423,0.43505749106407166,25,500,18532
2026-03-06T22:28:30.904Z,54.32999801635742,14,986.1383666992188,-304,-762,3964,798,581,-1451,,,,0.007263165,0.11852996796369553,-0.872617364,0.4736926257610321,25,500,18486
2026-03-06T22:28:30.864Z,54.23999786376953,14,986.1773681640625,-379,-1416,3919,591,273,-1112,,,,0.00378417,0.13098110258579254,-0.853696525,0.5039049386978149,25,500,18579
2026-03-06T22:28:30.824Z,53.94999694824219,14,986.1929931640625,-574,-854,4214,-372,-597,-1096,,,,0.034362704,0.11413545161485672,-0.828916311,0.5464463829994202,25,500,18501
2026-03-06T22:28:30.784Z,53.94999694824219,14,986.2163696289062,-775,-585,3808,3,-113,-1021,,,,0.071716122,0.11822479218244553,-0.802793324,0.5799545645713806,25,500,18626
2026-03-06T22:28:30.744Z,53.97999954223633,14,986.1773681640625,-1478,-384,3837,59,-616,-1504,,,,0.095580809,0.13244594633579254,-0.76251024,0.6259139180183411,25,500,18579
2026-03-06T22:28:30.704Z,53.89999771118164,14,986.1929931640625,-1706,-362,4282,433,-172,-2292,,,,0.095336668,0.13409389555454254,-0.729917586,0.6633893847465515,25,500,18641
2026-03-06T22:28:30.664Z,54.00999832,15,986.1773681640625,-998,1940,3910,54,210,-3169,,,,0.11791961640119553,0.11236543208360672,-0.640867472,0.7501201629638672,25,500,18563
2026-03-06T22:28:30.624Z,53.93000030517578,15,986.1773681640625,-419,1266,3925,-34,203,-2907,,,,0.089904554,0.096496336,-0.525084078,0.8407571315765381,25,500,18563
2026-03-06T22:28:30.584Z,53.77000045776367,15,986.1773681640625,-1827,-1865,2625,1153,660,-2925,,,,-0.03332511,0.20751899480819702,-0.337157339,0.9176612496376038,25,500,18610
2026-03-06T22:28:30.544Z,53.62999725341797,15,986.1383666992188,-1510,-1547,3659,820,265,-342,,,,-0.036804106,0.2002558410167694,-0.351927817,0.9135718941688538,25,500,18784
2026-03-06T22:28:30.504Z,53.529998779296875,15,986.0993652,-836,222,4855,-209,733,-296,,,,-0.001770015,0.16192585229873657,-0.38238427,0.9096656441688538,25,500,18864
2026-03-06T22:28:30.464Z,53.40999984741211,15,986.1383666992188,790,-446,4860,455,558,-723,,,,0.046874881,0.16412311792373657,-0.416808009,0.8927589654922485,25,500,18929
2026-03-06T22:28:30.424Z,53.279998779296875,15,986.1149902,-1282,936,1784,1220,762,-527,,,,0.085265897,0.2748405933380127,-0.42486462,0.8582741618156433,25,500,19010
2026-03-06T22:28:30.384Z,53.03999710083008,15,986.1383666992188,-4901,-3059,836,2833,-3150,727,,,,0.040099993,0.33312901854515076,-0.437681973,0.8341042995452881,25,500,18978
2026-03-06T22:28:30.344Z,52.959999084472656,15,986.1383666992188,-1983,-1647,4098,774,778,1068,,,,0.00439452,0.20349068939685822,-0.483946502,0.8510109782218933,25,500,19043
2026-03-06T22:28:30.304Z,52.939998626708984,15,986.1149902,-691,-428,4199,-833,1659,-14,,,,0.00781248,0.15978963673114777,-0.487730682,0.8581520915031433,25,500,19175
2026-03-06T22:28:30.264Z,52.82999801635742,15,986.0525512695312,-1080,-553,3383,-237,432,163,,,,0.022399844601750374,0.16400104761123657,-0.494322449,0.8533303141593933,25,500,19109
2026-03-06T22:28:30.224Z,52.78999710083008,15,986.0759887695312,-2099,-272,3851,-253,-704,211,,,,0.042175184935331345,0.17712357640266418,-0.5003649,0.8463723659515381,25,500,19158
2026-03-06T22:28:30.184Z,52.63999938964844,15,986.0993652,-2782,-957,3576,-213,-578,269,,,,0.047912475,0.1913447231054306,-0.509886384,0.8372781276702881,25,500,19394
2026-03-06T22:28:30.144Z,52.55999755859375,16,986.0759887695312,-1243,-274,4069,421,-190,366,,,,0.02978508,0.16528278589248657,-0.500670075,0.8491188883781433,25,500,19479
2026-03-06T22:28:30.104Z,52.41999816894531,16,986.0759887695312,-1330,-575,3834,29,-17,-9,,,,0.030273359268903732,0.16558796167373657,-0.500731111,0.8490578532218933,25,500,19617
2026-03-06T22:28:30.064Z,52.28999710083008,16,986.1149902,-1415,-460,3840,-101,-10,12,,,,0.033813390880823135,0.16375690698623657,-0.501341462,0.8488747477531433,25,500,19722
2026-03-06T22:28:30.024Z,52.209999084472656,16,986.0759887695312,-1149,-444,3908,-164,34,41,,,,0.033996496349573135,0.15899617969989777,-0.500975251,0.8499733805656433,25,500,19479
2026-03-06T22:28:29.984Z,52.119998931884766,16,986.0993652,-683,-345,3951,-8,38,69,,,,0.036926176,0.14788781106472015,-0.502318025,0.8510720133781433,25,500,19846
2026-03-06T22:28:29.944Z,52.00999832,16,986.0993652,-1041,-472,4051,265,-14,-240,,,,0.034606844,0.14636193215847015,-0.495299011,0.8555275797843933,25,500,19740
2026-03-06T22:28:29.904Z,51.87999725341797,16,986.0993652,-1128,-316,3992,-146,29,-463,,,,0.039855856,0.14361535012722015,-0.489622772,0.8590676188468933,25,500,19740
2026-03-06T22:28:29.864Z,51.81999969482422,16,986.0993652,-1206,-313,3905,8,-45,-44,,,,0.039855856,0.14849814772605896,-0.486387908,0.8600441813468933,25,500,19740
2026-03-06T22:28:29.824Z,51.55999755859375,16,986.0525512695312,-1192,-462,3792,201,-75,-143,,,,0.035888579,0.15283164381980896,-0.480345458,0.8628517985343933,25,500,20026
2026-03-06T22:28:29.784Z,51.439998626708984,16,986.0759887695312,-1205,-295,3956,-7,-80,-206,,,,0.038879294,0.14715538918972015,-0.478819579,0.8645607829093933,25,500,20154
2026-03-06T22:28:29.744Z,51.28999710083008,16,986.1149902,-1220,-302,3930,28,-22,-52,,,,0.038635153,0.14752160012722015,-0.477232665,0.8654152750968933,25,500,20191
2026-03-06T22:28:29.704Z,51.13999938964844,16,986.0759887695312,-1192,-321,3917,14,11,-47,,,,0.038085841,0.14746056497097015,-0.475218505,0.8665139079093933,25,500,20209
2026-03-06T22:28:29.664Z,51.07999801635742,16,986.0993652,-1195,-306,3922,15,-2,-47,,,,0.03771963,0.14770470559597015,-0.471861571,0.8683449625968933,25,500,20044
2026-03-06T22:28:29.624Z,51.05999755859375,16,986.0993652,-1214,-281,3946,9,-17,-56,,,,0.038574118,0.14788781106472015,-0.470824003,0.8688332438468933,25,500,20062
2026-03-06T22:28:29.584Z,50.90999984741211,16,986.1773681640625,-1217,-214,3946,-17,-14,-56,,,,0.04064931,0.14880332350730896,-0.466429472,0.8709694743156433,25,500,20062
2026-03-06T22:28:29.544Z,50.82999801635742,17,986.1773681640625,-1216,-273,3917,23,-14,-20,,,,0.040588275,0.14935263991355896,-0.468016386,0.8699929118156433,25,500,20191
2026-03-06T22:28:29.504Z,50.689998626708984,17,986.1773681640625,-1197,-283,3944,-18,-4,-10,,,,0.041503798216581345,0.14916953444480896,-0.472716063,0.8674294352531433,25,500,20209
2026-03-06T22:28:29.464Z,50.57999801635742,17,986.1773681640625,-1199,-229,3909,38,-13,29,,,,0.042785536497831345,0.15020713210105896,-0.473082274,0.8670021891593933,25,500,20358
2026-03-06T22:28:29.424Z,50.45000076293945,17,986.1149902,-1186,-435,3849,-89,-65,-34,,,,0.038696188,0.15856893360614777,-0.465391874,0.8698708415031433,25,500,20566
2026-03-06T22:28:29.384Z,50.349998474121094,17,986.1383666992188,-768,159,4196,242,22,-240,,,,0.041686903685331345,0.14764367043972015,-0.448668271,0.8803688287734985,25,500,20452
2026-03-06T22:28:29.344Z,50.21999740600586,17,986.1539916992188,-1137,87,3968,-336,233,-473,,,,0.060180511,0.15582235157489777,-0.442564785,0.8809791803359985,25,500,20452
2026-03-06T22:28:29.304Z,50.20000076293945,17,986.1929931640625,-1749,170,3572,5,-235,-139,,,,0.073913388,0.16723589599132538,-0.453184873,0.8723732233047485,25,500,20779
2026-03-06T22:28:29.264Z,50.04999923706055,17,986.1539916992188,-1413,91,3806,-513,-6,156,,,,0.080749303,0.16039997339248657,-0.461973906,0.8684670329093933,25,500,21056
2026-03-06T22:28:29.224Z,49.95000076293945,18,986.1539916992188,-1266,91,3917,-134,75,22,,,,0.082153112,0.16088825464248657,-0.466612577,0.8657814860343933,25,500,21036
2026-03-06T22:28:29.184Z,49.95000076293945,18,986.1773681640625,-1381,71,3936,170,-150,-122,,,,0.082031041,0.17370560765266418,-0.462218046,0.8656594157218933,25,500,21465
2026-03-06T22:28:29.144Z,49.65999984741211,18,986.1539916992188,-1023,437,3584,182,-558,-279,,,,0.092956305,0.21667425334453583,-0.459166318,0.8564431071281433,25,500,21361
2026-03-06T22:28:29.104Z,49.599998474121094,18,986.1149902,-1177,749,1477,217,-1414,156,,,,0.10534641146659851,0.355223686,-0.470457792,0.8008402585983276,25,500,21341
2026-03-06T22:28:29.064Z,49.439998626708984,18,986.0993652,-6862,-3283,2014,2298,-3511,225,,,,0.085387968,0.4661242961883545,-0.450804502,0.7564067244529724,25,500,21549
2026-03-06T22:28:29.024Z,49.31999969482422,18,986.0993652,-1967,-1478,2635,1044,772,1412,,,,0.009704565,0.358763725,-0.531431735,0.7672709822654724,25,500,21591
2026-03-06T22:28:28.984Z,49.31999969482422,18,986.0525512695312,-2635,-1668,2757,-168,609,-135,,,,0.00817869,0.33941563963890076,-0.535154879,0.7734355330467224,25,500,21718
2026-03-06T22:28:28.944Z,49.15999984741211,19,986.1149902,-1764,-1023,3561,-481,1138,-135,,,,0.00585936,0.3016960024833679,-0.54345566,0.7832621335983276,25,500,21868
2026-03-06T22:28:28.904Z,48.91999816894531,19,986.1149902,-1601,-1433,3480,-313,991,-130,,,,0.002746575,0.2742302417755127,-0.543577731,0.7932108640670776,25,500,21933
2026-03-06T22:28:28.864Z,48.63999938964844,19,986.0993652,-1160,-1176,3719,-663,448,-273,,,,0.014343225,0.22589053213596344,-0.539610445,0.8108499646186829,25,500,21868
2026-03-06T22:28:28.824Z,48.63999938964844,19,986.1149902,-797,-463,3553,-755,283,-338,,,,0.045898318,0.1980585753917694,-0.53173691,0.8220804333686829,25,500,22265
2026-03-06T22:28:28.784Z,48.40999984741211,19,986.0993652,-2026,-457,3547,-318,-478,-468,,,,0.065734692,0.20489449799060822,-0.520445466,0.8262917995452881,25,500,22560
2026-03-06T22:28:28.744Z,48.27000045776367,19,986.1773681640625,-1695,-809,4283,-343,265,-576,,,,0.072814755,0.1940913051366806,-0.505064607,0.8377664089202881,25,500,22746
2026-03-06T22:28:28.704Z,47.939998626708984,19,986.1383666992188,-1200,399,3930,-380,-1,-271,,,,0.083862089,0.13098110258579254,-0.510862947,0.8453958034515381,25,500,22840
2026-03-06T22:28:28.664Z,47.80999755859375,19,986.1539916992188,-667,299,4062,-197,509,100,,,,0.074828908,0.12219206988811493,-0.52593857,0.8383157253265381,25,500,23006
2026-03-06T22:28:28.624Z,47.68000030517578,20,986.1383666992188,-410,653,3961,-19,-194,706,,,,0.077453412,0.13146938383579254,-0.544188082,0.8249490857124329,25,500,24347
2026-03-06T22:28:28.584Z,47.50999832,20,986.0759887695312,-1221,-79,3647,188,-858,1056,,,,0.076232716,0.16589312255382538,-0.57031101,0.8008402585983276,25,500,24373
2026-03-06T22:28:28.544Z,47.40999984741211,20,986.0993652,-1510,453,4479,256,-299,938,,,,0.071960263,0.17437699437141418,-0.577940404,0.7939432859420776,25,500,24267
2026-03-06T22:28:28.504Z,47.40999984741211,20,986.0993652,-1566,-856,3533,151,-312,520,,,,0.033630285412073135,0.17584183812141418,-0.583250463,0.7922343015670776,25,500,24454
2026-03-06T22:28:28.464Z,47.00999832,20,986.1149902,-1385,-684,3785,-169,287,304,,,,0.030883710831403732,0.16534382104873657,-0.583311498,0.7945536375045776,25,500,24508
2026-03-06T22:28:28.424Z,46.82999801635742,20,986.1149902,-1195,-655,3851,-175,253,119,,,,0.029357836,0.15643270313739777,-0.57812351,0.8002299070358276,25,500,24755
2026-03-06T22:28:28.384Z,46.459999084472656,20,986.1149902,-1732,-384,3879,-240,178,-30,,,,0.079772748,0.1844477653503418,-0.509520173,0.8366067409515381,25,500,24811
2026-03-06T22:28:28.344Z,46.279998779296875,21,986.1383666992188,-1719,-178,4602,-38,-204,-14,,,,0.089416273,0.1907954066991806,-0.502562165,0.8384377956390381,25,500,24880
2026-03-06T22:28:28.304Z,46.029998779296875,21,986.0993652,-2913,-279,3091,-544,-501,148,,,,0.11090059578418732,0.20477242767810822,-0.50250113,0.8325784206390381,25,500,25049
2026-03-06T22:28:28.264Z,45.87999725341797,21,986.1383666992188,-2238,630,3427,-674,-458,641,,,,0.12860074639320374,0.1926264613866806,-0.504881501,0.8314797878265381,25,500,25336
2026-03-06T22:28:28.224Z,45.80999755859375,21,986.1383666992188,-1933,428,3607,-994,264,271,,,,0.13037076592445374,0.179198757,-0.502867341,0.8353860378265381,25,500,25351
2026-03-06T22:28:28.184Z,45.64999771118164,22,986.1539916992188,-1149,443,3996,-81,403,348,,,,0.11657685041427612,0.17486527562141418,-0.486815155,0.8477761745452881,25,500,25264
2026-03-06T22:28:28.144Z,45.529998779296875,22,986.1383666992188,-1697,387,3750,128,-493,291,,,,0.11132784187793732,0.1972651183605194,-0.47918579,0.8478982448577881,25,500,25600
2026-03-06T22:28:28.104Z,45.41999816894531,22,986.1383666992188,-1494,-90,3841,573,-501,490,,,,0.096496336,0.21398870646953583,-0.473936766,0.8486306667327881,25,500,25497
2026-03-06T22:28:28.064Z,45.25999832,22,986.1149902,-1764,683,4008,140,-85,144,,,,0.091247328,0.22405947744846344,-0.456602842,0.8560768961906433,25,500,25615
2026-03-06T22:28:28.024Z,45.07999801635742,23,986.0993652,-2028,-833,3468,755,-737,15,,,,0.046569705,0.25537043809890747,-0.427367061,0.8659645915031433,25,500,25453
2026-03-06T22:28:27.984Z,44.89999771118164,23,986.0993652,-2019,-586,3737,646,287,-223,,,,0.015197714790701866,0.23315370082855225,-0.388426751,0.8912941217422485,25,500,25556
2026-03-06T22:28:27.944Z,44.73999786376953,23,986.0993652,-1294,-271,4012,230,866,-1031,,,,-0.000793455,0.21221868693828583,-0.287657946,0.933896542,25,500,25839
2026-03-06T22:28:27.904Z,44.57999801635742,23,986.0993652,-1020,-482,3852,685,56,-1826,,,,-0.010681125,0.21948185563087463,-0.21917668,0.9505590796470642,25,500,26191
2026-03-06T22:28:27.864Z,44.36000061035156,23,986.0993652,-1434,-108,3507,637,-504,-2062,,,,-0.007873515,0.23760925233364105,-0.148864359,0.9597753882408142,25,,
2026-03-06T22:28:27.824Z,43.90999984741211,24,986.0525512695312,-2375,-1328,3847,256,-232,-2201,,,,-0.017028766,0.24816830456256866,-0.01501461,0.9684423208236694,25,,
2026-03-06T22:28:27.784Z,43.62999725341797,24,986.0993652,-2263,1542,3285,-848,-43,-1117,,,,0.030273359268903732,0.23626647889614105,0.051208365708589554,0.9698461294174194,25,,
2026-03-06T22:28:27.744Z,43.459999084472656,24,986.0993652,-1632,749,3614,551,319,-941,,,,-0.006042465,0.21807804703712463,0.17419388890266418,0.9602026343345642,25,,
2026-03-06T22:28:27.704Z,43.29999923706055,24,986.0525512695312,-1742,994,3835,642,-59,-1210,,,,-0.016052205,0.21856632828712463,0.20410104095935822,0.9540380835533142,25,,
2026-03-06T22:28:27.664Z,43.15999984741211,,986.0369873046875,-1237,611,3699,944,-146,-1009,,,,-0.044555549,0.21508733928203583,0.24829037487506866,0.9434179663658142,,,
2026-03-06T22:28:27.624Z,42.93000030517578,,986.0369873046875,-2180,662,4065,1130,-570,-924,,,,-0.126525551,0.21801702678203583,0.3916615843772888,0.8848243951797485,,,
2026-03-06T22:28:27.584Z,42.72999954223633,,,-2272,-745,3154,1204,35,-461,,,,-0.186645031,0.1864008903503418,0.4738757312297821,0.8400857448577881,,,
2026-03-06T22:28:27.544Z,42.50999832,,,-2075,-439,3424,429,188,-575,,,,-0.193603024,0.17498734593391418,0.5175768136978149,0.8148172497749329,,,
2026-03-06T22:28:27.504Z,42.279998779296875,,,-2043,76,3720,305,233,-746,,,,-0.25207454,0.096313231,0.8996558785438538,0.34307771921157837,,,
2026-03-06T22:28:27.464Z,41.869998931884766,,,-2448,1152,3418,287,285,-1469,,,,-0.251036942,0.070983708,0.9520239233970642,0.15948446094989777,,,
2026-03-06T22:28:27.424Z,41.869998931884766,,,-2022,822,3522,-351,-110,-1201,,,,0.25170832872390747,-0.047363158,-0.966611266,0.00622557,,,
2026-03-06T22:28:27.384Z,41.709999084472656,,,-1959,1106,3696,656,-62,-1144,,,,0.25317317247390747,-0.020568796,-0.962033689,0.099426016,,,
2026-03-06T22:28:27.344Z,,,,-1328,239,3735,1008,-63,-1005,,,,0.23327577114105225,0.05664048,-0.932004452,0.2714226543903351,,,
2026-03-06T22:28:27.304Z,,,,-2129,-254,3540,788,-235,-766,,,,0.21911564469337463,0.13256801664829254,-0.868894279,0.42346084117889404,,,
2026-03-06T22:28:27.264Z,,,,-1994,188,4548,740,14,-530,,,,0.20214791595935822,0.15692098438739777,-0.834409475,0.4880358576774597,,,
2026-03-06T22:28:27.224Z,,,,-2407,-795,3146,824,146,-864,,,,0.16381794214248657,0.20843452215194702,-0.757017076,0.5971053838729858,,,
2026-03-06T22:28:27.184Z,,,,-2140,-363,3329,881,383,-1114,,,,0.13800013065338135,0.22039738297462463,-0.709714949,0.6546614170074463,,,
2026-03-06T22:28:27.144Z,,,,-2248,-763,3285,1051,242,-1082,,,,0.10247776657342911,0.24023376405239105,-0.671446025,0.6934186220169067,,,
2026-03-06T22:28:27.104Z,,,,-544,-826,4023,1164,646,-1265,,,,0.004821765,0.17144732177257538,-0.582212865,0.7946757078170776,,,
2026-03-06T22:28:27.064Z,,,,-1114,-906,4145,116,-310,-188,,,,0.00158691,0.181579128,-0.547667027,0.8166483044624329,,,
2026-03-06T22:28:27.024Z,,,,-975,-781,3742,200,-248,-328,,,,0.00500487,0.1928706020116806,-0.538511813,0.8201883435249329,,,
2026-03-06T22:28:26.984Z,,,,-1362,-608,3699,42,-698,-395,,,,0.016662554815411568,0.21197456121444702,-0.524168551,0.8245828747749329,,,
2026-03-06T22:28:26.944Z,,,,-1526,-1054,3188,218,-840,-230,,,,0.024413999170064926,0.23486268520355225,-0.515440583,0.8236673474311829,,,
2026-03-06T22:28:26.904Z,,,,-1331,-988,3690,44,-871,-243,,,,0.046569705,0.25207453966140747,-0.511656404,0.8200052380561829,,,
2026-03-06T22:28:26.864Z,,,,-1845,-795,3574,-62,-92,-3,,,,0.03942861,0.25622493028640747,-0.475584716,0.8405129909515381,,,
2026-03-06T22:28:26.824Z,,,,-1829,-754,3587,-31,-3,37,,,,0.035461336,0.25640803575515747,-0.460203886,0.8491799235343933,,,
2026-03-06T22:28:26.784Z,,,,-1822,-811,3620,-51,3,56,,,,0.028381275,0.25714045763015747,-0.434874386,0.8624855875968933,,,
2026-03-06T22:28:26.744Z,,,,-1966,-725,3619,-53,-19,66,,,,0.024475034326314926,0.25610285997390747,-0.39990133,0.8796364068984985,,,
2026-03-06T22:28:26.704Z,,,,-1684,-667,3796,-126,49,28,,,,0.016906695440411568,0.25109797716140747,-0.327513814,0.9106422066688538,,,
2026-03-06T22:28:26.664Z,,,,-2368,-281,3445,171,54,-412,,,,0.001403805,0.25494319200515747,-0.218261153,0.9419531226158142,,,
2026-03-06T22:28:26.624Z,,,,-1481,24,3842,-195,443,-731,,,,0.004821765,0.20892280340194702,-0.122375175,0.9702123403549194,,,
2026-03-06T22:28:26.584Z,,,,-1495,-179,3929,-615,241,-514,,,,0.008605935,0.1985468566417694,-0.082397252,0.9765599966049194,,,
2026-03-06T22:28:26.544Z,,,,-1185,57,3905,-158,371,-118,,,,0.013671839609742165,0.180968776,-0.0146484,0.9832738637924194,,,
2026-03-06T22:28:26.504Z,,,,-1813,637,3774,-74,225,-187,,,,0.028625416,0.1895747035741806,0.01757808,0.9812597036361694,,,
2026-03-06T22:28:26.464Z,,,,-1714,721,3595,-686,-319,60,,,,0.038024805,0.1918940395116806,0.025146419182419777,0.9803441762924194,,,
2026-03-06T22:28:26.424Z,,,,-1363,424,3822,-115,49,168,,,,0.025878839194774628,0.1854853630065918,0.038024805,0.9815038442611694,,,
2026-03-06T22:28:26.384Z,,,,-1071,238,3925,341,307,213,,,,0.010070775,0.17120318114757538,0.051269400864839554,0.9838231801986694,,,
2026-03-06T22:28:26.344Z,,,,-480,391,4237,497,739,67,,,,-0.01037595,0.13049283623695374,0.10046360641717911,0.9862645864486694,,,
2026-03-06T22:28:26.304Z,,,,-3112,220,3390,40,100,74,,,,-0.052673206,0.1855463981628418,0.1887202262878418,0.9628271460533142,,,
2026-03-06T22:28:26.264Z,,,,-2056,-1112,3464,1224,475,-428,,,,-0.094665281,0.13830530643463135,0.26080256700515747,0.9506811499595642,,,
2026-03-06T22:28:26.224Z,,,,-563,237,4270,-255,1486,-156,,,,-0.073608212,0.10070774704217911,0.2943718135356903,0.9474462866783142,,,
2026-03-06T22:28:26.184Z,,,,-836,-588,4380,61,760,-192,,,,-0.068481266,0.079467572,0.33080971240997314,0.937802792,,,
2026-03-06T22:28:26.144Z,,,,-376,-415,4179,-205,522,-481,,,,-0.060241546,0.068542302,0.3748769760131836,0.922544003,,,
2026-03-06T22:28:26.104Z,,,,227,-416,4024,-124,149,-554,,,,-0.058471531,0.071533017,0.42803844809532166,0.8989844918251038,,,
2026-03-06T22:28:26.064Z,,,,-1656,28,4161,-166,-989,-942,,,,-0.069396794,0.14678917825222015,0.5686020851135254,0.8063943982124329,,,
2026-03-06T22:28:26.024Z,,,,-1869,527,3769,-582,-273,28,,,,-0.069885075,0.16748003661632538,0.5897812247276306,0.7868021726608276,,,
2026-03-06T22:28:25.984Z,,,,-1121,618,3839,-636,-372,151,,,,-0.076965138,0.14208948612213135,0.6853620409965515,0.70995909,,,
2026-03-06T22:28:25.944Z,,,,-1118,240,3793,510,429,-96,,,,-0.085204862,0.12628141045570374,0.7062360048294067,0.6912823915481567,,,
2026-03-06T22:28:25.904Z,,,,-1074,239,3937,577,295,-188,,,,-0.092101812,0.096008055,0.7549419403076172,0.6420271396636963,,,
2026-03-06T22:28:25.864Z,,,,-795,873,5038,314,590,-26,,,,-0.101501204,0.064697102,0.8450295925140381,0.5208727121353149,,,
2026-03-06T22:28:25.824Z,,,,-1841,-818,2952,532,-661,-384,,,,-0.13006559,0.033447179943323135,0.8709694743156433,0.4725329577922821,,,
2026-03-06T22:28:25.784Z,,,,-862,-724,4021,1122,513,-247,,,,-0.092468023,-0.00439452,0.9017921090126038,0.42199599742889404,,,
2026-03-06T22:28:25.744Z,,,,207,-809,4073,-181,624,104,,,,-0.061828453,-0.01440426,0.9122901558876038,0.40453997254371643,,,
2026-03-06T22:28:25.704Z,,,,343,-1267,3886,314,921,97,,,,-0.042785536,-0.021179145,0.929685116,0.365111381,,,
2026-03-06T22:28:25.664Z,,,,-664,-946,4816,-426,257,-845,,,,-0.031494059,0.015319785103201866,0.9573339819908142,0.2866813838481903,,,
2026-03-06T22:28:25.624Z,,,,229,1541,3885,-785,-644,-451,,,,0.078307904,0.06970197,0.9444555640220642,0.31133952736854553,,,
2026-03-06T22:28:25.584Z,,,,558,1293,3993,-539,1781,1529,,,,0.14062464237213135,0.052917346358299255,0.9097266793251038,0.3869008719921112,,,
2026-03-06T22:28:25.544Z,,,,-1275,3310,5326,130,989,1907,,,,0.000427245,0.11779754608869553,0.9009986519813538,0.41741836071014404,,,
2026-03-06T22:28:25.504Z,,,,-1284,-965,2761,1734,-3504,269,,,,-0.09008766,0.027038505,0.932858944,0.34759432077407837,,,
2026-03-06T22:28:25.464Z,,,,-778,-130,3862,710,848,-757,,,,-0.062011559,0.011413545347750187,0.9481787085533142,0.31127849221229553,,,
2026-03-06T22:28:25.424Z,,,,-794,123,4014,157,893,-1028,,,,-0.018676709,-0.004211415,0.9690526723861694,0.24591001868247986,,,
2026-03-06T22:28:25.384Z,,,,732,38,4262,-20,1381,11,,,,0.021911565214395523,-0.014831505,0.9691137075424194,0.24499449133872986,,,
2026-03-06T22:28:25.344Z,,,,-100,-376,4130,275,625,-57,,,,0.00891111,-0.032531656,0.9768041372299194,0.21130317449569702,,,
2026-03-06T22:28:25.304Z,,,,-19,19,3791,-12,-322,-457,,,,0.010314915,-0.033508215,0.9789403676986694,0.20098824799060822,,,
2026-03-06T22:28:25.264Z,,,,174,-123,4071,207,514,179,,,,0.019836375,-0.01562496,0.9753392934799194,0.21911564469337463,,,
2026-03-06T22:28:25.224Z,,,,-91,63,4106,-361,-167,58,,,,0.016174275428056717,-0.00341796,0.9755223989486694,0.21911564469337463,,,
2026-03-06T22:28:25.184Z,,,,941,24,4279,-197,-29,190,,,,0.04077138,0.011047335341572762,0.9738134145736694,0.22308292984962463,,,
2026-03-06T22:28:25.144Z,,,,379,62,4058,-499,-70,-280,,,,0.040832415,0.023193299770355225,0.9766210317611694,0.20947211980819702,,,
2026-03-06T22:28:25.104Z,,,,-131,1205,4483,-290,-131,-202,,,,0.039550681,0.042358290404081345,0.9835180044174194,0.17114214599132538,,,
2026-03-06T22:28:25.064Z,,,,517,619,3382,-10,-269,-55,,,,0.043273814022541046,0.03930654,0.9854711294174194,0.15905721485614777,,,
2026-03-06T22:28:25.024Z,,,,367,97,4401,117,-57,-169,,,,0.037231348,0.033935461193323135,0.9889500737190247,0.13915979862213135,,,
2026-03-06T22:28:24.984Z,,,,-93,634,4175,51,-63,-67,,,,0.013610805,0.024413999170064926,0.9936497807502747,0.10882540792226791,,,
2026-03-06T22:28:24.944Z,,,,425,-310,3578,247,-316,326,,,,0.007141095,0.010986300185322762,0.9935887455940247,0.11193818598985672,,,
2026-03-06T22:28:24.904Z,,,,1234,-493,4499,488,171,1081,,,,0.00341796,0.008239725,0.9927952885627747,0.11938446015119553,,,
2026-03-06T22:28:24.864Z,,,,173,909,4563,-10,-908,587,,,,-0.034118567,0.016357379034161568,0.9930394291877747,0.11126680672168732,,,
2026-03-06T22:28:24.824Z,,,,-1101,-644,3348,422,-1268,272,,,,-0.076598927,-0.031677164,0.9930394291877747,0.083190702,,,
2026-03-06T22:28:24.784Z,,,,-244,-633,4329,-61,483,129,,,,-0.057372902,-0.029357836,0.9949315190315247,0.076476857,,,
2026-03-06T22:28:24.744Z,,,,-1296,-76,4236,-431,424,328,,,,0.11553925275802612,-0.02465814,-0.992673218,0.022949159145355225,,,
2026-03-06T22:28:24.704Z,,,,-2264,963,3996,-243,-1457,351,,,,0.14813195168972015,-0.036010649,-0.987851501,0.02844231,,,
2026-03-06T22:28:24.664Z,,,,-1965,691,3503,-722,-333,466,,,,0.14752160012722015,-0.039794821,-0.98748529,0.037292384,,,
2026-03-06T22:28:24.624Z,,,,-1222,630,3878,-236,412,151,,,,0.13024869561195374,-0.038452052,-0.98937732,0.051208365708589554,,,
2026-03-06T22:28:24.584Z,,,,-1049,249,4004,66,494,259,,,,0.13098110258579254,-0.01013181,-0.98937732,0.061706386506557465,,,
2026-03-06T22:28:24.544Z,,,,-1080,-53,4088,602,-905,604,,,,0.14312706887722015,0.019103955,-0.987180114,0.067382641,,,
2026-03-06T22:28:24.504Z,,,,-630,-574,4920,413,369,416,,,,0.13220180571079254,0.034973055,-0.987790465,0.073974423,,,
2026-03-06T22:28:24.464Z,,,,-1713,-973,2990,297,-509,-63,,,,0.16833452880382538,0.092895269,-0.974484801,0.11566132307052612,,,
2026-03-06T22:28:24.424Z,,,,-983,-615,4055,408,-732,-94,,,,0.15850789844989777,0.077453412,-0.971127868,0.16027790307998657,,,
2026-03-06T22:28:24.384Z,,,,-731,-438,4016,-231,217,-480,,,,0.15307578444480896,0.071533017,-0.967709899,0.1868891716003418,,,
2026-03-06T22:28:24.344Z,,,,-1059,-691,3662,202,3,-509,,,,0.15521200001239777,0.074645802,-0.961301267,0.21484319865703583,,,
2026-03-06T22:28:24.304Z,,,,-1106,170,4121,-219,-204,-572,,,,0.15673787891864777,0.043640024960041046,-0.953122556,0.25500422716140747,,,
2026-03-06T22:28:24.264Z,,,,-1048,-817,4535,-179,523,-121,,,,0.15020713210105896,0.037536524,-0.952756345,0.26110774278640747,,,
2026-03-06T22:28:24.224Z,,,,-2246,1166,4068,-983,-643,-239,,,,0.17413285374641418,0.00915525,-0.949094236,0.2620842754840851,,,
2026-03-06T22:28:24.184Z,,,,-794,730,3959,-541,367,19,,,,0.13751184940338135,0.00146484,-0.957761228,0.25244075059890747,,,
2026-03-06T22:28:24.144Z,,,,194,-341,3969,693,360,248,,,,0.11621063947677612,0.041198626,-0.964963377,0.23150575160980225,,,
2026-03-06T22:28:24.104Z,,,,-1357,402,4386,127,-870,106,,,,0.14453087747097015,0.047668334,-0.963071287,0.22186222672462463,,,
2026-03-06T22:28:24.064Z,,,,-2650,-369,3712,92,-676,59,,,,0.16809038817882538,0.063354328,-0.960324705,0.21319524943828583,,,
2026-03-06T22:28:24.024Z,,,,-1830,-750,3559,876,186,203,,,,0.15209922194480896,0.080505162,-0.963620603,0.20428414642810822,,,
2026-03-06T22:28:23.984Z,,,,-1103,-901,4076,273,695,466,,,,0.12695279717445374,0.083495878,-0.971799254,0.180053249,,,
2026-03-06T22:28:23.944Z,,,,56,-199,4121,-23,305,382,,,,0.13348354399204254,0.05664048,-0.979489684,0.13958704471588135,,,
2026-03-06T22:28:23.904Z,,,,-790,-2477,4097,-598,-680,-36,,,,0.20916694402694702,0.072265439,-0.962766111,0.15496785938739777,,,
2026-03-06T22:28:23.864Z,,,,-4512,808,2086,-191,-2242,-1114,,,,0.2799675464630127,0.041808973997831345,-0.944821775,0.16448932886123657,,,
2026-03-06T22:28:23.824Z,,,,-3038,802,3305,-947,-305,-252,,,,0.24975521862506866,0.013915980234742165,-0.955747068,0.15472371876239777,,,
2026-03-06T22:28:23.784Z,,,,-2238,506,3425,-572,1589,235,,,,0.21337835490703583,-0.00170898,-0.966489196,0.14263878762722015,,,
2026-03-06T22:28:23.744Z,,,,-1394,631,3787,-136,739,119,,,,0.15917928516864777,-0.013244595,-0.978696227,0.12884488701820374,,,
2026-03-06T22:28:23.704Z,,,,-1084,81,3985,-57,778,560,,,,0.13952600955963135,-0.007751445,-0.98382318,0.11163301765918732,,,
2026-03-06T22:28:23.664Z,,,,-1489,-294,3491,203,322,655,,,,0.13159145414829254,0.002014155,-0.987973571,0.080932409,,,
2026-03-06T22:28:23.624Z,,,,-1061,668,3989,470,39,207,,,,0.12365690618753433,0.003723135,-0.988766968,0.083556913,,,
2026-03-06T22:28:23.584Z,,,,-871,-52,4038,-29,541,42,,,,0.10723849385976791,0.00952146,-0.991574585,0.071716122,,,
2026-03-06T22:28:23.544Z,,,,-896,-78,4056,18,4,20,,,,0.10766573995351791,0.010192845,-0.99151355,0.071227841,,,
2026-03-06T22:28:23.504Z,,,,-878,-79,4018,-13,-33,20,,,,0.10882540792226791,0.010070775,-0.991452515,0.070556462,,,
2026-03-06T22:28:23.464Z,,,,-915,157,4068,-35,-50,21,,,,0.10967989265918732,0.003478995,-0.992429078,0.054748394,,,
2026-03-06T22:28:23.424Z,,,,-827,-362,4008,409,102,124,,,,0.10705538839101791,0.0134277,-0.992673218,0.054199081,,,
2026-03-06T22:28:23.384Z,,,,-676,360,4160,-123,67,-221,,,,0.10583469271659851,0.007873515,-0.992307007,0.063171223,,,
2026-03-06T22:28:23.344Z,,,,-838,-16,4035,-44,-56,-7,,,,0.10754366964101791,0.0085449,-0.992001832,0.064636067,,,
2026-03-06T22:28:23.304Z,,,,-891,-50,4046,30,-107,18,,,,0.11071749031543732,0.009460425,-0.991879761,0.061218105256557465,,,
2026-03-06T22:28:23.264Z,,,,-860,-9,4070,5,-54,12,,,,0.11126680672168732,0.008239725,-0.992001832,0.058837742,,,
2026-03-06T22:28:23.224Z,,,,-847,16,4034,-38,10,29,,,,0.11114473640918732,0.00708006,-0.992062867,0.057800144,,,
2026-03-06T22:28:23.184Z,,,,-827,-2,4016,-7,3,29,,,,0.11126680672168732,0.007019025,-0.992062867,0.056945655,,,
2026-03-06T22:28:23.144Z,,,,-869,15,4125,1,-28,22,,,,0.11175508797168732,0.00659178,-0.992062867,0.056213234,,,
2026-03-06T22:28:23.104Z,,,,-883,-5,4086,-8,-13,33,,,,0.11273164302110672,0.00585936,-0.992123902,0.053649765,,,
2026-03-06T22:28:23.064Z,,,,-931,-3,4050,-32,-93,56,,,,0.11895721405744553,0.005065905,-0.99126941,0.055480815,,,
2026-03-06T22:28:23.024Z,,,,-934,17,4016,-58,-52,83,,,,0.12078826129436493,0.00378417,-0.991147339,0.05395494,,,
2026-03-06T22:28:22.984Z,,,,-970,1,4014,-52,-35,65,,,,0.12188689410686493,0.00231933,-0.991208375,0.050170768052339554,,,
2026-03-06T22:28:22.944Z,,,,-997,55,4062,-25,-9,49,,,,0.12298552691936493,0,-0.991086304,0.049987666,,,
2026-03-06T22:28:22.904Z,,,,-1102,106,4014,-143,-39,26,,,,0.12579312920570374,-0.00207519,-0.990903199,0.04675281,,,
2026-03-06T22:28:22.864Z,,,,-834,99,4000,75,-102,46,,,,0.11822479218244553,-0.00671385,-0.991696656,0.04943835,,,
2026-03-06T22:28:22.824Z,,,,-945,152,4028,-64,41,-12,,,,0.11828582733869553,-0.0073242,-0.991696656,0.049194209,,,
2026-03-06T22:28:22.784Z,,,,-1085,53,4015,1,0,14,,,,0.12799039483070374,-0.001281735,-0.990659058,0.046264529,,,
2026-03-06T22:28:22.744Z,,,,-1036,104,4015,59,-144,57,,,,0.12957730889320374,-0.00012207,-0.990598023,0.042785536497831345,,,
2026-03-06T22:28:22.704Z,,,,-1039,11,4052,43,19,48,,,,0.12939420342445374,0.00292968,-0.990475953,0.046203494,,,
2026-03-06T22:28:22.664Z,,,,-1024,-26,4002,72,-17,19,,,,0.12963834404945374,0.00268554,-0.990536988,0.044250376522541046,,,
2026-03-06T22:28:22.624Z,,,,-1080,92,3999,-29,2,24,,,,0.12860074639320374,-0.00061035,-0.990720093,0.043701060116291046,,,
2026-03-06T22:28:22.584Z,,,,-926,96,4036,-32,118,38,,,,0.12377897650003433,-0.001159665,-0.991452515,0.04089345,,,
2026-03-06T22:28:22.544Z,,,,-701,75,3927,-3,180,37,,,,0.11950653046369553,-0.000183105,-0.991940796,0.040832415,,,
2026-03-06T22:28:22.504Z,,,,-755,54,3817,105,81,57,,,,0.11743134260177612,0.00073242,-0.992307007,0.038146876,,,
2026-03-06T22:28:22.464Z,,,,-982,203,4014,-66,94,41,,,,0.11730927228927612,-0.001892085,-0.992368042,0.037536524,,,
2026-03-06T22:28:22.424Z,,,,-810,-54,4213,-67,-7,68,,,,0.097411856,0.00964353,-0.994931519,0.020019479,,,
2026-03-06T22:28:22.384Z,,,,-643,6,3941,-87,157,284,,,,-0.095336668,-0.000427245,0.9953587651252747,0.010742159560322762,,,
2026-03-06T22:28:22.344Z,,,,-748,26,4140,-67,-111,211,,,,-0.099609122,0.00109863,0.9948094487190247,0.018615674,,,
2026-03-06T22:28:22.304Z,,,,-755,74,3991,-70,-66,149,,,,-0.102782942,0.000793455,0.9944432377815247,0.022521914914250374,,,
2026-03-06T22:28:22.264Z,,,,-751,47,4171,91,-115,149,,,,-0.107909881,-0.007385235,0.9934666752815247,0.035949614,,,
2026-03-06T22:28:22.224Z,,,,-946,-427,3969,112,31,394,,,,-0.116271675,-0.02038569,0.9915745854377747,0.052673205733299255,,,
2026-03-06T22:28:22.184Z,,,,-1203,-884,3396,-431,-63,76,,,,-0.107726775,-0.038452052,0.9920628666877747,0.051818713545799255,,,
2026-03-06T22:28:22.144Z,,,,-665,-71,3958,288,565,99,,,,-0.081725866,-0.037597559,0.9947484135627747,0.048034545,,,
2026-03-06T22:28:22.104Z,,,,-665,-71,3958,-261,625,-111,,,,-0.081725866,-0.037597559,0.9947484135627747,0.048034545,,,
2026-03-06T22:28:22.064Z,,,,-329,13,4372,-143,549,-71,,,,-0.02636712,-0.020751899,0.9983494877815247,0.045532111,,,
2026-03-06T22:28:22.024Z,,,,-223,-1387,5728,101,49,189,,,,0.013183560222387314,0.026428155601024628,-0.999509156,0.00354003,,,
2026-03-06T22:28:21.984Z,,,,-1190,11,3246,2389,-1794,-1207,,,,0.082824498,0.056945655,-0.994687378,0.019103955,,,
2026-03-06T22:28:21.944Z,,,,-1838,91,3268,-595,-934,542,,,,0.10205052047967911,0.037902735,-0.993954957,0.012145965360105038,,,
2026-03-06T22:28:21.904Z,,,,-990,-9,3641,-586,240,241,,,,0.083862089,0.0292968,-0.995908082,0.012390105053782463,,,
2026-03-06T22:28:21.864Z,,,,-814,34,3792,-68,503,66,,,,0.069335759,0.025634700432419777,-0.997128785,0.014648400247097015,,,
2026-03-06T22:28:21.824Z,,,,-311,-51,4237,-42,321,125,,,,0.039001364,0.026794365,-0.998837769,0.007873515,,,
2026-03-06T22:28:21.784Z,,,,-26,-243,4124,55,418,276,,,,0.029113695,0.030822675675153732,-0.999020875,0.00695799,,,
2026-03-06T22:28:21.744Z,,,,140,-346,4099,178,101,268,,,,0.02966301,0.033325109630823135,-0.998959839,0.0024414,,,
2026-03-06T22:28:21.704Z,,,,-122,575,4255,-96,-174,329,,,,-0.037170313,-0.024719175,0.9989598393440247,0.00769041,,,
2026-03-06T22:28:21.664Z,,,,-147,-17,4408,-438,-63,499,,,,-0.034423739,-0.019714305,0.9988988041877747,0.023681579157710075,,,
2026-03-06T22:28:21.624Z,,,,-454,-579,4528,-298,26,494,,,,-0.055114605,-0.025024351,0.9962742924690247,0.060790859162807465,,,
2026-03-06T22:28:21.584Z,,,,-60,18,4136,226,-1160,349,,,,-0.083556913,-0.028076099,0.9926121830940247,0.082763463,,,
2026-03-06T22:28:21.544Z,,,,-12,-801,3690,1135,-477,431,,,,-0.085265897,-0.04492176,0.9868139028549194,0.12976041436195374,,,
2026-03-06T22:28:21.504Z,,,,-337,-243,4472,-403,1268,876,,,,-0.068542302,-0.030822676,0.9854711294174194,0.15209922194480896,,,
2026-03-06T22:28:21.464Z,,,,1055,-489,3594,-309,449,646,,,,-0.04785144,-0.028991625,0.9850438833236694,0.16290241479873657,,,
2026-03-06T22:28:21.424Z,,,,-1456,-267,4381,-339,-932,203,,,,-0.121032402,-0.002502435,0.9792455434799194,0.16247516870498657,,,
2026-03-06T22:28:21.384Z,,,,-2373,-409,3756,210,-1515,847,,,,-0.157470301,0.0134277,0.9685643911361694,0.1920161098241806,,,
2026-03-06T22:28:21.344Z,,,,-2092,753,3669,-1540,-934,1303,,,,-0.152587503,0.060424648225307465,0.9559301733970642,0.24322447180747986,,,
2026-03-06T22:28:21.304Z,,,,-1354,213,3829,-1011,79,1717,,,,-0.126769692,0.067870922,0.930112362,0.33782872557640076,,,
2026-03-06T22:28:21.264Z,,,,-137,1399,4981,-538,1024,921,,,,-0.100280508,0.070556462,0.923520565,0.363280326,,,
2026-03-06T22:28:21.224Z,,,,-861,136,3754,343,-156,921,,,,-0.129882485,0.054992534,0.9072852730751038,0.3959950804710388,,,
2026-03-06T22:28:21.184Z,,,,-1347,-772,3676,240,-515,798,,,,-0.161132395,0.007263165,0.8837257623672485,0.43914681673049927,,,
2026-03-06T22:28:21.144Z,,,,-1117,-438,3911,-189,365,437,,,,-0.144652948,0.00378417,0.8824440240859985,0.44744759798049927,,,
2026-03-06T22:28:21.104Z,,,,-551,-721,4002,-196,553,352,,,,-0.130370766,0.00146484,0.8828712701797485,0.4509876072406769,,,
2026-03-06T22:28:21.064Z,,,,-291,-399,4199,-340,51,228,,,,-0.123229668,0.011047335341572762,0.8809181451797485,0.4566638767719269,,,
2026-03-06T22:28:21.024Z,,,,-170,145,4080,-555,-132,82,,,,-0.124633469,0.032348550856113434,0.8809791803359985,0.4552600681781769,,,
2026-03-06T22:28:20.984Z,,,,-2765,14,4169,-168,-612,-49,,,,-0.172912151,0.068969548,0.8758522272109985,0.44512826204299927,,,
2026-03-06T22:28:20.944Z,,,,-1696,911,3500,-1878,-1410,292,,,,-0.111266807,0.13043180108070374,0.8463723659515381,0.5041490793228149,,,
2026-03-06T22:28:20.904Z,,,,-960,1455,4003,-961,775,1354,,,,-0.065429516,0.13897669315338135,0.8029153943061829,0.5758652091026306,,,
2026-03-06T22:28:20.864Z,,,,-47,1119,4280,-680,714,1987,,,,-0.051940784,0.12744107842445374,0.7565287947654724,0.6392806172370911,,,
2026-03-06T22:28:20.824Z,,,,-106,-78,4273,65,735,2146,,,,-0.059875336,0.11621063947677612,0.726011336,0.6750470995903015,,,
2026-03-06T22:28:20.784Z,,,,-1899,-1978,2548,38,-588,1913,,,,-0.113952346,0.11694306135177612,0.5995467901229858,0.7834452390670776,,,
2026-03-06T22:28:20.744Z,,,,-2385,-482,3627,1448,-49,2144,,,,-0.117248237,0.10803195089101791,0.5327134728431702,0.8310525417327881,,,
2026-03-06T22:28:20.704Z,,,,1915,-2402,3022,-791,386,2801,,,,-0.031616129,0.090453871,0.22729434072971344,0.9690526723861694,,,
2026-03-06T22:28:20.664Z,,,,-2189,-213,4397,244,3169,2672,,,,0.013610805,0.179992214,0.094848387,0.9789403676986694,,,
2026-03-06T22:28:20.624Z,,,,-2364,527,3388,-1067,-408,1451,,,,0.047057986,0.1966547667980194,0.025207454338669777,0.9790014028549194,,,
2026-03-06T22:28:20.584Z,,,,-2090,906,3585,-1185,-1462,1735,,,,0.074645802,0.1926874965429306,-0.095153563,0.9737523794174194,,,
2026-03-06T22:28:20.544Z,,,,-1515,32,4215,-109,727,1283,,,,0.061645351350307465,0.16754107177257538,-0.144713983,0.9732030630111694,,,
2026-03-06T22:28:20.504Z,,,,-827,286,3793,60,845,1020,,,,0.052551135420799255,0.15344199538230896,-0.202147916,0.9657567739486694,,,
2026-03-06T22:28:20.464Z,,,,-1572,532,2934,-465,372,593,,,,0.073547177,0.1882929801940918,-0.270446092,0.94122076,,,
2026-03-06T22:28:20.424Z,,,,-2344,-782,3795,1253,-1299,856,,,,0.038268946,0.22735537588596344,-0.300353229,0.92547369,,,
2026-03-06T22:28:20.384Z,,,,-2136,-1691,3719,1427,-99,1439,,,,-0.01879878,0.23632751405239105,-0.383543938,0.8925148248672485,,,
2026-03-06T22:28:20.344Z,,,,-2480,-1240,3840,-124,293,913,,,,-0.021545354,0.22973573207855225,-0.404845148,0.8847023248672485,,,
2026-03-06T22:28:20.304Z,,,,-1731,-1179,3374,227,592,320,,,,-0.033691321,0.21472112834453583,-0.430846065,0.8757911920547485,,,
2026-03-06T22:28:20.264Z,,,,-1448,-1196,3293,-227,325,529,,,,-0.036193755,0.1995234191417694,-0.446776211,0.8712746500968933,,,
2026-03-06T22:28:20.224Z,,,,-969,-1041,3342,-447,720,681,,,,-0.041381732,0.16583208739757538,-0.468016386,0.8670021891593933,,,
2026-03-06T22:28:20.184Z,,,,-432,-1000,4098,-648,1278,844,,,,-0.045715217,0.11999481171369553,-0.490233123,0.8619973063468933,,,
2026-03-06T22:28:20.144Z,,,,375,-136,4635,-672,887,368,,,,-0.040344134,0.043640024960041046,-0.513792634,0.8558327555656433,,,
2026-03-06T22:28:20.104Z,,,,209,-10,4258,-585,326,397,,,,-0.030944744,0.028076099,-0.523069978,0.8512551188468933,,,
2026-03-06T22:28:20.064Z,,,,2,-132,4064,-88,-83,441,,,,-0.02917473,0.027343679,-0.534788668,0.8439919948577881,,,
2026-03-06T22:28:20.024Z,,,,226,-347,4046,79,61,717,,,,-0.036437895,0.019226026,-0.553587437,0.8317239284515381,,,
2026-03-06T22:28:19.984Z,,,,91,-349,4247,13,230,1385,,,,-0.03796377,0.00769041,-0.588804662,0.8073099255561829,,,
2026-03-06T22:28:19.944Z,,,,855,-377,4006,-308,304,1335,,,,-0.027892996,0,-0.652891397,0.7568339705467224,,,
2026-03-06T22:28:19.904Z,,,,-714,139,3980,-157,-1290,506,,,,0.00524901,0.030883710831403732,-0.666685283,0.7446269989013672,,,
2026-03-06T22:28:19.864Z,,,,103,-289,4179,309,-803,-50,,,,0.019226026,0.062560871,-0.662412882,0.7462139129638672,,,
2026-03-06T22:28:19.824Z,,,,-1278,-559,3359,102,-1271,-183,,,,0.04650867,0.10070774704217911,-0.657407999,0.7452983856201172,,,
2026-03-06T22:28:19.784Z,,,,-827,-197,4744,57,-633,-242,,,,0.052795276045799255,0.099792227,-0.650755167,0.7507915496826172,,,
2026-03-06T22:28:19.744Z,,,,-561,-80,3827,-23,-171,-289,,,,0.064819172,0.11370820552110672,-0.634886086,0.7614116072654724,,,
2026-03-06T22:28:19.704Z,,,,-890,-71,3564,-66,-820,-365,,,,0.079162396,0.12615934014320374,-0.621031106,0.7694072127342224,,,
2026-03-06T22:28:19.664Z,,,,-326,-3,4209,-130,9,-462,,,,0.080566198,0.12206999957561493,-0.609007239,0.7795389890670776,,,
2026-03-06T22:28:19.624Z,,,,-470,-94,4288,-77,241,-441,,,,0.080932409,0.11834686249494553,-0.596495032,0.7896708250045776,,,
2026-03-06T22:28:19.584Z,,,,-2434,903,3891,-151,34,-436,,,,0.11822479218244553,0.11852996796369553,-0.569456577,0.8047464489936829,,,
2026-03-06T22:28:19.544Z,,,,-1258,119,4058,1,-327,-355,,,,0.052795276045799255,0.15130576491355896,-0.506651521,0.8471047878265381,,,
2026-03-06T22:28:19.504Z,,,,-219,1255,5007,762,255,-513,,,,0.026489190757274628,0.098144278,-0.477476805,0.8726783990859985,,,
2026-03-06T22:28:19.464Z,,,,-1733,-1607,3007,681,-1049,-288,,,,-0.02416986,0.182921901,-0.441099942,0.8782325983047485,,,
2026-03-06T22:28:19.424Z,,,,-2127,-1244,3112,27,219,15,,,,-0.025329525,0.17181351780891418,-0.435057491,0.8834205865859985,,,
2026-03-06T22:28:19.384Z,,,,-89,-1061,4021,-192,778,-32,,,,-0.030212324,0.13146938383579254,-0.426451534,0.8943458795547485,,,
2026-03-06T22:28:19.344Z,,,,390,-99,4372,-658,1129,-468,,,,-0.014831505,0.10351535677909851,-0.402953058,0.9091773629188538,,,
2026-03-06T22:28:19.304Z,,,,-238,-919,4278,-600,281,-342,,,,-0.007629375,0.15533407032489777,-0.367491722,0.9168677926063538,,,
2026-03-06T22:28:19.264Z,,,,-2470,400,3355,359,-2749,-342,,,,0.051208365708589554,0.2004999816417694,-0.361693412,0.9089942574501038,,,
2026-03-06T22:28:19.224Z,,,,-1440,-188,4153,-532,949,56,,,,0.046203494,0.16784624755382538,-0.367186546,0.9136329293251038,,,
2026-03-06T22:28:19.184Z,,,,-1040,575,4375,-508,786,278,,,,0.048766963,0.14001429080963135,-0.381895989,0.9121680855751038,,,
2026-03-06T22:28:19.144Z,,,,48,-18,3919,-16,822,632,,,,0.037780665,0.12316863238811493,-0.399718225,0.9074683785438538,,,
2026-03-06T22:28:19.104Z,,,,-2916,-2640,2488,-208,-124,500,,,,0.026122979819774628,0.21874943375587463,-0.434752315,0.8731056451797485,,,
2026-03-06T22:28:19.064Z,,,,-1368,-1229,3869,623,855,290,,,,0.012268034741282463,0.17645218968391418,-0.459044248,0.8705422282218933,,,
2026-03-06T22:28:19.024Z,,,,-1486,-465,4295,-881,-12,-360,,,,0.039977923,0.16339069604873657,-0.45776251,0.8729835748672485,,,
2026-03-06T22:28:18.984Z,,,,-789,-402,3073,-619,103,-286,,,,0.0537108,0.16265827417373657,-0.458372861,0.8720070719718933,,,
2026-03-06T22:28:18.944Z,,,,-2068,-214,4003,-120,-911,-33,,,,0.063293293,0.16540485620498657,-0.468748808,0.8653542399406433,,,
2026-03-06T22:28:18.904Z,,,,-1764,66,3990,276,236,321,,,,0.055358745,0.15399131178855896,-0.474425048,0.8648659586906433,,,
2026-03-06T22:28:18.864Z,,,,-1248,-76,3883,-109,287,299,,,,0.050170768052339554,0.12573209404945374,-0.487913787,0.8623024821281433,,,
2026-03-06T22:28:18.824Z,,,,-755,-654,3964,214,611,-87,,,,0.039001364,0.11852996796369553,-0.483519256,0.8663308024406433,,,
2026-03-06T22:28:18.784Z,,,,-748,-874,3822,-33,312,-436,,,,0.041076556,0.11425752192735672,-0.47350952,0.8723121881484985,,,
2026-03-06T22:28:18.744Z,,,,-884,-7,3948,403,-161,0,,,,0.046081424,0.11810272186994553,-0.471068114,0.8729225397109985,,,
2026-03-06T22:28:18.704Z,,,,-972,-130,3933,-28,-8,-149,,,,0.046935916,0.11914031952619553,-0.471861571,0.8722511529922485,,,
2026-03-06T22:28:18.664Z,,,,-970,-157,4001,47,-7,-177,,,,0.047729369,0.11944549530744553,-0.471922606,0.8721290826797485,,,
2026-03-06T22:28:18.624Z,,,,-1210,275,3999,23,-13,-308,,,,0.059081879,0.11633270978927612,-0.46771121,0.8741432428359985,,,
2026-03-06T22:28:18.584Z,,,,-33,974,4735,-102,27,-397,,,,0.047424193,0.085876241,-0.451231748,0.8869606256484985,,,
2026-03-06T22:28:18.544Z,,,,67,-1792,4100,192,522,-489,,,,0.02783196,0.10144016891717911,-0.44830206,0.8876320123672485,,,
2026-03-06T22:28:18.504Z,,,,-992,355,4135,404,-710,-635,,,,0.064880207,0.11859100311994553,-0.458617002,0.8782325983047485,,,
2026-03-06T22:28:18.464Z,,,,-663,417,4197,304,-203,-225,,,,0.060851894319057465,0.12365690618753433,-0.469053984,0.8722511529922485,,,
2026-03-06T22:28:18.424Z,,,,-4061,-2738,1775,123,86,113,,,,0.053405624,0.25372248888015747,-0.518065095,0.8150003552436829,,,
2026-03-06T22:28:18.384Z,,,,-2353,-1971,3076,1690,171,277,,,,0.018981885,0.23260438442230225,-0.52960068,0.8154276013374329,,,
2026-03-06T22:28:18.344Z,,,,-1420,-1231,3837,-149,1552,245,,,,0.00988767,0.1940913051366806,-0.544310153,0.8159769177436829,,,
2026-03-06T22:28:18.304Z,,,,-1143,-677,4175,-482,642,229,,,,0.023925719782710075,0.14855918288230896,-0.554502964,0.8184183239936829,,,
2026-03-06T22:28:18.264Z,,,,-228,-449,3859,-388,458,-512,,,,0.031249919906258583,0.13653530180454254,-0.548033237,0.8245828747749329,,,
2026-03-06T22:28:18.224Z,,,,-1676,-559,3443,-58,-260,-618,,,,0.052673205733299255,0.15502889454364777,-0.532164156,0.8306252956390381,,,
2026-03-06T22:28:18.184Z,,,,-1486,-106,3792,-273,-241,-867,,,,0.063415363,0.15350303053855896,-0.513182282,0.8419778347015381,,,
2026-03-06T22:28:18.144Z,,,,-651,965,4350,-18,393,-853,,,,0.061340175569057465,0.13708460330963135,-0.494444519,0.8560768961906433,,,
2026-03-06T22:28:18.104Z,,,,-1284,813,3716,682,197,-697,,,,0.074035458,0.12774625420570374,-0.47717163,0.8662697672843933,,,
2026-03-06T22:28:18.064Z,,,,-997,218,4321,12,159,-189,,,,0.070251286,0.12347380816936493,-0.476988524,0.8673073649406433,,,
2026-03-06T22:28:18.024Z,,,,-339,597,4203,-186,231,94,,,,0.072448544,0.11944549530744553,-0.484739959,0.8633400797843933,,,
2026-03-06T22:28:17.984Z,,,,-433,800,3601,-211,-558,622,,,,0.083312772,0.13818323612213135,-0.503965974,0.8485085964202881,,,
2026-03-06T22:28:17.944Z,,,,-925,924,4182,215,-915,818,,,,0.085632108,0.16802935302257538,-0.520262361,0.8328225612640381,,,
2026-03-06T22:28:17.904Z,,,,-9828,1270,3623,1083,-1355,917,,,,0.24041686952114105,0.3671865463256836,-0.418578029,0.7950419187545776,,,
2026-03-06T22:28:17.864Z,,,,-951,1990,7080,541,6754,-2014,,,,0.14373742043972015,0.1951288878917694,-0.402830988,0.8825660943984985,,,
2026-03-06T22:28:17.824Z,,,,-2718,-215,4026,1730,2080,-495,,,,0.076965138,0.23382508754730225,-0.369017601,0.8961768746376038,,,
2026-03-06T22:28:17.784Z,,,,-3141,-1958,2286,2379,-1809,401,,,,0.018859815,0.2634270489215851,-0.339842886,0.9025855660438538,,,
2026-03-06T22:28:17.744Z,,,,-1863,-1479,4008,1633,917,-303,,,,-0.014709435,0.23925720155239105,-0.316161305,0.9179053902626038,,,
2026-03-06T22:28:17.704Z,,,,-640,149,4045,446,868,-550,,,,-0.00439452,0.20532174408435822,-0.259337723,0.9436621069908142,,,
2026-03-06T22:28:17.664Z,,,,-1815,-290,3677,46,-761,-1263,,,,-0.009338355,0.22796572744846344,-0.216491148,0.9492163062095642,,,
2026-03-06T22:28:17.624Z,,,,-893,-2570,3287,1429,-244,-840,,,,-0.023498476,0.25024348497390747,-0.177184612,0.9514746069908142,,,
2026-03-06T22:28:17.584Z,,,,-3767,1428,3680,-2052,-1381,-1361,,,,0.061401210725307465,0.25158625841140747,-0.144836053,0.9548925757408142,,,
2026-03-06T22:28:17.544Z,,,,-2561,1263,3339,-1323,898,-683,,,,0.075744435,0.22106876969337463,-0.120971367,0.9647192358970642,,,
2026-03-06T22:28:17.504Z,,,,-1827,792,3570,148,735,-541,,,,0.062011558562517166,0.1981196105480194,-0.085265897,0.9744237661361694,,,
2026-03-06T22:28:17.464Z,,,,-1478,3277,4875,568,549,-794,,,,0.00012207,0.20233102142810822,0.080932409,0.9759496450424194,,,
2026-03-06T22:28:17.424Z,,,,-2006,-1429,3240,789,-600,-483,,,,-0.120666191,0.17584183812141418,0.1961664855480194,0.9570288062095642,,,
2026-03-06T22:28:17.384Z,,,,-1574,-748,3851,817,536,-781,,,,-0.130309731,0.15698201954364777,0.26013118028640747,0.9437231421470642,,,
2026-03-06T22:28:17.344Z,,,,-601,-676,3805,232,519,-1079,,,,-0.130798012,0.14300499856472015,0.34014806151390076,0.920163631,,,
2026-03-06T22:28:17.304Z,,,,-1916,80,3849,-203,-604,-1453,,,,-0.137694955,0.16101032495498657,0.41778457164764404,0.8834205865859985,,,
2026-03-06T22:28:17.264Z,,,,-1128,-455,3912,275,-552,-1332,,,,-0.149657816,0.14587365090847015,0.5014024972915649,0.8395364284515381,,,
2026-03-06T22:28:17.224Z,,,,-2903,1486,3567,45,-525,-1246,,,,-0.145019159,0.179931179,0.6601545810699463,0.714597762,,,
2026-03-06T22:28:17.184Z,,,,-1897,1301,3541,475,254,-1508,,,,-0.151000589,0.15167197585105896,0.7601298689842224,0.6134628057479858,,,
2026-03-06T22:28:17.144Z,,,,-1005,-90,4365,889,317,-2505,,,,-0.188109875,0.038818259,0.933591366,0.3023673892021179,,,
2026-03-06T22:28:17.104Z,,,,-1273,3726,6263,602,-84,-2721,,,,-0.206237271,0.025512630119919777,0.9694188833236694,0.13024869561195374,,,
2026-03-06T22:28:17.064Z,,,,-3068,-979,839,2384,-2424,-1474,,,,0.2700188457965851,0.061889488250017166,-0.960446775,0.02758782,,,
2026-03-06T22:28:17.024Z,,,,-2078,-80,4025,2198,749,-1008,,,,0.1943354457616806,0.14556847512722015,-0.899655879,0.362669975,,,
2026-03-06T22:28:16.984Z,,,,-1619,-408,3591,1281,980,-2939,,,,0.15765340626239777,0.17150835692882538,-0.806272328,0.5436387658119202,,,
2026-03-06T22:28:16.944Z,,,,-2358,1675,3148,778,-119,-3524,,,,0.16387897729873657,0.20123238861560822,-0.669004619,0.6964093446731567,,,
2026-03-06T22:28:16.904Z,,,,-4422,453,3773,1795,-1121,-3323,,,,0.15350303053855896,0.24566587805747986,-0.535887301,0.7929667234420776,,,
2026-03-06T22:28:16.864Z,,,,-2254,-190,3346,1429,216,-2570,,,,0.087890401,0.2739250659942627,-0.309874684,0.9061256051063538,,,
2026-03-06T22:28:16.824Z,,,,-2171,-747,4039,239,169,-365,,,,0.074645802,0.24169859290122986,-0.259520829,0.931943417,,,
2026-03-06T22:28:16.784Z,,,,-1771,-34,3830,29,281,-339,,,,0.070251286,0.23437440395355225,-0.21734564,0.9448828101158142,,,
2026-03-06T22:28:16.744Z,,,,-1665,-18,3625,58,52,-318,,,,0.071655087,0.23351991176605225,-0.204284146,0.9478735327720642,,,
2026-03-06T22:28:16.704Z,,,,-1954,485,3501,-52,17,-412,,,,0.0756834,0.23968444764614105,-0.153991312,0.9555029273033142,,,
2026-03-06T22:28:16.664Z,,,,-1732,394,3843,-77,-96,-298,,,,0.048156615,0.22997987270355225,-0.058166355,0.9702123403549194,,,
2026-03-06T22:28:16.624Z,,,,-1040,636,3950,359,1348,-354,,,,0.038146876,0.1903681606054306,-0.042541396,0.9799779653549194,,,
2026-03-06T22:28:16.584Z,,,,-784,259,3958,235,1052,105,,,,0.024658139795064926,0.16632036864757538,-0.029601974,0.9852880239486694,,,
2026-03-06T22:28:16.544Z,,,,-392,-186,4009,383,620,485,,,,0.00622557,0.15112265944480896,-0.01281735,0.9884007573127747,,,
2026-03-06T22:28:16.504Z,,,,-474,-99,4458,195,563,296,,,,-0.002502435,0.14324913918972015,0.023376405239105225,0.9893773198127747,,,
2026-03-06T22:28:16.464Z,,,,-1196,-1445,3011,-369,170,39,,,,-0.066222973,0.13885462284088135,0.11517304182052612,0.9813207387924194,,,
2026-03-06T22:28:16.424Z,,,,-1027,-474,3850,607,780,-170,,,,-0.066528149,0.12072722613811493,0.16613726317882538,0.9763768911361694,,,
2026-03-06T22:28:16.384Z,,,,-1114,-975,4235,-177,148,-361,,,,-0.062621906,0.11407441645860672,0.21777288615703583,0.9672216176986694,,,
2026-03-06T22:28:16.344Z,,,,113,-78,4359,-646,961,-184,,,,-0.047668334,0.099609122,0.2748405933380127,0.9550756812095642,,,
2026-03-06T22:28:16.304Z,,,,-4435,514,2449,8,-123,-387,,,,-0.084106229,0.21417181193828583,0.43145641684532166,0.8722511529922485,,,
2026-03-06T22:28:16.264Z,,,,-1884,503,3842,-1590,328,-56,,,,-0.048889033,0.1832270622253418,0.5050035715103149,0.8419778347015381,,,
2026-03-06T22:28:16.224Z,,,,267,318,4325,112,1354,330,,,,-0.040832415,0.13702356815338135,0.5477890968322754,0.8242166638374329,,,
2026-03-06T22:28:16.184Z,,,,903,-498,4086,548,353,160,,,,-0.074279591,0.10174534469842911,0.6450178623199463,0.7536602020263672,,,
2026-03-06T22:28:16.144Z,,,,-1077,2099,4945,-1193,-1254,-63,,,,-0.110656455,0.15338096022605896,0.6899396181106567,0.6986676454544067,,,
2026-03-06T22:28:16.104Z,,,,-4766,-1201,1464,2112,-3487,-282,,,,-0.21722357,0.15301474928855896,0.719053328,0.6420271396636963,,,
2026-03-06T22:28:16.064Z,,,,-1031,-331,3589,1036,1107,-14,,,,-0.162597239,0.061340175569057465,0.7736186385154724,0.6093124151229858,,,
2026-03-06T22:28:16.024Z,,,,-879,-130,4182,30,932,42,,,,-0.110412315,0.03771963,0.8213480114936829,0.5582871437072754,,,
2026-03-06T22:28:15.984Z,,,,476,-892,5773,-691,1329,709,,,,-0.083495878,0.02697747,0.8295876979827881,0.5513291358947754,,,
2026-03-06T22:28:15.944Z,,,,-2276,381,3308,24,-1062,413,,,,-0.099914297,0.068908513,0.8322732448577881,0.5408311486244202,,,
2026-03-06T22:28:15.904Z,,,,-1394,1950,2962,-2046,697,313,,,,-0.040588275,0.098205313,0.8424050807952881,0.5281968712806702,,,
2026-03-06T22:28:15.864Z,,,,52,281,3305,-240,2388,-72,,,,0.013183560222387314,0.058837742,0.8583962321281433,0.5092760324478149,,,
2026-03-06T22:28:15.824Z,,,,2939,6624,9268,222,1688,325,,,,0.063415363,0.097045653,0.8839088678359985,0.4530017673969269,,,
2026-03-06T22:28:15.784Z,,,,-1682,-327,2580,-929,-3757,1023,,,,-0.068298168,0.10949678719043732,0.8936744928359985,0.42968639731407166,,,
2026-03-06T22:28:15.744Z,,,,-2997,-341,1747,1795,-1978,-129,,,,-0.135009423,0.079467572,0.9081397652626038,0.3880605399608612,,,
2026-03-06T22:28:15.704Z,,,,-1847,-473,2852,892,730,-338,,,,-0.113280959,0.042480360716581345,0.924375057,0.361693412,,,
2026-03-06T22:28:15.664Z,,,,109,-431,3811,317,1603,-24,,,,-0.004211415,-0.015197715,0.9520849585533142,0.3053581118583679,,,
2026-03-06T22:28:15.624Z,,,,248,-224,4048,251,607,-403,,,,0.007995585,-0.0219726,0.9583715796470642,0.2843620777130127,,,
2026-03-06T22:28:15.584Z,,,,238,-420,4100,-38,262,-451,,,,0.010742159560322762,-0.023498476,0.9631933569908142,0.2674553692340851,,,
2026-03-06T22:28:15.544Z,,,,345,-298,3991,-139,184,-496,,,,0.022766055539250374,-0.028015064,0.9719213247299194,0.23248231410980225,,,
2026-03-06T22:28:15.504Z,,,,721,228,3885,-16,330,-431,,,,0.041015521,-0.021362251,0.9801610708236694,0.1925043910741806,,,
2026-03-06T22:28:15.464Z,,,,1181,-795,4302,-211,460,262,,,,0.044128306210041046,-0.014221155,0.9809545278549194,0.1882929801940918,,,
2026-03-06T22:28:15.424Z,,,,1564,-424,3763,-292,-19,173,,,,0.052551135420799255,-0.00671385,0.9842504262924194,0.16827349364757538,,,
2026-03-06T22:28:15.384Z,,,,1203,-330,3788,-130,119,-323,,,,0.032165445387363434,0.010436984710395336,0.9909031987190247,0.12976041436195374,,,
2026-03-06T22:28:15.344Z,,,,93,868,4191,-531,-1082,-835,,,,0.002990715,0.031738199293613434,0.9956029057502747,0.087890401,,,
2026-03-06T22:28:15.304Z,,,,-705,1784,3707,-491,-859,-535,,,,-0.056030128,0.075744435,0.9949925541877747,0.032836828380823135,,,
2026-03-06T22:28:15.264Z,,,,-738,905,4093,-871,48,217,,,,-0.059387054,0.071471982,0.9956029057502747,0.00476073,,,
2026-03-06T22:28:15.224Z,,,,-328,796,4106,306,248,87,,,,0.053771835,-0.055358745,-0.996823609,0.017211869,,,
2026-03-06T22:28:15.184Z,,,,-1074,149,4329,520,-8,411,,,,0.057494968,-0.032958899,-0.997128785,0.035583407,,,
2026-03-06T22:28:15.144Z,,,,1590,460,3553,651,261,692,,,,0.025939874351024628,-0.031921305,-0.997861207,0.049499385,,,
2026-03-06T22:28:15.104Z,,,,-2400,-1103,2887,-4,324,352,,,,0.10949678719043732,0.024719174951314926,-0.988889039,0.096984617,,,
2026-03-06T22:28:15.064Z,,,,-1911,-821,3409,1016,89,642,,,,0.10504123568534851,0.052001819014549255,-0.986508727,0.11395234614610672,,,
2026-03-06T22:28:15.024Z,,,,-1185,-493,4065,-50,323,727,,,,0.086059347,0.049499385,-0.987241149,0.12420622259378433,,,
2026-03-06T22:28:14.984Z,,,,888,-1068,3898,-272,1053,1083,,,,0.048950069,0.02673333,-0.987119079,0.14965781569480896,,,
2026-03-06T22:28:14.944Z,,,,550,-1744,4123,-596,470,402,,,,0.064697102,0.024475034326314926,-0.980405211,0.1842646598815918,,,
2026-03-06T22:28:14.904Z,,,,-2005,1868,3617,-749,-2523,249,,,,0.15008506178855896,-0.041503798,-0.971372008,0.179259792,,,
2026-03-06T22:28:14.864Z,,,,-1023,1194,4211,-366,1087,1615,,,,0.12274138629436493,-0.041747939,-0.980161071,0.14965781569480896,,,
2026-03-06T22:28:14.824Z,,,,682,-1359,4023,464,1069,1903,,,,0.068298168,0.00549315,-0.994870484,0.073974423,,,
2026-03-06T22:28:14.784Z,,,,-3534,1027,3139,-1181,493,1013,,,,0.16094928979873657,-0.034179598,-0.986081481,0.022949159145355225,,,
2026-03-06T22:28:14.744Z,,,,-1740,-867,3524,1873,605,624,,,,0.13067594170570374,0.013061489909887314,-0.99126941,0.008239725,,,
2026-03-06T22:28:14.704Z,,,,-1057,-226,4278,228,1131,-35,,,,0.095458739,0.019470165,-0.995236695,0.00146484,,,
2026-03-06T22:28:14.664Z,,,,-842,-351,3769,199,655,-687,,,,0.074340627,0.022399844601750374,-0.996884644,0.012084930203855038,,,
2026-03-06T22:28:14.624Z,,,,586,-141,4263,-16,769,-1041,,,,0.044799689,-0.02490228,-0.99706775,0.055785991,,,
2026-03-06T22:28:14.584Z,,,,-2279,1017,3547,-285,-1880,-1094,,,,0.11254853755235672,-0.042846572,-0.989438355,0.080383092,,,
2026-03-06T22:28:14.544Z,,,,-1682,1804,3663,-812,-1719,-1150,,,,0.11511200666427612,-0.074279591,-0.986325622,0.091064222,,,
2026-03-06T22:28:14.504Z,,,,-707,1087,3959,-488,636,-646,,,,0.099853262,-0.080871373,-0.986813903,0.098266348,,,
2026-03-06T22:28:14.464Z,,,,-734,1131,3881,-69,130,-950,,,,0.087585226,-0.078674115,-0.98583734,0.11926238983869553,,,
2026-03-06T22:28:14.424Z,,,,-346,870,4139,369,60,-911,,,,0.069091618,-0.052184924,-0.984738708,0.15057334303855896,,,
2026-03-06T22:28:14.384Z,,,,580,477,3625,665,396,-488,,,,0.057739109,-0.040710345,-0.986142516,0.14996299147605896,,,
2026-03-06T22:28:14.344Z,,,,-343,458,4064,480,120,-142,,,,0.066711254,-0.022643985,-0.984311461,0.16155964136123657,,,
2026-03-06T22:28:14.304Z,,,,-478,242,4155,462,-406,-794,,,,0.072326474,-0.009338355,-0.980832458,0.180480495,,,
2026-03-06T22:28:14.264Z,,,,-363,425,4380,375,-73,-739,,,,0.074401662,-0.00415038,-0.974789977,0.21020454168319702,,,
2026-03-06T22:28:14.224Z,,,,-1158,-43,3857,179,-539,-1404,,,,0.082519323,0.024108825251460075,-0.957944334,0.2736809253692627,,,
2026-03-06T22:28:14.184Z,,,,-578,-63,4053,731,302,-541,,,,0.065307453,0.040527239,-0.952145994,0.2956535518169403,,,
2026-03-06T22:28:14.144Z,,,,-214,-819,3973,730,514,-1016,,,,0.054931499,0.059875336,-0.943723142,0.32043373584747314,,,
2026-03-06T22:28:14.104Z,,,,-1787,-11,3700,521,-406,-1162,,,,0.074889943,0.064880207,-0.930966854,0.35125643014907837,,,
2026-03-06T22:28:14.064Z,,,,-516,-241,4049,-325,144,-1111,,,,0.057861179,0.059326019,-0.917050898,0.3900136351585388,,,
2026-03-06T22:28:14.024Z,,,,-689,502,4185,66,-239,-827,,,,0.081603795,0.040283099,-0.862363517,0.49798455834388733,,,
2026-03-06T22:28:13.984Z,,,,-1779,670,4503,-303,49,-726,,,,0.10620089620351791,0.038391016,-0.835508108,0.5376573204994202,,,
2026-03-06T22:28:13.944Z,,,,-605,93,4211,359,820,-614,,,,0.094482176,0.03918447,-0.824277699,0.5567612648010254,,,
2026-03-06T22:28:13.904Z,,,,-1148,1358,3448,432,-1321,-1331,,,,0.15362510085105896,0.038513087,-0.760129869,0.6300643086433411,,,
2026-03-06T22:28:13.864Z,,,,-882,949,4225,270,150,-1533,,,,0.11724823713302612,0.04528797,-0.679990947,0.722288191,,,
2026-03-06T22:28:13.824Z,,,,-609,574,3800,892,287,-1671,,,,0.076415822,0.066100903,-0.59173435,0.7997416257858276,,,
2026-03-06T22:28:13.784Z,,,,-433,709,4054,634,18,-1447,,,,0.05969223,0.077575482,-0.550413609,0.8290383815765381,,,
2026-03-06T22:28:13.744Z,,,,-195,-159,4305,819,-102,-604,,,,0.0378417,0.094604246,-0.52392441,0.8455789089202881,,,
2026-03-06T22:28:13.704Z,,,,-341,1392,5284,610,-518,-278,,,,0.040099993,0.11383027583360672,-0.508726716,0.8523537516593933,,,
2026-03-06T22:28:13.664Z,,,,-927,-723,3587,1566,-1424,-451,,,,-0.010559055,0.16235309839248657,-0.464232206,0.8706032633781433,,,
2026-03-06T22:28:13.624Z,,,,64,-352,3764,147,108,-283,,,,0.006774885,0.12982144951820374,-0.342711538,0.930356503,,,
2026-03-06T22:28:13.584Z,,,,-2191,-919,4026,202,-1105,-1402,,,,0.016357379034161568,0.17626908421516418,-0.303160846,0.936276913,,,
2026-03-06T22:28:13.544Z,,,,-3238,5,3117,245,-1345,-630,,,,0.034240633,0.1937250941991806,-0.289611071,0.936643124,,,
2026-03-06T22:28:13.504Z,,,,-1988,358,3546,-399,329,-197,,,,0.042785536497831345,0.16131550073623657,-0.28710863,0.9431738257408142,,,
2026-03-06T22:28:13.464Z,,,,-281,301,4120,-423,1034,-104,,,,0.037292384,0.10089085251092911,-0.301512897,0.9473242163658142,,,
2026-03-06T22:28:13.424Z,,,,-2347,-2391,3005,62,210,547,,,,-0.02490228,0.1912836879491806,-0.40533343,0.8934913873672485,,,
2026-03-06T22:28:13.384Z,,,,-626,-438,4234,237,1001,835,,,,-0.022766056,0.11639374494552612,-0.463011503,0.8782936334609985,,,
2026-03-06T22:28:13.344Z,,,,-491,-629,4145,-769,651,631,,,,-0.007873515,0.096435301,-0.493406951,0.8643166422843933,,,
2026-03-06T22:28:13.304Z,,,,-181,215,3999,-660,54,471,,,,0.030273359268903732,0.091979742,-0.536558688,0.8382546901702881,,,
2026-03-06T22:28:13.264Z,,,,-607,363,4265,-216,-763,194,,,,0.031433023512363434,0.10540744662284851,-0.558348179,0.8222025036811829,,,
2026-03-06T22:28:13.224Z,,,,-1606,158,3698,729,-323,446,,,,0.04663074,0.11419648677110672,-0.609861732,0.7827738523483276,,,
2026-03-06T22:28:13.184Z,,,,-166,423,4268,-838,512,1251,,,,0.054809429,0.052368029952049255,-0.754880905,0.6514265537261963,,,
2026-03-06T22:28:13.144Z,,,,-967,-1183,4028,-219,115,2251,,,,0.066528149,0.098510489,-0.885678887,0.4486682713031769,,,
2026-03-06T22:28:13.104Z,,,,-539,142,4903,-694,-302,1491,,,,0.085571073,0.089477308,-0.908811152,0.3982533812522888,,,
2026-03-06T22:28:13.064Z,,,,-1719,-1747,3165,168,-1381,1483,,,,0.12249724566936493,0.13610805571079254,-0.932553768,0.31103435158729553,,,
2026-03-06T22:28:13.024Z,,,,-968,-1373,3695,-117,340,801,,,,0.11151094734668732,0.13342250883579254,-0.941648006,0.2881462275981903,,,
2026-03-06T22:28:12.984Z,,,,-789,-1192,3945,-503,262,229,,,,0.11242646723985672,0.12274138629436493,-0.947385252,0.2733147144317627,,,
2026-03-06T22:28:12.944Z,,,,-660,86,4452,-504,-287,473,,,,0.16900591552257538,0.08166483,-0.950742185,0.24645933508872986,,,
2026-03-06T22:28:12.904Z,,,,-1050,-1196,4123,288,-368,-551,,,,0.1902460902929306,0.085632108,-0.944333494,0.25408869981765747,,,
2026-03-06T22:28:12.864Z,,,,-3698,-25,2744,-1119,-1609,-39,,,,0.23571716248989105,0.057250831,-0.940427303,0.23803649842739105,,,
2026-03-06T22:28:12.824Z,,,,-1355,627,4017,-1635,620,436,,,,0.2003168761730194,-0.026672294,-0.973508239,0.10662814229726791,,,
2026-03-06T22:28:12.784Z,,,,-1399,939,3844,-428,-151,1353,,,,0.20550484955310822,-0.032653727,-0.976498961,0.05541978,,,
2026-03-06T22:28:12.744Z,,,,-981,348,3668,-68,108,1419,,,,0.2004389464855194,-0.022155706,-0.979428649,0.004089345,,,
2026-03-06T22:28:12.704Z,,,,-1932,-1409,3810,235,317,1440,,,,-0.17852737,-0.023681579,0.9801610708236694,0.082031041,,,
2026-03-06T22:28:12.664Z,,,,-1856,-1920,2993,2036,160,658,,,,-0.168761775,-0.052978382,0.9800390005111694,0.090026625,,,
2026-03-06T22:28:12.624Z,,,,-1231,-457,4020,140,605,782,,,,-0.142638788,-0.016296346,0.9763768911361694,0.16137653589248657,,,
2026-03-06T22:28:12.584Z,,,,-1856,77,3904,-462,-285,110,,,,-0.150329202,-0.000549315,0.9740575551986694,0.16894488036632538,,,
2026-03-06T22:28:12.544Z,,,,-1893,-128,3667,-320,-197,84,,,,-0.149291605,0.001647945,0.9728978872299194,0.17639115452766418,,,
2026-03-06T22:28:12.504Z,,,,-1289,262,3967,-142,116,301,,,,-0.142516717,0.007751445,0.9717992544174194,0.1874995231628418,,,
2026-03-06T22:28:12.464Z,,,,-731,-40,4078,-199,184,343,,,,-0.13592495,0.0061035,0.9712499380111694,0.1951899230480194,,,
2026-03-06T22:28:12.424Z,,,,-1100,-133,3991,-93,85,353,,,,-0.138427377,0.008605935,0.9674657583236694,0.21142524480819702,,,
2026-03-06T22:28:12.384Z,,,,-1045,-200,3985,0,-35,84,,,,-0.139953256,0.00817869,0.9669774770736694,0.21270696818828583,,,
2026-03-06T22:28:12.344Z,,,,-1093,-187,3984,9,-54,52,,,,-0.142577752,0.00939939,0.9650854468345642,0.21923771500587463,,,
2026-03-06T22:28:12.304Z,,,,-1180,-222,3952,4,-91,10,,,,-0.147704706,0.00939939,0.9647802710533142,0.21716253459453583,,,
2026-03-06T22:28:12.264Z,,,,-1117,-243,3951,-3,-49,-22,,,,-0.148681253,0.011474579572677612,0.9647192358970642,0.21679632365703583,,,
2026-03-06T22:28:12.224Z,,,,-1268,-135,3890,-140,-94,-107,,,,-0.152404398,0.016906695440411568,0.9649023413658142,0.21307317912578583,,,
2026-03-06T22:28:12.184Z,,,,-1229,-21,3991,-107,3,125,,,,-0.150817484,0.02050776,0.9632543921470642,0.22112980484962463,,,
2026-03-06T22:28:12.144Z,,,,-1283,-80,3926,-144,13,137,,,,-0.150695413,0.022582950070500374,0.9618505835533142,0.22711123526096344,,,
2026-03-06T22:28:12.104Z,,,,-1301,-227,3850,-75,31,235,,,,-0.150634378,0.025817804038524628,0.9602636694908142,0.23345887660980225,,,
2026-03-06T22:28:12.064Z,,,,-1198,287,4086,-340,-91,275,,,,-0.146300897,0.036437895,0.9577612280845642,0.24468931555747986,,,
2026-03-06T22:28:12.024Z,,,,-1384,411,3928,76,138,330,,,,-0.145995721,0.042114149779081345,0.9559912085533142,0.25079280138015747,,,
2026-03-06T22:28:11.984Z,,,,-1184,42,3927,-104,-27,72,,,,-0.145568475,0.044494513,0.9553808569908142,0.25292903184890747,,,
2026-03-06T22:28:11.944Z,,,,-1274,56,4056,-76,-2,83,,,,-0.145202264,0.046813846,0.9542211890220642,0.25701838731765747,,,
2026-03-06T22:28:11.904Z,,,,-1190,92,3927,-92,26,87,,,,-0.146239862,0.050842154771089554,0.9516577124595642,0.2651360332965851,,,
2026-03-06T22:28:11.864Z,,,,-1089,-45,3871,-75,-48,273,,,,-0.148192987,0.05383287,0.9493994116783142,0.2715447247028351,,,
2026-03-06T22:28:11.824Z,,,,-1456,472,3997,-433,-238,345,,,,-0.154174402,0.067321606,0.9430517554283142,0.2868034541606903,,,
2026-03-06T22:28:11.784Z,,,,-1585,-333,3639,-26,-255,489,,,,-0.162597239,0.06420882,0.938352108,0.2979728579521179,,,
2026-03-06T22:28:11.744Z,,,,-1227,569,4184,106,46,202,,,,-0.157714441,0.076720998,0.935117245,0.3077384829521179,,,
2026-03-06T22:28:11.704Z,,,,-1315,124,3968,-83,-89,416,,,,-0.162231028,0.081847936,0.928769588,0.32281410694122314,,,
2026-03-06T22:28:11.664Z,,,,-1338,355,3903,-151,-115,-46,,,,-0.164428294,0.086364523,0.929196835,0.31939616799354553,,,
2026-03-06T22:28:11.624Z,,,,-1440,682,3798,154,-9,-108,,,,-0.153319925,0.10955782234668732,0.93530035,0.2994377017021179,,,
2026-03-06T22:28:11.584Z,,,,-1434,498,3853,-2,151,-171,,,,-0.151977152,0.10827609151601791,0.93731451,0.2940666377544403,,,
2026-03-06T22:28:11.544Z,,,,-1521,594,3851,12,30,-209,,,,-0.156615809,0.10736056417226791,0.936460018,0.2948600947856903,,,
2026-03-06T22:28:11.504Z,,,,-1488,632,3828,138,-113,85,,,,-0.157958582,0.10430881381034851,0.933713436,0.3037711977958679,,,
2026-03-06T22:28:11.464Z,,,,-1000,-326,3990,-636,118,-18,,,,-0.149169534,0.10266087204217911,0.933042049,0.31072917580604553,,,
2026-03-06T22:28:11.424Z,,,,-1083,806,4189,300,360,421,,,,-0.143432245,0.10736056417226791,0.931027889,0.31774821877479553,,,
2026-03-06T22:28:11.384Z,,,,-1627,146,3558,-284,158,121,,,,-0.168395564,0.10144016891717911,0.92736578,0.31811442971229553,,,
2026-03-06T22:28:11.344Z,,,,-1361,2023,4775,363,-126,4,,,,-0.157470301,0.11614960432052612,0.939145565,0.2821648120880127,,,
2026-03-06T22:28:11.304Z,,,,-1949,-464,2798,-115,-6,-153,,,,-0.15734823,0.079772748,0.9485449194908142,0.2628166973590851,,,
2026-03-06T22:28:11.264Z,,,,-1591,74,3583,851,1082,204,,,,-0.130309731,0.05822739,0.9585546851158142,0.24627622961997986,,,
2026-03-06T22:28:11.224Z,,,,-745,1654,4672,74,1316,257,,,,-0.073303036,0.066406079,0.9741796255111694,0.20288033783435822,,,
2026-03-06T22:28:11.184Z,,,,3288,522,2782,-182,584,429,,,,-0.034667879,0.030029221,0.9834569692611694,0.17498734593391418,,,
2026-03-06T22:28:11.144Z,,,,24,-76,6109,-287,-2334,41,,,,-0.095519774,0.005554185,0.9952366948127747,0.018127395,,,
2026-03-06T22:28:11.104Z,,,,-2823,-259,3886,250,-891,272,,,,0.15185508131980896,-0.004699695,-0.986325622,0.063415363,,,
2026-03-06T22:28:11.064Z,,,,-1317,595,3510,-1101,-2766,5,,,,0.11645478010177612,-0.015747029,-0.979123473,0.16577105224132538,,,
2026-03-06T22:28:11.024Z,,,,-964,-755,4029,1116,1067,-134,,,,0.078063764,0.00939939,-0.97979486,0.1835322380065918,,,
2026-03-06T22:28:10.984Z,,,,12,682,3884,-31,832,-118,,,,0.053527694,0.00085449,-0.981625915,0.183105007,,,
2026-03-06T22:28:10.944Z,,,,-1066,314,4289,155,335,88,,,,0.064819172,0.011230439879000187,-0.986142516,0.15191611647605896,,,
2026-03-06T22:28:10.904Z,,,,-928,-215,4073,383,-301,368,,,,0.073180966,0.025085384026169777,-0.988644898,0.12853971123695374,,,
2026-03-06T22:28:10.864Z,,,,-1197,-838,3418,236,298,140,,,,0.10736056417226791,0.046203494,-0.993100464,0.00598143,,,
2026-03-06T22:28:10.824Z,,,,-758,-551,3918,-202,12,474,,,,-0.109618858,-0.031433024,0.9918797612190247,0.055847026,,,
2026-03-06T22:28:10.784Z,,,,-861,158,4052,-688,-34,366,,,,-0.111022666,-0.006042465,0.9873632192611694,0.11279267817735672,,,
2026-03-06T22:28:10.744Z,,,,-1034,-415,3963,-353,46,651,,,,-0.109496787,0.004821765,0.9761327505111694,0.1873774528503418,,,
2026-03-06T22:28:10.704Z,,,,-992,-311,4248,-113,543,988,,,,-0.092162848,0.042663466185331345,0.9168677926063538,0.3859853446483612,,,
2026-03-06T22:28:10.664Z,,,,-1159,471,4250,-542,611,822,,,,-0.08166483,0.054687358,0.9009986519813538,0.42242324352264404,,,
2026-03-06T22:28:10.624Z,,,,-1341,229,4116,-219,-52,716,,,,-0.083984159,0.065917797,0.8883644342422485,0.44641000032424927,,,
2026-03-06T22:28:10.584Z,,,,-2031,481,3932,-486,-236,674,,,,-0.082214147,0.083251737,0.8767677545547485,0.4663684368133545,,,
2026-03-06T22:28:10.544Z,,,,-400,709,4406,-453,327,329,,,,-0.041931044,0.065978833,0.8488747477531433,0.5227037668228149,,,
2026-03-06T22:28:10.504Z,,,,-954,-217,4124,347,-127,719,,,,-0.062316734,0.051025260239839554,0.8098734021186829,0.5809311270713806,,,
2026-03-06T22:28:10.464Z,,,,-756,113,4037,168,-110,448,,,,-0.064575031,0.049133174,0.8024271130561829,0.5911239981651306,,,
2026-03-06T22:28:10.424Z,,,,-566,342,4181,-75,-144,113,,,,-0.064636067,0.048827998,0.8122537732124329,0.5776352286338806,,,
2026-03-06T22:28:10.384Z,,,,-631,127,4043,-150,444,-494,,,,-0.061340176,0.046142459,0.8199442028999329,0.5671982765197754,,,
2026-03-06T22:28:10.344Z,,,,-607,112,4125,16,0,20,,,,-0.062743977,0.045593146,0.8195169568061829,0.5676865577697754,,,
2026-03-06T22:28:10.304Z,,,,-592,118,4077,38,-45,29,,,,-0.065673657,0.045349006,0.8197610974311829,0.5670151710510254,,,
2026-03-06T22:28:10.264Z,,,,-638,31,4100,41,-78,33,,,,-0.073669247,0.043640024960041046,0.8250101208686829,0.5585312843322754,,,
2026-03-06T22:28:10.224Z,,,,-711,-167,3920,77,-64,2,,,,-0.083251737,0.038452052,0.8348367214202881,0.5426622033119202,,,
2026-03-06T22:28:10.184Z,,,,-723,90,4025,88,-63,-107,,,,-0.082214147,0.038268946,0.8386209011077881,0.5369859337806702,,,
2026-03-06T22:28:10.144Z,,,,-200,464,4084,17,15,38,,,,-0.078246869,0.035949614,0.8472878932952881,0.5239854454994202,,,
2026-03-06T22:28:10.104Z,,,,-588,764,4729,339,-230,226,,,,-0.103515357,0.030273359268903732,0.8637062907218933,0.4921862483024597,,,
2026-03-06T22:28:10.064Z,,,,-665,-1096,3817,184,-872,-268,,,,-0.134338036,0.001892085,0.8724952936172485,0.4697253704071045,,,
2026-03-06T22:28:10.024Z,,,,-437,-565,3848,-353,205,551,,,,-0.111388877,0.014465294778347015,0.8766456842422485,0.4677112102508545,,,
2026-03-06T22:28:09.984Z,,,,815,200,4254,-935,320,219,,,,-0.086791769,0.033325109630823135,0.8809181451797485,0.4639270305633545,,,
2026-03-06T22:28:09.944Z,,,,1187,184,4191,-390,-407,100,,,,-0.098815665,0.04943835,0.8881813287734985,0.44586068391799927,,,
2026-03-06T22:28:09.904Z,,,,-1652,-1399,3666,346,-1968,-453,,,,-0.161864817,0.068542302,0.8943458795547485,0.41125383973121643,,,
2026-03-06T22:28:09.864Z,,,,-2130,863,3694,-1255,-1827,-276,,,,-0.150573343,0.13043180108070374,0.8942238092422485,0.4006337523460388,,,
2026-03-06T22:28:09.824Z,,,,461,651,4395,-626,1135,261,,,,-0.111388877,0.099303946,0.8859230279922485,0.43902474641799927,,,
2026-03-06T22:28:09.784Z,,,,-2141,111,3439,-766,-1990,412,,,,-0.182860866,0.12597623467445374,0.8672463297843933,0.44543343782424927,,,
2026-03-06T22:28:09.744Z,,,,-2864,-1795,2178,967,-736,1157,,,,-0.206115201,0.087646261,0.8541237711906433,0.4692370891571045,,,
2026-03-06T22:28:09.704Z,,,,-772,-460,4209,-119,1434,1528,,,,-0.106078833,0.097961172,0.8049905896186829,0.5753769278526306,,,
2026-03-06T22:28:09.664Z,,,,658,1901,5197,-1824,73,1245,,,,-0.076965138,0.12493864446878433,0.7852152585983276,0.6014999151229858,,,
2026-03-06T22:28:09.624Z,,,,-230,-3344,3601,431,-597,769,,,,-0.122863457,0.12182585895061493,0.7642802596092224,0.6210921406745911,,,
2026-03-06T22:28:09.584Z,,,,-641,959,2568,-1142,-3080,-76,,,,-0.055602886,0.1928706020116806,0.6760236620903015,0.7089825868606567,,,
2026-03-06T22:28:09.544Z,,,,-2317,4206,4546,-2414,1793,1816,,,,-0.008728005,0.24047790467739105,0.6099227666854858,0.7549419403076172,,,
2026-03-06T22:28:09.504Z,,,,-1218,-239,3728,-3292,1225,2222,,,,0.01977534,0.22363224625587463,0.5109239816665649,0.8297097682952881,,,
2026-03-06T22:28:09.464Z,,,,4627,1128,3796,-706,1080,3129,,,,0.083129667,0.21801702678203583,0.2925407588481903,0.927304745,,,
2026-03-06T22:28:09.424Z,,,,-2675,-1060,2240,3426,740,2634,,,,0.012329069897532463,0.2660515606403351,0.21295110881328583,0.940000057,,,
2026-03-06T22:28:09.384Z,,,,-2491,49,3103,-39,384,3061,,,,0.022033635526895523,0.2620232403278351,0.11120577156543732,0.9583105444908142,,,
2026-03-06T22:28:09.344Z,,,,-1982,876,3599,-1727,1114,2511,,,,0.11273164302110672,0.21472112834453583,-0.056213234,0.9684423208236694,,,
2026-03-06T22:28:09.304Z,,,,72,-312,3210,-1699,461,1768,,,,0.085937276,0.1836543083190918,-0.20959419,0.9564794898033142,,,
2026-03-06T22:28:09.264Z,,,,-2652,556,3320,-1039,-583,-52,,,,0.12280242145061493,0.23107850551605225,-0.256347001,0.930417538,,,
2026-03-06T22:28:09.224Z,,,,-2697,724,3238,-494,54,885,,,,0.13354457914829254,0.22100773453712463,-0.291869372,0.920896053,,,
2026-03-06T22:28:09.184Z,,,,-2274,274,3510,-878,672,1007,,,,0.14446984231472015,0.1958002746105194,-0.326110005,0.9134498238563538,,,
2026-03-06T22:28:09.144Z,,,,-2250,1064,3682,-1067,828,793,,,,0.16027790307998657,0.16748003661632538,-0.356627494,0.9049659371376038,,,
2026-03-06T22:28:09.104Z,,,,-1339,1132,3514,-571,710,328,,,,0.14202845096588135,0.11413545161485672,-0.377379417,0.9078956246376038,,,
2026-03-06T22:28:09.064Z,,,,-1138,825,3896,-18,794,236,,,,0.13183559477329254,0.095397703,-0.393614709,0.9047217965126038,,,
2026-03-06T22:28:09.024Z,,,,-1082,703,3978,41,740,672,,,,0.11871307343244553,0.077331342,-0.415526271,0.8984351754188538,,,
2026-03-06T22:28:08.984Z,,,,-657,814,4065,145,930,874,,,,0.099426016,0.058410496,-0.441893399,0.8895851373672485,,,
2026-03-06T22:28:08.944Z,,,,-931,307,3971,489,568,982,,,,0.075256154,0.050109737,-0.473814696,0.8759132623672485,,,
2026-03-06T22:28:08.904Z,,,,-33,510,4471,277,1366,1155,,,,0.032775793224573135,0.00231933,-0.528379977,0.8483254909515381,,,
2026-03-06T22:28:08.864Z,,,,28,515,4140,202,618,166,,,,0.021484319120645523,-0.005676255,-0.535582125,0.8441140651702881,,,
2026-03-06T22:28:08.824Z,,,,-12,57,4272,405,236,200,,,,0.008972145,-0.00476073,-0.539854586,0.8416116237640381,,,
2026-03-06T22:28:08.784Z,,,,-352,420,3939,266,-74,141,,,,0.002136225,-0.001281735,-0.545286715,0.8381936550140381,,,
2026-03-06T22:28:08.744Z,,,,323,-264,4145,432,651,624,,,,-0.022888126,-0.016906695,-0.56262064,0.8261697292327881,,,
2026-03-06T22:28:08.704Z,,,,254,-183,4318,170,733,1046,,,,-0.033813391,-0.023864685,-0.61126554,0.7902811765670776,,,
2026-03-06T22:28:08.664Z,,,,240,-320,4249,27,-144,830,,,,-0.03039543,-0.015319785,-0.628050148,0.7774028182029724,,,
2026-03-06T22:28:08.624Z,,,,37,-313,4203,278,-245,207,,,,-0.025756771,0.015380820259451866,-0.627195656,0.7782573103904724,,,
2026-03-06T22:28:08.584Z,,,,-601,-262,3932,103,25,-156,,,,-0.00537108,0.064880207,-0.616331398,0.7847269773483276,,,
2026-03-06T22:28:08.544Z,,,,-1255,-333,3916,483,-1117,-197,,,,0.00695799,0.095702879,-0.609617591,0.7868021726608276,,,
2026-03-06T22:28:08.504Z,,,,-995,-1064,3576,-122,-80,-152,,,,0.00268554,0.10363742709159851,-0.606565833,0.7882059812545776,,,
2026-03-06T22:28:08.464Z,,,,-558,-1076,3708,767,387,122,,,,-0.0061035,0.10589572787284851,-0.609007239,0.7859476804733276,,,
2026-03-06T22:28:08.424Z,,,,-399,-614,3555,0,-605,-12,,,,-0.001403805,0.10931368172168732,-0.61529386,0.7805765867233276,,,
2026-03-06T22:28:08.384Z,,,,-693,265,4445,155,603,172,,,,0.048339721,0.10827609151601791,-0.609739661,0.7836283445358276,,,
2026-03-06T22:28:08.344Z,,,,-354,-577,3764,-361,-150,-43,,,,0.055908062,0.10913057625293732,-0.610777259,0.7821635007858276,,,
2026-03-06T22:28:08.304Z,,,,-1076,-1,4011,-104,-179,77,,,,0.071899228,0.11230439692735672,-0.607908607,0.7826517820358276,,,
2026-03-06T22:28:08.264Z,,,,126,438,4023,-341,-301,-61,,,,0.069457829,0.10498020052909851,-0.608091712,0.7837504148483276,,,
2026-03-06T22:28:08.224Z,,,,-1339,127,4076,126,-145,245,,,,0.076110646,0.11291474848985672,-0.614073157,0.7773417830467224,,,
2026-03-06T22:28:08.184Z,,,,-1813,95,3648,200,-302,512,,,,0.091735601,0.075317189,-0.654234171,0.7468242645263672,,,
2026-03-06T22:28:08.144Z,,,,-1057,-648,3811,194,420,294,,,,0.070983708,0.066100903,-0.657591105,0.7470073699951172,,,
2026-03-06T22:28:08.104Z,,,,-669,-343,4406,188,503,-431,,,,0.050231803208589554,0.05969223,-0.612730384,0.7863749265670776,,,
2026-03-06T22:28:08.064Z,,,,-65,-353,3986,1044,-122,-1074,,,,0.043578989803791046,0.064513996,-0.576170385,0.8135965466499329,,,
2026-03-06T22:28:08.024Z,,,,-652,1062,3818,7,-69,-1259,,,,0.058654636,0.059142914,-0.545897067,0.8336160182952881,,,
2026-03-06T22:28:07.984Z,,,,-85,969,4230,-303,52,-761,,,,0.050964225083589554,0.060607753694057465,-0.497435242,0.8638283610343933,,,
2026-03-06T22:28:07.944Z,,,,895,361,4273,382,-43,-750,,,,0.017639115,0.091003187,-0.44427377,0.8910499811172485,,,
2026-03-06T22:28:07.904Z,,,,-1725,1209,4582,473,-1231,30,,,,0.03503409,0.15032920241355896,-0.439451993,0.8848243951797485,,,
2026-03-06T22:28:07.864Z,,,,-3605,-2087,2426,1650,-1793,715,,,,0.00793455,0.21655218303203583,-0.437254727,0.8727394342422485,,,
2026-03-06T22:28:07.824Z,,,,-1765,-1435,3124,929,652,177,,,,-0.02246088,0.1999506652355194,-0.436278164,0.8769508600234985,,,
2026-03-06T22:28:07.784Z,,,,-1129,-1467,3809,103,1001,254,,,,-0.036682036,0.17199662327766418,-0.436766446,0.8821998834609985,,,
2026-03-06T22:28:07.744Z,,,,-151,-307,3827,-444,621,67,,,,0.0036621,0.13604702055454254,-0.444029629,0.8855568170547485,,,
2026-03-06T22:28:07.704Z,,,,-1599,-766,3880,-19,-1132,-300,,,,0.0183105,0.16674761474132538,-0.436644375,0.8837867975234985,,,
2026-03-06T22:28:07.664Z,,,,-2104,-325,3711,-95,-599,-183,,,,0.060058441,0.16729693114757538,-0.457335263,0.8712746500968933,,,
2026-03-06T22:28:07.624Z,,,,-1799,186,3784,-962,343,457,,,,0.078368939,0.14477501809597015,-0.477110595,0.8632180094718933,,,
2026-03-06T22:28:07.584Z,,,,-683,462,3901,-710,516,533,,,,0.087096944,0.11218232661485672,-0.518675447,0.8430154323577881,,,
2026-03-06T22:28:07.544Z,,,,-869,206,3817,-208,-78,967,,,,0.091857672,0.14001429080963135,-0.589231908,0.7903422117233276,,,
2026-03-06T22:28:07.504Z,,,,-2660,-957,4188,362,-448,1590,,,,0.099975333,0.1835932731628418,-0.669614971,0.712583601,,,
2026-03-06T22:28:07.464Z,,,,-2086,-2062,3169,512,-595,984,,,,0.077026173,0.1923212856054306,-0.710569441,0.6723615527153015,,,
2026-03-06T22:28:07.424Z,,,,-1948,-1184,3394,-498,278,891,,,,0.092162848,0.16253620386123657,-0.759702623,0.6227400898933411,,,
2026-03-06T22:28:07.384Z,,,,-1088,-634,3934,-177,232,450,,,,0.086852804,0.14092981815338135,-0.76641649,0.6206038594245911,,,
2026-03-06T22:28:07.344Z,,,,-1109,-252,4184,-485,556,-417,,,,0.077087201,0.11999481171369553,-0.735044479,0.6627790927886963,,,
2026-03-06T22:28:07.304Z,,,,-841,-390,3908,194,189,-1014,,,,0.069579899,0.11779754608869553,-0.717100203,0.6833478808403015,,,
2026-03-06T22:28:07.264Z,,,,-802,-2,4130,352,176,-1063,,,,0.069640934,0.11517304182052612,-0.703123212,0.6981183290481567,,,
2026-03-06T22:28:07.224Z,,,,-1235,546,3806,128,200,-901,,,,0.096313231,0.12530484795570374,-0.685056865,0.711057723,,,
2026-03-06T22:28:07.184Z,,,,-1199,-2148,4392,-478,-902,-696,,,,0.11328095942735672,0.16332966089248657,-0.686155438,0.6997052431106567,,,
2026-03-06T22:28:07.144Z,,,,-1718,552,3801,-1210,-1439,185,,,,0.16375690698623657,0.10272190719842911,-0.731321394,0.6539900302886963,,,
2026-03-06T22:28:07.104Z,,,,-1047,661,3956,-269,669,847,,,,0.15246543288230896,0.095519774,-0.755125046,0.6303084492683411,,,
2026-03-06T22:28:07.064Z,,,,-926,-27,4025,163,168,1057,,,,0.14526329934597015,0.11016817390918732,-0.778196275,0.6008895635604858,,,
2026-03-06T22:28:07.024Z,,,,-427,121,3434,449,-172,1228,,,,0.14660607278347015,0.12561002373695374,-0.801999927,0.5651230812072754,,,
2026-03-06T22:28:06.984Z,,,,-3117,-1043,3376,154,-700,1331,,,,0.14605675637722015,0.17413285374641418,-0.82287389,0.5206896066665649,,,
2026-03-06T22:28:06.944Z,,,,-1596,-998,3563,1042,627,509,,,,0.10491916537284851,0.17065386474132538,-0.845212698,0.49542108178138733,,,
2026-03-06T22:28:06.904Z,,,,-478,-666,3567,-25,516,224,,,,0.10375949740409851,0.13110317289829254,-0.84014678,0.5158067941665649,,,
2026-03-06T22:28:06.864Z,,,,-1010,-380,3735,-169,-274,-786,,,,0.11370820552110672,0.12927213311195374,-0.829953909,0.5305162072181702,,,
2026-03-06T22:28:06.824Z,,,,-963,-1145,4181,131,62,-808,,,,0.11639374494552612,0.12615934014320374,-0.81884557,0.5476059913635254,,,
2026-03-06T22:28:06.784Z,,,,-1452,1111,3619,-785,-489,-915,,,,0.12805142998695374,0.084960721,-0.799924731,0.5800155997276306,,,
2026-03-06T22:28:06.744Z,,,,217,-894,3820,531,573,-843,,,,0.069030583,0.10498020052909851,-0.766721666,0.6295149922370911,,,
2026-03-06T22:28:06.704Z,,,,-2575,-138,3601,-293,-547,-998,,,,0.10089085251092911,0.15167197585105896,-0.729063094,0.6596662998199463,,,
2026-03-06T22:28:06.664Z,,,,-2190,-1537,3444,1953,749,-954,,,,0.054321151,0.17370560765266418,-0.701353192,0.6890851259231567,,,
2026-03-06T22:28:06.624Z,,,,-276,-450,3631,623,1349,-1639,,,,0.027160576,0.14984092116355896,-0.665037334,0.731016219,,,
2026-03-06T22:28:06.584Z,,,,-692,891,4470,-179,320,-2218,,,,0.038818259,0.14092981815338135,-0.617491066,0.7728251814842224,,,
2026-03-06T22:28:06.544Z,,,,-1564,-1483,3892,941,190,-1779,,,,0.027648855,0.1968989074230194,-0.529905856,0.8243387341499329,,,
2026-03-06T22:28:06.504Z,,,,-1158,830,4191,-2642,-665,-1738,,,,0.098449454,0.14050257205963135,-0.45220831,0.8751808404922485,,,
2026-03-06T22:28:06.464Z,,,,238,1254,3825,1155,300,-1742,,,,0.066161938,0.13958704471588135,-0.402647883,0.9021583199501038,,,
2026-03-06T22:28:06.424Z,,,,-3437,-1219,1534,1361,-1270,-1130,,,,0.042236220091581345,0.2758171558380127,-0.317626148,0.9061866402626038,,,
2026-03-06T22:28:06.384Z,,,,-3610,-1710,2278,3162,-1246,-707,,,,-0.020080514,0.2766716480255127,-0.267760545,0.922666073,,,
2026-03-06T22:28:06.344Z,,,,-1484,-1227,3927,1197,1876,-1156,,,,-0.046081424,0.22717227041721344,-0.222167403,0.9470190405845642,,,
2026-03-06T22:28:06.304Z,,,,-716,15,3720,725,1711,-1858,,,,-0.076904103,0.182189479,0.012939419597387314,0.9801000356674194,,,
2026-03-06T22:28:06.264Z,,,,-1949,1157,3751,1174,-227,-2507,,,,-0.024841245,0.22814883291721344,0.25109797716140747,0.940305233,,,
2026-03-06T22:28:06.224Z,,,,-1178,1066,3729,692,129,-1465,,,,-0.044372443,0.21105903387069702,0.2941887080669403,0.931027889,,,
2026-03-06T22:28:06.184Z,,,,-1068,545,3510,1592,67,-1141,,,,-0.071838193,0.20373483002185822,0.33361729979515076,0.9176002144813538,,,
2026-03-06T22:28:06.144Z,,,,-1971,36,3910,414,10,-1317,,,,-0.124328293,0.21276800334453583,0.3834829032421112,0.8900123834609985,,,
2026-03-06T22:28:06.104Z,,,,-3059,-2453,2240,2702,-1302,-240,,,,-0.186706066,0.1903681606054306,0.40869036316871643,0.8728004693984985,,,
2026-03-06T22:28:06.064Z,,,,-1627,-1529,3208,1223,779,-516,,,,-0.180724636,0.16326862573623657,0.42718395590782166,0.8706642985343933,,,
2026-03-06T22:28:06.024Z,,,,-1130,86,3769,-125,489,-695,,,,-0.130981103,0.12976041436195374,0.5707382559776306,0.8001078367233276,,,
2026-03-06T22:28:05.984Z,,,,-1590,289,3967,-235,-11,-1587,,,,-0.124572434,0.13586391508579254,0.6061385869979858,0.7736186385154724,,,
2026-03-06T22:28:05.944Z,,,,-1747,180,3801,213,50,-1330,,,,-0.122741386,0.12957730889320374,0.6407454013824463,0.7466411590576172,,,
2026-03-06T22:28:05.904Z,,,,-1743,414,4050,149,427,-1311,,,,-0.107848845,0.12603726983070374,0.6657087206840515,0.72747618,,,
2026-03-06T22:28:05.864Z,,,,-1663,712,3569,-599,250,-422,,,,-0.083556913,0.12585416436195374,0.6737653613090515,0.723325789,,,
2026-03-06T22:28:05.824Z,,,,-518,460,3955,-172,953,-66,,,,-0.040588275,0.075317189,0.6669294238090515,0.7401103973388672,,,
2026-03-06T22:28:05.784Z,,,,-192,312,4284,129,914,62,,,,-0.026061945,0.05383287,0.6563704013824463,0.7519512176513672,,,
2026-03-06T22:28:05.744Z,,,,-146,-194,4002,111,400,292,,,,-0.025451595,0.02709954,0.6215804219245911,0.7824076414108276,,,
2026-03-06T22:28:05.704Z,,,,779,141,3861,-163,612,945,,,,-0.01147458,0.011291475035250187,0.5869736075401306,0.8093851208686829,,,
2026-03-06T22:28:05.664Z,,,,952,0,4040,112,517,1489,,,,-0.001159665,-0.005798325,0.5366197228431702,0.8437478542327881,,,
2026-03-06T22:28:05.624Z,,,,1063,164,3940,-123,190,1411,,,,-0.00305175,-0.00598143,0.44348031282424927,0.8961768746376038,,,
2026-03-06T22:28:05.584Z,,,,-180,916,4479,157,-475,1224,,,,-0.02270502,0.014709435403347015,0.40215960144996643,0.9150977730751038,,,
2026-03-06T22:28:05.544Z,,,,-2920,-1035,3355,1612,-1066,490,,,,-0.073547177,0.012268034741282463,0.3739004135131836,0.924436092,,,
2026-03-06T22:28:05.504Z,,,,8644,2845,2071,965,5363,1729,,,,0.095153563,-0.230712295,0.30828776955604553,0.9179053902626038,,,
2026-03-06T22:28:05.464Z,,,,-1641,-2298,-1906,-604,-6702,-1331,,,,-0.052978382,-0.060668789,0.40368548035621643,0.9113135933876038,,,
2026-03-06T22:28:05.424Z,,,,-3995,-13969,4892,4740,-1771,-5977,,,,-0.311644703,-0.065307453,0.5858139395713806,0.7451763153076172,,,
2026-03-06T22:28:05.384Z,,,,-7915,-433,3760,2815,-3603,-2636,,,,-0.296324939,0.052245959639549255,0.6071151494979858,0.7353496551513672,,,
2026-03-06T22:28:05.344Z,,,,397,2992,3660,-5100,3628,-1791,,,,-0.020935005,0.11193818598985672,0.6893903017044067,0.715330184,,,
2026-03-06T22:28:05.304Z,,,,-2009,321,4184,151,-2743,-1212,,,,-0.103332251,0.12963834404945374,0.716856062,0.6771222949028015,,,
2026-03-06T22:28:05.264Z,,,,-421,213,3926,246,510,-399,,,,-0.082580358,0.11212129145860672,0.721860945,0.6777936816215515,,,
2026-03-06T22:28:05.224Z,,,,-894,-591,4200,-386,781,107,,,,-0.081054479,0.11700409650802612,0.720029891,0.6791364550590515,,,
2026-03-06T22:28:05.184Z,,,,-1364,655,4108,-457,-452,189,,,,-0.078368939,0.13763391971588135,0.714170516,0.6817609667778015,,,
2026-03-06T22:28:05.144Z,,,,-1039,271,3951,-87,-299,80,,,,-0.090636976,0.11914031952619553,0.728025496,0.6689435839653015,,,
2026-03-06T22:28:05.104Z,,,,-1031,-510,3801,726,64,-695,,,,-0.116943061,0.072692685,0.7808207273483276,0.6092513799667358,,,
2026-03-06T22:28:05.064Z,,,,-1120,-154,4051,850,248,-1411,,,,-0.116820991,0.059509125,0.8113382458686829,0.5695786476135254,,,
2026-03-06T22:28:05.024Z,,,,-773,35,4011,322,390,-1378,,,,-0.102538802,0.047180057,0.8342263698577881,0.5396714806556702,,,
2026-03-06T22:28:04.984Z,,,,-506,-178,4022,117,739,-877,,,,-0.084838651,0.034118566662073135,0.8466775417327881,0.5241075158119202,,,
2026-03-06T22:28:04.944Z,,,,-304,-180,4441,27,654,-339,,,,-0.064330891,0.01965327,0.8585183024406433,0.5082384347915649,,,
2026-03-06T22:28:04.904Z,,,,-492,-28,4132,50,603,-230,,,,-0.063110188,0.023620544001460075,0.8594338297843933,0.5066515207290649,,,
2026-03-06T22:28:04.864Z,,,,-647,-181,4106,92,-181,39,,,,-0.068298168,0.022827090695500374,0.8576638102531433,0.5090929269790649,,,
2026-03-06T22:28:04.824Z,,,,-425,-129,3957,145,21,-18,,,,-0.065978833,0.018493606,0.8612038493156433,0.5035997629165649,,,
2026-03-06T22:28:04.784Z,,,,-304,-199,4054,52,164,-113,,,,-0.054748394,0.010498019866645336,0.8671242594718933,0.49481073021888733,,,
2026-03-06T22:28:04.744Z,,,,112,-60,4156,-92,157,-301,,,,-0.048583861,0.008605935,0.8734108209609985,0.4844347834587097,,,
2026-03-06T22:28:04.704Z,,,,-561,-224,4015,176,-52,-325,,,,-0.064147785,0.00512694,0.8923927545547485,0.44659310579299927,,,
2026-03-06T22:28:04.664Z,,,,-219,-226,4003,33,-164,-243,,,,-0.066406079,0.00073242,0.9005714058876038,0.42950329184532166,,,
2026-03-06T22:28:04.624Z,,,,35,-205,3861,112,-95,-180,,,,-0.067870922,-0.00036621,0.9028297066688538,0.42443737387657166,,,
2026-03-06T22:28:04.584Z,,,,423,-65,3713,97,-352,-165,,,,-0.066161938,-0.00256347,0.9059424996376038,0.41815078258514404,,,
2026-03-06T22:28:04.544Z,,,,-510,-277,4106,106,-246,-290,,,,-0.077087201,-0.00073242,0.9093604683876038,0.40875139832496643,,,
2026-03-06T22:28:04.504Z,,,,-612,-470,3964,227,-299,-453,,,,-0.08715798,-0.00292968,0.9153419137001038,0.3930043578147888,,,
2026-03-06T22:28:04.464Z,,,,-708,139,3712,114,-231,-495,,,,-0.100402571,0.023864684626460075,0.924924374,0.365721732,,,
2026-03-06T22:28:04.424Z,,,,-640,-510,3612,-146,-179,-272,,,,-0.103942603,0.021545354276895523,0.928464413,0.355834037,,,
2026-03-06T22:28:04.384Z,,,,-950,-193,4067,301,-279,-311,,,,-0.109435752,0.020751899108290672,0.931088924,0.34722810983657837,,,
2026-03-06T22:28:04.344Z,,,,-938,-207,3867,119,-79,-285,,,,-0.113708206,0.020141549,0.932981014,0.34069737792015076,,,
2026-03-06T22:28:04.304Z,,,,-847,-187,4008,70,-166,-171,,,,-0.113830276,0.018676709,0.93719244,0.32897865772247314,,,
2026-03-06T22:28:04.264Z,,,,-921,-138,4072,78,91,-206,,,,-0.11364717,0.017394975,0.939145565,0.32354652881622314,,,
2026-03-06T22:28:04.224Z,,,,-733,-196,4008,82,-8,-241,,,,-0.110534385,0.010925265029072762,0.9456762671470642,0.3053581118583679,,,
2026-03-06T22:28:04.184Z,,,,-752,-145,4072,0,137,-113,,,,-0.110961631,0.010375949554145336,0.9471411108970642,0.3007804751396179,,,
2026-03-06T22:28:04.144Z,,,,-908,-297,3806,97,-109,-145,,,,-0.115356147,0.006652815,0.9486669898033142,0.2941887080669403,,,
2026-03-06T22:28:04.104Z,,,,-1098,-240,3844,221,-34,-221,,,,-0.112914748,0.004089345,0.9526953101158142,0.2818596363067627,,,
2026-03-06T22:28:04.064Z,,,,-521,-277,4190,-88,379,-461,,,,-0.083678983,-0.002868645,0.9591650366783142,0.2701409161090851,,,
2026-03-06T22:28:04.024Z,,,,-650,270,4532,72,1306,-419,,,,-0.031921305,-0.006164535,0.9670385122299194,0.25250178575515747,,,
2026-03-06T22:28:03.984Z,,,,-66,-267,4179,27,448,-43,,,,-0.01550289,-0.019836375,0.9697240591049194,0.24261412024497986,,,
2026-03-06T22:28:03.944Z,,,,6,-66,4234,27,105,-224,,,,-0.011535615,-0.018615674,0.9711278676986694,0.23724304139614105,,,
2026-03-06T22:28:03.904Z,,,,40,-172,4243,-118,73,-94,,,,-0.010070775,-0.016296346,0.9714940786361694,0.23620544373989105,,,
2026-03-06T22:28:03.864Z,,,,239,-269,4056,-133,8,83,,,,-0.010314915,-0.013977015,0.9707006216049194,0.23944030702114105,,,
2026-03-06T22:28:03.824Z,,,,-305,-204,3740,-25,-216,182,,,,-0.020019479,-0.008483865,0.9689306020736694,0.24615415930747986,,,
2026-03-06T22:28:03.784Z,,,,788,961,4623,-106,42,39,,,,0.058166355,0.004333485,0.9746068716049194,0.21594183146953583,,,
2026-03-06T22:28:03.744Z,,,,690,110,4277,-197,361,-395,,,,0.05957016,0.011474579572677612,0.9794286489486694,0.1922602504491806,,,
2026-03-06T22:28:03.704Z,,,,480,279,4191,-130,-187,-356,,,,0.054504257,0.016723589971661568,0.9822362661361694,0.178466335,,,
2026-03-06T22:28:03.664Z,,,,289,165,4290,-103,-273,-253,,,,0.045715217,0.021789494901895523,0.9848607778549194,0.16540485620498657,,,
2026-03-06T22:28:03.624Z,,,,515,389,4360,-188,-206,-284,,,,0.005676255,0.032409586012363434,0.9910252690315247,0.12927213311195374,,,
2026-03-06T22:28:03.584Z,,,,130,618,4049,0,127,224,,,,0.00708006,0.030639570206403732,0.9918797612190247,0.12286345660686493,,,
2026-03-06T22:28:03.544Z,,,,545,316,4171,338,-65,260,,,,-0.000671385,0.014465294778347015,0.9927342534065247,0.11932342499494553,,,
2026-03-06T22:28:03.504Z,,,,-719,-40,4155,519,-325,520,,,,-0.053283554,0.00329589,0.9917576909065247,0.11633270978927612,,,
2026-03-06T22:28:03.464Z,,,,-631,700,4598,-72,-206,398,,,,-0.066711254,0.00927732,0.9912083745002747,0.11358613520860672,,,
2026-03-06T22:28:03.424Z,,,,-1576,554,3923,157,-842,578,,,,-0.094115973,0.006896955,0.9882787466049194,0.11987274140119553,,,
2026-03-06T22:28:03.384Z,,,,-315,-495,4040,924,-106,678,,,,-0.079406537,-0.025024351,0.9874852895736694,0.13366664946079254,,,
2026-03-06T22:28:03.344Z,,,,69,-349,4003,-104,293,386,,,,-0.074889943,-0.016418414,0.9882787466049194,0.13153041899204254,,,
2026-03-06T22:28:03.304Z,,,,-136,-326,4139,-552,-284,137,,,,-0.084716581,-0.00769041,0.9882787466049194,0.12628141045570374,,,
2026-03-06T22:28:03.264Z,,,,-571,-277,3683,-68,-667,-41,,,,-0.110351279,0.005920395,0.9885838627815247,0.10180637985467911,,,
2026-03-06T22:28:03.224Z,,,,-1034,458,4290,-726,-506,-483,,,,-0.121032402,0.028625416,0.9887059330940247,0.083068632,,,
2026-03-06T22:28:03.184Z,,,,-1753,1242,3378,-667,119,-17,,,,-0.166137263,0.077758588,0.9799169301986694,0.077575482,,,
2026-03-06T22:28:03.144Z,,,,-1425,1060,3825,-517,-164,481,,,,-0.151855081,0.080444127,0.9808324575424194,0.091430433,,,
2026-03-06T22:28:03.104Z,,,,-942,545,3992,-225,819,785,,,,-0.127746254,0.062560871,0.9825414419174194,0.11932342499494553,,,
2026-03-06T22:28:03.064Z,,,,-871,550,3970,234,297,738,,,,-0.124877609,0.050353873521089554,0.9828466176986694,0.12579312920570374,,,
2026-03-06T22:28:03.024Z,,,,-675,165,3909,202,108,719,,,,-0.123107597,0.03503409,0.9829076528549194,0.13207973539829254,,,
2026-03-06T22:28:02.984Z,,,,-941,-668,3658,176,219,744,,,,-0.142699823,0.013183560222387314,0.9794896841049194,0.14129602909088135,,,
2026-03-06T22:28:02.944Z,,,,-1404,-6,3789,335,-510,784,,,,-0.159911692,0.00891111,0.9774144887924194,0.13745081424713135,,,
2026-03-06T22:28:02.904Z,,,,-1037,-256,4107,-32,-349,456,,,,-0.16284138,0.00158691,0.9778417348861694,0.13110317289829254,,,
2026-03-06T22:28:02.864Z,,,,-1386,264,4466,-31,-142,335,,,,-0.168883845,0.00329589,0.9783300161361694,0.11932342499494553,,,
2026-03-06T22:28:02.824Z,,,,-1535,-780,3384,34,-522,272,,,,-0.172729045,-0.01611324,0.9793065786361694,0.10363742709159851,,,
2026-03-06T22:28:02.784Z,,,,-1296,-511,3883,502,132,279,,,,-0.173644572,-0.032226481,0.9818700551986694,0.068298168,,,
2026-03-06T22:28:02.744Z,,,,-1142,-525,3923,18,-66,117,,,,-0.174499065,-0.037048247,0.9829076528549194,0.044250376522541046,,,
2026-03-06T22:28:02.704Z,,,,-993,-446,3986,-101,-65,17,,,,-0.174743205,-0.038329981,0.9837011098861694,0.015808064490556717,,,
2026-03-06T22:28:02.664Z,,,,-1043,-51,3833,-81,5,-126,,,,0.16796831786632538,0.025268489494919777,-0.984006286,0.053222518,,,
2026-03-06T22:28:02.624Z,,,,-1485,254,4668,-275,766,-240,,,,0.16204792261123657,0.00805662,-0.982053161,0.095641844,,,
2026-03-06T22:28:02.584Z,,,,-2044,1299,3189,-1399,-478,861,,,,0.17492631077766418,-0.02673333,-0.981503844,0.072082333,,,
2026-03-06T22:28:02.544Z,,,,-1234,319,3941,-435,309,724,,,,0.15570028126239777,-0.025207454,-0.987241149,0.019103955,,,
2026-03-06T22:28:02.504Z,,,,-50,-322,4088,77,357,722,,,,-0.139281869,0.00659178,0.9894383549690247,0.039123435,,,
2026-03-06T22:28:02.464Z,,,,-2501,-250,3508,-108,-311,420,,,,-0.16894488,-0.00329589,0.9816259145736694,0.088439718,,,
2026-03-06T22:28:02.424Z,,,,-1217,-398,3423,666,1005,-125,,,,-0.128478676,-0.029846115,0.9870580434799194,0.090514906,,,
2026-03-06T22:28:02.384Z,,,,-952,-362,4038,458,1141,-213,,,,-0.107909881,-0.040710345,0.9893162846565247,0.089050062,,,
2026-03-06T22:28:02.344Z,,,,-55,-465,3926,471,622,-293,,,,-0.093200445,-0.051513541,0.9905369877815247,0.086120382,,,
2026-03-06T22:28:02.304Z,,,,-1208,-543,3284,130,-644,-234,,,,-0.095397703,-0.049865596,0.9903538823127747,0.086669698,,,
2026-03-06T22:28:02.264Z,,,,-4,-310,4020,-548,1373,-67,,,,-0.059753265,-0.029601974,0.9922459721565247,0.10424777865409851,,,
2026-03-06T22:28:02.224Z,,,,158,-557,4018,-94,-165,-331,,,,-0.065795727,-0.025207454,0.9914525151252747,0.10937471687793732,,,
2026-03-06T22:28:02.184Z,,,,-680,570,4314,-319,-529,-626,,,,-0.100219473,0.013977015390992165,0.9901707768440247,0.096130125,,,
2026-03-06T22:28:02.144Z,,,,-1666,670,4676,41,-468,-829,,,,-0.120422058,0.024536069482564926,0.9885228276252747,0.087219015,,,
2026-03-06T22:28:02.104Z,,,,-1093,843,3597,-661,-818,-566,,,,-0.1135251,0.049987666,0.9880346059799194,0.091125257,,,
2026-03-06T22:28:02.064Z,,,,-520,531,3981,9,422,-287,,,,-0.101623274,0.039123435,0.9888890385627747,0.10101292282342911,,,
2026-03-06T22:28:02.024Z,,,,-1105,370,3735,482,-234,-87,,,,-0.11340303,0.025207454338669777,0.9876683950424194,0.10473605990409851,,,
2026-03-06T22:28:01.984Z,,,,111,361,4175,202,-73,-266,,,,-0.104430884,0.023925719782710075,0.9882787466049194,0.10864230245351791,,,
2026-03-06T22:28:01.944Z,,,,-1744,-164,3370,-144,266,-50,,,,-0.154540613,-0.022643985,0.9838842153549194,0.086791769,,,
2026-03-06T22:28:01.904Z,,,,-938,-386,4170,357,387,-304,,,,-0.136291161,-0.0305175,0.9860204458236694,0.0903318,,,
2026-03-06T22:28:01.864Z,,,,-663,-865,4281,84,654,70,,,,-0.123656906,-0.039489646,0.9874852895736694,0.089111097,,,
2026-03-06T22:28:01.824Z,,,,0,-1010,3670,161,51,-430,,,,-0.116759956,-0.032836828,0.9911473393440247,0.053222518,,,
2026-03-06T22:28:01.784Z,,,,-1324,130,3839,-541,-448,-1135,,,,-0.132934228,-0.00634764,0.9908421635627747,0.020690866,,,
2026-03-06T22:28:01.744Z,,,,-920,2748,5041,-698,-172,-1194,,,,0.12921109795570374,-0.045959353,-0.990109742,0.027282644,,,
2026-03-06T22:28:01.704Z,,,,-1501,1203,3026,292,-876,-57,,,,0.13946497440338135,-0.044738654,-0.986630797,0.070983708,,,
2026-03-06T22:28:01.664Z,,,,623,-890,5076,615,1020,-566,,,,0.082092077,0.013732874765992165,-0.989987671,0.11376924067735672,,,
2026-03-06T22:28:01.624Z,,,,-2499,653,2833,579,-133,-711,,,,0.1985468566417694,0.02697747,-0.963925779,0.17486527562141418,,,
2026-03-06T22:28:01.584Z,,,,-2870,825,1756,1351,-2355,-1568,,,,0.25060969591140747,0.068969548,-0.937497616,0.23113954067230225,,,
2026-03-06T22:28:01.544Z,,,,-2858,420,3475,1137,-528,-585,,,,0.24774105846881866,0.095275633,-0.928098202,0.26092463731765747,,,
2026-03-06T22:28:01.504Z,,,,-1741,-1083,3874,1205,622,-591,,,,0.183043972,0.13604702055454254,-0.909238398,0.34808260202407837,,,
2026-03-06T22:28:01.464Z,,,,-1413,-110,3480,82,864,-1702,,,,0.16925005614757538,0.11730927228927612,-0.890500665,0.40557757019996643,,,
2026-03-06T22:28:01.424Z,,,,-1744,-5,4008,-70,396,-1978,,,,0.15057334303855896,0.10467502474784851,-0.845456839,0.5014635324478149,,,
2026-03-06T22:28:01.384Z,,,,-1473,372,4205,180,376,-467,,,,0.14269982278347015,0.10412570834159851,-0.837400198,0.5171495676040649,,,
2026-03-06T22:28:01.344Z,,,,-1305,-57,4077,176,-182,-257,,,,0.14483605325222015,0.11291474848985672,-0.831479788,0.5242295861244202,,,
2026-03-06T22:28:01.304Z,,,,-1570,159,3835,149,-523,-18,,,,0.179748073,0.12585416436195374,-0.81695348,0.5332017540931702,,,
2026-03-06T22:28:01.264Z,,,,-1933,-681,3424,119,-270,-441,,,,0.1896967738866806,0.14221155643463135,-0.794980884,0.5582871437072754,,,
2026-03-06T22:28:01.224Z,,,,-1418,-200,3439,-172,-313,-335,,,,0.1962275207042694,0.13372768461704254,-0.78948772,0.5659165382385254,,,
2026-03-06T22:28:01.184Z,,,,-1743,-510,3433,-378,211,-867,,,,0.21655218303203583,0.11962860077619553,-0.769346178,0.5889267325401306,,,
2026-03-06T22:28:01.144Z,,,,-1824,1534,3413,-1056,302,-2274,,,,0.25402766466140747,0.071166813,-0.706968427,0.6561262607574463,,,
2026-03-06T22:28:01.104Z,,,,-1208,1200,3809,967,-434,-2769,,,,0.1980585753917694,0.10034153610467911,-0.564024448,0.7952860593795776,,,
2026-03-06T22:28:01.064Z,,,,-1910,2903,3336,1402,-244,-2470,,,,0.181518093,0.13238491117954254,-0.499754578,0.8364236354827881,,,
2026-03-06T22:28:01.024Z,,,,-1750,145,4259,2094,-170,-1423,,,,0.12719693779945374,0.18054153,-0.45800665,0.8610207438468933,,,
2026-03-06T22:28:00.984Z,,,,-1040,-941,2840,1386,-728,306,,,,0.11999481171369553,0.1955561339855194,-0.456969053,0.8593117594718933,,,
2026-03-06T22:28:00.944Z,,,,-1889,-685,3444,-368,-176,122,,,,0.14691124856472015,0.1978754699230194,-0.441527188,0.8626686930656433,,,
2026-03-06T22:28:00.904Z,,,,-1460,605,3585,-1047,-40,-996,,,,0.16863970458507538,0.13262905180454254,-0.395201623,0.8931251764297485,,,
2026-03-06T22:28:00.864Z,,,,-1099,604,3838,324,413,-740,,,,0.15924032032489777,0.12945523858070374,-0.3667593,0.9073463082313538,,,
2026-03-06T22:28:00.824Z,,,,-1462,718,3991,165,48,-904,,,,0.15869100391864777,0.13415493071079254,-0.3336173,0.919492245,,,
2026-03-06T22:28:00.784Z,,,,-1596,517,3806,332,-362,-964,,,,0.14849814772605896,0.14923056960105896,-0.276793718,0.937558651,,,
2026-03-06T22:28:00.744Z,,,,-1506,1528,3997,423,-200,-860,,,,0.15454061329364777,0.12939420342445374,-0.195128888,0.9597753882408142,,,
2026-03-06T22:28:00.704Z,,,,-1093,1150,3953,26,74,-1401,,,,0.14666710793972015,0.12206999957561493,-0.138793588,0.9717382192611694,,,
2026-03-06T22:28:00.664Z,,,,-1188,803,3788,452,-287,-843,,,,0.12585416436195374,0.13299526274204254,-0.072326474,0.9804052114486694,,,
2026-03-06T22:28:00.624Z,,,,-992,859,3880,152,-50,-461,,,,0.12853971123695374,0.12097136676311493,-0.04357899,0.9832738637924194,,,
2026-03-06T22:28:00.584Z,,,,-1100,931,3891,82,9,-62,,,,0.12731900811195374,0.12109343707561493,-0.040099993,0.9835790395736694,,,
2026-03-06T22:28:00.544Z,,,,-1002,901,3947,71,24,-139,,,,0.12213103473186493,0.11993377655744553,-0.037902735,0.9844945669174194,,,
2026-03-06T22:28:00.504Z,,,,-948,947,3975,106,-68,-32,,,,0.12078826129436493,0.12152068316936493,-0.04089345,0.9843114614486694,,,
2026-03-06T22:28:00.464Z,,,,-1051,865,3971,6,-64,-84,,,,0.12170378863811493,0.12414518743753433,-0.041625869,0.9838231801986694,,,
2026-03-06T22:28:00.424Z,,,,-966,1125,3818,-81,-206,-150,,,,0.12902799248695374,0.12969937920570374,-0.045471076,0.9820531606674194,,,
2026-03-06T22:28:00.384Z,,,,-1298,439,3841,37,-307,-86,,,,0.11242646723985672,0.14233362674713135,-0.066833325,0.9810765981674194,,,
2026-03-06T22:28:00.344Z,,,,-1134,646,4056,162,-191,153,,,,0.10699435323476791,0.15429647266864777,-0.08166483,0.9787572622299194,,,
2026-03-06T22:28:00.304Z,,,,796,398,3876,65,-754,67,,,,0.086242452,0.22155705094337463,-0.160827219,0.9578832983970642,,,
2026-03-06T22:28:00.264Z,,,,-1633,404,3847,213,-134,857,,,,0.099426016,0.24310240149497986,-0.192748532,0.9453710913658142,,,
2026-03-06T22:28:00.224Z,,,,-3716,8,3337,-1109,564,1503,,,,0.065551586,0.2929069697856903,-0.295958728,0.9067969918251038,,,
2026-03-06T22:28:00.184Z,,,,-2170,-844,3296,1251,434,1348,,,,-0.006652815,0.2697136700153351,-0.375121117,0.8867775201797485,,,
2026-03-06T22:28:00.144Z,,,,-2179,-960,3329,-360,421,1047,,,,-0.00964353,0.25604182481765747,-0.398497522,0.8806129693984985,,,
2026-03-06T22:28:00.104Z,,,,-1849,-981,3554,-189,773,715,,,,-0.017089799,0.22320500016212463,-0.420592189,0.8791481256484985,,,
2026-03-06T22:28:00.064Z,,,,-970,-859,3969,-483,904,219,,,,-0.02026362,0.14569054543972015,-0.436827481,0.8873878717422485,,,
2026-03-06T22:28:00.024Z,,,,-740,-303,4148,-648,720,320,,,,-0.011413545,0.11419648677110672,-0.447752744,0.8867164850234985,,,
2026-03-06T22:27:59.984Z,,,,-228,-23,4625,-539,599,374,,,,-0.012634245,0.012451140210032463,-0.501829743,0.8647438883781433,,,
2026-03-06T22:27:59.944Z,,,,-404,117,4054,-249,288,150,,,,-0.006408675,0.00549315,-0.511473298,0.8591896891593933,,,
2026-03-06T22:27:59.904Z,,,,560,-335,4382,7,104,268,,,,-0.017150834,-0.007629375,-0.52001822,0.8538796305656433,,,
2026-03-06T22:27:59.864Z,,,,-154,-120,4157,175,179,415,,,,-0.014465295,-0.00427245,-0.525206149,0.8507668375968933,,,
2026-03-06T22:27:59.824Z,,,,-482,-207,3991,-80,-13,-2,,,,-0.004943835,0.007507305,-0.53729111,0.8433206081390381,,,
2026-03-06T22:27:59.784Z,,,,-908,-156,3712,55,-999,486,,,,0.003601065,0.025024350732564926,-0.54888773,0.8354470729827881,,,
2026-03-06T22:27:59.744Z,,,,-13,-159,4599,-122,-103,411,,,,0.002014155,0.022094670683145523,-0.557371616,0.8298928737640381,,,
2026-03-06T22:27:59.704Z,,,,122,12,4486,18,-98,150,,,,0.004821765,0.025878839194774628,-0.561033726,0.8273293972015381,,,
2026-03-06T22:27:59.664Z,,,,145,176,4333,56,-535,50,,,,0.015075645,0.043151743710041046,-0.559629917,0.8274514675140381,,,
2026-03-06T22:27:59.624Z,,,,-547,74,4069,231,-1220,-41,,,,0.03796377,0.081847936,-0.554014683,0.8275735378265381,,,
2026-03-06T22:27:59.584Z,,,,-430,104,4045,-41,29,-131,,,,0.038757224,0.080749303,-0.548216343,0.8314797878265381,,,
2026-03-06T22:27:59.544Z,,,,-952,-103,3942,59,-104,-42,,,,0.043090708553791046,0.084289335,-0.548277378,0.8308694362640381,,,
2026-03-06T22:27:59.504Z,,,,-835,-53,3954,-335,0,-31,,,,0.052978381514549255,0.073913388,-0.547178745,0.8320291042327881,,,
2026-03-06T22:27:59.464Z,,,,-551,527,4125,-732,191,-173,,,,0.065551586,0.060058441,-0.543028414,0.8348977565765381,,,
2026-03-06T22:27:59.424Z,,,,-578,250,3981,-184,-317,114,,,,0.068603337,0.062072593718767166,-0.546507418,0.8322732448577881,,,
2026-03-06T22:27:59.384Z,,,,-702,412,4152,-26,-153,220,,,,0.067809887,0.065612622,-0.554625034,0.8266580104827881,,,
2026-03-06T22:27:59.344Z,,,,-271,575,4136,320,16,597,,,,0.065978833,0.069274724,-0.56652689,0.8184183239936829,,,
2026-03-06T22:27:59.304Z,,,,-513,136,4018,194,-254,627,,,,0.058715671,0.10559055209159851,-0.588682592,0.7991923093795776,,,
2026-03-06T22:27:59.264Z,,,,-1122,-669,4069,390,-598,1032,,,,0.057311866,0.13891565799713135,-0.614927649,0.7740458846092224,,,
2026-03-06T22:27:59.224Z,,,,-1588,-857,3711,176,-628,989,,,,0.050903189927339554,0.16619829833507538,-0.644102335,0.7448711395263672,,,
2026-03-06T22:27:59.184Z,,,,-1441,-519,3575,-270,209,179,,,,0.048156615,0.15838582813739777,-0.649534464,0.7420024871826172,,,
2026-03-06T22:27:59.144Z,,,,-771,-982,3662,293,320,275,,,,0.02990715,0.14654503762722015,-0.652708292,0.7426738739013672,,,
2026-03-06T22:27:59.104Z,,,,-896,-94,4174,48,165,-432,,,,0.015380820259451866,0.12292449176311493,-0.560972691,0.8184793591499329,,,
2026-03-06T22:27:59.064Z,,,,-531,-196,4120,-160,504,-1216,,,,0.00952146,0.10992403328418732,-0.531309664,0.8399026393890381,,,
2026-03-06T22:27:59.024Z,,,,-845,-951,4030,217,386,-730,,,,0.00085449,0.11462373286485672,-0.511107087,0.8517434000968933,,,
2026-03-06T22:27:58.984Z,,,,-124,-270,4401,353,-19,-542,,,,0.004455555,0.11529511213302612,-0.454832822,0.8830543756484985,,,
2026-03-06T22:27:58.944Z,,,,-1189,-237,3907,-130,-144,-864,,,,0.025512630119919777,0.16332966089248657,-0.393187463,0.9044166207313538,,,
2026-03-06T22:27:58.904Z,,,,-1694,-623,3926,204,-1241,-773,,,,0.032287515699863434,0.1882319450378418,-0.370360374,0.9089942574501038,,,
2026-03-06T22:27:58.864Z,,,,-2164,-57,3978,-240,-712,-392,,,,0.061340175569057465,0.1875605583190918,-0.356444389,0.9132056832313538,,,
2026-03-06T22:27:58.824Z,,,,-1909,649,3662,-567,371,-144,,,,0.070922673,0.17016558349132538,-0.352049887,0.9176002144813538,,,
2026-03-06T22:27:58.784Z,,,,-1377,163,3860,47,517,-95,,,,0.062194664031267166,0.15692098438739777,-0.34710604,0.922482967,,,
2026-03-06T22:27:58.744Z,,,,-1566,305,3857,77,110,-114,,,,0.060302582,0.15838582813739777,-0.338805288,0.925412655,,,
2026-03-06T22:27:58.704Z,,,,-1766,185,3556,55,-217,-85,,,,0.055969093,0.16143757104873657,-0.334410757,0.926755428,,,
2026-03-06T22:27:58.664Z,,,,-737,453,4403,131,176,92,,,,0.042541395872831345,0.15820272266864777,-0.321654439,0.932553768,,,
2026-03-06T22:27:58.624Z,,,,-1179,163,3899,181,-133,129,,,,0.03649893,0.16357380151748657,-0.317626148,0.933225155,,,
2026-03-06T22:27:58.584Z,,,,-1036,192,3906,120,30,278,,,,0.02844231,0.16467243432998657,-0.319335133,0.932736874,,,
2026-03-06T22:27:58.544Z,,,,-831,445,4232,262,83,339,,,,0.012756315059959888,0.16625933349132538,-0.322875142,0.931577206,,,
2026-03-06T22:27:58.504Z,,,,-2449,-1320,3299,496,-604,363,,,,-0.008605935,0.1923212856054306,-0.330077291,0.924069881,,,
2026-03-06T22:27:58.464Z,,,,-1342,-1432,3216,976,624,198,,,,-0.038940329,0.180053249,-0.327757955,0.926572323,,,
2026-03-06T22:27:58.424Z,,,,-356,-1149,4207,44,789,-66,,,,-0.037597559,0.13378871977329254,-0.322997212,0.936093807,,,
2026-03-06T22:27:58.384Z,,,,571,166,3786,-778,295,-279,,,,-0.01757808,0.11608856916427612,-0.326354146,0.937863827,,,
2026-03-06T22:27:58.344Z,,,,-1698,-1396,4067,-199,51,-299,,,,0.007751445,0.1890864223241806,-0.32189858,0.927609921,,,
2026-03-06T22:27:58.304Z,,,,-4064,93,3087,-1185,-2118,-130,,,,0.053161483,0.21563665568828583,-0.339720815,0.9138770699501038,,,
2026-03-06T22:27:58.264Z,,,,-1975,129,3483,-619,881,252,,,,0.060973964631557465,0.17120318114757538,-0.366393089,0.9124732613563538,,,
2026-03-06T22:27:58.224Z,,,,-1086,491,3976,-272,858,-21,,,,0.055053569,0.12841764092445374,-0.382811517,0.9131446480751038,,,
2026-03-06T22:27:58.184Z,,,,-880,806,4410,-138,554,246,,,,0.054382186,0.10540744662284851,-0.405516535,0.9063087105751038,,,
2026-03-06T22:27:58.144Z,,,,-837,455,4163,-143,321,177,,,,0.050109737,0.099792227,-0.417845607,0.9015479683876038,,,
2026-03-06T22:27:58.104Z,,,,-52,980,3838,7,793,299,,,,0.03930654,0.094482176,-0.446471035,0.8889137506484985,,,
2026-03-06T22:27:58.064Z,,,,-834,-247,4586,557,-524,477,,,,0.014404259622097015,0.14373742043972015,-0.506041169,0.8502785563468933,,,
2026-03-06T22:27:58.024Z,,,,-658,-928,4146,1157,-858,876,,,,-0.015808064,0.11859100311994553,-0.583372533,0.8032816052436829,,,
2026-03-06T22:27:57.984Z,,,,-368,-769,4034,-806,-24,944,,,,0.00195312,0.10778781026601791,-0.614500403,0.7814310789108276,,,
2026-03-06T22:27:57.944Z,,,,-42,159,3933,-630,-120,835,,,,0.023010194301605225,0.10089085251092911,-0.640623331,0.7608012557029724,,,
2026-03-06T22:27:57.904Z,,,,-561,-2827,4419,-374,-653,627,,,,0.021728459745645523,0.15777547657489777,-0.67907542,0.716489851,,,
2026-03-06T22:27:57.864Z,,,,-2022,-90,3426,395,-1874,795,,,,0.093444586,0.12316863238811493,-0.760862291,0.6301253437995911,,,
2026-03-06T22:27:57.824Z,,,,-1576,-11,3857,-1720,537,2365,,,,0.10241673141717911,0.089294203,-0.812558949,0.5667099952697754,,,
2026-03-06T22:27:57.784Z,,,,-1083,-440,3817,-881,4,2624,,,,0.097289793,0.070556462,-0.85552758,0.5034776926040649,,,
2026-03-06T22:27:57.744Z,,,,-586,301,4131,-627,658,2007,,,,0.087829366,0.024780210107564926,-0.903501093,0.41863906383514404,,,
2026-03-06T22:27:57.704Z,,,,-916,372,4050,-480,332,1663,,,,0.10394260287284851,0.022643985226750374,-0.936765194,0.33331212401390076,,,
2026-03-06T22:27:57.664Z,,,,-1107,118,3891,225,-498,1556,,,,0.11395234614610672,0.039001364,-0.948728025,0.2921135127544403,,,
2026-03-06T22:27:57.624Z,,,,-1088,-319,3867,-52,-268,1466,,,,0.11444062739610672,0.051635608077049255,-0.961240232,0.24523863196372986,,,
2026-03-06T22:27:57.584Z,,,,-1090,-812,4093,-151,173,1932,,,,0.10687228292226791,0.055541851,-0.98357904,0.13427700102329254,,,
2026-03-06T22:27:57.544Z,,,,-972,435,4460,-700,34,1550,,,,0.10980196297168732,0.046081424,-0.989316285,0.083801053,,,
2026-03-06T22:27:57.504Z,,,,-486,-1551,3617,658,-465,1853,,,,-0.099731192,-0.084167264,0.9910252690315247,0.027343679,,,
2026-03-06T22:27:57.464Z,,,,-703,-651,4093,-254,-134,1412,,,,-0.099242911,-0.070922673,0.9898656010627747,0.071899228,,,
2026-03-06T22:27:57.424Z,,,,-630,-790,4033,-771,-182,1062,,,,-0.104430884,-0.048522826,0.9876073598861694,0.10632296651601791,,,
2026-03-06T22:27:57.384Z,,,,-1022,-469,3513,-765,-458,923,,,,-0.169127986,0.021545354276895523,0.9680761098861694,0.1834101676940918,,,
2026-03-06T22:27:57.344Z,,,,-1880,-612,3463,-119,-834,988,,,,-0.19226025,0.026916435,0.9570288062095642,0.21520940959453583,,,
2026-03-06T22:27:57.304Z,,,,-2916,-722,3433,-673,-251,1168,,,,-0.194823712,0.043456919491291046,0.9456152319908142,0.25671321153640747,,,
2026-03-06T22:27:57.264Z,,,,-846,372,4347,-1838,987,1593,,,,-0.085204862,0.080749303,0.9117408394813538,0.3935536742210388,,,
2026-03-06T22:27:57.224Z,,,,-557,247,4386,-705,1066,1706,,,,-0.044738654,0.080138952,0.8734108209609985,0.4781481921672821,,,
2026-03-06T22:27:57.184Z,,,,-494,-185,4062,-475,443,1646,,,,-0.016296346,0.062866047,0.7963236570358276,0.6013168096542358,,,
2026-03-06T22:27:57.144Z,,,,370,-29,4105,-104,606,1769,,,,0.027160576,0.025024350732564926,0.7330303192138672,0.6791364550590515,,,
2026-03-06T22:27:57.104Z,,,,227,-3,4217,106,844,885,,,,0.054504257,0.004211415,0.7066022157669067,0.7053815126419067,,,
2026-03-06T22:27:57.064Z,,,,527,130,4079,-17,425,506,,,,0.06689436,-0.004089345,0.6936627626419067,0.717100203,,,
2026-03-06T22:27:57.024Z,,,,318,487,3870,-92,248,359,,,,0.074889943,0.000549315,0.6868878602981567,0.722837508,,,
2026-03-06T22:27:56.984Z,,,,305,516,3878,-352,102,424,,,,0.086364523,-0.00073242,0.6738263964653015,0.7337627410888672,,,
2026-03-06T22:27:56.944Z,,,,1013,-227,4119,-148,559,336,,,,0.16216999292373657,-0.072143368,0.6546614170074463,0.7347393035888672,,,
2026-03-06T22:27:56.904Z,,,,1704,1273,2918,133,-1327,-36,,,,0.1862177848815918,-0.082641393,0.6514265537261963,0.730772078,,,
2026-03-06T22:27:56.864Z,,,,1450,469,4054,-55,1475,-61,,,,0.17639115452766418,-0.076782033,0.6564924716949463,0.729368269,,,
2026-03-06T22:27:56.824Z,,,,1291,785,3739,-120,-877,-151,,,,0.181334987,-0.074767873,0.6596662998199463,0.725462019,,,
2026-03-06T22:27:56.784Z,,,,2151,766,3724,-253,1425,35,,,,0.1994013488292694,-0.091125257,0.6589949131011963,0.719419539,,,
2026-03-06T22:27:56.744Z,,,,2452,625,3314,196,-667,-123,,,,0.1964716613292694,-0.086974874,0.6624739170074463,0.717527449,,,
2026-03-06T22:27:56.704Z,,,,1667,484,4007,281,-304,9,,,,0.182006374,-0.073791318,0.6710798144340515,0.714841902,,,
2026-03-06T22:27:56.664Z,,,,305,1393,3883,202,-1072,-99,,,,0.17492631077766418,-0.060485683,0.6756574511528015,0.713499129,,,
2026-03-06T22:27:56.624Z,,,,1700,355,4244,-523,1466,10,,,,0.181090847,-0.071227841,0.6719953417778015,0.714475691,,,
2026-03-06T22:27:56.584Z,,,,807,652,3983,-42,-966,-2,,,,0.17498734593391418,-0.062438805,0.6750470995903015,0.713926375,,,
2026-03-06T22:27:56.544Z,,,,2331,875,3477,-90,1260,208,,,,0.1981196105480194,-0.082824498,0.6663801074028015,0.713926375,,,
2026-03-06T22:27:56.504Z,,,,1528,1225,3389,169,-818,-15,,,,0.1896967738866806,-0.065734692,0.6741315722465515,0.710752547,,,
2026-03-06T22:27:56.464Z,,,,1638,775,3901,97,30,-85,,,,0.1873164176940918,-0.067382641,0.6762678027153015,0.7091656923294067,,,
2026-03-06T22:27:56.424Z,,,,1171,747,3747,62,-264,-43,,,,0.178161159,-0.05969223,0.6807233691215515,0.7079449892044067,,,
2026-03-06T22:27:56.384Z,,,,1838,847,3636,69,-313,28,,,,0.1889033317565918,-0.076415822,0.6715070605278015,0.712339461,,,
2026-03-06T22:27:56.344Z,,,,1466,405,3842,123,1336,164,,,,0.16125446557998657,-0.056518409,0.6990338563919067,0.6943341493606567,,,
2026-03-06T22:27:56.304Z,,,,1466,405,3842,-3,-361,-308,,,,0.16125446557998657,-0.056518409,0.6990338563919067,0.6943341493606567,,,
2026-03-06T22:27:56.264Z,,,,569,894,4083,-3,-361,-308,,,,0.14392052590847015,-0.038146876,0.7384014129638672,0.6575911045074463,,,
2026-03-06T22:27:56.224Z,,,,965,528,3825,-138,-211,-643,,,,0.14428673684597015,-0.042480361,0.7461528778076172,0.6484358310699463,,,
2026-03-06T22:27:56.184Z,,,,1521,427,3872,23,224,-133,,,,0.15020713210105896,-0.04931628,0.7468242645263672,0.6459333896636963,,,
2026-03-06T22:27:56.144Z,,,,1109,471,3931,73,-62,-17,,,,0.14685021340847015,-0.048400756,0.7446269989013672,0.6492903232574463,,,
2026-03-06T22:27:56.104Z,,,,1245,463,3981,-18,81,-36,,,,0.14941367506980896,-0.053405624,0.7494487762451172,0.6426985263824463,,,
2026-03-06T22:27:56.064Z,,,,938,384,4115,70,80,-119,,,,0.14257775247097015,-0.053344589,0.7614116072654724,0.6300032734870911,,,
2026-03-06T22:27:56.024Z,,,,1515,299,3694,37,79,-237,,,,0.14800988137722015,-0.062255699,0.7621440291404724,0.6270735859870911,,,
2026-03-06T22:27:55.984Z,,,,1381,683,3439,48,-108,-305,,,,0.15539510548114777,-0.072509579,0.7717265486717224,0.6123031377792358,,,
2026-03-06T22:27:55.944Z,,,,2715,109,3919,134,1798,154,,,,0.17279008030891418,-0.091491468,0.7598246932029724,0.6199324727058411,,,
2026-03-06T22:27:55.904Z,,,,1451,80,3944,220,-433,371,,,,0.15344199538230896,-0.080444127,0.7576884627342224,0.6290877461433411,,,
2026-03-06T22:27:55.864Z,,,,1387,163,3795,-90,-415,324,,,,0.13854944705963135,-0.069640934,0.7576274275779724,0.6339095234870911,,,
2026-03-06T22:27:55.824Z,,,,1272,350,3983,-2,-203,-22,,,,0.13751184940338135,-0.06420882,0.7625102400779724,0.6288436055183411,,,
2026-03-06T22:27:55.784Z,,,,1738,329,3805,-248,189,-206,,,,0.13482631742954254,-0.067809887,0.7749003767967224,0.6137069463729858,,,
2026-03-06T22:27:55.744Z,,,,1282,44,3896,11,470,149,,,,0.11181612312793732,-0.06127914,0.7774638533592224,0.6157821416854858,,,
2026-03-06T22:27:55.704Z,,,,1202,339,4120,-18,-580,-16,,,,0.11321992427110672,-0.061462246,0.7827128171920776,0.6088241338729858,,,
2026-03-06T22:27:55.664Z,,,,1340,218,4086,90,-39,-57,,,,0.10656710714101791,-0.060668789,0.7875345945358276,0.6038192510604858,,,
2026-03-06T22:27:55.624Z,,,,971,244,3950,159,-466,-69,,,,0.092712164,-0.05541978,0.7917460203170776,0.6011337041854858,,,
2026-03-06T22:27:55.584Z,,,,1229,273,4310,129,-279,-33,,,,0.066589184,-0.057494968,0.7974833250045776,0.5968002080917358,,,
2026-03-06T22:27:55.544Z,,,,145,-593,3997,583,-960,37,,,,0.030212324112653732,-0.051269401,0.7974833250045776,0.6003402471542358,,,
2026-03-06T22:27:55.504Z,,,,280,-290,4257,-10,-473,288,,,,0.007019025,-0.041870009,0.8063333630561829,0.5898422598838806,,,
2026-03-06T22:27:55.464Z,,,,-34,-373,3960,528,-423,-231,,,,-0.019287059,-0.049377315,0.8263528347015381,0.5605454444885254,,,
2026-03-06T22:27:55.424Z,,,,78,-582,4180,292,-57,-539,,,,-0.025451595,-0.056518409,0.8389260768890381,0.5405870079994202,,,
2026-03-06T22:27:55.384Z,,,,377,-557,4105,264,65,-671,,,,-0.030883711,-0.05517564,0.8743873834609985,0.4809558093547821,,,
2026-03-06T22:27:55.344Z,,,,523,-266,4387,-282,-145,-1069,,,,-0.039489646,-0.042968638,0.8944679498672485,0.44323617219924927,,,
2026-03-06T22:27:55.304Z,,,,-887,-549,3990,207,-1077,-1215,,,,-0.09594702,-0.01684566,0.930539608,0.35284334421157837,,,
2026-03-06T22:27:55.264Z,,,,-213,-412,4586,-387,-758,-766,,,,-0.100280508,0.00708006,0.9439062476158142,0.31433025002479553,,,
2026-03-06T22:27:55.224Z,,,,-504,308,4159,-270,-391,-608,,,,-0.113708206,0.028808519,0.9524511694908142,0.2810661792755127,,,
2026-03-06T22:27:55.184Z,,,,-1663,106,3607,-239,-837,-550,,,,-0.170104548,0.057433933,0.9545873999595642,0.23748718202114105,,,
2026-03-06T22:27:55.144Z,,,,-2735,1621,3249,-123,-938,-729,,,,-0.196044415,0.080627233,0.9547094702720642,0.20861762762069702,,,
2026-03-06T22:27:55.104Z,,,,-1939,639,3390,49,-595,-845,,,,-0.197387189,0.067870922,0.9599584937095642,0.1866450309753418,,,
2026-03-06T22:27:55.064Z,,,,-1425,71,3824,586,278,-412,,,,-0.187987804,0.052001819014549255,0.9650854468345642,0.17449906468391418,,,
2026-03-06T22:27:55.024Z,,,,-582,27,4295,131,557,-390,,,,-0.173034221,0.038207911,0.9702123403549194,0.16497761011123657,,,
2026-03-06T22:27:54.984Z,,,,-1533,-248,3866,695,296,-253,,,,-0.177367702,-0.003601065,0.9739354848861694,0.14117395877838135,,,
2026-03-06T22:27:54.944Z,,,,-1473,-295,3697,251,27,-81,,,,-0.177550808,-0.010803195,0.9743016958236694,0.13775599002838135,,,
2026-03-06T22:27:54.904Z,,,,-1272,-269,4025,230,68,-80,,,,-0.171813518,-0.018371535,0.9768041372299194,0.12603726983070374,,,
2026-03-06T22:27:54.864Z,,,,-1663,-292,3742,158,154,-110,,,,-0.179870144,-0.022766056,0.9760717153549194,0.11962860077619553,,,
2026-03-06T22:27:54.824Z,,,,-1929,-290,3428,167,-443,-231,,,,-0.186889172,-0.025451595,0.9754613637924194,0.11340302973985672,,,
2026-03-06T22:27:54.784Z,,,,-823,-591,3972,5,46,-220,,,,-0.172118694,-0.031005779,0.9788793325424194,0.10559055209159851,,,
2026-03-06T22:27:54.744Z,,,,-1138,-198,4059,80,125,1,,,,-0.172423869,-0.031371988,0.9793065786361694,0.10101292282342911,,,
2026-03-06T22:27:54.704Z,,,,-1388,-508,3840,6,9,17,,,,-0.175414592,-0.044982795,0.9772313833236694,0.11004610359668732,,,
2026-03-06T22:27:54.664Z,,,,-1030,-257,4251,9,19,77,,,,-0.170531794,-0.04211415,0.9790624380111694,0.10235569626092911,,,
2026-03-06T22:27:54.624Z,,,,-727,-278,3741,-322,47,-181,,,,-0.176208049,-0.03796377,0.9803441762924194,0.079589643,,,
2026-03-06T22:27:54.584Z,,,,-1516,-379,4200,123,-214,-796,,,,-0.179381862,-0.035705473,0.9815038442611694,0.055785991,,,
2026-03-06T22:27:54.544Z,,,,-2146,-105,4003,-30,134,-568,,,,-0.174987346,-0.024536069,0.9830297231674194,0.049011104,,,
2026-03-06T22:27:54.504Z,,,,-1553,429,3800,-590,601,-17,,,,-0.155761316,-0.010436985,0.9862035512924194,0.054504257,,,
2026-03-06T22:27:54.464Z,,,,-919,368,3916,84,484,-108,,,,-0.140319467,-0.014343225,0.9886448979377747,0.050842154771089554,,,
2026-03-06T22:27:54.424Z,,,,-545,-828,4371,409,315,-23,,,,-0.121581718,-0.038818259,0.9902318120002747,0.054992534,,,
2026-03-06T22:27:54.384Z,,,,948,2629,5818,-1029,371,158,,,,-0.106811248,-0.010803195,0.9923070073127747,0.060851894319057465,,,
2026-03-06T22:27:54.344Z,,,,-1704,-2834,2247,1746,-1363,328,,,,-0.13391079,-0.072387509,0.9862645864486694,0.062927082,,,
2026-03-06T22:27:54.304Z,,,,-1099,-1296,2679,317,742,112,,,,-0.099853262,-0.072082333,0.9907200932502747,0.057128761,,,
2026-03-06T22:27:54.264Z,,,,-488,-350,4392,-1788,1419,122,,,,-0.061645351,-0.02551263,0.9957249760627747,0.063659504,,,
2026-03-06T22:27:54.224Z,,,,-1121,-4013,4174,-805,1090,323,,,,-0.117004097,-0.070434391,0.9897435307502747,0.041381732,,,
2026-03-06T22:27:54.184Z,,,,-1399,457,3702,1187,-4113,-1462,,,,-0.139159799,-0.005920395,0.9894383549690247,0.039123435,,,
2026-03-06T22:27:54.144Z,,,,-925,-2,4055,208,507,472,,,,-0.116271675,-0.02111811,0.9921239018440247,0.040405169,,,
2026-03-06T22:27:54.104Z,,,,-421,-327,3990,161,273,499,,,,-0.106261931,-0.02978508,0.9927342534065247,0.047546264,,,
2026-03-06T22:27:54.064Z,,,,61,388,3875,154,335,645,,,,-0.094970457,-0.025756771,0.9934056401252747,0.058532566,,,
2026-03-06T22:27:54.024Z,,,,2595,-864,3145,-251,716,561,,,,-0.059264984,-0.030456465,0.9943822026252747,0.081786901,,,
2026-03-06T22:27:53.984Z,,,,-1523,719,4620,39,2724,1090,,,,-0.115112007,-0.016357379,0.9835180044174194,0.13806116580963135,,,
2026-03-06T22:27:53.944Z,,,,-2342,-996,3165,-6,-583,394,,,,-0.145019159,-0.044738654,0.9743627309799194,0.16601519286632538,,,
2026-03-06T22:27:53.904Z,,,,-1560,-1185,3197,1291,-1006,973,,,,-0.148925394,-0.062316734,0.9663671255111694,0.1999506652355194,,,
2026-03-06T22:27:53.864Z,,,,576,-400,3816,-294,96,1235,,,,-0.095519774,0.018981885,0.941464901,0.32263100147247314,,,
2026-03-06T22:27:53.824Z,,,,-482,-1153,4393,-323,-972,916,,,,-0.134215966,0.042175184935331345,0.930661678,0.33758458495140076,,,
2026-03-06T22:27:53.784Z,,,,-4167,252,2367,-1303,-2257,857,,,,-0.179259792,0.10418674349784851,0.9119849801063538,0.35375887155532837,,,
2026-03-06T22:27:53.744Z,,,,-2531,1007,3747,-1750,-393,1029,,,,-0.151305765,0.12249724566936493,0.9092994332313538,0.3676137924194336,,,
2026-03-06T22:27:53.704Z,,,,730,-691,4468,-402,635,186,,,,-0.131835595,0.072814755,0.8713356852531433,0.4669177532196045,,,
2026-03-06T22:27:53.664Z,,,,905,2020,3829,319,-817,1626,,,,-0.161132395,0.090820082,0.8458230495452881,0.5002428293228149,,,
2026-03-06T22:27:53.624Z,,,,-2595,-1436,3341,1158,-2253,1503,,,,-0.244872421,0.032897863537073135,0.7991312742233276,0.5479111671447754,,,
2026-03-06T22:27:53.584Z,,,,-1688,-1699,3510,-154,528,1472,,,,-0.190551266,0.022399844601750374,0.7556743621826172,0.6260970234870911,,,
2026-03-06T22:27:53.544Z,,,,-987,-476,4084,-1332,469,1545,,,,-0.145812616,0.034973055,0.72772032,0.6691877245903015,,,
2026-03-06T22:27:53.504Z,,,,-115,-389,4452,-1338,872,1388,,,,-0.105224341,0.042724501341581345,0.7016583681106567,0.7033063173294067,,,
2026-03-06T22:27:53.464Z,,,,250,9,4705,-905,30,1260,,,,-0.088622823,0.054443222,0.6679059863090515,0.7368755340576172,,,
2026-03-06T22:27:53.424Z,,,,-398,-1134,4396,-144,-519,1791,,,,-0.108092986,0.072265439,0.6202376484870911,0.7734965682029724,,,
2026-03-06T22:27:53.384Z,,,,-2128,247,2918,-533,-2013,1928,,,,-0.09619116,0.16509968042373657,0.49584832787513733,0.8471047878265381,,,
2026-03-06T22:27:53.344Z,,,,-2100,210,3154,-995,1066,1454,,,,-0.0598143,0.14086878299713135,0.44732552766799927,0.8811012506484985,,,
2026-03-06T22:27:53.304Z,,,,-619,-152,4019,-934,2180,2635,,,,-0.018615674,0.094299078,0.3862905204296112,0.9172950387001038,,,
2026-03-06T22:27:53.264Z,,,,-704,1351,4110,-1004,1358,1757,,,,0.019409129,0.065978833,0.33013832569122314,0.941403866,,,
2026-03-06T22:27:53.224Z,,,,180,283,4709,-27,1302,1851,,,,0.032958898693323135,0.025939874351024628,0.22015324234962463,0.9745458364486694,,,
2026-03-06T22:27:53.184Z,,,,-305,-670,3659,-190,104,1089,,,,0.00292968,0.042480360716581345,0.11608856916427612,0.9923070073127747,,,
2026-03-06T22:27:53.144Z,,,,-2330,326,4449,-25,626,1697,,,,0.012023895047605038,0.059875336,0.070129216,0.9956029057502747,,,
2026-03-06T22:27:53.104Z,,,,-996,27,3781,656,-274,1133,,,,0.02050776,0.074218556,0.012512175366282463,0.9969456791877747,,,
2026-03-06T22:27:53.064Z,,,,-515,-51,3881,-285,-2,1078,,,,0.024719174951314926,0.070129216,-0.024413999,0.9968846440315247,,,
2026-03-06T22:27:53.024Z,,,,-551,-10,4025,-213,108,939,,,,0.02856438,0.071349911,-0.045715217,0.9959691166877747,,,
2026-03-06T22:27:52.984Z,,,,-1284,-520,3967,-119,-111,414,,,,0.027892996,0.080444127,-0.099975333,0.9913304448127747,,,
2026-03-06T22:27:52.944Z,,,,-612,459,4140,223,-36,-75,,,,0.030273359268903732,0.073730282,-0.100829817,0.9916966557502747,,,
2026-03-06T22:27:52.904Z,,,,-655,123,4043,17,140,299,,,,0.028625416,0.071533017,-0.109252647,0.9909642338752747,,,
2026-03-06T22:27:52.864Z,,,,-496,74,4131,38,94,203,,,,0.020568796,0.065307453,-0.104003638,0.9921849370002747,,,
2026-03-06T22:27:52.824Z,,,,-484,-10,4131,133,90,-243,,,,0.017822219,0.065002277,-0.095397703,0.9931004643440247,,,
2026-03-06T22:27:52.784Z,,,,-470,126,4087,79,-47,-245,,,,0.016296345740556717,0.068542302,-0.079711713,0.9942601323127747,,,
2026-03-06T22:27:52.744Z,,,,-543,40,4097,29,-35,-219,,,,0.015380820259451866,0.070434391,-0.073730282,0.9946263432502747,,,
2026-03-06T22:27:52.704Z,,,,-663,59,4097,44,-51,-93,,,,0.01477047,0.071777157,-0.070251286,0.9948094487190247,,,
2026-03-06T22:27:52.664Z,,,,-588,93,4174,26,18,-19,,,,0.007873515,0.062743977,-0.069152653,0.9955418705940247,,,
2026-03-06T22:27:52.624Z,,,,-394,-256,4244,180,49,-37,,,,0.00195312,0.062438804656267166,-0.065307453,0.9958470463752747,,,
2026-03-06T22:27:52.584Z,,,,-936,84,3970,198,-38,-152,,,,0.00769041,0.085632108,-0.03942861,0.9954808354377747,,,
2026-03-06T22:27:52.544Z,,,,-1132,-126,3518,-55,-389,-497,,,,0.013000454753637314,0.099731192,-0.020568796,0.9946873784065247,,,
2026-03-06T22:27:52.504Z,,,,-613,114,4172,-391,122,-628,,,,0.028137134,0.085632108,-0.003845205,0.9959080815315247,,,
2026-03-06T22:27:52.464Z,,,,-699,120,3947,-54,-136,-382,,,,0.031677164137363434,0.0903318,0.008239725,0.9953587651252747,,,
2026-03-06T22:27:52.424Z,,,,-774,408,4042,-243,-223,-393,,,,0.043945200741291046,0.096923582,0.026245050132274628,0.9939549565315247,,,
2026-03-06T22:27:52.384Z,,,,-788,447,4054,-18,-11,-58,,,,0.04492176,0.096435301,0.025939874351024628,0.9939549565315247,,,
2026-03-06T22:27:52.344Z,,,,-757,352,4109,19,11,-43,,,,0.046142459,0.091308363,0.035644438,0.9940770268440247,,,
2026-03-06T22:27:52.304Z,,,,-856,378,4058,26,11,-134,,,,0.050292838364839554,0.10540744662284851,0.015197714790701866,0.9929783940315247,,,
2026-03-06T22:27:52.264Z,,,,-733,485,3999,-358,-140,80,,,,0.062316734343767166,0.10797091573476791,-0.00354003,0.9921849370002747,,,
2026-03-06T22:27:52.224Z,,,,-984,868,4257,-343,-22,372,,,,0.091796637,0.12298552691936493,-0.055114605,0.9865697622299194,,,
2026-03-06T22:27:52.184Z,,,,-4144,241,3241,-955,-869,94,,,,0.10327121615409851,0.2628166973590851,-0.174376994,0.9432958960533142,,,
2026-03-06T22:27:52.144Z,,,,-2590,127,3648,-1217,-754,187,,,,0.13287319242954254,0.22015324234962463,-0.241393417,0.935666561,,,
2026-03-06T22:27:52.104Z,,,,-1216,1123,3583,-751,1202,599,,,,0.12878385186195374,0.13714563846588135,-0.289977282,0.938291073,,,
2026-03-06T22:27:52.064Z,,,,-1023,728,4017,70,1019,737,,,,0.11688202619552612,0.10821505635976791,-0.31811443,0.934506893,,,
2026-03-06T22:27:52.024Z,,,,-969,363,4156,-215,922,704,,,,0.10321018099784851,0.094726317,-0.347411215,0.927121639,,,
2026-03-06T22:27:51.984Z,,,,-731,180,3956,415,417,902,,,,0.069640934,0.081970006,-0.401366144,0.9095435738563538,,,
2026-03-06T22:27:51.944Z,,,,-614,192,4081,155,419,819,,,,0.052184924483299255,0.070007145,-0.445799649,0.8908058404922485,,,
2026-03-06T22:27:51.904Z,,,,-625,-36,4028,108,362,238,,,,0.037048247,0.071533017,-0.483336151,0.8716408610343933,,,
2026-03-06T22:27:51.864Z,,,,-767,-106,3952,132,10,857,,,,0.029357836,0.075134084,-0.508238435,0.8573586344718933,,,
2026-03-06T22:27:51.824Z,,,,-790,-1178,4205,344,183,878,,,,0.00927732,0.074828908,-0.529173434,0.8450906276702881,,,
2026-03-06T22:27:51.784Z,,,,-748,-46,4092,7,786,722,,,,0.000915525,0.059142914,-0.550413609,0.8327615261077881,,,
2026-03-06T22:27:51.744Z,,,,-849,-512,3959,223,-29,315,,,,-0.00341796,0.062866047,-0.557798862,0.8275125026702881,,,
2026-03-06T22:27:51.704Z,,,,-508,-93,4089,-29,259,383,,,,-0.007019025,0.051879748702049255,-0.566832066,0.8221414685249329,,,
2026-03-06T22:27:51.664Z,,,,-447,-134,4563,-19,470,387,,,,-0.01147458,0.042297255247831345,-0.575010717,0.8169534802436829,,,
2026-03-06T22:27:51.624Z,,,,-549,-94,3565,67,445,166,,,,-0.01135251,0.050414908677339554,-0.57812351,0.8142679333686829,,,
2026-03-06T22:27:51.584Z,,,,-774,-277,3719,-164,100,82,,,,-0.01538082,0.044494513,-0.586851537,0.8082864880561829,,,
2026-03-06T22:27:51.544Z,,,,320,-86,4267,-65,875,779,,,,-0.033630285,0.018554639,-0.608457923,0.7926005125045776,,,
2026-03-06T22:27:51.504Z,,,,1005,-435,4561,179,638,1175,,,,-0.048583861,-0.004333485,-0.636228859,0.7698954939842224,,,
2026-03-06T22:27:51.464Z,,,,1189,-186,4413,-182,155,797,,,,-0.047057986,-0.020080514,-0.652647257,0.7558574080467224,,,
2026-03-06T22:27:51.424Z,,,,-44,-670,3529,3,-480,284,,,,-0.029418871,0.002258295,-0.655271769,0.7547588348388672,,,
2026-03-06T22:27:51.384Z,,,,411,-122,4207,-402,-278,-361,,,,-0.00769041,0.023986754938960075,-0.632932961,0.7737407088279724,,,
2026-03-06T22:27:51.344Z,,,,-700,-54,3500,-23,-847,-536,,,,0.016296345740556717,0.055847026,-0.619871438,0.7824686765670776,,,
2026-03-06T22:27:51.304Z,,,,-659,-39,3859,233,-1126,-321,,,,0.02673333,0.069579899,-0.616087317,0.7840555906295776,,,
2026-03-06T22:27:51.264Z,,,,-326,-223,4164,-190,-74,-166,,,,0.027160576,0.068908513,-0.619444191,0.7814921140670776,,,
2026-03-06T22:27:51.224Z,,,,-38,-160,4113,32,-79,-162,,,,0.02917473,0.072265439,-0.613706946,0.7855814695358276,,,
2026-03-06T22:27:51.184Z,,,,-1255,-392,3918,0,-169,-417,,,,0.040283099,0.094604246,-0.599790931,0.7934550046920776,,,
2026-03-06T22:27:51.144Z,,,,-1086,-721,4601,194,-924,-602,,,,0.053039416670799255,0.11169405281543732,-0.558043003,0.8204935193061829,,,
2026-03-06T22:27:51.104Z,,,,-1415,893,3973,-356,-1032,-614,,,,0.078246869,0.10333225131034851,-0.546446383,0.8273293972015381,,,
2026-03-06T22:27:51.064Z,,,,-1618,1108,3765,-98,-88,-341,,,,0.078796186,0.11065645515918732,-0.505980134,0.8517434000968933,,,
2026-03-06T22:27:51.024Z,,,,475,904,4585,-142,846,-351,,,,0.057067726,0.088622823,-0.488524139,0.8660866618156433,,,
2026-03-06T22:27:50.984Z,,,,-3791,-1994,2354,323,653,-397,,,,0.030029221,0.20379586517810822,-0.451903135,0.8679177165031433,,,
2026-03-06T22:27:50.944Z,,,,-2012,-1578,3125,698,700,19,,,,0.004943835,0.1855463981628418,-0.444212735,0.8764015436172485,,,
2026-03-06T22:27:50.904Z,,,,-450,-720,3970,-171,1000,93,,,,-0.002990715,0.12011688202619553,-0.424437374,0.8973975777626038,,,
2026-03-06T22:27:50.864Z,,,,-648,-295,4226,-434,339,-231,,,,0.012390105053782463,0.11444062739610672,-0.410826594,0.9043555855751038,,,
2026-03-06T22:27:50.824Z,,,,-1114,-75,3660,-410,-49,-123,,,,0.039611716,0.15270957350730896,-0.382994622,0.9100928902626038,,,
2026-03-06T22:27:50.784Z,,,,-3251,-616,3336,263,-865,-254,,,,0.061279140412807465,0.20617623627185822,-0.365599662,0.9055152535438538,,,
2026-03-06T22:27:50.744Z,,,,-2436,539,3655,-1170,216,116,,,,0.087890401,0.1864008903503418,-0.373290062,0.9044776558876038,,,
2026-03-06T22:27:50.704Z,,,,-1821,334,3470,-660,345,397,,,,0.098510489,0.17016558349132538,-0.384886712,0.9017310738563538,,,
2026-03-06T22:27:50.664Z,,,,-1702,587,3778,-453,83,446,,,,0.10894747823476791,0.16180378198623657,-0.394957483,0.8977027535438538,,,
2026-03-06T22:27:50.624Z,,,,-1191,365,3644,-547,-11,648,,,,0.11242646723985672,0.16870073974132538,-0.431944698,0.8787819147109985,,,
2026-03-06T22:27:50.584Z,,,,-1757,-101,3904,-77,-260,686,,,,0.099364981,0.179626003,-0.457274228,0.8652321696281433,,,
2026-03-06T22:27:50.544Z,,,,-1806,-1659,3011,201,205,770,,,,0.068603337,0.22747744619846344,-0.518492341,0.8213480114936829,,,
2026-03-06T22:27:50.504Z,,,,-2038,-1530,3095,708,-169,590,,,,0.062927082,0.23351991176605225,-0.530638278,0.8123148083686829,,,
2026-03-06T22:27:50.464Z,,,,-1606,-651,3930,-205,87,23,,,,0.070007145,0.20294137299060822,-0.533323824,0.8181741833686829,,,
2026-03-06T22:27:50.424Z,,,,-1484,-205,4061,180,261,-904,,,,0.068786442,0.1959833800792694,-0.506773591,0.8366067409515381,,,
2026-03-06T22:27:50.384Z,,,,-828,-474,3562,496,151,-1512,,,,0.05822739,0.1954950988292694,-0.466490507,0.8606545329093933,,,
2026-03-06T22:27:50.344Z,,,,-674,-940,3856,832,201,-2005,,,,0.036743071,0.1956782042980194,-0.386412591,0.9005103707313538,,,
2026-03-06T22:27:50.304Z,,,,-2036,1367,3676,1300,763,-1247,,,,0.075195119,0.179687038,-0.38024804,0.9041114449501038,,,
2026-03-06T22:27:50.264Z,,,,-1311,406,3811,-292,689,-94,,,,0.066406079,0.16424518823623657,-0.392577112,0.9024634957313538,,,
2026-03-06T22:27:50.224Z,,,,-1751,212,3867,182,331,-88,,,,0.068664372,0.1967158019542694,-0.435973018,0.8754860162734985,,,
2026-03-06T22:27:50.184Z,,,,-2563,2773,4624,-522,-1215,593,,,,0.10272190719842911,0.22497500479221344,-0.465025663,0.8499733805656433,,,
2026-03-06T22:27:50.144Z,,,,-3690,-1206,3345,1175,-1758,788,,,,0.046874881,0.2777702808380127,-0.474119872,0.8341042995452881,,,
2026-03-06T22:27:50.104Z,,,,-1923,-774,3757,254,1262,-174,,,,0.027221611,0.24499449133872986,-0.476439208,0.8438699245452881,,,
2026-03-06T22:27:50.064Z,,,,-1897,-1073,3512,231,748,-362,,,,0.012512175366282463,0.23406922817230225,-0.472044677,0.8497902750968933,,,
2026-03-06T22:27:50.024Z,,,,-988,-1224,3654,435,720,-364,,,,0.002380365,0.21655218303203583,-0.466368437,0.8576027750968933,,,
2026-03-06T22:27:49.984Z,,,,-927,-732,3811,-241,553,-546,,,,0.019714305,0.21008247137069702,-0.463133574,0.8607155680656433,,,
2026-03-06T22:27:49.944Z,,,,-1349,-405,3986,-555,-403,-406,,,,0.063537434,0.24163755774497986,-0.462584257,0.8505837321281433,,,
2026-03-06T22:27:49.904Z,,,,-3622,-1301,4029,490,-1263,-365,,,,0.088439718,0.2784416675567627,-0.451475888,0.8430154323577881,,,
2026-03-06T22:27:49.864Z,,,,-2479,421,3293,-1298,-500,-96,,,,0.15374717116355896,0.1976313292980194,-0.499388367,0.8293435573577881,,,
2026-03-06T22:27:49.824Z,,,,-2179,111,3451,-474,629,713,,,,0.15154990553855896,0.181823269,-0.525511324,0.8171365857124329,,,
2026-03-06T22:27:49.784Z,,,,-1839,529,3569,-491,441,742,,,,0.15728719532489777,0.16717486083507538,-0.547605991,0.8045633435249329,,,
2026-03-06T22:27:49.744Z,,,,-1121,457,3819,-559,228,733,,,,0.14800988137722015,0.17321732640266418,-0.61517179,0.7546977996826172,,,
2026-03-06T22:27:49.704Z,,,,-1433,-242,3302,425,-571,942,,,,0.14166224002838135,0.1999506652355194,-0.632322609,0.7348003387451172,,,
2026-03-06T22:27:49.664Z,,,,-1802,-659,3355,219,-338,831,,,,0.11285371333360672,0.23864684998989105,-0.683408916,0.6805402636528015,,,
2026-03-06T22:27:49.624Z,,,,-2552,-1485,3061,-44,-297,464,,,,0.11712616682052612,0.24700865149497986,-0.692197919,0.6679059863090515,,,
2026-03-06T22:27:49.584Z,,,,-1720,-777,3292,-288,23,228,,,,0.12048309296369553,0.23705993592739105,-0.701597333,0.6610090732574463,,,
2026-03-06T22:27:49.544Z,,,,-1796,-382,3824,-440,-33,104,,,,0.14160120487213135,0.20733588933944702,-0.716795027,0.6504499912261963,,,
2026-03-06T22:27:49.504Z,,,,-1742,-52,3495,-540,14,199,,,,0.17651322484016418,0.1880488395690918,-0.723386824,0.6403791904449463,,,
2026-03-06T22:27:49.464Z,,,,-3260,-286,3125,-403,-477,24,,,,0.20642036199569702,0.1907343715429306,-0.72772032,0.6255477070808411,,,
2026-03-06T22:27:49.424Z,,,,-2063,161,3582,-623,64,212,,,,0.20446725189685822,0.12512174248695374,-0.753782272,0.6116927862167358,,,
2026-03-06T22:27:49.384Z,,,,-1688,295,3605,-264,230,434,,,,0.20214791595935822,0.11358613520860672,-0.763853014,0.6022323369979858,,,
2026-03-06T22:27:49.344Z,,,,-1645,543,3758,-373,222,396,,,,0.20306344330310822,0.10467502474784851,-0.772031724,0.5930160880088806,,,
2026-03-06T22:27:49.304Z,,,,-1332,751,3717,-230,146,397,,,,0.1955561339855194,0.11743134260177612,-0.786924243,0.5732406973838806,,,
2026-03-06T22:27:49.264Z,,,,-1014,35,3573,361,-91,535,,,,0.182189479,0.13763391971588135,-0.79363811,0.5637803077697754,,,
2026-03-06T22:27:49.224Z,,,,-1601,-985,3301,598,-67,561,,,,0.12847867608070374,0.17584183812141418,-0.831296682,0.5112901926040649,,,
2026-03-06T22:27:49.184Z,,,,-1468,-565,3738,-535,392,695,,,,0.13287319242954254,0.16101032495498657,-0.844236135,0.4935900568962097,,,
2026-03-06T22:27:49.144Z,,,,-1786,-706,3731,-391,-176,463,,,,0.14752160012722015,0.16033893823623657,-0.848203421,0.4827257990837097,,,
2026-03-06T22:27:49.104Z,,,,-2034,83,3767,-265,-541,97,,,,0.1838984489440918,0.15429647266864777,-0.852292717,0.4646594524383545,,,
2026-03-06T22:27:49.064Z,,,,-2302,-349,3507,-436,-211,108,,,,0.1932368129491806,0.15002402663230896,-0.856443107,0.4544666111469269,,,
2026-03-06T22:27:49.024Z,,,,-2185,-157,3600,-247,-135,109,,,,0.22088566422462463,0.13696253299713135,-0.854062736,0.4504382908344269,,,
2026-03-06T22:27:48.984Z,,,,-2020,-107,3587,-53,30,21,,,,0.22509707510471344,0.13421596586704254,-0.856382072,0.44476205110549927,,,
2026-03-06T22:27:48.944Z,,,,-2018,-112,3567,-54,-56,52,,,,0.22778262197971344,0.13336147367954254,-0.857785881,0.44097787141799927,,,
2026-03-06T22:27:48.904Z,,,,-2171,-298,3617,-68,-79,36,,,,0.23797546327114105,0.13806116580963135,-0.851804435,0.44561654329299927,,,
2026-03-06T22:27:48.864Z,,,,-2484,336,3333,-286,-378,-229,,,,0.2651360332965851,0.10394260287284851,-0.862119377,0.41906630992889404,,,
2026-03-06T22:27:48.824Z,,,,-2325,251,3366,-375,113,185,,,,0.2647087872028351,0.097106688,-0.865659416,0.41363418102264404,,,
2026-03-06T22:27:48.784Z,,,,-2244,211,3415,-208,110,155,,,,0.2642815411090851,0.093383551,-0.868711174,0.40820208191871643,,,
2026-03-06T22:27:48.744Z,,,,-2127,221,3411,-160,39,134,,,,0.2622673809528351,0.085265897,-0.875669122,0.3963002562522888,,,
2026-03-06T22:27:48.704Z,,,,-2156,347,3470,-30,67,132,,,,0.2617790997028351,0.076232716,-0.882199883,0.3838491141796112,,,
2026-03-06T22:27:48.664Z,,,,-2125,235,3489,-56,72,78,,,,0.26007014513015747,0.076110646,-0.883054376,0.3829335868358612,,,
2026-03-06T22:27:48.624Z,,,,-2116,325,3506,-12,43,70,,,,0.25848323106765747,0.071899228,-0.885984063,0.3779897391796112,,,
2026-03-06T22:27:48.584Z,,,,-2125,275,3514,-69,52,56,,,,0.25390559434890747,0.074828908,-0.888364434,0.3749990463256836,,,
2026-03-06T22:27:48.544Z,,,,-2126,154,3545,72,50,51,,,,0.25183039903640747,0.07580547,-0.888974786,0.3748159408569336,,,
2026-03-06T22:27:48.504Z,,,,-2024,364,3569,-25,38,24,,,,0.25213557481765747,0.072082333,-0.889829278,0.3732900619506836,,,
2026-03-06T22:27:48.464Z,,,,-2099,253,3486,-104,-23,61,,,,0.25701838731765747,0.070434391,-0.891049981,0.3672475814819336,,,
2026-03-06T22:27:48.424Z,,,,-2131,259,3539,-82,-66,180,,,,0.25970393419265747,0.067992993,-0.894406915,0.357665092,,,
2026-03-06T22:27:48.384Z,,,,-2079,320,3488,-172,-26,180,,,,0.2639763653278351,0.061767421662807465,-0.897092402,0.34869295358657837,,,
2026-03-06T22:27:48.344Z,,,,-2191,-112,3516,-293,-122,143,,,,0.25653010606765747,0.064513996,-0.903379023,0.33746251463890076,,,
2026-03-06T22:27:48.304Z,,,,-1702,413,3708,204,715,198,,,,0.23730407655239105,0.058654636,-0.909787714,0.33532628417015076,,,
2026-03-06T22:27:48.264Z,,,,-1991,260,3623,-136,172,35,,,,0.23431336879730225,0.054138046,-0.911923945,0.33239659667015076,,,
2026-03-06T22:27:48.224Z,,,,-1938,195,3624,-78,80,182,,,,0.23242127895355225,0.0537108,-0.912412226,0.33239659667015076,,,
2026-03-06T22:27:48.184Z,,,,-1911,339,3644,-157,63,179,,,,0.23156678676605225,0.050231803208589554,-0.915097773,0.32604897022247314,,,
2026-03-06T22:27:48.144Z,,,,-1878,312,3674,-62,65,255,,,,0.22882021963596344,0.049072139,-0.923276424,0.3045036196708679,,,
2026-03-06T22:27:48.104Z,,,,-1913,270,3634,15,-51,217,,,,0.22991883754730225,0.052734240889549255,-0.924069881,0.3005363345146179,,,
2026-03-06T22:27:48.064Z,,,,-1879,136,3670,100,-74,191,,,,0.22949160635471344,0.063049152,-0.92547369,0.2944938838481903,,,
2026-03-06T22:27:48.024Z,,,,-1832,240,3811,57,63,260,,,,0.22705020010471344,0.067321606,-0.927731991,0.2883903682231903,,,
2026-03-06T22:27:47.984Z,,,,-1641,32,3709,123,-41,414,,,,0.22643984854221344,0.074767873,-0.929929256,0.2797234058380127,,,
2026-03-06T22:27:47.944Z,,,,-2108,-27,3254,-41,-149,542,,,,0.23492372035980225,0.082580358,-0.93340826,0.25805598497390747,,,
2026-03-06T22:27:47.904Z,,,,-1673,103,4405,84,-291,720,,,,0.16821245849132538,0.085754178,-0.961057127,0.20141549408435822,,,
2026-03-06T22:27:47.864Z,,,,-1420,-962,3740,83,-57,617,,,,0.14581261575222015,0.1002194732427597,-0.968930602,0.17242386937141418,,,
2026-03-06T22:27:47.824Z,,,,-1084,-770,4012,-229,131,538,,,,0.14031946659088135,0.081054479,-0.976437926,0.14233362674713135,,,
2026-03-06T22:27:47.784Z,,,,-597,-853,3850,-440,0,369,,,,0.13989222049713135,0.071105778,-0.978391051,0.13433803617954254,,,
2026-03-06T22:27:47.744Z,,,,-506,166,3890,-638,-182,218,,,,0.15386924147605896,0.044067271053791046,-0.979550719,0.12145964801311493,,,
2026-03-06T22:27:47.704Z,,,,-1362,-984,3843,-667,-569,207,,,,0.17492631077766418,0.048644897,-0.97790277,0.10327121615409851,,,
2026-03-06T22:27:47.664Z,,,,-1879,908,3796,268,-425,681,,,,-0.207763135,0.035766508,0.9774144887924194,0.00878904,,,
2026-03-06T22:27:47.624Z,,,,-1877,204,3823,-1151,772,1218,,,,-0.193847165,0.048827998,0.9783910512924194,0.052306994795799255,,,
2026-03-06T22:27:47.584Z,,,,-1200,148,3861,-621,483,1268,,,,-0.18231155,0.054687358,0.9717992544174194,0.13885462284088135,,,
2026-03-06T22:27:47.544Z,,,,-1580,-211,3671,-57,-104,581,,,,-0.191710934,0.045471076,0.9631933569908142,0.182677761,,,
2026-03-06T22:27:47.504Z,,,,-1763,465,4077,-113,196,644,,,,-0.182494655,0.048583861,0.9611791968345642,0.20098824799060822,,,
2026-03-06T22:27:47.464Z,,,,-2082,-967,3246,46,137,531,,,,-0.181090847,0.034728914,0.9592260718345642,0.21404974162578583,,,
2026-03-06T22:27:47.424Z,,,,-1117,-334,3921,833,377,751,,,,-0.15508993,0.031494058668613434,0.9527563452720642,0.25909358263015747,,,
2026-03-06T22:27:47.384Z,,,,-536,805,4056,-445,106,511,,,,-0.142150521,0.064452961,0.9431127905845642,0.2934562861919403,,,
2026-03-06T22:27:47.344Z,,,,-2576,611,2718,550,-250,526,,,,-0.180053249,0.099609122,0.918820858,0.33666905760765076,,,
2026-03-06T22:27:47.304Z,,,,-631,557,3913,-1849,178,814,,,,-0.105163306,0.12744107842445374,0.8583962321281433,0.4855334162712097,,,
2026-03-06T22:27:47.264Z,,,,-331,324,4213,-150,450,1791,,,,-0.117370307,0.12561002373695374,0.7855204343795776,0.5944198369979858,,,
2026-03-06T22:27:47.224Z,,,,-2057,212,3840,-79,-840,1655,,,,-0.157531336,0.13812220096588135,0.7452983856201172,0.6329329609870911,,,
2026-03-06T22:27:47.184Z,,,,-3162,-1340,3081,1095,-499,1198,,,,-0.183288097,0.10906954109668732,0.728147566,0.6513044834136963,,,
2026-03-06T22:27:47.144Z,,,,-1381,-589,3847,240,1283,1050,,,,-0.156188563,0.075378224,0.715635359,0.6765119433403015,,,
2026-03-06T22:27:47.104Z,,,,-870,-862,3892,-146,761,905,,,,-0.131957665,0.050292838364839554,0.6964093446731567,0.7035504579544067,,,
2026-03-06T22:27:47.064Z,,,,-779,-676,4217,-143,724,719,,,,-0.114135452,0.051696643233299255,0.6947003602981567,0.7082501649856567,,,
2026-03-06T22:27:47.024Z,,,,-593,-1060,3775,-299,133,-350,,,,-0.10778781,0.054077011,0.710935652,0.6928082704544067,,,
2026-03-06T22:27:46.984Z,,,,-365,-605,3826,-378,369,-591,,,,-0.087341085,0.062621906,0.7341289520263672,0.6703473925590515,,,
2026-03-06T22:27:46.944Z,,,,-802,152,4090,-523,-62,-660,,,,-0.069579899,0.080138952,0.7543926239013672,0.6477034091949463,,,
2026-03-06T22:27:46.904Z,,,,-354,591,4293,-718,296,-787,,,,-0.041259661,0.088927992,0.7711772322654724,0.6289656758308411,,,
2026-03-06T22:27:46.864Z,,,,-1527,1011,3687,-751,588,-729,,,,-0.023010194,0.099975333,0.7990702390670776,0.5923447012901306,,,
2026-03-06T22:27:46.824Z,,,,-872,660,3376,-20,125,-669,,,,0.002258295,0.078857221,0.8166483044624329,0.5715927481651306,,,
2026-03-06T22:27:46.784Z,,,,1224,1087,4242,190,1826,-1107,,,,0.11914031952619553,0.00390624,0.8496071696281433,0.5137315988540649,,,
2026-03-06T22:27:46.744Z,,,,1174,237,3918,-244,3549,-586,,,,0.14282189309597015,-0.023559511,0.8514992594718933,0.5038439035415649,,,
2026-03-06T22:27:46.704Z,,,,520,506,4121,61,-497,-181,,,,0.13714563846588135,-0.017211869,0.8548561930656433,0.5000597238540649,,,
2026-03-06T22:27:46.664Z,,,,776,-118,4308,-184,662,35,,,,0.13909876346588135,-0.023132265,0.8569313883781433,0.49566522240638733,,,
2026-03-06T22:27:46.624Z,,,,1608,782,3225,421,-864,-43,,,,0.15728719532489777,-0.029235765,0.8533913493156433,0.49597039818763733,,,
2026-03-06T22:27:46.584Z,,,,1786,557,3764,-6,470,-32,,,,0.15728719532489777,-0.030822676,0.8561989665031433,0.4910876154899597,,,
2026-03-06T22:27:46.544Z,,,,579,901,3252,96,-208,-91,,,,0.13818323612213135,-0.02038569,0.8646828532218933,0.4823596179485321,,,
2026-03-06T22:27:46.504Z,,,,1123,210,4236,127,320,2,,,,0.13592495024204254,-0.021911565,0.8655373454093933,0.4814440906047821,,,
2026-03-06T22:27:46.464Z,,,,290,38,4437,2,-523,23,,,,0.12860074639320374,-0.017944289,0.8655373454093933,0.4835802912712097,,,
2026-03-06T22:27:46.424Z,,,,1886,387,3758,-229,1278,44,,,,0.15716512501239777,-0.0292968,0.8613869547843933,0.4820544421672821,,,
2026-03-06T22:27:46.384Z,,,,1579,425,3663,-6,-702,-9,,,,0.15283164381980896,-0.029479904,0.8607766032218933,0.4844347834587097,,,
2026-03-06T22:27:46.344Z,,,,422,728,3652,0,910,100,,,,0.14282189309597015,-0.023803649,0.8638283610343933,0.4824206531047821,,,
2026-03-06T22:27:46.304Z,,,,689,370,4097,3,805,15,,,,0.14575158059597015,-0.026916435,0.8651711344718933,0.4790026843547821,,,
2026-03-06T22:27:46.264Z,,,,1796,411,3743,-9,895,46,,,,0.16473346948623657,-0.037170313,0.8622414469718933,0.4774157702922821,,,
2026-03-06T22:27:46.224Z,,,,1619,561,3485,-17,-569,-70,,,,0.15948446094989777,-0.035644438,0.8627907633781433,0.4782702624797821,,,
2026-03-06T22:27:46.184Z,,,,1239,358,3808,86,-175,-5,,,,0.14825402200222015,-0.036559965,0.8668801188468933,0.4744250476360321,,,
2026-03-06T22:27:46.144Z,,,,2278,232,3693,95,-460,-51,,,,0.16540485620498657,-0.052673206,0.8616310954093933,0.4768664538860321,,,
2026-03-06T22:27:46.104Z,,,,1012,84,4289,12,-909,-28,,,,0.13378871977329254,-0.03625479,0.8674294352531433,0.4777209460735321,,,
2026-03-06T22:27:46.064Z,,,,994,257,4015,-94,-964,-90,,,,0.12023895233869553,-0.029540939,0.8687722086906433,0.4794299304485321,,,
2026-03-06T22:27:46.024Z,,,,141,345,4188,64,-507,-18,,,,0.084289335,-0.009826635,0.8767677545547485,0.4732653796672821,,,
2026-03-06T22:27:45.984Z,,,,1106,409,4054,6,-195,-106,,,,0.079955846,-0.00939939,0.8792701959609985,0.4693591594696045,,,
2026-03-06T22:27:45.944Z,,,,712,147,4168,171,-569,-79,,,,0.050170768052339554,-0.006042465,0.8852516412734985,0.4622180461883545,,,
2026-03-06T22:27:45.904Z,,,,-286,-542,4076,286,-881,-399,,,,-0.00695799,-0.026306085,0.919126034,0.3928822875022888,,,
2026-03-06T22:27:45.864Z,,,,-491,-10,4176,496,-323,-1026,,,,-0.01611324,-0.026916435,0.931577206,0.362120658,,,
2026-03-06T22:27:45.824Z,,,,-19,-380,4199,-130,-254,-1031,,,,-0.016967731,-0.037170313,0.9497656226158142,0.31005778908729553,,,
2026-03-06T22:27:45.784Z,,,,-415,-449,4238,-22,-312,-948,,,,-0.028015064,-0.037109278,0.9572119116783142,0.2853996455669403,,,
2026-03-06T22:27:45.744Z,,,,433,-524,3965,174,-80,-572,,,,-0.025207454,-0.034606844,0.9631323218345642,0.2655022442340851,,,
2026-03-06T22:27:45.704Z,,,,4,-154,4205,-262,-229,-596,,,,-0.042846572,-0.0183105,0.9688085317611694,0.24334654211997986,,,
2026-03-06T22:27:45.664Z,,,,171,31,4071,-238,-653,-794,,,,-0.063720539,-0.00817869,0.9727758169174194,0.22241154313087463,,,
2026-03-06T22:27:45.624Z,,,,-961,613,4105,104,-1077,-1007,,,,-0.131957665,0.034850985,0.9797948598861694,0.14569054543972015,,,
2026-03-06T22:27:45.584Z,,,,-849,-399,4478,-530,2,-313,,,,-0.137939095,0.036437895,0.9786962270736694,0.14739952981472015,,,
2026-03-06T22:27:45.544Z,,,,-2114,307,3421,87,-518,18,,,,-0.158507898,0.052245959639549255,0.9747899770736694,0.14794884622097015,,,
2026-03-06T22:27:45.504Z,,,,-903,554,4023,-812,-179,-86,,,,-0.143249139,0.068115063,0.9727758169174194,0.16851763427257538,,,
2026-03-06T22:27:45.464Z,,,,-1985,744,4016,55,-435,217,,,,-0.159606531,0.06689436,0.9681981801986694,0.180358425,,,
2026-03-06T22:27:45.424Z,,,,-1664,535,3657,507,-237,330,,,,-0.172423869,0.048461791,0.9671605825424194,0.179931179,,,
2026-03-06T22:27:45.384Z,,,,-1441,85,4481,396,306,-184,,,,-0.172240764,0.035339266,0.9683202505111694,0.17718461155891418,,,
2026-03-06T22:27:45.344Z,,,,-1449,54,3878,271,90,22,,,,-0.173400432,0.029113695,0.9670385122299194,0.1840205192565918,,,
2026-03-06T22:27:45.304Z,,,,-1424,208,3803,121,-2,99,,,,-0.174010783,0.026184014976024628,0.9650854468345642,0.1939081996679306,,,
2026-03-06T22:27:45.264Z,,,,-2447,1019,4650,186,17,65,,,,-0.198424786,0.00646971,0.9587988257408142,0.20294137299060822,,,
2026-03-06T22:27:45.224Z,,,,-1470,-1394,3057,1360,-534,284,,,,-0.217589781,-0.024597105,0.9539770483970642,0.20477242767810822,,,
2026-03-06T22:27:45.184Z,,,,-871,-882,3803,-208,-37,378,,,,-0.214171812,-0.021667425,0.9522680640220642,0.21618597209453583,,,
2026-03-06T22:27:45.144Z,,,,-868,-636,3970,-497,-299,670,,,,-0.219725996,0.00158691,0.94122076,0.25646907091140747,,,
2026-03-06T22:27:45.104Z,,,,-1464,-218,3471,-583,-350,373,,,,-0.259276688,0.036621001,0.93517828,0.23834167420864105,,,
2026-03-06T22:27:45.064Z,,,,-2416,-749,2756,-294,-1084,-129,,,,-0.286376208,0.048522826,0.932553768,0.21429388225078583,,,
2026-03-06T22:27:45.024Z,,,,-2704,319,2539,-835,-753,-416,,,,-0.270812303,0.076720998,0.9456152319908142,0.16290241479873657,,,
2026-03-06T22:27:44.984Z,,,,-1035,1154,4555,-1405,1793,-797,,,,-0.172423869,0.11688202619552612,0.9749730825424194,0.077514447,,,
2026-03-06T22:27:44.944Z,,,,-1214,1004,3732,302,609,-626,,,,-0.16107136,0.10699435323476791,0.9798558950424194,0.049072139,,,
2026-03-06T22:27:44.904Z,,,,-365,1236,4205,154,925,-257,,,,0.12731900811195374,-0.093383551,-0.987363219,0.011657685041427612,,,
2026-03-06T22:27:44.864Z,,,,-793,1531,6515,32,1220,-403,,,,0.10626193135976791,-0.079345502,-0.988889039,0.06689436,,,
2026-03-06T22:27:44.824Z,,,,541,5136,9006,-342,1165,-137,,,,0.082153112,-0.084045194,-0.986203551,0.11602753400802612,,,
2026-03-06T22:27:44.784Z,,,,-576,-606,1948,2421,-1983,757,,,,0.088317648,-0.017822219,-0.993039429,0.07556133,,,
2026-03-06T22:27:44.744Z,,,,-2678,478,3584,-547,221,1072,,,,0.10644503682851791,-0.027160576,-0.991940796,0.062743977,,,
2026-03-06T22:27:44.704Z,,,,-1296,995,4592,-838,1333,712,,,,0.076904103,-0.046874881,-0.995724976,0.017272905,,,
2026-03-06T22:27:44.664Z,,,,-235,256,4265,316,371,584,,,,0.069579899,-0.041076556,-0.996701539,0.00146484,,,
2026-03-06T22:27:44.624Z,,,,648,-2931,3380,636,470,666,,,,-0.039245505,-0.028869554,0.9787572622299194,0.1990961730480194,,,
2026-03-06T22:27:44.584Z,,,,-637,-418,4232,1014,1215,738,,,,-0.086303487,-0.00134277,0.9602026343345642,0.2655632793903351,,,
2026-03-06T22:27:44.544Z,,,,-740,-868,3524,2055,-3097,440,,,,-0.138732553,-0.018554639,0.934262753,0.32781898975372314,,,
2026-03-06T22:27:44.504Z,,,,-534,-34,4122,-17,-279,1077,,,,-0.124755539,-0.001770015,0.9103370308876038,0.3945302367210388,,,
2026-03-06T22:27:44.464Z,,,,407,-152,4090,-839,980,1164,,,,-0.084289335,0.00317382,0.8832374811172485,0.4611804485321045,,,
2026-03-06T22:27:44.424Z,,,,-857,-469,4460,-475,892,1195,,,,-0.06982404,-0.003601065,0.8391091823577881,0.5394273400306702,,,
2026-03-06T22:27:44.384Z,,,,-1801,-518,3110,995,-1445,222,,,,-0.109862998,-0.01684566,0.8364236354827881,0.5365586876869202,,,
2026-03-06T22:27:44.344Z,,,,-590,-1194,3693,1005,405,515,,,,-0.113830276,-0.044982795,0.8323953151702881,0.5404039025306702,,,
2026-03-06T22:27:44.304Z,,,,-78,-733,3793,-12,142,787,,,,-0.103210181,-0.048950069,0.8333108425140381,0.5408311486244202,,,
2026-03-06T22:27:44.264Z,,,,-1074,-1385,4089,-476,-289,398,,,,-0.11071749,-0.034301668,0.8395974636077881,0.5305772423744202,,,
2026-03-06T22:27:44.224Z,,,,1354,-134,4737,-653,133,476,,,,-0.059997406,-0.00659178,0.8595559000968933,0.5073839426040649,,,
2026-03-06T22:27:44.184Z,,,,-80,19,4052,-349,-962,86,,,,-0.100646712,0.024658139795064926,0.8696877360343933,0.4824816882610321,,,
2026-03-06T22:27:44.144Z,,,,-3743,1222,3230,336,-2630,-271,,,,-0.173583537,0.12469450384378433,0.8675515055656433,0.4489734470844269,,,
2026-03-06T22:27:44.104Z,,,,-1309,1187,3605,-1207,930,393,,,,-0.111755088,0.13604702055454254,0.8719460368156433,0.4567859470844269,,,
2026-03-06T22:27:44.064Z,,,,-1035,1144,4250,-116,723,472,,,,-0.094421148,0.12139861285686493,0.8734718561172485,0.4619128704071045,,,
2026-03-06T22:27:44.024Z,,,,-110,-47,4761,523,1388,411,,,,-0.078429975,0.086059347,0.8786598443984985,0.4629504680633545,,,
2026-03-06T22:27:43.984Z,,,,-1795,-1020,1588,-204,423,206,,,,-0.19189404,0.079101361,0.8714577555656433,0.44421273469924927,,,
2026-03-06T22:27:43.944Z,,,,-1533,-1063,3624,1680,-365,575,,,,-0.191955075,0.033874426037073135,0.8640725016593933,0.4639880657196045,,,
2026-03-06T22:27:43.904Z,,,,1354,2015,5343,-1809,41,879,,,,-0.100829817,0.039550681,0.8554055094718933,0.5064073801040649,,,
2026-03-06T22:27:43.864Z,,,,-2527,1736,733,1121,836,909,,,,-0.225341216,0.14092981815338135,0.8272073268890381,0.49499383568763733,,,
2026-03-06T22:27:43.824Z,,,,-4520,525,2903,-2091,-1051,197,,,,-0.188415051,0.20165963470935822,0.8029764294624329,0.5281358361244202,,,
2026-03-06T22:27:43.784Z,,,,-2746,1051,3796,-1841,1489,1245,,,,-0.128844887,0.1900629848241806,0.7655009627342224,0.6009505987167358,,,
2026-03-06T22:27:43.744Z,,,,-1007,74,4404,-613,2234,2757,,,,-0.096557371,0.15624959766864777,0.726804793,0.6617414951324463,,,
2026-03-06T22:27:43.704Z,,,,1563,291,3928,-347,1486,2962,,,,-0.041992079,0.14916953444480896,0.6412336826324463,0.7514629364013672,,,
2026-03-06T22:27:43.664Z,,,,-1660,-3234,1620,-2186,435,2330,,,,-0.158324793,0.16650347411632538,0.4884020686149597,0.8417336940765381,,,
2026-03-06T22:27:43.624Z,,,,-1126,-1846,2397,1730,994,3244,,,,-0.161559641,0.16033893823623657,0.43481335043907166,0.8712136149406433,,,
2026-03-06T22:27:43.584Z,,,,-2591,187,3947,-2139,-3285,1371,,,,-0.057250831,0.24316343665122986,0.33190831542015076,0.9096046090126038,,,
2026-03-06T22:27:43.544Z,,,,-2104,649,4346,-4473,1720,1523,,,,0.012084930203855038,0.22991883754730225,0.1923823207616806,0.9538549780845642,,,
2026-03-06T22:27:43.504Z,,,,-2768,-718,3660,322,-3329,3004,,,,-0.00146484,0.2853996455669403,0.11114473640918732,0.9519018530845642,,,
2026-03-06T22:27:43.464Z,,,,-3326,154,1851,-502,-639,1833,,,,0.031860269606113434,0.2941276729106903,0.030517499893903732,0.9547094702720642,,,
2026-03-06T22:27:43.424Z,,,,-2640,759,2851,-2541,550,878,,,,0.072509579,0.2662957012653351,-0.011413545,0.9610571265220642,,,
2026-03-06T22:27:43.384Z,,,,-2174,114,3568,-446,818,271,,,,0.077941693,0.24114929139614105,-0.033691321,0.9667333364486694,,,
2026-03-06T22:27:43.344Z,,,,-1567,696,3913,-7,759,228,,,,0.089416273,0.20165963470935822,-0.097961172,0.9703954458236694,,,
2026-03-06T22:27:43.304Z,,,,168,609,3622,-328,347,327,,,,0.071166813,0.17321732640266418,-0.183654308,0.9649633765220642,,,
2026-03-06T22:27:43.264Z,,,,-232,-483,3619,103,-23,689,,,,0.060607753694057465,0.17138628661632538,-0.22717227,0.9567236304283142,,,
2026-03-06T22:27:43.224Z,,,,-2198,-70,4311,467,737,1306,,,,0.049011104,0.1878046989440918,-0.267760545,0.9436621069908142,,,
2026-03-06T22:27:43.184Z,,,,-2088,-418,4145,726,-543,1134,,,,0.024902280420064926,0.20721381902694702,-0.303160846,0.929746151,,,
2026-03-06T22:27:43.144Z,,,,-2554,-783,4058,817,-8,1047,,,,0.003845205,0.22375431656837463,-0.327452779,0.9179664254188538,,,
2026-03-06T22:27:43.104Z,,,,-1838,-1198,3390,267,-159,743,,,,-0.034667879,0.21191352605819702,-0.38403222,0.8979468941688538,,,
2026-03-06T22:27:43.064Z,,,,-1014,-664,3649,-395,1065,514,,,,-0.036193755,0.16509968042373657,-0.400511682,0.9005103707313538,,,
2026-03-06T22:27:43.024Z,,,,-352,-1011,4150,-523,1430,492,,,,-0.040099993,0.11895721405744553,-0.41528213,0.9009376168251038,,,
2026-03-06T22:27:42.984Z,,,,-563,-687,4184,-724,477,475,,,,-0.027770925,0.096313231,-0.429564327,0.8973975777626038,,,
2026-03-06T22:27:42.944Z,,,,-361,-907,3949,-500,463,445,,,,-0.025207454,0.077392377,-0.444334805,0.8920875787734985,,,
2026-03-06T22:27:42.904Z,,,,-111,235,4113,-561,618,335,,,,-0.01330563,0.022460879758000374,-0.472838134,0.8807350397109985,,,
2026-03-06T22:27:42.864Z,,,,128,-281,4854,-284,1103,334,,,,-0.019409129,-0.001892085,-0.481810302,0.8759742975234985,,,
2026-03-06T22:27:42.824Z,,,,422,-173,4005,-122,276,325,,,,-0.022643985,-0.01513668,-0.491209686,0.8705422282218933,,,
2026-03-06T22:27:42.784Z,,,,1728,494,4627,-161,192,359,,,,-0.02404779,-0.080444127,-0.559385777,0.8245828747749329,,,
2026-03-06T22:27:42.744Z,,,,922,-365,4404,222,-1111,621,,,,-0.000183105,-0.041442763,-0.579771459,0.8136575818061829,,,
2026-03-06T22:27:42.704Z,,,,-161,368,4191,47,-1227,530,,,,0.043090708553791046,0.010559055022895336,-0.549742222,0.8341042995452881,,,
2026-03-06T22:27:42.664Z,,,,-416,747,3583,-140,-678,-485,,,,0.062499839812517166,0.027282644,-0.53149277,0.8442361354827881,,,
2026-03-06T22:27:42.624Z,,,,-308,200,4258,110,-280,-540,,,,0.058837742,0.04089345,-0.519529939,0.8513771891593933,,,
2026-03-06T22:27:42.584Z,,,,-126,310,4126,91,184,33,,,,0.058776706,0.047241088,-0.522398591,0.8493019938468933,,,
2026-03-06T22:27:42.544Z,,,,-1331,644,3875,122,-869,-145,,,,0.070495427,0.070983708,-0.514647126,0.8514992594718933,,,
2026-03-06T22:27:42.504Z,,,,207,-377,4313,71,-43,79,,,,0.011169404722750187,0.10583469271659851,-0.499571472,0.8596779704093933,,,
2026-03-06T22:27:42.464Z,,,,-776,-686,4100,504,-587,-30,,,,-0.00903318,0.14105188846588135,-0.486448944,0.8621804118156433,,,
2026-03-06T22:27:42.424Z,,,,-452,-608,3940,-476,-422,253,,,,0.005676255,0.14581261575222015,-0.48687619,0.8611428141593933,,,
2026-03-06T22:27:42.384Z,,,,-927,103,4170,-158,-462,226,,,,0.032714758068323135,0.15313681960105896,-0.48913449,0.8579689860343933,,,
2026-03-06T22:27:42.344Z,,,,-767,-615,4939,-56,215,326,,,,0.031005779281258583,0.15789754688739777,-0.494627625,0.8540017008781433,,,
2026-03-06T22:27:42.304Z,,,,-2864,-908,3330,193,-859,732,,,,0.061279140412807465,0.1926264613866806,-0.522764802,0.8280618190765381,,,
2026-03-06T22:27:42.264Z,,,,-1572,202,3929,-1409,-648,1287,,,,0.12921109795570374,0.12322966754436493,-0.671018779,0.719541609,,,
2026-03-06T22:27:42.224Z,,,,-1601,-201,3718,138,-213,457,,,,0.10046360641717911,0.1842646598815918,-0.605955482,0.7672709822654724,,,
2026-03-06T22:27:42.184Z,,,,-1129,95,4165,459,823,-847,,,,0.082702428,0.17248490452766418,-0.582640111,0.7897928953170776,,,
2026-03-06T22:27:42.144Z,,,,-2096,-295,4125,193,104,-360,,,,0.079772748,0.1887202262878418,-0.569029331,0.7963236570358276,,,
2026-03-06T22:27:42.104Z,,,,-2231,-791,3689,702,-472,130,,,,0.070373356,0.21392767131328583,-0.565855503,0.7930887937545776,,,
2026-03-06T22:27:42.064Z,,,,-1889,-1095,3082,1020,-312,-244,,,,0.051330436021089554,0.22643984854221344,-0.552000523,0.8007792234420776,,,
2026-03-06T22:27:42.024Z,,,,-1736,-759,3650,454,137,-495,,,,0.035095125,0.21087592840194702,-0.514464021,0.8303811550140381,,,
2026-03-06T22:27:41.984Z,,,,-1644,-556,3954,174,1063,-1167,,,,0.020690866,0.1839594841003418,-0.484800994,0.8547341227531433,,,
2026-03-06T22:27:41.944Z,,,,-1310,-751,3832,228,1366,-968,,,,-0.01538082,0.15661580860614777,-0.433226436,0.8873878717422485,,,
2026-03-06T22:27:41.904Z,,,,-531,-643,2860,148,-121,-732,,,,-0.01245114,0.13397182524204254,-0.424498409,0.8953224420547485,,,
2026-03-06T22:27:41.864Z,,,,-1566,-240,3997,-786,624,-27,,,,0.010864229872822762,0.15801961719989777,-0.426146358,0.8906227350234985,,,
2026-03-06T22:27:41.824Z,,,,-679,-1129,4005,-275,-141,359,,,,0.007995585,0.15185508131980896,-0.440184414,0.8848854303359985,,,
2026-03-06T22:27:41.784Z,,,,-1011,-714,3869,-252,2,541,,,,0.009826635,0.14758263528347015,-0.446898282,0.8821998834609985,,,
2026-03-06T22:27:41.744Z,,,,-1175,-269,4019,-52,84,59,,,,0.01745601,0.14471398293972015,-0.450011045,0.8809791803359985,,,
2026-03-06T22:27:41.704Z,,,,-691,-445,3985,-365,-59,147,,,,0.01428219,0.13586391508579254,-0.46368289,0.8753639459609985,,,
2026-03-06T22:27:41.664Z,,,,-797,-660,3772,13,341,40,,,,0.011901824735105038,0.13482631742954254,-0.464171171,0.8753029108047485,,,
2026-03-06T22:27:41.624Z,,,,-991,-351,4006,-83,-73,-104,,,,0.016357379034161568,0.13366664946079254,-0.4617908,0.8766456842422485,,,
2026-03-06T22:27:41.584Z,,,,-950,-398,4014,-2,70,96,,,,0.017028765752911568,0.13311733305454254,-0.464110136,0.8754860162734985,,,
2026-03-06T22:27:41.544Z,,,,-994,-397,3998,-33,-29,27,,,,0.018249465,0.13439907133579254,-0.465208769,0.8746925592422485,,,
2026-03-06T22:27:41.504Z,,,,-990,-371,3990,-15,-55,23,,,,0.01977534,0.13580287992954254,-0.466978788,0.8734718561172485,,,
2026-03-06T22:27:41.464Z,,,,-1025,-408,3970,-4,-80,46,,,,0.02050776,0.13793909549713135,-0.465758085,0.8737770318984985,,,
2026-03-06T22:27:41.424Z,,,,-1039,-375,3987,-22,-48,52,,,,0.023071229457855225,0.14050257205963135,-0.466917753,0.8726783990859985,,,
2026-03-06T22:27:41.384Z,,,,-1118,-429,3936,-34,-61,77,,,,0.024658139795064926,0.14294396340847015,-0.469847441,0.8706642985343933,,,
2026-03-06T22:27:41.344Z,,,,-1106,-336,3998,-11,-78,61,,,,0.027648855,0.14367638528347015,-0.473021239,0.8687722086906433,,,
2026-03-06T22:27:41.304Z,,,,-1009,-414,3942,13,47,0,,,,0.026245050132274628,0.14276085793972015,-0.473021239,0.8689553141593933,,,
2026-03-06T22:27:41.264Z,,,,-1264,-246,4019,6,28,-24,,,,0.029357836,0.14721642434597015,-0.471068114,0.8691384196281433,,,
2026-03-06T22:27:41.224Z,,,,-1411,-878,3756,255,-77,1,,,,0.023681579157710075,0.15899617969989777,-0.467833281,0.8690163493156433,,,
2026-03-06T22:27:41.184Z,,,,-1400,-138,3846,153,-191,-177,,,,0.029113695,0.16308552026748657,-0.463133574,0.8706032633781433,,,
2026-03-06T22:27:41.144Z,,,,-1209,-353,3920,-216,134,-207,,,,0.032897863537073135,0.15728719532489777,-0.457945615,0.8742653131484985,,,
2026-03-06T22:27:41.104Z,,,,-1195,-308,3977,-10,-4,-17,,,,0.033203039318323135,0.15692098438739777,-0.457518369,0.8745704889297485,,,
2026-03-06T22:27:41.064Z,,,,-1179,-363,3928,34,0,-8,,,,0.032409586012363434,0.15771444141864777,-0.457091123,0.8746315240859985,,,
2026-03-06T22:27:41.024Z,,,,-1213,-346,3913,25,-33,-3,,,,0.032836828380823135,0.15893514454364777,-0.456724912,0.8746315240859985,,,
2026-03-06T22:27:40.984Z,,,,-1175,-439,3917,-16,-47,-23,,,,0.030639570206403732,0.16009479761123657,-0.454161435,0.8758522272109985,,,
2026-03-06T22:27:40.944Z,,,,-1311,-236,4012,13,25,-42,,,,0.032226480543613434,0.16180378198623657,-0.450377256,0.8774391412734985,,,
2026-03-06T22:27:40.904Z,,,,-1236,-766,3712,237,34,8,,,,0.025085384026169777,0.16528278589248657,-0.450133115,0.8771339654922485,,,
2026-03-06T22:27:40.864Z,,,,-1453,-20,3999,-119,-64,-114,,,,0.037780665,0.16528278589248657,-0.445433438,0.8790260553359985,,,
2026-03-06T22:27:40.824Z,,,,-1346,-422,3919,-314,-167,40,,,,0.039611716,0.16479450464248657,-0.449400693,0.8770729303359985,,,
2026-03-06T22:27:40.784Z,,,,-1261,-328,3923,37,58,165,,,,0.037170313,0.16369587182998657,-0.450743467,0.8767067193984985,,,
2026-03-06T22:27:40.744Z,,,,-1285,-381,3839,-12,13,-5,,,,0.03478995,0.16473346948623657,-0.45220831,0.8757911920547485,,,
2026-03-06T22:27:40.704Z,,,,-1332,-286,3966,7,-14,11,,,,0.035339266,0.16522175073623657,-0.452391416,0.8756080865859985,,,
2026-03-06T22:27:40.664Z,,,,-1294,-374,3871,27,-4,8,,,,0.034362704,0.16613726317882538,-0.452269346,0.8755470514297485,,,
2026-03-06T22:27:40.624Z,,,,-1319,-360,3899,46,29,2,,,,0.033813390880823135,0.16650347411632538,-0.452147275,0.8755470514297485,,,
2026-03-06T22:27:40.584Z,,,,-1210,-339,3949,-15,-17,-13,,,,0.035156161,0.16735796630382538,-0.455565244,0.8735939264297485,,,
2026-03-06T22:27:40.544Z,,,,-1296,-344,3922,6,43,47,,,,0.036865141,0.16986040771007538,-0.459044248,0.8712136149406433,,,
2026-03-06T22:27:40.504Z,,,,-1372,-378,3851,8,1,44,,,,0.039367575,0.17230179905891418,-0.460875273,0.8696267008781433,,,
2026-03-06T22:27:40.464Z,,,,-1341,-347,3909,-5,-24,52,,,,0.039855856,0.17242386937141418,-0.462279081,0.8688332438468933,,,
2026-03-06T22:27:40.424Z,,,,-1377,-342,3815,-29,-44,47,,,,0.041015521,0.17315629124641418,-0.463255644,0.8681008219718933,,,
2026-03-06T22:27:40.384Z,,,,-1252,-478,3940,-26,1,70,,,,0.041381732,0.17236283421516418,-0.466124296,0.8666970133781433,,,
2026-03-06T22:27:40.344Z,,,,-1252,-485,3893,-48,-45,66,,,,0.044677619,0.17205765843391418,-0.468870878,0.8651100993156433,,,
2026-03-06T22:27:40.304Z,,,,-1403,-143,3875,-75,7,-7,,,,0.048217651,0.17077593505382538,-0.46557498,0.8669411540031433,,,
2026-03-06T22:27:40.264Z,,,,-1275,-407,3932,-68,9,5,,,,0.04675281,0.16931109130382538,-0.467955351,0.8660866618156433,,,
2026-03-06T22:27:40.224Z,,,,-1372,-67,3967,-6,48,-6,,,,0.052245959639549255,0.16827349364757538,-0.468382597,0.8657204508781433,,,
2026-03-06T22:27:40.184Z,,,,-1366,-976,3660,-136,-108,-59,,,,0.04931628,0.17132525146007538,-0.470396757,0.8641945719718933,,,
2026-03-06T22:27:40.144Z,,,,-1189,-471,3908,-139,117,-148,,,,0.052978381514549255,0.16577105224132538,-0.468016386,0.8663308024406433,,,
2026-03-06T22:27:40.104Z,,,,-1290,1,3871,-111,4,-69,,,,0.062682942,0.16369587182998657,-0.469359159,0.8653542399406433,,,
2026-03-06T22:27:40.064Z,,,,-1053,-234,3914,463,-18,119,,,,0.057861179,0.16467243432998657,-0.468931913,0.8657814860343933,,,
2026-03-06T22:27:40.024Z,,,,-1062,-77,3911,-147,-78,-272,,,,0.061096034944057465,0.16418415307998657,-0.463988066,0.8682839274406433,,,
2026-03-06T22:27:39.984Z,,,,-864,-387,3808,87,44,-101,,,,0.061034999787807465,0.16375690698623657,-0.466307402,0.8671242594718933,,,
2026-03-06T22:27:39.944Z,,,,-1359,101,4067,-246,-231,-161,,,,0.074645802,0.16857866942882538,-0.466307402,0.8651100993156433,,,
2026-03-06T22:27:39.904Z,,,,-2502,310,3569,-154,30,33,,,,0.10339328646659851,0.178466335,-0.479368895,0.8529641032218933,,,
2026-03-06T22:27:39.864Z,,,,-1691,1511,3981,-996,392,-301,,,,0.12310759723186493,0.15154990553855896,-0.477781981,0.8564431071281433,,,
2026-03-06T22:27:39.824Z,,,,-1419,625,3835,-130,313,-75,,,,0.11926238983869553,0.14202845096588135,-0.478209227,0.8583962321281433,,,
2026-03-06T22:27:39.784Z,,,,-1146,593,3958,146,230,-80,,,,0.11224336177110672,0.14050257205963135,-0.473448485,0.8621804118156433,,,
2026-03-06T22:27:39.744Z,,,,-1865,516,3676,225,-49,-55,,,,0.094299078,0.182921901,-0.474852294,0.8555886149406433,,,
2026-03-06T22:27:39.704Z,,,,-1791,375,4698,507,-319,238,,,,0.071594052,0.1911616176366806,-0.475462645,0.8556496500968933,,,
2026-03-06T22:27:39.664Z,,,,-2733,-1292,3377,951,-77,219,,,,0.045471076,0.21069282293319702,-0.473631591,0.8538796305656433,,,
2026-03-06T22:27:39.624Z,,,,-1576,-618,3821,478,179,-70,,,,0.018859815,0.17504838109016418,-0.454466611,0.8731056451797485,,,
2026-03-06T22:27:39.584Z,,,,-1125,-982,3658,381,478,-444,,,,0.009582495,0.17022661864757538,-0.448790342,0.8771950006484985,,,
2026-03-06T22:27:39.544Z,,,,-1130,-332,4025,-20,-49,-594,,,,0.010314915,0.15136680006980896,-0.425780147,0.8919655084609985,,,
2026-03-06T22:27:39.504Z,,,,-640,-769,3644,95,26,-400,,,,0.01428219,0.16278034448623657,-0.363524467,0.9170508980751038,,,
2026-03-06T22:27:39.464Z,,,,-1520,-111,3579,236,-621,-1097,,,,0.033203039318323135,0.17694047093391418,-0.341063589,0.922605038,,,
2026-03-06T22:27:39.424Z,,,,-1524,555,4018,-365,-259,-937,,,,0.053222518,0.177733913,-0.326659322,0.926694393,,,
2026-03-06T22:27:39.384Z,,,,-1953,375,3980,-142,-269,-598,,,,0.065185383,0.17730668187141418,-0.316710621,0.929440975,,,
2026-03-06T22:27:39.344Z,,,,-1706,546,3710,-181,126,-67,,,,0.076049611,0.16186481714248657,-0.326171041,0.928159237,,,
2026-03-06T22:27:39.304Z,,,,-1546,467,3894,-406,232,121,,,,0.080261022,0.15344199538230896,-0.335082144,0.926084042,,,
2026-03-06T22:27:39.264Z,,,,-831,433,4054,-232,237,148,,,,0.078185834,0.14538536965847015,-0.367369652,0.9152808785438538,,,
2026-03-06T22:27:39.224Z,,,,-1046,809,3963,-201,-150,601,,,,0.082092077,0.15289267897605896,-0.388853997,0.9047217965126038,,,
2026-03-06T22:27:39.184Z,,,,-1268,-627,3629,326,-452,807,,,,0.013671839609742165,0.1832880973815918,-0.413206935,0.8918434381484985,,,
2026-03-06T22:27:39.144Z,,,,-1216,-528,3941,280,43,-778,,,,0.012573209591209888,0.1857295036315918,-0.394896448,0.8995948433876038,,,
2026-03-06T22:27:39.104Z,,,,-537,-642,3994,322,135,-1072,,,,0.011169404722750187,0.1867671012878418,-0.369017601,0.9103370308876038,,,
2026-03-06T22:27:39.064Z,,,,-2694,-1147,3726,189,-431,-1430,,,,0.037414454,0.24780209362506866,-0.265136033,0.931027889,,,
2026-03-06T22:27:39.024Z,,,,-3342,309,3186,-706,-520,-409,,,,0.064636067,0.24890072643756866,-0.263121873,0.929807186,,,
2026-03-06T22:27:38.984Z,,,,-1921,371,3662,-614,549,-75,,,,0.092834234,0.21447698771953583,-0.273131639,0.933103085,,,
2026-03-06T22:27:38.944Z,,,,-1958,791,3584,-209,-60,-90,,,,0.098815665,0.21588079631328583,-0.274596453,0.931699276,,,
2026-03-06T22:27:38.904Z,,,,-1675,153,3602,99,-192,-67,,,,0.066711254,0.21496526896953583,-0.268676072,0.936521053,,,
2026-03-06T22:27:38.864Z,,,,-1260,840,3932,265,498,-235,,,,0.064880207,0.20062203705310822,-0.268798143,0.939816952,,,
2026-03-06T22:27:38.824Z,,,,-971,-115,4062,-1,333,-73,,,,0.041198626,0.1999506652355194,-0.277831316,0.938596249,,,
2026-03-06T22:27:38.784Z,,,,-2703,822,4052,398,315,167,,,,0.036193755,0.22894228994846344,-0.274352312,0.933225155,,,
2026-03-06T22:27:38.744Z,,,,-2057,-462,3697,696,-229,-285,,,,-0.01257321,0.21697942912578583,-0.239318237,0.9462255835533142,,,
2026-03-06T22:27:38.704Z,,,,-1187,-568,3985,148,846,-749,,,,-0.028076099,0.17523148655891418,-0.142943963,0.9736303091049194,,,
2026-03-06T22:27:38.664Z,,,,-870,-10,4224,189,43,-1575,,,,-0.021911565,0.17266800999641418,-0.097655997,0.9798558950424194,,,
2026-03-06T22:27:38.624Z,,,,-316,-203,3637,231,219,-1572,,,,-0.020629831,0.17230179905891418,-0.050536979,0.9834569692611694,,,
2026-03-06T22:27:38.584Z,,,,-1115,-369,4291,106,159,-1731,,,,-0.016662555,0.182067409,-0.0024414,0.9830907583236694,,,
2026-03-06T22:27:38.544Z,,,,-1817,53,3923,-9,213,-1770,,,,-0.01245114,0.1966547667980194,0.092284918,0.9760106801986694,,,
2026-03-06T22:27:38.504Z,,,,-2429,584,3451,437,65,-1288,,,,-0.004943835,0.20062203705310822,0.13116420805454254,0.9708226919174194,,,
2026-03-06T22:27:38.464Z,,,,-1445,707,3959,-233,397,-1063,,,,0.013183560222387314,0.17657425999641418,0.1834712028503418,0.9669164419174194,,,
2026-03-06T22:27:38.424Z,,,,-1389,707,3935,317,23,-939,,,,0.00439452,0.17279008030891418,0.20324654877185822,0.9636816382408142,,,
2026-03-06T22:27:38.384Z,,,,-1293,463,3900,450,-12,-562,,,,-0.00439452,0.16723589599132538,0.21447698771953583,0.9622167944908142,,,
2026-03-06T22:27:38.344Z,,,,-786,739,4198,350,168,-565,,,,-0.01367184,0.14892539381980896,0.24261412024497986,0.9584936499595642,,,
2026-03-06T22:27:38.304Z,,,,-379,535,4162,389,111,-502,,,,-0.026306085,0.14538536965847015,0.24859555065631866,0.9572119116783142,,,
2026-03-06T22:27:38.264Z,,,,-1604,566,3654,662,-186,-488,,,,-0.067626782,0.20458932220935822,0.2687371075153351,0.938779354,,,
2026-03-06T22:27:38.224Z,,,,-2976,-583,2613,233,-1378,-20,,,,-0.105102271,0.25311213731765747,0.2813103199005127,0.919614315,,,
2026-03-06T22:27:38.184Z,,,,-2506,-391,3295,1135,677,-1273,,,,-0.114379592,0.22741641104221344,0.32189857959747314,0.9118629097938538,,,
2026-03-06T22:27:38.144Z,,,,-2382,-543,3552,828,1047,-1496,,,,-0.114074416,0.1956171691417694,0.3684072494506836,0.9016090035438538,,,
2026-03-06T22:27:38.104Z,,,,-1065,51,3933,335,1351,-1565,,,,-0.089294203,0.12304656207561493,0.5876449942588806,0.7946757078170776,,,
2026-03-06T22:27:38.064Z,,,,-1125,670,4300,-180,121,-1603,,,,-0.073119931,0.12329070270061493,0.6230452656745911,0.7688578963279724,,,
2026-03-06T22:27:38.024Z,,,,-561,-509,4206,466,379,-1272,,,,-0.068481266,0.10943575203418732,0.6524641513824463,0.7467021942138672,,,
2026-03-06T22:27:37.984Z,,,,-599,165,4054,15,261,-1539,,,,-0.058654636,0.11401338130235672,0.6815168261528015,0.720396101,,,
2026-03-06T22:27:37.944Z,,,,-800,126,3837,-170,-526,-1560,,,,-0.053466659,0.12426725775003433,0.71008116,0.6909161806106567,,,
2026-03-06T22:27:37.904Z,,,,-1328,147,3482,-212,327,-1519,,,,-0.023681579,0.11633270978927612,0.7894266843795776,0.6021713018417358,,,
2026-03-06T22:27:37.864Z,,,,343,642,3898,375,1359,-1523,,,,0.051696643233299255,0.066833325,0.8383157253265381,0.5385118126869202,,,
2026-03-06T22:27:37.824Z,,,,756,142,4485,714,1055,-1193,,,,0.06408675,0.041076556,0.8517434000968933,0.5183092355728149,,,
2026-03-06T22:27:37.784Z,,,,-13,340,4214,403,381,-726,,,,0.036682036,0.035217196,0.8799415826797485,0.4722888171672821,,,
2026-03-06T22:27:37.744Z,,,,234,-5,4120,394,-945,-974,,,,0.020812934264540672,0.032714758068323135,0.8961768746376038,0.44189339876174927,,,
2026-03-06T22:27:37.704Z,,,,795,558,3854,116,-250,-1026,,,,0.01904292,0.038391016,0.9110694527626038,0.40997210144996643,,,
2026-03-06T22:27:37.664Z,,,,-241,-206,4368,-226,-149,-1333,,,,-0.00317382,0.043517954647541046,0.928647518,0.3682851791381836,,,
2026-03-06T22:27:37.624Z,,,,-457,314,4259,79,-858,-1274,,,,-0.016418414,0.048766963,0.9463476538658142,0.31890788674354553,,,
2026-03-06T22:27:37.584Z,,,,-380,665,4195,140,155,-299,,,,-0.011535615,0.047912475,0.9494604468345642,0.30987468361854553,,,
2026-03-06T22:27:37.544Z,,,,35,753,3742,-33,-231,-234,,,,-0.027404714,0.027648855,0.9646582007408142,0.26055842638015747,,,
2026-03-06T22:27:37.504Z,,,,-391,77,4057,218,-492,44,,,,-0.063598469,0.00085449,0.9652074575424194,0.25341731309890747,,,
2026-03-06T22:27:37.464Z,,,,-643,-195,4008,-10,-286,438,,,,-0.072814755,-0.00134277,0.9630102515220642,0.25921565294265747,,,
2026-03-06T22:27:37.424Z,,,,-215,-368,4158,240,-156,541,,,,-0.072692685,-0.007507305,0.9613623023033142,0.2652581036090851,,,
2026-03-06T22:27:37.384Z,,,,-557,-260,4551,-87,-53,4,,,,-0.091308363,-0.022155706,0.9667333364486694,0.23760925233364105,,,
2026-03-06T22:27:37.344Z,,,,-867,310,4911,-11,-253,-231,,,,-0.108154021,-0.022827091,0.9684423208236694,0.22320500016212463,,,
2026-03-06T22:27:37.304Z,,,,-1513,-1240,3116,1051,-961,-142,,,,-0.144652948,-0.049011104,0.9655736684799194,0.21038764715194702,,,
2026-03-06T22:27:37.264Z,,,,-1504,-1056,3817,593,-631,-183,,,,-0.161498606,-0.059020843,0.9668554067611694,0.1883540153503418,,,
2026-03-06T22:27:37.224Z,,,,-464,-857,4504,-190,1023,-50,,,,-0.141051888,-0.059448089,0.9718602895736694,0.178710476,,,
2026-03-06T22:27:37.184Z,,,,-970,-1075,3902,18,-61,-403,,,,-0.15734823,-0.060790859,0.9764989614486694,0.13378871977329254,,,
2026-03-06T22:27:37.144Z,,,,-1042,-205,4141,164,-579,-781,,,,-0.166869685,-0.035827544,0.9819310903549194,0.08129862,,,
2026-03-06T22:27:37.104Z,,,,-1223,-340,3936,-168,462,-14,,,,-0.15338096,-0.032653727,0.9848607778549194,0.073303036,,,
2026-03-06T22:27:37.064Z,,,,-822,-192,3990,-134,373,-86,,,,-0.126098305,-0.019470165,0.9903538823127747,0.053344589,,,
2026-03-06T22:27:37.024Z,,,,-575,-282,4056,-422,822,-265,,,,-0.097594962,-0.009460425,0.9943211674690247,0.040710345,,,
2026-03-06T22:27:36.984Z,,,,-751,809,4264,-673,1065,-33,,,,-0.082519323,0.035766508,0.9957860112190247,0.017089799,,,
2026-03-06T22:27:36.944Z,,,,-597,505,4186,185,-21,187,,,,-0.083373807,0.025329524651169777,0.9961522221565247,0.006530745,,,
2026-03-06T22:27:36.904Z,,,,-94,192,4069,134,101,429,,,,-0.077880658,0.014465294778347015,0.9968236088752747,0.007751445,,,
2026-03-06T22:27:36.864Z,,,,-282,358,3866,215,95,835,,,,-0.083740018,0.008728005,0.9962742924690247,0.016784625127911568,,,
2026-03-06T22:27:36.824Z,,,,-2,-441,3793,-153,-126,1018,,,,-0.088927992,-0.00012207,0.9954808354377747,0.032226480543613434,,,
2026-03-06T22:27:36.784Z,,,,-1998,-1127,4145,362,-3,1487,,,,-0.127135903,-0.019714305,0.9905980229377747,0.045349006,,,
2026-03-06T22:27:36.744Z,,,,-1813,-664,3804,587,-1323,688,,,,-0.126342446,-0.04650867,0.9906590580940247,0.019592235,,,
2026-03-06T22:27:36.704Z,,,,753,-1409,3934,-65,458,287,,,,0.068786442,0.051208365708589554,-0.996213257,0.00952146,,,
2026-03-06T22:27:36.664Z,,,,-413,-173,3886,-346,136,311,,,,0.090453871,0.035217196,-0.994809449,0.028869554,,,
2026-03-06T22:27:36.624Z,,,,-214,-592,4194,-816,-1065,505,,,,0.11547821760177612,0.030151291,-0.992062867,0.038207911,,,
2026-03-06T22:27:36.584Z,,,,-1265,-381,4984,243,-1201,781,,,,0.15777547657489777,0.020996039733290672,-0.985776305,0.053466659,,,
2026-03-06T22:27:36.544Z,,,,-1564,960,3929,-1833,-1876,367,,,,0.15765340626239777,-0.029235765,-0.986447692,0.033691320568323135,,,
2026-03-06T22:27:36.504Z,,,,294,-168,4023,-77,840,1666,,,,-0.102233626,0.018981885,0.9940770268440247,0.030944744125008583,,,
2026-03-06T22:27:36.464Z,,,,-652,2694,5322,112,526,1649,,,,-0.133361474,0.044555549,0.9847387075424194,0.10192845016717911,,,
2026-03-06T22:27:36.424Z,,,,-1981,-1164,2692,1665,-2765,1222,,,,-0.170104548,-0.018981885,0.9765599966049194,0.13043180108070374,,,
2026-03-06T22:27:36.384Z,,,,-1477,-756,3618,1087,-203,900,,,,-0.164184153,-0.035888579,0.9718602895736694,0.16491657495498657,,,
2026-03-06T22:27:36.344Z,,,,-669,-1196,4019,282,436,83,,,,-0.150512308,-0.041503798,0.9711889028549194,0.179748073,,,
2026-03-06T22:27:36.304Z,,,,-1239,-481,3893,-82,-199,-755,,,,-0.148864359,-0.025146419,0.9727758169174194,0.17565873265266418,,,
2026-03-06T22:27:36.264Z,,,,-2120,1403,3202,-593,2229,-864,,,,-0.167724177,0.078002729,0.9695409536361694,0.16021686792373657,,,
2026-03-06T22:27:36.224Z,,,,-1088,844,4121,140,1529,-285,,,,-0.114806838,0.047119021,0.9780248403549194,0.16717486083507538,,,
2026-03-06T22:27:36.184Z,,,,-212,603,3974,692,574,-301,,,,-0.097717032,0.024475034326314926,0.9797948598861694,0.17254593968391418,,,
2026-03-06T22:27:36.144Z,,,,-458,-585,4138,647,363,-103,,,,-0.089904554,-0.03942861,0.9754613637924194,0.1967768371105194,,,
2026-03-06T22:27:36.104Z,,,,-723,-215,4196,172,154,-670,,,,-0.093444586,-0.035278231,0.9796727895736694,0.17364457249641418,,,
2026-03-06T22:27:36.064Z,,,,-176,-110,4114,-179,55,-1038,,,,-0.091857672,-0.034118567,0.9830297231674194,0.15484578907489777,,,
2026-03-06T22:27:36.024Z,,,,-1371,-483,3657,551,-256,-1483,,,,-0.113830276,-0.036682036,0.9881566762924194,0.095580809,,,
2026-03-06T22:27:35.984Z,,,,548,314,5337,-234,-305,-1739,,,,-0.082885526,-0.000427245,0.9961522221565247,0.026916435,,,
2026-03-06T22:27:35.944Z,,,,-625,-667,4300,-198,-101,-1173,,,,0.10534641146659851,0.00463866,-0.994382203,0.00781248,,,
2026-03-06T22:27:35.904Z,,,,-1831,1416,3409,42,-1023,-1363,,,,0.13989222049713135,-0.013000455,-0.989072144,0.044433478,,,
2026-03-06T22:27:35.864Z,,,,-1561,1063,3465,-398,-607,-1260,,,,0.15692098438739777,-0.019103955,-0.984128356,0.080322057,,,
2026-03-06T22:27:35.824Z,,,,-1170,862,4069,95,-674,-897,,,,0.16741900146007538,-0.013000455,-0.97967279,0.10919161140918732,,,
2026-03-06T22:27:35.784Z,,,,-1446,1536,3878,682,-375,-1059,,,,0.1923212856054306,0.063354328,-0.930966854,0.3037101626396179,,,
2026-03-06T22:27:35.744Z,,,,-1514,-492,3823,1005,-460,-1340,,,,0.1852412223815918,0.10577365756034851,-0.914182246,0.34454256296157837,,,
2026-03-06T22:27:35.704Z,,,,-1747,-498,3603,1412,162,-823,,,,0.16064411401748657,0.13635219633579254,-0.891477227,0.4009999632835388,,,
2026-03-06T22:27:35.664Z,,,,-2061,-30,3771,367,111,-696,,,,0.15704305469989777,0.13909876346588135,-0.879270196,0.42748913168907166,,,
2026-03-06T22:27:35.624Z,,,,-1063,-928,4053,132,169,-1056,,,,0.12548795342445374,0.14398156106472015,-0.839841604,0.5079942941665649,,,
2026-03-06T22:27:35.584Z,,,,-1505,-468,3996,759,196,-1851,,,,0.11590546369552612,0.15441854298114777,-0.803159535,0.5635361671447754,,,
2026-03-06T22:27:35.544Z,,,,-946,-9,4066,851,213,-2008,,,,0.067565747,0.13476528227329254,-0.643430948,0.7504253387451172,,,
2026-03-06T22:27:35.504Z,,,,-827,-698,4201,199,466,-1151,,,,0.059264984,0.12670865654945374,-0.615232825,0.7757548689842224,,,
2026-03-06T22:27:35.464Z,,,,-638,-50,4261,141,319,-1056,,,,0.058654636,0.12298552691936493,-0.590757787,0.7951639890670776,,,
2026-03-06T22:27:35.424Z,,,,-759,-633,3797,337,-129,-620,,,,0.055602886,0.13549770414829254,-0.570738256,0.8078592419624329,,,
2026-03-06T22:27:35.384Z,,,,-1197,340,3677,124,-430,-818,,,,0.064269856,0.13738977909088135,-0.544981539,0.8245218396186829,,,
2026-03-06T22:27:35.344Z,,,,-1038,-525,4300,-126,132,-705,,,,0.053405624,0.13885462284088135,-0.507994294,0.8483865261077881,,,
2026-03-06T22:27:35.304Z,,,,-1240,-77,4090,530,-747,-326,,,,0.057983249,0.16528278589248657,-0.496946961,0.8498513102531433,,,
2026-03-06T22:27:35.264Z,,,,-1115,39,3991,-164,-806,-150,,,,0.056579445,0.13348354399204254,-0.48712033,0.8611428141593933,,,
2026-03-06T22:27:35.224Z,,,,-694,839,3974,-312,543,50,,,,0.055541851,0.11511200666427612,-0.491636932,0.8613259196281433,,,
2026-03-06T22:27:35.184Z,,,,-762,57,4298,135,698,334,,,,0.053771835,0.09594702,-0.481566161,0.8694435954093933,,,
2026-03-06T22:27:35.144Z,,,,-2276,-875,3528,207,-85,235,,,,0.041931044310331345,0.13934290409088135,-0.473143309,0.8688332438468933,,,
2026-03-06T22:27:35.104Z,,,,-1673,-1199,3283,752,-144,-126,,,,0.025634700432419777,0.14086878299713135,-0.463988066,0.8741432428359985,,,
2026-03-06T22:27:35.064Z,,,,-535,-627,3993,327,628,-259,,,,0.00561522,0.10974092781543732,-0.427244991,0.8973975777626038,,,
2026-03-06T22:27:35.024Z,,,,-250,-332,4244,23,106,-466,,,,0.017394975,0.12182585895061493,-0.380187005,0.9166236519813538,,,
2026-03-06T22:27:34.984Z,,,,-122,-386,3864,65,-348,-677,,,,0.023132264614105225,0.14007532596588135,-0.353819907,0.924436092,,,
2026-03-06T22:27:34.944Z,,,,-1711,-355,3448,185,-827,-639,,,,0.041015521,0.17529252171516418,-0.326842427,0.927731991,,,
2026-03-06T22:27:34.904Z,,,,-2206,349,3721,-352,-975,-625,,,,0.077819623,0.1984858214855194,-0.291075915,0.932614803,,,
2026-03-06T22:27:34.864Z,,,,-1884,569,3613,-829,303,-172,,,,0.088378683,0.182372585,-0.282958269,0.937436581,,,
2026-03-06T22:27:34.824Z,,,,-1424,363,3767,-261,537,-21,,,,0.082824498,0.16601519286632538,-0.277098894,0.9426855444908142,,,
2026-03-06T22:27:34.784Z,,,,-938,362,4088,60,499,-16,,,,0.065246418,0.15191611647605896,-0.259154618,0.9515356421470642,,,
2026-03-06T22:27:34.744Z,,,,-524,1320,4158,61,-3,54,,,,0.061096034944057465,0.15606649219989777,-0.249694183,0.9536718726158142,,,
2026-03-06T22:27:34.704Z,,,,-1552,-90,4114,427,-402,182,,,,0.022521914914250374,0.21069282293319702,-0.23077333,0.9495825171470642,,,
2026-03-06T22:27:34.664Z,,,,-2158,-1261,3440,312,-65,-13,,,,-0.00109863,0.23284852504730225,-0.223205,0.9464697241783142,,,
2026-03-06T22:27:34.624Z,,,,-2115,-1812,2925,954,11,-87,,,,-0.028808519,0.23449647426605225,-0.214660093,0.9476293921470642,,,
2026-03-06T22:27:34.584Z,,,,-1137,-888,4110,602,532,115,,,,-0.030822676,0.21539251506328583,-0.220580488,0.9507421851158142,,,
2026-03-06T22:27:34.544Z,,,,-788,-404,4028,-215,357,56,,,,-0.001770015,0.181212917,-0.248961762,0.9513525366783142,,,
2026-03-06T22:27:34.504Z,,,,-86,-296,3914,-363,42,112,,,,0.011291475035250187,0.180480495,-0.264464647,0.9472631812095642,,,
2026-03-06T22:27:34.464Z,,,,-1282,135,3890,-435,-849,14,,,,0.029724045,0.21099799871444702,-0.278746843,0.936398983,,,
2026-03-06T22:27:34.424Z,,,,-1840,-1101,3728,570,-760,212,,,,0.024719174951314926,0.23699890077114105,-0.295592517,0.925046444,,,
2026-03-06T22:27:34.384Z,,,,-1851,732,3888,-152,-882,279,,,,0.12121550738811493,0.1938471645116806,-0.400267541,0.8873878717422485,,,
2026-03-06T22:27:34.344Z,,,,-1148,450,4059,-638,527,840,,,,0.14306603372097015,0.15466268360614777,-0.500242829,0.8397805690765381,,,
2026-03-06T22:27:34.304Z,,,,-1321,734,3673,-215,-170,785,,,,0.15325888991355896,0.16351276636123657,-0.532347262,0.8162210583686829,,,
2026-03-06T22:27:34.264Z,,,,-1283,-145,4527,-122,-605,1061,,,,0.12921109795570374,0.1836543083190918,-0.647520304,0.728147566,,,
2026-03-06T22:27:34.224Z,,,,-2255,-818,2934,-369,-73,1154,,,,0.12945523858070374,0.21820011734962463,-0.711790144,0.6549055576324463,,,
2026-03-06T22:27:34.184Z,,,,-1139,-587,3745,181,-188,1141,,,,0.12890592217445374,0.16925005614757538,-0.717588484,0.6630842089653015,,,
2026-03-06T22:27:34.144Z,,,,-1024,45,3670,229,-103,-1547,,,,0.13769495487213135,0.16546589136123657,-0.68121165,0.6996442079544067,,,
2026-03-06T22:27:34.104Z,,,,-1001,357,4206,-96,9,-1970,,,,0.14654503762722015,0.15960653126239777,-0.64001298,0.7371196746826172,,,
2026-03-06T22:27:34.064Z,,,,-1901,-880,4413,475,-113,-1531,,,,0.14251671731472015,0.17700150609016418,-0.605833411,0.7623881697654724,,,
2026-03-06T22:27:34.024Z,,,,-1690,187,2769,603,0,-1334,,,,0.15356406569480896,0.17675736546516418,-0.569334507,0.7879618406295776,,,
2026-03-06T22:27:33.984Z,,,,-1742,945,3563,-45,37,-1721,,,,0.15972860157489777,0.17492631077766418,-0.487791717,0.8401467800140381,,,
2026-03-06T22:27:33.944Z,,,,-1497,130,3769,818,-208,-433,,,,0.14123499393463135,0.1965937316417694,-0.486448944,0.8394753932952881,,,
2026-03-06T22:27:33.904Z,,,,-2120,709,3704,728,-389,478,,,,0.14038050174713135,0.21935978531837463,-0.493284881,0.8298928737640381,,,
2026-03-06T22:27:33.864Z,,,,-1772,-967,3316,286,-436,628,,,,0.11584442853927612,0.24175962805747986,-0.529173434,0.8049905896186829,,,
2026-03-06T22:27:33.824Z,,,,-2310,-567,3362,41,196,281,,,,0.11444062739610672,0.24548277258872986,-0.531309664,0.8026712536811829,,,
2026-03-06T22:27:33.784Z,,,,-1966,-289,3583,12,-103,103,,,,0.11340302973985672,0.24420103430747986,-0.529966891,0.8040750622749329,,,
2026-03-06T22:27:33.744Z,,,,-1958,-269,3597,52,-4,-25,,,,0.11303681880235672,0.24505552649497986,-0.528685153,0.8047464489936829,,,
2026-03-06T22:27:33.704Z,,,,-1967,-393,3590,13,-38,-40,,,,0.11083956062793732,0.24871762096881866,-0.526060641,0.8056009411811829,,,
2026-03-06T22:27:33.664Z,,,,-1928,-302,3546,96,-4,19,,,,0.11151094734668732,0.24902279675006866,-0.525633395,0.8057230114936829,,,
2026-03-06T22:27:33.624Z,,,,-2066,-458,3579,-171,-74,-16,,,,0.11163301765918732,0.25012141466140747,-0.528441012,0.8035257458686829,,,
2026-03-06T22:27:33.584Z,,,,-1773,-292,3705,183,468,-65,,,,0.10235569626092911,0.23992858827114105,-0.521177888,0.8124979138374329,,,
2026-03-06T22:27:33.544Z,,,,-1853,-241,3660,127,-8,-123,,,,0.10107395797967911,0.24212583899497986,-0.518431306,0.8137796521186829,,,
2026-03-06T22:27:33.504Z,,,,-1851,-273,3699,158,-9,-157,,,,0.097289793,0.24597105383872986,-0.512266755,0.8170145153999329,,,
2026-03-06T22:27:33.464Z,,,,-1511,-406,3837,101,47,-140,,,,0.076965138,0.23620544373989105,-0.526365817,0.8131082653999329,,,
2026-03-06T22:27:33.424Z,,,,-1794,-1016,3519,-181,527,-88,,,,0.059631195,0.22814883291721344,-0.526182711,0.8169534802436829,,,
2026-03-06T22:27:33.384Z,,,,-1544,-609,3787,202,266,50,,,,0.056701515,0.21783392131328583,-0.533690035,0.8151224255561829,,,
2026-03-06T22:27:33.344Z,,,,-1098,-468,4077,-169,182,-119,,,,0.063293293,0.1988520324230194,-0.529905856,0.8218973278999329,,,
2026-03-06T22:27:33.304Z,,,,-1018,-173,4013,-167,138,-447,,,,0.064758137,0.1965937316417694,-0.518553376,0.8295266628265381,,,
2026-03-06T22:27:33.264Z,,,,-1135,-843,3488,360,114,-480,,,,0.061706386506557465,0.20458932220935822,-0.504088044,0.8367288112640381,,,
2026-03-06T22:27:33.224Z,,,,-981,38,3982,107,-253,-823,,,,0.078552045,0.182799831,-0.477476805,0.8557717204093933,,,
2026-03-06T22:27:33.184Z,,,,-1093,54,4164,-301,299,-457,,,,0.078185834,0.16381794214248657,-0.474974364,0.8610207438468933,,,
2026-03-06T22:27:33.144Z,,,,-1276,-494,4762,218,443,-144,,,,0.070678532,0.15850789844989777,-0.476683348,0.8616921305656433,,,
2026-03-06T22:27:33.104Z,,,,-1546,463,3792,-325,-299,-83,,,,0.09020973,0.14819298684597015,-0.480101317,0.8598000407218933,,,
2026-03-06T22:27:33.064Z,,,,-1264,567,4074,-704,190,-211,,,,0.095214598,0.14331017434597015,-0.468382597,0.8665749430656433,,,
2026-03-06T22:27:33.024Z,,,,-911,477,3832,512,-234,-335,,,,0.079345502,0.16485553979873657,-0.458555967,0.8695656657218933,,,
2026-03-06T22:27:32.984Z,,,,-307,532,3732,11,-462,-298,,,,0.073608212,0.17211869359016418,-0.456419736,0.8698098063468933,,,
2026-03-06T22:27:32.944Z,,,,-1083,-188,4094,756,102,117,,,,0.057678074,0.1912226527929306,-0.459044248,0.8655983805656433,,,
2026-03-06T22:27:32.904Z,,,,-2686,-1681,3665,582,-114,81,,,,0.031799234449863434,0.21179145574569702,-0.454466611,0.8645607829093933,,,
2026-03-06T22:27:32.864Z,,,,-366,-428,3732,1303,318,-418,,,,0.010803194716572762,0.089416273,-0.356322318,0.929929256,,,
2026-03-06T22:27:32.824Z,,,,-6,308,4247,-616,530,-1409,,,,0.028503345,0.011169404722750187,-0.279235125,0.9596533179283142,,,
2026-03-06T22:27:32.784Z,,,,234,226,4187,-264,970,-732,,,,0.027282644,-0.010314915,-0.261657029,0.9646582007408142,,,
2026-03-06T22:27:32.744Z,,,,353,349,4178,-122,422,-521,,,,0.02783196,-0.034301668,-0.239074096,0.9699681997299194,,,
2026-03-06T22:27:32.704Z,,,,395,196,4181,-57,233,-190,,,,0.027282644,-0.041076556,-0.233764052,0.9710057973861694,,,
2026-03-06T22:27:32.664Z,,,,456,234,4146,-56,138,-125,,,,0.02819817,-0.045959353,-0.232116103,0.9711278676986694,,,
2026-03-06T22:27:32.624Z,,,,375,-50,3919,-86,50,-106,,,,0.023925719782710075,-0.042053115,-0.222350508,0.9736913442611694,,,
2026-03-06T22:27:32.584Z,,,,1840,522,3962,191,-94,-285,,,,0.025024350732564926,-0.124267258,-0.177062541,0.9759496450424194,,,
2026-03-06T22:27:32.544Z,,,,1840,522,3962,-250,1993,-819,,,,0.025024350732564926,-0.124267258,-0.177062541,0.9759496450424194,,,
2026-03-06T22:27:32.504Z,,,,2267,284,4123,-250,1993,-819,,,,0.013671839609742165,-0.16870074,-0.152343363,0.9736913442611694,,,
2026-03-06T22:27:32.464Z,,,,703,240,4019,90,-757,-555,,,,0.0134277,-0.143188104,-0.136230126,0.9801610708236694,,,
2026-03-06T22:27:32.424Z,,,,578,-77,4097,-48,26,-47,,,,0.013122525066137314,-0.13189663,-0.1135251,0.9846166372299194,,,
2026-03-06T22:27:32.384Z,,,,2064,439,3555,-132,705,-24,,,,0.015319785103201866,-0.160399973,-0.110656455,0.9806493520736694,,,
2026-03-06T22:27:32.344Z,,,,1256,214,3491,21,-71,-319,,,,0.01477047,-0.136108056,-0.098632559,0.9855931997299194,,,
2026-03-06T22:27:32.304Z,,,,772,26,4082,120,496,-53,,,,0.01965327,-0.121459648,-0.085693143,0.9886448979377747,,,
2026-03-06T22:27:32.264Z,,,,1007,695,3536,-254,-523,-350,,,,0.023254334926605225,-0.131286278,-0.071716122,0.9884007573127747,,,
2026-03-06T22:27:32.224Z,,,,1380,8,4087,110,803,-627,,,,0.01892085,-0.133178368,-0.060851894,0.9890111088752747,,,
2026-03-06T22:27:32.184Z,,,,711,230,4275,-183,-288,-232,,,,0.028503345,-0.115295112,-0.04809558,0.9916966557502747,,,
2026-03-06T22:27:32.144Z,,,,865,25,4099,-312,-30,46,,,,0.031494058668613434,-0.112609573,-0.05822739,0.9913914799690247,,,
2026-03-06T22:27:32.104Z,,,,786,174,4051,-175,-328,624,,,,0.034973055,-0.106628142,-0.066650219,0.9913914799690247,,,
2026-03-06T22:27:32.064Z,,,,975,106,4086,-19,-70,-12,,,,0.036315825,-0.110107139,-0.063781574,0.9911473393440247,,,
2026-03-06T22:27:32.024Z,,,,106,429,4493,-121,-365,55,,,,0.038268946,-0.089477308,-0.065124348,0.9931004643440247,,,
2026-03-06T22:27:31.984Z,,,,856,90,4116,157,878,111,,,,0.032958898693323135,-0.100158438,-0.063110188,0.9923680424690247,,,
2026-03-06T22:27:31.944Z,,,,939,149,4096,-1,-248,5,,,,0.031371988356113434,-0.106689177,-0.061706387,0.9918187260627747,,,
2026-03-06T22:27:31.904Z,,,,979,279,4173,13,110,61,,,,0.032287515699863434,-0.106078833,-0.061889488,0.9918797612190247,,,
2026-03-06T22:27:31.864Z,,,,1277,445,4640,-92,-246,-33,,,,0.033019933849573135,-0.109008513,-0.059875336,0.9916356205940247,,,
2026-03-06T22:27:31.824Z,,,,844,46,4075,27,-131,-13,,,,0.031127849593758583,-0.102843978,-0.056274269,0.9925511479377747,,,
2026-03-06T22:27:31.784Z,,,,709,349,4123,-97,-84,37,,,,0.033630285412073135,-0.099914297,-0.051513541,0.9930394291877747,,,
2026-03-06T22:27:31.744Z,,,,1287,455,4385,220,-165,-32,,,,0.033874426037073135,-0.107360564,-0.049621455,0.9923680424690247,,,
2026-03-06T22:27:31.704Z,,,,886,273,4004,-13,-287,-83,,,,0.033569250255823135,-0.103332251,-0.048827998,0.9928563237190247,,,
2026-03-06T22:27:31.664Z,,,,851,279,4115,32,-100,39,,,,0.033142004162073135,-0.101623274,-0.05078112,0.9929173588752747,,,
2026-03-06T22:27:31.624Z,,,,557,130,4102,70,53,86,,,,0.032226480543613434,-0.094604246,-0.054565288,0.9934666752815247,,,
2026-03-06T22:27:31.584Z,,,,825,254,4037,-4,332,143,,,,0.034606844,-0.100158438,-0.051696643,0.9929783940315247,,,
2026-03-06T22:27:31.544Z,,,,755,218,4162,-33,67,71,,,,0.034057531505823135,-0.096679442,-0.055663921,0.9931614995002747,,,
2026-03-06T22:27:31.504Z,,,,187,-222,3849,59,-362,-2,,,,0.028747484,-0.086059347,-0.052673206,0.9944432377815247,,,
2026-03-06T22:27:31.464Z,,,,878,388,4569,-91,1001,125,,,,0.034240633,-0.096618406,-0.052673206,0.9932835698127747,,,
2026-03-06T22:27:31.424Z,,,,629,78,4028,-14,-348,-39,,,,0.032653726637363434,-0.094115973,-0.055969093,0.9934056401252747,,,
2026-03-06T22:27:31.384Z,,,,684,-120,2711,85,-38,79,,,,0.030517499893903732,-0.097472891,-0.056030128,0.9931614995002747,,,
2026-03-06T22:27:31.344Z,,,,737,221,4231,-342,1110,115,,,,0.034362704,-0.0988767,-0.054138046,0.9929783940315247,,,
2026-03-06T22:27:31.304Z,,,,726,818,4286,-10,5,-50,,,,0.038207911,-0.097411856,-0.051635608,0.9931004643440247,,,
2026-03-06T22:27:31.264Z,,,,832,2,2881,19,-404,-120,,,,0.030212324112653732,-0.102905013,-0.051940784,0.9928563237190247,,,
2026-03-06T22:27:31.224Z,,,,705,268,4235,-369,974,162,,,,0.034850985,-0.099426016,-0.050659049,0.9931004643440247,,,
2026-03-06T22:27:31.184Z,,,,635,-98,4142,-19,-13,78,,,,0.031310953199863434,-0.094177008,-0.051452506,0.9937108159065247,,,
2026-03-06T22:27:31.144Z,,,,1556,608,3825,-100,334,0,,,,0.035461336,-0.111816123,-0.046813846,0.9919407963752747,,,
2026-03-06T22:27:31.104Z,,,,1263,228,4141,-53,-118,-394,,,,0.030029221,-0.099670157,-0.037902735,0.9938328862190247,,,
2026-03-06T22:27:31.064Z,,,,914,211,4070,-130,47,97,,,,0.031433023512363434,-0.095214598,-0.038391016,0.9941990971565247,,,
2026-03-06T22:27:31.024Z,,,,843,107,3948,38,-225,-29,,,,0.032287515699863434,-0.091308363,-0.037597559,0.9945653080940247,,,
2026-03-06T22:27:30.984Z,,,,672,205,4095,-213,-143,34,,,,0.032653726637363434,-0.088683851,-0.039062399,0.9947484135627747,,,
2026-03-06T22:27:30.944Z,,,,761,237,4217,-72,292,159,,,,0.033203039318323135,-0.088500753,-0.043456919,0.9945042729377747,,,
2026-03-06T22:27:30.904Z,,,,653,105,4023,-10,124,20,,,,0.032287515699863434,-0.085143827,-0.035949614,0.9951756596565247,,,
2026-03-06T22:27:30.864Z,,,,-292,-764,4207,-45,465,34,,,,0.025634700432419777,-0.071960263,-0.032531656,0.9965184330940247,,,
2026-03-06T22:27:30.824Z,,,,1127,489,4625,-388,948,75,,,,0.033630285412073135,-0.088317648,-0.032897864,0.9949315190315247,,,
2026-03-06T22:27:30.784Z,,,,1027,338,4399,28,-33,0,,,,0.034545809,-0.085815206,-0.028869554,0.9952366948127747,,,
2026-03-06T22:27:30.744Z,,,,460,376,4141,29,-392,-35,,,,0.03491202,-0.076598927,-0.026672294,0.9960301518440247,,,
2026-03-06T22:27:30.704Z,,,,859,-28,3915,83,283,5,,,,0.032836828380823135,-0.086303487,-0.025817804,0.9953587651252747,,,
2026-03-06T22:27:30.664Z,,,,47,9,4614,-323,16,-45,,,,0.031677164137363434,-0.070739567,-0.021789495,0.9967015385627747,,,
2026-03-06T22:27:30.624Z,,,,615,194,4087,329,322,79,,,,0.034728914,-0.085021757,-0.01977534,0.9955418705940247,,,
2026-03-06T22:27:30.584Z,,,,1350,395,4659,50,396,33,,,,0.036132719,-0.087585226,-0.01538082,0.9953587651252747,,,
2026-03-06T22:27:30.544Z,,,,148,318,4209,12,-671,-125,,,,0.035217196,-0.065856762,-0.00988767,0.9971287846565247,,,
2026-03-06T22:27:30.504Z,,,,1193,79,3874,81,-212,-88,,,,0.034728914,-0.083923124,-0.00781248,0.9957860112190247,,,
2026-03-06T22:27:30.464Z,,,,692,185,4043,-288,666,-44,,,,0.032165445387363434,-0.058837742,0.008361795,0.9976781010627747,,,
2026-03-06T22:27:30.424Z,,,,264,160,4010,92,-129,-41,,,,0.032531656324863434,-0.046813846,0.012878385372459888,0.9982274174690247,,,
2026-03-06T22:27:30.384Z,,,,1214,443,3981,-177,-397,-142,,,,0.038146876,-0.079223432,0.00634764,0.9960911870002747,,,
2026-03-06T22:27:30.344Z,,,,-843,-18,4265,-186,132,-25,,,,0.03930654,-0.056396339,0.022094670683145523,0.9973729252815247,,,
2026-03-06T22:27:30.304Z,,,,1186,399,4078,15,1099,76,,,,0.042175184935331345,-0.080322057,0.018432571,0.9956639409065247,,,
2026-03-06T22:27:30.264Z,,,,573,321,4142,-183,140,70,,,,0.043151743710041046,-0.073608212,0.020873969420790672,0.9960911870002747,,,
2026-03-06T22:27:30.224Z,,,,670,-287,3785,-33,-106,-10,,,,0.041015521,-0.074828908,0.0097656,0.9962742924690247,,,
2026-03-06T22:27:30.184Z,,,,1527,1061,4045,-504,755,454,,,,0.055480815,-0.089355238,0.00549315,0.9943822026252747,,,
2026-03-06T22:27:30.144Z,,,,833,381,4533,440,-1385,-208,,,,0.047241088,-0.078124799,0.01501461,0.9956639409065247,,,
2026-03-06T22:27:30.104Z,,,,585,25,4083,81,-103,-163,,,,0.044799689,-0.075256154,0.022521914914250374,0.9958470463752747,,,
2026-03-06T22:27:30.064Z,,,,962,1223,4271,-221,47,-170,,,,0.054504257,-0.074035458,0.02978508,0.9952977299690247,,,
2026-03-06T22:27:30.024Z,,,,233,-91,3592,288,-608,-344,,,,0.040466204,-0.059142914,0.039794821,0.9965794682502747,,,
2026-03-06T22:27:29.984Z,,,,354,309,4212,-24,-16,218,,,,0.046081424,-0.053771835,0.033264074474573135,0.9968846440315247,,,
2026-03-06T22:27:29.944Z,,,,-81,625,4547,-120,297,58,,,,0.057433933,-0.047424193,0.042114149779081345,0.9962742924690247,,,
2026-03-06T22:27:29.904Z,,,,393,628,4044,587,-346,116,,,,0.059142914,-0.0378417,0.049682491,0.9962742924690247,,,
2026-03-06T22:27:29.864Z,,,,-198,-32,4034,-119,-497,-59,,,,0.055663921,-0.02844231,0.052856311202049255,0.9965794682502747,,,
2026-03-06T22:27:29.824Z,,,,390,841,4631,33,509,-2,,,,0.062560871,-0.031433024,0.05395494,0.9960301518440247,,,
2026-03-06T22:27:29.784Z,,,,268,468,4048,-196,15,-29,,,,0.060668788850307465,-0.034240633,0.054687358,0.9960301518440247,,,
2026-03-06T22:27:29.744Z,,,,-379,239,4358,94,-411,-130,,,,0.05664048,-0.02343744,0.061523281037807465,0.9962132573127747,,,
2026-03-06T22:27:29.704Z,,,,900,384,4080,1096,-1142,168,,,,0.054687358,-0.037048247,0.055785991,0.9962132573127747,,,
2026-03-06T22:27:29.664Z,,,,-177,550,4182,-354,146,12,,,,0.057922214,-0.015197715,0.070129216,0.9957249760627747,,,
2026-03-06T22:27:29.624Z,,,,1019,878,4215,86,12,-108,,,,0.063659504,-0.033691321,0.074157521,0.9946263432502747,,,
2026-03-06T22:27:29.584Z,,,,-251,372,4190,-435,424,-7,,,,0.057311866,-0.011535615,0.074218556,0.9954808354377747,,,
2026-03-06T22:27:29.544Z,,,,543,701,3944,530,-1118,104,,,,0.059264984,-0.008117655,0.056701515,0.9965794682502747,,,
2026-03-06T22:27:29.504Z,,,,-270,396,4236,-378,651,98,,,,0.057861179,-0.003601065,0.05957016,0.9965184330940247,,,
2026-03-06T22:27:29.464Z,,,,594,650,3734,72,268,-8,,,,0.058654636,-0.01562496,0.057067726,0.9964573979377747,,,
2026-03-06T22:27:29.424Z,,,,-32,1321,4239,-199,-139,168,,,,0.065124348,0.002014155,0.052917346358299255,0.9964573979377747,,,
2026-03-06T22:27:29.384Z,,,,2289,2181,5128,467,-1123,456,,,,0.04064931,-0.040161029,-0.02832024,0.9979222416877747,,,
2026-03-06T22:27:29.344Z,,,,-660,-769,1076,1471,-4781,1157,,,,0.03796377,0.088317648,-0.073974423,0.9925511479377747,,,
2026-03-06T22:27:29.304Z,,,,181,-1246,3038,-3480,-1456,1599,,,,0.051635608077049255,0.11596649885177612,-0.151183695,0.9802831411361694,,,
2026-03-06T22:27:29.264Z,,,,-1643,1952,6680,-1162,-2710,-812,,,,0.11932342499494553,0.16607622802257538,-0.129760414,0.9702123403549194,,,
2026-03-06T22:27:29.224Z,,,,-2758,-1907,3155,-1361,-270,1494,,,,-0.04663074,0.35180574655532837,-0.298278034,0.8859840631484985,,,
2026-03-06T22:27:29.184Z,,,,-2045,-1299,3404,-285,1221,184,,,,-0.046264529,0.2955314815044403,-0.308348805,0.9029517769813538,,,
2026-03-06T22:27:29.144Z,,,,-1435,-639,3913,-534,1486,-294,,,,-0.028686451,0.22631777822971344,-0.294615954,0.927915096,,,
2026-03-06T22:27:29.104Z,,,,-755,-713,3994,-563,496,-437,,,,-0.00939939,0.20617623627185822,-0.274779558,0.939023495,,,
2026-03-06T22:27:29.064Z,,,,-1934,40,3701,-582,-288,-717,,,,0.019897411,0.21569769084453583,-0.255919755,0.9420751929283142,,,
2026-03-06T22:27:29.024Z,,,,-1504,370,4357,-325,248,-391,,,,0.041259661,0.20288033783435822,-0.247069687,0.9465917944908142,,,
2026-03-06T22:27:28.984Z,,,,-1252,754,3782,-1324,1,271,,,,0.081908971,0.15270957350730896,-0.266783983,0.9479956030845642,,,
2026-03-06T22:27:28.944Z,,,,562,1308,4611,-152,552,323,,,,0.061523281037807465,0.16149860620498657,-0.259093583,0.9501928687095642,,,
2026-03-06T22:27:28.904Z,,,,-2601,-734,3037,-1629,-142,388,,,,0.038452052,0.24059997498989105,-0.251891434,0.936521053,,,
2026-03-06T22:27:28.864Z,,,,-2204,537,4245,2523,-1946,227,,,,-0.048278686,0.1979365050792694,0.005187975,0.9790014028549194,,,
2026-03-06T22:27:28.824Z,,,,-3000,940,3090,639,-547,-1235,,,,-0.061584316,0.24194273352622986,0.16241413354873657,0.9545873999595642,,,
2026-03-06T22:27:28.784Z,,,,-1274,1555,3722,-2265,-1071,-1007,,,,-0.053893905,0.17230179905891418,0.5441270470619202,0.8192728161811829,,,
2026-03-06T22:27:28.744Z,,,,-808,683,3725,1173,186,-1710,,,,-0.099853262,0.13867151737213135,0.6552717685699463,0.7357158660888672,,,
2026-03-06T22:27:28.704Z,,,,-3141,-1461,2027,1449,-719,-1422,,,,-0.257567704,0.051635608077049255,0.8872658014297485,0.3789663016796112,,,
2026-03-06T22:27:28.664Z,,,,-2134,-1137,3487,1638,921,-1627,,,,-0.245360702,-0.011901825,0.9437231421470642,0.22125187516212463,,,
2026-03-06T22:27:28.624Z,,,,-1627,-112,4022,909,829,-2332,,,,0.20410104095935822,0.1002805083990097,-0.959897459,0.16369587182998657,,,
2026-03-06T22:27:28.584Z,,,,-1408,-661,3623,1730,169,-2970,,,,0.1873774528503418,0.15179404616355896,-0.901914179,0.358275443,,,
2026-03-06T22:27:28.544Z,,,,-2730,830,3985,944,-303,-2776,,,,0.16375690698623657,0.22222843766212463,-0.590452611,0.7582988142967224,,,
2026-03-06T22:27:28.504Z,,,,-2154,1028,3355,-715,34,-1363,,,,0.16833452880382538,0.22064152359962463,-0.476011962,0.8344705104827881,,,
2026-03-06T22:27:28.464Z,,,,-1061,740,3564,14,-237,-1444,,,,0.002258295,0.23669372498989105,0.02673333,0.9711889028549194,,,
2026-03-06T22:27:28.424Z,,,,-1481,-175,4348,1507,762,-982,,,,-0.071960263,0.20574899017810822,0.16644243896007538,0.9616064429283142,,,
2026-03-06T22:27:28.384Z,,,,-2790,-673,3578,514,92,-620,,,,-0.103210181,0.21142524480819702,0.20959419012069702,0.9490332007408142,,,
2026-03-06T22:27:28.344Z,,,,-2454,-819,3188,972,-383,-791,,,,-0.164428294,0.179381862,0.2967521548271179,0.923398495,,,
2026-03-06T22:27:28.304Z,,,,-1152,-1160,4055,136,266,-825,,,,-0.140380502,0.15747030079364777,0.3079215884208679,0.927670956,,,
2026-03-06T22:27:28.264Z,,,,-1361,-911,3621,285,327,274,,,,-0.141479135,0.14910849928855896,0.3059684634208679,0.92950201,,,
2026-03-06T22:27:28.224Z,,,,-1829,-776,3524,-16,201,101,,,,-0.127013832,0.16241413354873657,0.24700865149497986,0.9467748999595642,,,
2026-03-06T22:27:28.184Z,,,,-1004,-616,3555,68,-124,526,,,,-0.116393745,0.15930135548114777,0.22546328604221344,0.9540380835533142,,,
2026-03-06T22:27:28.144Z,,,,-1248,-78,4039,-748,48,-61,,,,-0.088378683,0.17095904052257538,0.20117135345935822,0.9603857398033142,,,
2026-03-06T22:27:28.104Z,,,,-1377,-259,3928,-546,-10,-73,,,,-0.06970197,0.17114214599132538,0.17260697484016418,0.9674657583236694,,,
2026-03-06T22:27:28.064Z,,,,-875,-80,3867,-97,205,-241,,,,-0.056945655,0.14623986184597015,0.1948237121105194,0.9681371450424194,,,
2026-03-06T22:27:28.024Z,,,,-751,-175,4098,22,396,-381,,,,-0.0524901,0.12542691826820374,0.22369328141212463,0.9650854468345642,,,
2026-03-06T22:27:27.984Z,,,,-715,-392,3980,-61,56,-304,,,,-0.051818714,0.12872281670570374,0.25201350450515747,0.9576391577720642,,,
2026-03-06T22:27:27.944Z,,,,-898,53,3962,-126,-88,-440,,,,-0.047485229,0.13745081424713135,0.2813713550567627,0.9484838843345642,,,
2026-03-06T22:27:27.904Z,,,,-1004,534,4410,-148,-434,-583,,,,-0.036926176,0.14269982278347015,0.4805895984172821,0.8644387125968933,,,
2026-03-06T22:27:27.864Z,,,,-23,-326,4314,302,758,162,,,,-0.077941693,0.079711713,0.6285384297370911,0.7697123885154724,,,
2026-03-06T22:27:27.824Z,,,,-3786,-468,2935,-305,46,-156,,,,-0.153075784,0.096618406,0.72356993,0.6660138964653015,,,
2026-03-06T22:27:27.784Z,,,,-373,-245,4307,1467,1333,-730,,,,-0.041320696,-0.02551263,0.8889137506484985,0.4553821384906769,,,
2026-03-06T22:27:27.744Z,,,,1404,-570,3924,-345,872,-419,,,,-0.00842283,-0.033386145,0.9103980660438538,0.41216936707496643,,,
2026-03-06T22:27:27.704Z,,,,-311,-2106,5376,157,-132,-634,,,,-0.021057075,-0.01611324,0.930295467,0.365660697,,,
2026-03-06T22:27:27.664Z,,,,382,693,2622,-2812,-741,-214,,,,0.10327121615409851,0.060424648225307465,0.924863338,0.360899955,,,
2026-03-06T22:27:27.624Z,,,,4230,2121,3961,-116,2703,868,,,,0.2886955440044403,0.00744627,0.8745094537734985,0.3895863890647888,,,
2026-03-06T22:27:27.584Z,,,,2635,7115,11351,1965,147,1534,,,,0.1838374137878418,0.090698011,0.8988013863563538,0.3873891532421112,,,
2026-03-06T22:27:27.544Z,,,,-2278,-626,376,-190,-8254,2640,,,,-0.04492176,0.10144016891717911,0.9164405465126038,0.3842763602733612,,,
2026-03-06T22:27:27.504Z,,,,-881,5,3614,2683,-2190,736,,,,-0.030273359,0.00573729,0.930783749,0.364256889,,,
2026-03-06T22:27:27.464Z,,,,623,-836,3578,-310,1462,-251,,,,0.021606389433145523,-0.014587365,0.937985897,0.34564119577407837,,,
2026-03-06T22:27:27.424Z,,,,291,-75,4396,3,1453,-875,,,,0.042602431029081345,-0.00866697,0.9501928687095642,0.30853191018104553,,,
2026-03-06T22:27:27.384Z,,,,1206,103,4044,-390,-405,-1255,,,,0.051757678389549255,-0.004333485,0.9658788442611694,0.25360041856765747,,,
2026-03-06T22:27:27.344Z,,,,-685,134,3764,1043,-1171,-468,,,,-0.01135251,-0.00988767,0.9743627309799194,0.22442568838596344,,,
2026-03-06T22:27:27.304Z,,,,-618,234,4068,465,-1845,-999,,,,-0.041625869,-0.01147458,0.9804662466049194,0.1917109340429306,,,
2026-03-06T22:27:27.264Z,,,,-223,-776,4162,346,-55,-853,,,,-0.052917346,-0.027160576,0.9854711294174194,0.15887410938739777,,,
2026-03-06T22:27:27.224Z,,,,-1663,219,3549,403,-951,-1101,,,,-0.078307904,-0.02416986,0.9887059330940247,0.12499967962503433,,,
2026-03-06T22:27:27.184Z,,,,225,-1524,4031,-90,33,-936,,,,-0.041808974,-0.057067726,0.9895604252815247,0.12518277764320374,,,
2026-03-06T22:27:27.144Z,,,,7,-1310,3850,665,659,501,,,,-0.036621001,-0.069152653,0.9862645864486694,0.14514122903347015,,,
2026-03-06T22:27:27.104Z,,,,-329,-189,3972,-122,-75,775,,,,-0.038268946,-0.050964225,0.9828466176986694,0.17297318577766418,,,
2026-03-06T22:27:27.064Z,,,,-144,-530,4081,-460,-67,978,,,,-0.031921305,-0.046691775,0.9759496450424194,0.21032661199569702,,,
2026-03-06T22:27:27.024Z,,,,592,-1640,4093,-24,545,1151,,,,-0.01562496,-0.055114605,0.9683202505111694,0.24298033118247986,,,
2026-03-06T22:27:26.984Z,,,,559,-274,4272,5,228,762,,,,-0.012878385,-0.025695736,0.9659398794174194,0.25707942247390747,,,
2026-03-06T22:27:26.944Z,,,,8,-569,4024,-124,135,202,,,,-0.017883254,-0.017517045,0.9668554067611694,0.25384455919265747,,,
2026-03-06T22:27:26.904Z,,,,192,172,4257,-318,-196,-631,,,,-0.010559055,0.009460425,0.9782689809799194,0.20660346746444702,,,
2026-03-06T22:27:26.864Z,,,,-47,590,4126,-532,-285,-872,,,,-0.0134277,0.027954031,0.9822973012924194,0.1843867301940918,,,
2026-03-06T22:27:26.824Z,,,,-117,410,4063,-123,-187,-339,,,,-0.018737745,0.030761640518903732,0.9886448979377747,0.14581261575222015,,,
2026-03-06T22:27:26.784Z,,,,273,-637,4061,52,-127,-711,,,,-0.0085449,0.018432571,0.9953587651252747,0.093993902,,,
2026-03-06T22:27:26.744Z,,,,-465,2170,3674,-528,-262,-976,,,,-0.017089799,0.040710345,0.9971287846565247,0.060729824006557465,,,
2026-03-06T22:27:26.704Z,,,,1109,-497,4421,144,-19,-577,,,,0.011291475035250187,-0.009948705,0.9988988041877747,0.043884165585041046,,,
2026-03-06T22:27:26.664Z,,,,406,-418,3638,964,-62,-159,,,,0.005554185,-0.036682036,0.9986546635627747,0.035217196,,,
2026-03-06T22:27:26.624Z,,,,-1047,-496,3843,289,-452,186,,,,-0.01184079,-0.040466204,0.9984105229377747,0.03649893,,,
2026-03-06T22:27:26.584Z,,,,688,-368,3957,-117,-1,674,,,,0.028869554,-0.035156161,0.9953587651252747,0.084411405,,,
2026-03-06T22:27:26.544Z,,,,569,-716,3998,140,-649,672,,,,0.005187975,-0.035095125,0.9956029057502747,0.086303487,,,
2026-03-06T22:27:26.504Z,,,,-1769,-283,3978,-58,-1912,254,,,,-0.037902735,-0.030273359,0.9951146245002747,0.085204862,,,
2026-03-06T22:27:26.464Z,,,,1023,-335,4311,60,2224,466,,,,-0.001037595,-0.005187975,0.9970067143440247,0.076415822,,,
2026-03-06T22:27:26.424Z,,,,-2793,1750,2990,-453,-251,228,,,,0.12585416436195374,-0.038268946,-0.991208375,0.00793455,,,
2026-03-06T22:27:26.384Z,,,,-378,582,4054,-914,-1419,-818,,,,0.087524191,-0.029479904,-0.993893921,0.059936371,,,
2026-03-06T22:27:26.344Z,,,,339,54,4090,605,1298,587,,,,0.046996951,0.00634764,-0.996945679,0.061096034944057465,,,
2026-03-06T22:27:26.304Z,,,,411,119,3845,375,594,1195,,,,0.048889033,0.015808064490556717,-0.996762574,0.061279140412807465,,,
2026-03-06T22:27:26.264Z,,,,-833,-902,4876,125,-863,911,,,,0.094177008,0.0451659,-0.990659058,0.08740212,,,
2026-03-06T22:27:26.224Z,,,,-1093,-1060,3145,187,-1510,404,,,,0.12792935967445374,0.084289335,-0.980405211,0.12329070270061493,,,
2026-03-06T22:27:26.184Z,,,,-1744,-1580,3322,754,-959,889,,,,0.12817350029945374,0.10345432162284851,-0.977292418,0.13281215727329254,,,
2026-03-06T22:27:26.144Z,,,,1467,-557,4113,-120,1334,1022,,,,0.052551135420799255,0.054992534,-0.983945251,0.16113239526748657,,,
2026-03-06T22:27:26.104Z,,,,-296,-2343,4795,-214,-634,720,,,,0.12188689410686493,0.066161938,-0.972043395,0.1893305629491806,,,
2026-03-06T22:27:26.064Z,,,,-3982,467,1976,-1784,-3547,137,,,,0.22210636734962463,0.027954031,-0.958554685,0.17578080296516418,,,
2026-03-06T22:27:26.024Z,,,,-2983,1574,3488,-2380,391,1471,,,,0.21063178777694702,-0.01977534,-0.968442321,0.13134731352329254,,,
2026-03-06T22:27:25.984Z,,,,-609,1398,4445,-758,1323,1416,,,,0.14196741580963135,-0.030578535,-0.985898376,0.082946561,,,
2026-03-06T22:27:25.944Z,,,,-1839,-572,3831,-151,2478,1472,,,,-0.158385828,-0.018737745,0.9828466176986694,0.092040777,,,
2026-03-06T22:27:25.904Z,,,,-709,-510,3886,258,1235,-194,,,,-0.111327842,-0.039916892,0.9885228276252747,0.093688726,,,
2026-03-06T22:27:25.864Z,,,,-615,-389,4013,247,231,-827,,,,-0.101745345,-0.04089345,0.9902928471565247,0.084716581,,,
2026-03-06T22:27:25.824Z,,,,-258,86,3950,86,871,-1115,,,,-0.080993444,-0.007141095,0.9955418705940247,0.047057986,,,
2026-03-06T22:27:25.784Z,,,,465,950,5530,-876,1019,-1231,,,,-0.062560871,0.020141549,0.9971287846565247,0.03649893,,,
2026-03-06T22:27:25.744Z,,,,-1886,595,4631,374,-1495,-659,,,,-0.12628141,0.027404714,0.9911473393440247,0.028259205,,,
2026-03-06T22:27:25.704Z,,,,-862,1158,4259,-603,-1584,-439,,,,0.11041231453418732,-0.04663074,-0.992734253,0.00671385,,,
2026-03-06T22:27:25.664Z,,,,-237,177,4537,654,972,-201,,,,0.083007596,-0.022521915,-0.996213257,0.011108369566500187,,,
2026-03-06T22:27:25.624Z,,,,-192,149,4180,764,500,-726,,,,0.071410947,6.1035E-05,-0.99718982,0.021301215514540672,,,
2026-03-06T22:27:25.584Z,,,,-1077,1296,5165,637,39,-576,,,,0.11224336177110672,0.01354977,-0.990536988,0.077453412,,,
2026-03-06T22:27:25.544Z,,,,-1498,-651,3651,289,-883,-808,,,,0.11053438484668732,0.077697553,-0.978818297,0.15344199538230896,,,
2026-03-06T22:27:25.504Z,,,,-1138,-304,3887,992,464,-1454,,,,0.079467572,0.097655997,-0.959287107,0.25268489122390747,,,
2026-03-06T22:27:25.464Z,,,,-625,-427,4215,304,429,-1752,,,,0.062743977,0.094238043,-0.949765623,0.2915641963481903,,,
2026-03-06T22:27:25.424Z,,,,-143,-1321,4055,170,882,-1095,,,,0.042358290404081345,0.097045653,-0.941892087,0.31872478127479553,,,
2026-03-06T22:27:25.384Z,,,,-445,-1304,3811,103,521,-1374,,,,0.042724501341581345,0.098388419,-0.912046015,0.3956288695335388,,,
2026-03-06T22:27:25.344Z,,,,-421,-180,3859,44,-200,-1722,,,,0.071105778,0.065429516,-0.867002189,0.4887072443962097,,,
2026-03-06T22:27:25.304Z,,,,-559,-585,4416,-736,36,-1638,,,,0.083984159,0.057128761,-0.843442678,0.5274034142494202,,,
2026-03-06T22:27:25.264Z,,,,-1022,465,4562,10,-317,-1736,,,,0.094299078,0.064025715,-0.812375844,0.5718368887901306,,,
2026-03-06T22:27:25.224Z,,,,-1210,-518,3641,737,-402,-1660,,,,0.1001584380865097,0.087035909,-0.775815904,0.6168196797370911,,,
2026-03-06T22:27:25.184Z,,,,-1888,1423,3765,117,-606,-1923,,,,0.13134731352329254,0.070190251,-0.737363815,0.6588118076324463,,,
2026-03-06T22:27:25.144Z,,,,-824,321,4037,-272,-605,-1904,,,,0.10070774704217911,0.061157070100307465,-0.645017862,0.7549419403076172,,,
2026-03-06T22:27:25.104Z,,,,-716,734,4075,408,91,-974,,,,0.089172132,0.065978833,-0.619749367,0.7768535017967224,,,
2026-03-06T22:27:25.064Z,,,,-671,427,4249,652,122,-646,,,,0.071410947,0.073913388,-0.601011634,0.7925394773483276,,,
2026-03-06T22:27:25.024Z,,,,-557,-303,4305,534,162,-468,,,,0.027954031,0.083007596,-0.57031101,0.8167093396186829,,,
2026-03-06T22:27:24.984Z,,,,-351,64,4325,353,105,-383,,,,0.017272905,0.086242452,-0.558287144,0.8248880505561829,,,
2026-03-06T22:27:24.944Z,,,,-1025,-912,3989,652,-79,-437,,,,-0.0024414,0.13165248930454254,-0.525755465,0.8403298854827881,,,
2026-03-06T22:27:24.904Z,,,,-467,-1020,3828,1098,-475,-354,,,,-0.039977923,0.15594442188739777,-0.49090451,0.8561379313468933,,,
2026-03-06T22:27:24.864Z,,,,-849,-972,4064,-179,400,-177,,,,-0.041381732,0.14526329934597015,-0.4849841,0.8613259196281433,,,
2026-03-06T22:27:24.824Z,,,,-584,-878,3950,-99,196,-101,,,,-0.040710345,0.13879358768463135,-0.478453368,0.8660866618156433,,,
2026-03-06T22:27:24.784Z,,,,-387,-892,4061,-138,16,-187,,,,-0.03491202,0.13262905180454254,-0.457457334,0.8785377740859985,,,
2026-03-06T22:27:24.744Z,,,,-303,-616,3881,-256,-62,-299,,,,-0.023803649,0.13085903227329254,-0.445311368,0.8853737115859985,,,
2026-03-06T22:27:24.704Z,,,,-558,-371,3974,-454,-172,-189,,,,-0.006896955,0.13464321196079254,-0.433592647,0.8909279108047485,,,
2026-03-06T22:27:24.664Z,,,,-1147,-92,4030,-252,-558,-114,,,,0.031494058668613434,0.13238491117954254,-0.389220208,0.9110084176063538,,,
2026-03-06T22:27:24.624Z,,,,-713,102,3953,-121,387,-8,,,,0.026122979819774628,0.11956756561994553,-0.379698724,0.9169288277626038,,,
2026-03-06T22:27:24.584Z,,,,-316,329,4186,20,239,158,,,,0.020751899108290672,0.11718720197677612,-0.376646996,0.918637753,,,
2026-03-06T22:27:24.544Z,,,,-229,157,3899,153,73,421,,,,0.01330563,0.13085903227329254,-0.380736321,0.9152198433876038,,,
2026-03-06T22:27:24.504Z,,,,-1159,-1084,4399,301,-750,476,,,,-0.01892085,0.1848750114440918,-0.390868127,0.9014258980751038,,,
2026-03-06T22:27:24.464Z,,,,-2124,-1602,3172,613,-464,157,,,,-0.031066814,0.1948847472667694,-0.391600549,0.8986793160438538,,,
2026-03-06T22:27:24.424Z,,,,-1375,-1148,3530,273,461,149,,,,-0.038391016,0.17657425999641418,-0.39599508,0.9002051949501038,,,
2026-03-06T22:27:24.384Z,,,,-1009,-885,3910,-198,622,152,,,,-0.039062399,0.15814168751239777,-0.39587301,0.9036841988563538,,,
2026-03-06T22:27:24.344Z,,,,-709,-820,3834,-165,394,-29,,,,-0.036437895,0.14843711256980896,-0.397520959,0.9047217965126038,,,
2026-03-06T22:27:24.304Z,,,,-366,-28,4194,-166,29,-121,,,,0.008850075,0.13342250883579254,-0.383727044,0.9136329293251038,,,
2026-03-06T22:27:24.264Z,,,,-521,-411,4412,27,-378,-565,,,,0.017394975,0.15734823048114777,-0.377562523,0.9122901558876038,,,
2026-03-06T22:27:24.224Z,,,,-2367,-178,3191,80,-1706,-346,,,,0.057067726,0.20477242767810822,-0.399290979,0.8917824029922485,,,
2026-03-06T22:27:24.184Z,,,,-1362,545,4396,-330,644,44,,,,0.065429516,0.16259723901748657,-0.409422785,0.8953224420547485,,,
2026-03-06T22:27:24.144Z,,,,-1070,398,3714,15,137,-285,,,,0.061706386506557465,0.15411336719989777,-0.408812433,0.8973365426063538,,,
2026-03-06T22:27:24.104Z,,,,-1191,453,4048,135,357,-587,,,,0.053466659,0.14831504225730896,-0.400999963,0.9023414254188538,,,
2026-03-06T22:27:24.064Z,,,,549,-209,3855,678,231,-577,,,,0.004821765,0.13500942289829254,-0.401060998,0.9060035347938538,,,
2026-03-06T22:27:24.024Z,,,,-71,196,4432,147,-139,-61,,,,0.012390105053782463,0.15148887038230896,-0.41717422,0.8959937691688538,,,
2026-03-06T22:27:23.984Z,,,,-566,-1116,3833,-47,-1571,-79,,,,-0.036315825,0.16088825464248657,-0.46557498,0.8694435954093933,,,
2026-03-06T22:27:23.944Z,,,,-88,-790,3821,-170,527,-541,,,,-0.027160576,0.14654503762722015,-0.466917753,0.8715798258781433,,,
2026-03-06T22:27:23.904Z,,,,648,-2079,3959,-780,-486,-759,,,,-0.036621001,0.16809038817882538,-0.457396299,0.8724342584609985,,,
2026-03-06T22:27:23.864Z,,,,-2318,1696,4189,434,-2067,-742,,,,0.063598469,0.181151882,-0.472166747,0.8602883219718933,,,
2026-03-06T22:27:23.824Z,,,,-933,156,3659,-165,619,232,,,,0.053100448,0.16168171167373657,-0.491331756,0.8541237711906433,,,
2026-03-06T22:27:23.784Z,,,,111,2,3856,49,501,746,,,,0.041564833372831345,0.15429647266864777,-0.519407868,0.8394143581390381,,,
2026-03-06T22:27:23.744Z,,,,-3399,-1786,1714,-138,-943,926,,,,0.068115063,0.2633660137653351,-0.580320776,0.7675761580467224,,,
2026-03-06T22:27:23.704Z,,,,-3071,-3882,2679,1833,-515,1483,,,,0.011657685041427612,0.2730095684528351,-0.614073157,0.7404155731201172,,,
2026-03-06T22:27:23.664Z,,,,-1126,-1528,3409,100,902,2040,,,,0.02026362,0.20770210027694702,-0.708494306,0.6740705370903015,,,
2026-03-06T22:27:23.624Z,,,,-645,180,4397,-1340,-298,2339,,,,0.085693143,0.16003376245498657,-0.814695179,0.5505967140197754,,,
2026-03-06T22:27:23.584Z,,,,-2908,-1510,3622,-897,-1133,1747,,,,0.14593468606472015,0.22198429703712463,-0.836911917,0.4784533679485321,,,
2026-03-06T22:27:23.544Z,,,,-3195,-842,2344,-141,-1623,535,,,,0.15624959766864777,0.22228947281837463,-0.842527151,0.4649646282196045,,,
2026-03-06T22:27:23.504Z,,,,-2241,-476,3767,-493,335,974,,,,0.14208948612213135,0.1897578090429306,-0.880002618,0.41155901551246643,,,
2026-03-06T22:27:23.464Z,,,,-1536,-590,4033,-1085,394,2646,,,,0.14520226418972015,0.12738004326820374,-0.959348142,0.20544381439685822,,,
2026-03-06T22:27:23.424Z,,,,-970,-483,4091,-1877,-608,3512,,,,0.15594442188739777,0.099059805,-0.978879333,0.086791769,,,
2026-03-06T22:27:23.384Z,,,,-1159,-884,3641,-1078,-736,3604,,,,-0.173705608,-0.083862089,0.9808934926986694,0.024352964013814926,,,
2026-03-06T22:27:23.344Z,,,,-1366,-794,3716,-1261,-686,3146,,,,-0.186339855,-0.072997861,0.9717382192611694,0.12493864446878433,,,
2026-03-06T22:27:23.304Z,,,,-1708,-1255,3525,-588,-622,3082,,,,-0.197509259,-0.070739567,0.9528784155845642,0.21899357438087463,,,
2026-03-06T22:27:23.264Z,,,,-1209,-1775,3427,-691,-649,2553,,,,-0.234252334,-0.01611324,0.8093851208686829,0.5382066369056702,,,
2026-03-06T22:27:23.224Z,,,,-1229,-1835,3560,-694,-414,2077,,,,-0.235656127,-0.001403805,0.7712382674217224,0.5911850333213806,,,
2026-03-06T22:27:23.184Z,,,,-1182,-1351,3778,-854,-877,1750,,,,-0.229491606,0.029357836,0.7330303192138672,0.6395857334136963,,,
2026-03-06T22:27:23.144Z,,,,-1337,-1354,3670,-1276,-787,1838,,,,-0.221496016,0.062743977,0.6912213563919067,0.6849347949028015,,,
2026-03-06T22:27:23.104Z,,,,-969,-1116,3663,-1486,-477,1244,,,,-0.203063443,0.094848387,0.6573469638824463,0.719419539,,,
2026-03-06T22:27:23.064Z,,,,-1905,-832,3996,-1184,-407,1108,,,,-0.181518093,0.15759237110614777,0.5938094854354858,0.7678202986717224,,,
2026-03-06T22:27:23.024Z,,,,-1870,120,3529,-863,-880,839,,,,-0.109801963,0.20721381902694702,0.4741198718547821,0.8485696315765381,,,
2026-03-06T22:27:22.984Z,,,,-1984,370,3853,-512,468,763,,,,-0.093383551,0.20068307220935822,0.4478748142719269,0.8662087321281433,,,
2026-03-06T22:27:22.944Z,,,,-1374,392,3862,-326,508,616,,,,-0.082397252,0.1884760856628418,0.42822155356407166,0.8798805475234985,,,
2026-03-06T22:27:22.904Z,,,,-991,245,3929,-7,322,383,,,,-0.076720998,0.17413285374641418,0.3978261351585388,0.8974586129188538,,,
2026-03-06T22:27:22.864Z,,,,-1028,886,3955,-86,-185,772,,,,-0.078918256,0.182067409,0.363219291,0.9102759957313538,,,
2026-03-06T22:27:22.824Z,,,,-1302,-172,3886,268,-520,1145,,,,-0.102416731,0.1887202262878418,0.32592689990997314,0.920651913,,,
2026-03-06T22:27:22.784Z,,,,-1438,-684,3708,638,-178,824,,,,-0.124267258,0.1876215934753418,0.3045036196708679,0.92547369,,,
2026-03-06T22:27:22.744Z,,,,-2271,421,4198,181,-356,-49,,,,-0.122375175,0.1970209777355194,0.3054801821708679,0.92345953,,,
2026-03-06T22:27:22.704Z,,,,-1989,-800,3520,-39,-97,-248,,,,-0.146545038,0.17217972874641418,0.33770665526390076,0.9136329293251038,,,
2026-03-06T22:27:22.664Z,,,,-1589,-634,3675,141,487,-438,,,,-0.13964808,0.15637166798114777,0.35400301218032837,0.9114356637001038,,,
2026-03-06T22:27:22.624Z,,,,-1422,-652,3717,11,376,-408,,,,-0.13391079,0.14709435403347015,0.3674306869506836,0.9084449410438538,,,
2026-03-06T22:27:22.584Z,,,,-1451,-572,3780,10,323,-381,,,,-0.126342446,0.14263878762722015,0.3790883719921112,0.9054542183876038,,,
2026-03-06T22:27:22.544Z,,,,-1210,-406,3888,-207,221,-398,,,,-0.109191611,0.13165248930454254,0.4003896117210388,0.9002051949501038,,,
2026-03-06T22:27:22.504Z,,,,-1628,-174,4208,-115,344,-304,,,,-0.099487051,0.13000455498695374,0.40710344910621643,0.8985572457313538,,,
2026-03-06T22:27:22.464Z,,,,-1218,-114,3913,3,274,-26,,,,-0.09606909,0.12799039483070374,0.40814104676246643,0.8987403512001038,,,
2026-03-06T22:27:22.424Z,,,,-1109,-814,3951,-35,25,17,,,,-0.098937735,0.12005584686994553,0.41174212098121643,0.8978858590126038,,,
2026-03-06T22:27:22.384Z,,,,-956,-299,4022,221,194,-160,,,,-0.087219015,0.11328095942735672,0.43298229575157166,0.8899513483047485,,,
2026-03-06T22:27:22.344Z,,,,-979,-138,4054,-9,135,-507,,,,-0.082519323,0.11291474848985672,0.4502551853656769,0.8818336725234985,,,
2026-03-06T22:27:22.304Z,,,,-986,-115,4133,-46,82,-616,,,,-0.078857221,0.11242646723985672,0.4649646282196045,0.8745094537734985,,,
2026-03-06T22:27:22.264Z,,,,-731,-144,4074,85,185,-775,,,,-0.077941693,0.11108370125293732,0.5051866769790649,0.8522316813468933,,,
2026-03-06T22:27:22.224Z,,,,-712,-66,4101,126,-110,-1132,,,,-0.078857221,0.11810272186994553,0.5370469689369202,0.8314797878265381,,,
2026-03-06T22:27:22.184Z,,,,-1366,760,3982,127,-176,-1551,,,,-0.071533017,0.15008506178855896,0.6018661260604858,0.7810648679733276,,,
2026-03-06T22:27:22.144Z,,,,-421,-39,3990,-417,-136,-1751,,,,-0.057556003,0.14660607278347015,0.6362288594245911,0.7551860809326172,,,
2026-03-06T22:27:22.104Z,,,,-1259,1098,4263,-158,-114,-1608,,,,-0.047485229,0.16198688745498657,0.6710187792778015,0.721860945,,,
2026-03-06T22:27:22.064Z,,,,-1633,1808,4324,-210,-313,-1354,,,,-0.035583407,0.17669633030891418,0.6925030946731567,0.6984845399856567,,,
2026-03-06T22:27:22.024Z,,,,-1614,2134,3866,-160,145,-1183,,,,-0.029540939,0.180114284,0.718198836,0.6714460253715515,,,
2026-03-06T22:27:21.984Z,,,,-1365,-211,3373,831,56,-1351,,,,-0.069213688,0.13751184940338135,0.7799052000045776,0.6065658330917358,,,
2026-03-06T22:27:21.944Z,,,,-894,1638,3284,729,-445,-1162,,,,-0.068237133,0.14489708840847015,0.8009012937545776,0.5769028067588806,,,
2026-03-06T22:27:21.904Z,,,,-1187,1074,3489,570,-378,-1040,,,,-0.083495878,0.13555873930454254,0.8242166638374329,0.5433335900306702,,,
2026-03-06T22:27:21.864Z,,,,-1121,442,4194,976,-77,-1207,,,,-0.091491468,0.11401338130235672,0.8471047878265381,0.5108629465103149,,,
2026-03-06T22:27:21.824Z,,,,-610,170,3837,674,540,-1009,,,,-0.083862089,0.092895269,0.8651711344718933,0.4854723811149597,,,
2026-03-06T22:27:21.784Z,,,,-702,652,4523,318,25,-582,,,,-0.076354787,0.07287579,0.8815284967422485,0.4601428508758545,,,
2026-03-06T22:27:21.744Z,,,,-715,0,3841,419,-6,-335,,,,-0.07556133,0.061279140412807465,0.8864113092422485,0.4524524509906769,,,
2026-03-06T22:27:21.704Z,,,,-679,246,4235,25,289,3,,,,-0.069335759,0.061279140412807465,0.8862282037734985,0.4537952244281769,,,
2026-03-06T22:27:21.664Z,,,,-558,75,4065,-146,95,-47,,,,-0.066528149,0.058837742,0.8879371881484985,0.4511707127094269,,,
2026-03-06T22:27:21.624Z,,,,-522,-25,4135,273,266,-271,,,,-0.064880207,0.04931628,0.8925148248672485,0.44348031282424927,,,
2026-03-06T22:27:21.584Z,,,,-660,10,3730,213,54,-725,,,,-0.064452961,0.038879294,0.923520565,0.3759756088256836,,,
2026-03-06T22:27:21.544Z,,,,-8,89,4121,-20,566,-1507,,,,-0.027343679,0.028686451,0.9447607398033142,0.32513344287872314,,,
2026-03-06T22:27:21.504Z,,,,-663,161,4362,-5,1246,-1252,,,,0.000183105,0.019897411,0.9582495093345642,0.2850944697856903,,,
2026-03-06T22:27:21.464Z,,,,742,181,4241,484,229,-34,,,,0.013915980234742165,0.010070775,0.9581884741783142,0.2853996455669403,,,
2026-03-06T22:27:21.424Z,,,,327,104,4296,134,93,-269,,,,0.013366665,0.002990715,0.9619116187095642,0.2728874981403351,,,
2026-03-06T22:27:21.384Z,,,,-2,63,4150,138,117,-421,,,,-0.00402831,-0.026184015,0.9797338247299194,0.1984858214855194,,,
2026-03-06T22:27:21.344Z,,,,-243,-175,4154,241,60,-553,,,,-0.01037595,-0.030090256,0.9802831411361694,0.1948237121105194,,,
2026-03-06T22:27:21.304Z,,,,183,-503,4228,145,-152,418,,,,-0.012512175,-0.031616129,0.9760106801986694,0.21490423381328583,,,
2026-03-06T22:27:21.264Z,,,,210,-550,3770,134,-226,519,,,,-0.034545809,-0.024291931,0.9755834341049194,0.21539251506328583,,,
2026-03-06T22:27:21.224Z,,,,-322,-188,4159,-234,-33,-341,,,,-0.045959353,-0.0097656,0.9783300161361694,0.20135445892810822,,,
2026-03-06T22:27:21.184Z,,,,-1100,-413,3819,-283,-616,-865,,,,-0.054870464,0.003967275,0.9877294301986694,0.14587365090847015,,,
2026-03-06T22:27:21.144Z,,,,1179,-505,4602,-231,736,-527,,,,-0.00708006,0.00756834,0.9899876713752747,0.14050257205963135,,,
2026-03-06T22:27:21.104Z,,,,130,188,4122,96,699,51,,,,0.000671385,0.012206999585032463,0.9897435307502747,0.14221155643463135,,,
2026-03-06T22:27:21.064Z,,,,123,86,3976,-18,51,85,,,,0.000427245,0.012390105053782463,0.9894383549690247,0.14404259622097015,,,
2026-03-06T22:27:21.024Z,,,,418,743,4189,-23,-110,120,,,,0.02673333,0.030944744125008583,0.9891942143440247,0.14044153690338135,,,
2026-03-06T22:27:20.984Z,,,,348,546,4363,-574,458,-210,,,,0.031005779281258583,0.036865141,0.9903538823127747,0.12951627373695374,,,
2026-03-06T22:27:20.944Z,,,,371,506,4082,0,-178,-111,,,,0.031371988356113434,0.036865141,0.9912694096565247,0.12255828082561493,,,
2026-03-06T22:27:20.904Z,,,,360,684,4145,-78,63,91,,,,0.027221611,0.037109278,0.9916356205940247,0.12042205780744553,,,
2026-03-06T22:27:20.864Z,,,,-244,650,4139,317,-230,97,,,,0.00329589,0.019287059,0.9955418705940247,0.091552503,,,
2026-03-06T22:27:20.824Z,,,,25,300,3956,-15,-402,-228,,,,-0.001770015,0.012268034741282463,0.9965794682502747,0.081237584,,,
2026-03-06T22:27:20.784Z,,,,534,-175,4223,268,41,433,,,,0.00183105,0.00317382,0.9962132573127747,0.086669698,,,
2026-03-06T22:27:20.744Z,,,,251,58,4326,171,-23,525,,,,-0.00061035,-0.00317382,0.9960911870002747,0.087646261,,,
2026-03-06T22:27:20.704Z,,,,839,-222,4126,325,-234,397,,,,-0.00451659,-0.012145965,0.9960911870002747,0.086852804,,,
2026-03-06T22:27:20.664Z,,,,-326,-554,4085,108,-917,469,,,,-0.062621906,-0.047485229,0.9948704838752747,0.063171223,,,
2026-03-06T22:27:20.624Z,,,,-207,-898,4061,62,-106,-108,,,,-0.066100903,-0.048278686,0.9956029057502747,0.044799689,,,
2026-03-06T22:27:20.584Z,,,,-27,-1,3728,-398,-50,-425,,,,0.072814755,0.013366665,-0.996274292,0.043090708553791046,,,
2026-03-06T22:27:20.544Z,,,,-157,433,4425,-1076,-199,-842,,,,0.078368939,-0.007141095,-0.994626343,0.066833325,,,
2026-03-06T22:27:20.504Z,,,,-2357,956,3385,-379,40,-444,,,,0.14544640481472015,-0.028076099,-0.979977965,0.13293422758579254,,,
2026-03-06T22:27:20.464Z,,,,-1418,1199,3796,-683,-1181,-395,,,,0.13073697686195374,-0.04370106,-0.972897887,0.1853022575378418,,,
2026-03-06T22:27:20.424Z,,,,-518,361,4197,294,1047,-273,,,,0.084045194,-0.020873969,-0.97387445,0.20971626043319702,,,
2026-03-06T22:27:20.384Z,,,,-114,410,4030,476,128,-143,,,,0.09313941,0.002014155,-0.9699682,0.22442568838596344,,,
2026-03-06T22:27:20.344Z,,,,-1218,587,3846,296,-781,-47,,,,0.11633270978927612,0.018249465,-0.965085447,0.23376405239105225,,,
2026-03-06T22:27:20.304Z,,,,-2264,-643,3279,135,-351,-241,,,,0.16009479761123657,0.094543211,-0.944699705,0.2700798809528351,,,
2026-03-06T22:27:20.264Z,,,,-2175,-1080,2982,1085,134,-266,,,,0.14984092116355896,0.11468476802110672,-0.93908453,0.2870475947856903,,,
2026-03-06T22:27:20.224Z,,,,-1368,-335,4087,388,175,-616,,,,0.12890592217445374,0.097289793,-0.929135799,0.33245763182640076,,,
2026-03-06T22:27:20.184Z,,,,-1217,-370,3830,319,682,-449,,,,0.11059542000293732,0.0988767,-0.910947382,0.3848867118358612,,,
2026-03-06T22:27:20.144Z,,,,-1204,-141,3962,31,34,-940,,,,0.11199922114610672,0.096679442,-0.900754511,0.40826311707496643,,,
2026-03-06T22:27:20.104Z,,,,-990,-113,3940,108,29,-722,,,,0.10760470479726791,0.10198948532342911,-0.88689959,0.43737679719924927,,,
2026-03-06T22:27:20.064Z,,,,-1407,5,4056,352,90,-490,,,,0.10675021260976791,0.10906954109668732,-0.873227715,0.4626452922821045,,,
2026-03-06T22:27:20.024Z,,,,-1111,144,3849,-49,-44,-227,,,,0.11016817390918732,0.10705538839101791,-0.871213615,0.4661853313446045,,,
2026-03-06T22:27:19.984Z,,,,-1158,-668,3621,9,-12,-164,,,,0.10528537631034851,0.11877410858869553,-0.869321525,0.4680163860321045,,,
2026-03-06T22:27:19.944Z,,,,-902,-508,3985,59,28,-160,,,,0.097411856,0.11627167463302612,-0.86749047,0.4736315906047821,,,
2026-03-06T22:27:19.904Z,,,,-864,-210,4079,-5,164,-180,,,,0.096435301,0.11059542000293732,-0.865049064,0.4796740710735321,,,
2026-03-06T22:27:19.864Z,,,,-517,-522,4092,105,235,-524,,,,0.088317648,0.11071749031543732,-0.858640373,0.4925524592399597,,,
2026-03-06T22:27:19.824Z,,,,-393,-484,3743,493,179,-985,,,,0.089660414,0.10180637985467911,-0.823362172,0.5510239601135254,,,
2026-03-06T22:27:19.784Z,,,,-97,316,4139,-569,68,-1692,,,,0.10327121615409851,0.075439259,-0.799131274,0.5872787833213806,,,
2026-03-06T22:27:19.744Z,,,,-1142,1876,3326,-546,-23,-1955,,,,0.13531459867954254,0.073058896,-0.721860945,0.6746808886528015,,,
2026-03-06T22:27:19.704Z,,,,-1639,1189,3638,1193,-662,-2688,,,,0.12640348076820374,0.10095188766717911,-0.65789628,0.7354106903076172,,,
2026-03-06T22:27:19.664Z,,,,-518,846,4656,1312,182,-2952,,,,0.055053569,0.13482631742954254,-0.489439666,0.8597390055656433,,,
2026-03-06T22:27:19.624Z,,,,-1112,-1248,3544,1744,-261,-2382,,,,-0.061706387,0.1862177848815918,-0.244201034,0.9496435523033142,,,
2026-03-06T22:27:19.584Z,,,,-666,-600,3825,339,1808,-2566,,,,-0.069640934,0.11840789765119553,-0.121520683,0.9829686880111694,,,
2026-03-06T22:27:19.544Z,,,,-693,-815,4504,117,1436,-2034,,,,-0.058410496,0.036132719,-0.01293942,0.9974949955940247,,,
2026-03-06T22:27:19.504Z,,,,-25,-335,3734,63,1159,-928,,,,-0.042419326,-0.056579445,0.079162396,0.9943211674690247,,,
2026-03-06T22:27:19.464Z,,,,1191,-65,4388,-342,1234,-1058,,,,-0.005920395,-0.156188563,0.14581261575222015,0.9768651723861694,,,
2026-03-06T22:27:19.424Z,,,,2008,-639,3756,-525,2501,-622,,,,0.00390624,-0.205932096,0.16723589599132538,0.9641088843345642,,,
2026-03-06T22:27:19.384Z,,,,1745,-43,3992,98,-852,-57,,,,0.00329589,-0.188964352,0.1870722770690918,0.9639257788658142,,,
2026-03-06T22:27:19.344Z,,,,1130,-21,3791,-150,138,-192,,,,0.002258295,-0.179076687,0.1945795863866806,0.9643530249595642,,,
2026-03-06T22:27:19.304Z,,,,1616,-159,3807,46,-160,-256,,,,0.00329589,-0.191283688,0.1987299621105194,0.9611791968345642,,,
2026-03-06T22:27:19.264Z,,,,1579,-173,3969,-42,115,23,,,,0.005432115,-0.194701657,0.1979365050792694,0.9606298804283142,,,
2026-03-06T22:27:19.224Z,,,,2031,-324,3246,-41,537,106,,,,-0.000793455,-0.200499982,0.1998285949230194,0.9590429663658142,,,
2026-03-06T22:27:19.184Z,,,,1248,-241,3836,-84,-292,152,,,,0.00048828,-0.18615675,0.1841425895690918,0.9650854468345642,,,
2026-03-06T22:27:19.144Z,,,,1594,60,4051,-137,429,82,,,,0.00573729,-0.192504391,0.182250515,0.9641699194908142,,,
2026-03-06T22:27:19.104Z,,,,1332,-768,3592,139,-191,11,,,,-0.002624505,-0.190551266,0.17724564671516418,0.9655126333236694,,,
2026-03-06T22:27:19.064Z,,,,1484,-67,3905,-399,421,214,,,,0.004577625,-0.189452633,0.177978054,0.9655736684799194,,,
2026-03-06T22:27:19.024Z,,,,853,-252,3974,53,52,8,,,,-0.003601065,-0.171325251,0.17431595921516418,0.9696019887924194,,,
2026-03-06T22:27:18.984Z,,,,1638,-132,3866,77,-490,52,,,,-0.004333485,-0.178039089,0.16705279052257538,0.9696630239486694,,,
2026-03-06T22:27:18.944Z,,,,902,-346,3700,49,-291,29,,,,-0.013732875,-0.160705149,0.16491657495498657,0.9729589223861694,,,
2026-03-06T22:27:18.904Z,,,,1091,-601,3942,166,-364,-55,,,,-0.018005325,-0.162597239,0.16076618432998657,0.9733251333236694,,,
2026-03-06T22:27:18.864Z,,,,1092,-238,3877,120,719,178,,,,-0.011779755,-0.163390696,0.15289267897605896,0.9745458364486694,,,
2026-03-06T22:27:18.824Z,,,,1607,-444,3811,125,13,239,,,,-0.01000974,-0.175414592,0.14184534549713135,0.9741185903549194,,,
2026-03-06T22:27:18.784Z,,,,861,-600,4099,-6,155,63,,,,-0.012756315,-0.160094798,0.14208948612213135,0.9766820669174194,,,
2026-03-06T22:27:18.744Z,,,,1367,192,4011,65,-720,76,,,,-0.001159665,-0.162780344,0.13623012602329254,0.9771703481674194,,,
2026-03-06T22:27:18.704Z,,,,1886,130,4194,-165,81,68,,,,0.004211415,-0.165282786,0.13256801664829254,0.9772313833236694,,,
2026-03-06T22:27:18.664Z,,,,1149,-76,3881,-244,-285,270,,,,0.00598143,-0.136352196,0.12542691826820374,0.9826024770736694,,,
2026-03-06T22:27:18.624Z,,,,1585,-13,4177,-95,-4,85,,,,0.009704565,-0.133361474,0.12640348076820374,0.9829076528549194,,,
2026-03-06T22:27:18.584Z,,,,626,-545,4348,-107,-495,-26,,,,0.006774885,-0.080871373,0.12780728936195374,0.9884617924690247,,,
2026-03-06T22:27:18.544Z,,,,-184,472,3933,243,-861,65,,,,0.013671839609742165,-0.062011559,0.11712616682052612,0.9910252690315247,,,
2026-03-06T22:27:18.504Z,,,,541,135,4289,-229,-175,255,,,,0.00830076,-0.067199536,0.088500753,0.9937108159065247,,,
2026-03-06T22:27:18.464Z,,,,986,81,4094,397,129,257,,,,-0.020019479,-0.044860724,0.039489646,0.9979832768440247,,,
2026-03-06T22:27:18.424Z,,,,71,-360,4040,197,-661,805,,,,-0.036865141,-0.007995585,-0.003967275,0.9992650151252747,,,
2026-03-06T22:27:18.384Z,,,,-88,105,4250,218,-567,512,,,,-0.039611716,0.00817869,-0.020568796,0.9989598393440247,,,
2026-03-06T22:27:18.344Z,,,,-1038,-663,4132,305,-446,639,,,,-0.070983708,0.079223432,-0.110046104,0.9881566762924194,,,
2026-03-06T22:27:18.304Z,,,,-410,-1533,3137,1085,-848,1354,,,,-0.097045653,0.095702879,-0.153197855,0.9786962270736694,,,
2026-03-06T22:27:18.264Z,,,,-491,-1076,3627,-59,-401,910,,,,-0.092651129,0.10046360641717911,-0.183349133,0.9734472036361694,,,
2026-03-06T22:27:18.224Z,,,,-64,-825,3970,-541,-468,913,,,,-0.048950069,0.11700409650802612,-0.282286882,0.9508642554283142,,,
2026-03-06T22:27:18.184Z,,,,-249,-860,3955,-215,-264,502,,,,-0.041808974,0.12554898858070374,-0.295836657,0.9459814429283142,,,
2026-03-06T22:27:18.144Z,,,,-228,-347,3920,-324,-756,337,,,,-0.021179145,0.14459191262722015,-0.309081227,0.939694881,,,
2026-03-06T22:27:18.104Z,,,,-1235,-883,3498,-392,-1069,121,,,,-0.004577625,0.179870144,-0.319152027,0.930417538,,,
2026-03-06T22:27:18.064Z,,,,-922,-565,3555,18,-1133,175,,,,0.011535614728927612,0.20385690033435822,-0.326293111,0.922910213,,,
2026-03-06T22:27:18.024Z,,,,-2052,235,3624,-693,-1046,-108,,,,0.089599378,0.24102722108364105,-0.365721732,0.8944069147109985,,,
2026-03-06T22:27:17.984Z,,,,-1892,38,3759,-98,-317,298,,,,0.085387968,0.26104670763015747,-0.377501488,0.8842750787734985,,,
2026-03-06T22:27:17.944Z,,,,-1463,401,3283,464,-817,465,,,,0.081786901,0.2922966182231903,-0.382872552,0.8724952936172485,,,
2026-03-06T22:27:17.904Z,,,,262,-240,1923,760,-1278,536,,,,0.065490551,0.32055580615997314,-0.391661584,0.8599221110343933,,,
2026-03-06T22:27:17.864Z,,,,-1153,281,479,-151,25,186,,,,0.068237133,0.41760146617889404,-0.367247581,0.8282449245452881,,,
2026-03-06T22:27:17.824Z,,,,-2896,-1813,3782,3242,-3555,-422,,,,-0.00927732,0.3812856376171112,-0.404662043,0.8310525417327881,,,
2026-03-06T22:27:17.784Z,,,,-597,-31,4236,-1699,2652,186,,,,0.027648855,0.2693474590778351,-0.417967677,0.8671242594718933,,,
2026-03-06T22:27:17.744Z,,,,-1871,-1663,3271,-545,-12,-543,,,,0.032775793224573135,0.2880241572856903,-0.400206506,0.8693215250968933,,,
2026-03-06T22:27:17.704Z,,,,-3050,-813,2926,-467,-344,-507,,,,0.078307904,0.2897941768169403,-0.389586389,0.8706642985343933,,,
2026-03-06T22:27:17.664Z,,,,-2207,1525,3674,-2292,-169,-790,,,,0.12518277764320374,0.23358094692230225,-0.397276819,0.8785377740859985,,,
2026-03-06T22:27:17.624Z,,,,-1894,892,3942,-1252,1428,-66,,,,0.12023895233869553,0.20318551361560822,-0.397276819,0.8867164850234985,,,
2026-03-06T22:27:17.584Z,,,,-1364,603,4244,319,835,355,,,,0.11157198250293732,0.20245309174060822,-0.385497063,0.8932472467422485,,,
2026-03-06T22:27:17.544Z,,,,-2166,1442,3850,-1942,-245,491,,,,0.11737030744552612,0.25939875841140747,-0.379881829,0.8800636529922485,,,
2026-03-06T22:27:17.504Z,,,,-3208,-2231,1370,2787,-2759,1067,,,,0.037780665,0.3027946352958679,-0.36096099,0.8812233209609985,,,
2026-03-06T22:27:17.464Z,,,,-1754,-1428,3968,1055,1771,348,,,,-0.00708006,0.2624504864215851,-0.347655356,0.9000831246376038,,,
2026-03-06T22:27:17.424Z,,,,-1066,286,4369,-182,1036,-10,,,,0.001770015,0.23449647426605225,-0.280394793,0.930722713,,,
2026-03-06T22:27:17.384Z,,,,-3362,779,2853,731,-565,-900,,,,0.067321606,0.31005778908729553,-0.11633271,0.94109869,,,
2026-03-06T22:27:17.344Z,,,,-1887,355,3553,46,1519,-673,,,,0.06408675,0.2617180645465851,-0.096740477,0.9580664038658142,,,
2026-03-06T22:27:17.304Z,,,,-2169,808,3271,132,783,-635,,,,0.057617038,0.23760925233364105,-0.069763005,0.9670995473861694,,,
2026-03-06T22:27:17.264Z,,,,-1740,495,3580,432,796,-275,,,,0.041931044310331345,0.21404974162578583,-0.050536979,0.9745458364486694,,,
2026-03-06T22:27:17.224Z,,,,-1393,403,3787,359,583,-181,,,,0.025756770744919777,0.1967768371105194,-0.020873969,0.9798558950424194,,,
2026-03-06T22:27:17.184Z,,,,-1070,628,3959,280,259,-105,,,,0.00354003,0.1977533996105194,0.020935004577040672,0.9799779653549194,,,
2026-03-06T22:27:17.144Z,,,,-1427,374,3680,362,-573,202,,,,-0.01489254,0.22045841813087463,0.031249919906258583,0.9747289419174194,,,
2026-03-06T22:27:17.104Z,,,,-1713,-191,3791,546,-1053,297,,,,-0.055969093,0.25329524278640747,0.057494968,0.9639868140220642,,,
2026-03-06T22:27:17.064Z,,,,-2032,-605,3329,544,-395,-237,,,,-0.127380043,0.22595156729221344,0.16149860620498657,0.9521459937095642,,,
2026-03-06T22:27:17.024Z,,,,-1103,-404,3679,65,138,-414,,,,-0.12792936,0.20745795965194702,0.2736809253692627,0.930356503,,,
2026-03-06T22:27:16.984Z,,,,-1536,-234,3346,88,-195,-1046,,,,-0.137389779,0.23919616639614105,0.36083892,0.8908668756484985,,,
2026-03-06T22:27:16.944Z,,,,-2685,-407,3591,98,-360,-1269,,,,-0.13177456,0.2666008770465851,0.41662490367889404,0.8589455485343933,,,
2026-03-06T22:27:16.904Z,,,,-2601,906,3174,108,38,-783,,,,-0.110168174,0.2783806324005127,0.42028701305389404,0.8565041422843933,,,
2026-03-06T22:27:16.864Z,,,,-2103,673,3424,-334,-78,-617,,,,-0.074706838,0.2710564434528351,0.3866567313671112,0.8782325983047485,,,
2026-03-06T22:27:16.824Z,,,,-2292,696,3556,905,6,-756,,,,-0.082702428,0.2872307002544403,0.1971430480480194,0.933652401,,,
2026-03-06T22:27:16.784Z,,,,-1938,424,3650,662,-314,-859,,,,-0.074462697,0.2954094111919403,0.13281215727329254,0.9431127905845642,,,
2026-03-06T22:27:16.744Z,,,,-2168,-601,3472,1155,-10,-930,,,,0.13116420805454254,0.2726433575153351,-0.657285929,0.6901837587356567,,,
2026-03-06T22:27:16.704Z,,,,-1721,-706,3476,1080,509,-1399,,,,0.11285371333360672,0.2780754566192627,-0.615965247,0.728269637,,,
2026-03-06T22:27:16.664Z,,,,-1975,-1157,3496,814,133,-1818,,,,0.085265897,0.31445232033729553,-0.493834198,0.8061502575874329,,,
2026-03-06T22:27:16.624Z,,,,-2858,454,2686,1456,-318,-2324,,,,0.08715798,0.34496980905532837,-0.349913657,0.8665139079093933,,,
2026-03-06T22:27:16.584Z,,,,-2522,764,3527,1431,939,-1649,,,,0.083129667,0.2820427417755127,-0.25799495,0.920285702,,,
2026-03-06T22:27:16.544Z,,,,-1992,305,3518,-7,874,-900,,,,0.075073048,0.24084411561489105,-0.187438488,0.9492773413658142,,,
2026-03-06T22:27:16.504Z,,,,-1789,322,3607,472,186,-687,,,,0.063659504,0.23718200623989105,-0.164001048,0.9553808569908142,,,
2026-03-06T22:27:16.464Z,,,,-1491,124,3755,525,130,-559,,,,0.030395429581403732,0.23461854457855225,-0.124450363,0.9635595679283142,,,
2026-03-06T22:27:16.424Z,,,,-2016,-300,3510,561,46,-261,,,,-0.024536069,0.22711123526096344,-0.062560871,0.9714940786361694,,,
2026-03-06T22:27:16.384Z,,,,-2129,-7,4043,701,902,-806,,,,-0.050170768,0.1886591911315918,-0.001403805,0.9807103872299194,,,
2026-03-06T22:27:16.344Z,,,,-1014,-1098,3813,348,-616,-378,,,,-0.065734692,0.1859126091003418,0.007263165,0.9802831411361694,,,
2026-03-06T22:27:16.304Z,,,,-1577,-306,3936,286,228,-345,,,,-0.067321606,0.1879878044128418,0.024475034326314926,0.9794896841049194,,,
2026-03-06T22:27:16.264Z,,,,-1687,-852,3525,248,-111,-545,,,,-0.082824498,0.1873774528503418,0.043945200741291046,0.9777806997299194,,,
2026-03-06T22:27:16.224Z,,,,-1436,-663,3711,607,146,-471,,,,-0.103881568,0.18243362,0.070190251,0.9751561880111694,,,
2026-03-06T22:27:16.184Z,,,,-1918,-1198,3457,701,141,-315,,,,-0.119872741,0.1892695277929306,0.089172132,0.9704564809799194,,,
2026-03-06T22:27:16.144Z,,,,-1416,-982,3747,-240,-422,-529,,,,-0.120238952,0.17272904515266418,0.091186292,0.9733251333236694,,,
2026-03-06T22:27:16.104Z,,,,-1531,-311,3880,-321,54,159,,,,-0.108642302,0.17211869359016418,0.083129667,0.9754613637924194,,,
2026-03-06T22:27:16.064Z,,,,-1065,-1322,3644,-193,130,307,,,,-0.118224792,0.15820272266864777,0.071838193,0.9775975942611694,,,
2026-03-06T22:27:16.024Z,,,,-1098,-270,4112,548,621,503,,,,-0.101562239,0.13854944705963135,0.073913388,0.9822973012924194,,,
2026-03-06T22:27:15.984Z,,,,-952,-771,3811,-122,111,-94,,,,-0.105407447,0.12963834404945374,0.086303487,0.9821141958236694,,,
2026-03-06T22:27:15.944Z,,,,-223,-793,4179,315,255,-461,,,,-0.097594962,0.056518409,0.13647426664829254,0.9841893911361694,,,
2026-03-06T22:27:15.904Z,,,,696,-120,4064,-458,1315,-197,,,,-0.077270307,0.030944744125008583,0.14318810403347015,0.9861425161361694,,,
2026-03-06T22:27:15.864Z,,,,-263,-1558,3754,153,-630,143,,,,-0.080199987,0.042663466185331345,0.13720667362213135,0.9863256216049194,,,
2026-03-06T22:27:15.824Z,,,,-74,-653,4217,-422,-95,-34,,,,-0.069030583,0.048156615,0.13732874393463135,0.9868749380111694,,,
2026-03-06T22:27:15.784Z,,,,-819,378,4186,-140,-305,-89,,,,-0.03637686,0.12200896441936493,0.18041946,0.9752782583236694,,,
2026-03-06T22:27:15.744Z,,,,-1463,-221,4269,-127,-500,-444,,,,-0.033386145,0.14013636112213135,0.1899409145116806,0.9711278676986694,,,
2026-03-06T22:27:15.704Z,,,,-1266,201,3766,-527,-628,79,,,,-0.013732875,0.15551717579364777,0.16546589136123657,0.9737523794174194,,,
2026-03-06T22:27:15.664Z,,,,-764,183,4154,176,238,417,,,,-0.030883711,0.13952600955963135,0.13903772830963135,0.9798558950424194,,,
2026-03-06T22:27:15.624Z,,,,-621,-611,3893,597,91,552,,,,-0.051879749,0.13543666899204254,0.12622037529945374,0.9813207387924194,,,
2026-03-06T22:27:15.584Z,,,,-1105,-12,4027,163,101,191,,,,-0.06249984,0.14062464237213135,0.11431855708360672,0.9813817739486694,,,
2026-03-06T22:27:15.544Z,,,,-1051,-474,4655,292,6,413,,,,-0.074462697,0.14147913455963135,0.10302708297967911,0.9816869497299194,,,
2026-03-06T22:27:15.504Z,,,,-1468,-1173,3430,633,-418,145,,,,-0.107482634,0.14129602909088135,0.10302708297967911,0.9786351919174194,,,
2026-03-06T22:27:15.464Z,,,,-921,-925,3835,114,257,103,,,,-0.111633018,0.12866178154945374,0.10217259079217911,0.9800390005111694,,,
2026-03-06T22:27:15.424Z,,,,-953,-614,3749,133,41,-35,,,,-0.108398162,0.13549770414829254,0.11077852547168732,0.9785131216049194,,,
2026-03-06T22:27:15.384Z,,,,-634,-869,4147,-429,182,-190,,,,-0.096740477,0.13171352446079254,0.11309785395860672,0.9800390005111694,,,
2026-03-06T22:27:15.344Z,,,,-667,-299,3786,-296,346,-30,,,,-0.066039868,0.13903772830963135,0.11212129145860672,0.9816869497299194,,,
2026-03-06T22:27:15.304Z,,,,-883,-193,4263,-724,-548,-161,,,,-0.0537108,0.15576131641864777,0.11376924067735672,0.9796727895736694,,,
2026-03-06T22:27:15.264Z,,,,-1708,-985,4261,-118,-381,-157,,,,-0.054077011,0.179259792,0.11962860077619553,0.9749730825424194,,,
2026-03-06T22:27:15.224Z,,,,-1687,441,3633,-497,-1077,-381,,,,-0.02099604,0.1920771449804306,0.11566132307052612,0.9742406606674194,,,
2026-03-06T22:27:15.184Z,,,,-1079,283,3819,-11,737,264,,,,-0.024719175,0.16418415307998657,0.10754366964101791,0.9801610708236694,,,
2026-03-06T22:27:15.144Z,,,,-1355,-189,3891,223,452,183,,,,-0.033386145,0.15417440235614777,0.10485813021659851,0.9818700551986694,,,
2026-03-06T22:27:15.104Z,,,,146,572,4536,-144,871,164,,,,-0.034484774,0.10192845016717911,0.085876241,0.9904149174690247,,,
2026-03-06T22:27:15.064Z,,,,-2516,-427,3934,683,-1291,96,,,,-0.06237777,0.13708460330963135,0.08459451,0.9849218130111694,,,
2026-03-06T22:27:15.024Z,,,,-1661,-1339,3338,999,-358,18,,,,-0.092223883,0.12396208196878433,0.086547628,0.9841283559799194,,,
2026-03-06T22:27:14.984Z,,,,-828,-986,3600,210,692,68,,,,-0.094726317,0.10150120407342911,0.088195577,0.9863256216049194,,,
2026-03-06T22:27:14.944Z,,,,42,-1397,3881,-281,283,-156,,,,-0.078185834,0.046996951,0.095336668,0.9912083745002747,,,
2026-03-06T22:27:14.904Z,,,,562,-126,4134,-874,1994,164,,,,0.00134277,-0.00231933,0.11920135468244553,0.9928563237190247,,,
2026-03-06T22:27:14.864Z,,,,261,-410,4847,-518,111,-571,,,,0.01818843,-0.00097656,0.13677942752838135,0.9904149174690247,,,
2026-03-06T22:27:14.824Z,,,,-1011,1081,4189,-1147,-468,-193,,,,0.055541851,0.01745601,0.14129602909088135,0.9882177114486694,,,
2026-03-06T22:27:14.784Z,,,,-1099,698,3624,-975,-36,229,,,,0.083007596,0.003112785,0.13024869561195374,0.9879735708236694,,,
2026-03-06T22:27:14.744Z,,,,991,1262,3658,-710,2340,569,,,,0.11199922114610672,-0.065978833,0.10601779818534851,0.9857763051986694,,,
2026-03-06T22:27:14.704Z,,,,792,1491,3638,-247,1672,796,,,,0.13403286039829254,-0.120849296,0.041931044310331345,0.9826635122299194,,,
2026-03-06T22:27:14.664Z,,,,2833,1852,3258,-3,1977,1298,,,,0.13507045805454254,-0.184569836,-0.00939939,0.9733861684799194,,,
2026-03-06T22:27:14.624Z,,,,3834,-915,4163,1459,1401,1367,,,,0.094543211,-0.191405758,-0.060790859,0.9750341176986694,,,
2026-03-06T22:27:14.584Z,,,,-97,3618,5693,-341,-2986,839,,,,0.12518277764320374,-0.036193755,-0.081115514,0.9880956411361694,,,
2026-03-06T22:27:14.544Z,,,,-1429,-1230,2809,1594,-3851,839,,,,0.010192845,0.054321151,-0.080810338,0.9951756596565247,,,
2026-03-06T22:27:14.504Z,,,,-367,9,3733,695,245,109,,,,0.002868645,0.01354977,-0.094238043,0.9954198002815247,,,
2026-03-06T22:27:14.464Z,,,,243,-721,4302,-132,1261,187,,,,-0.00427245,-0.02026362,-0.098388419,0.9948704838752747,,,
2026-03-06T22:27:14.424Z,,,,469,5,4116,227,877,-7,,,,-0.00500487,-0.050536979,-0.089355238,0.9946873784065247,,,
2026-03-06T22:27:14.384Z,,,,781,222,4446,-201,881,-508,,,,-0.00622557,-0.067687817,-0.068420231,0.9952977299690247,,,
2026-03-06T22:27:14.344Z,,,,430,-96,4057,-5,196,-580,,,,-0.00915525,-0.063659504,-0.050170768,0.9966405034065247,,,
2026-03-06T22:27:14.304Z,,,,45,251,4187,56,-83,-377,,,,-0.017517045,-0.06384261,0.00866697,0.9977391362190247,,,
2026-03-06T22:27:14.264Z,,,,830,-411,4106,364,-629,-173,,,,-0.029235765,-0.064391926,0.00158691,0.9974339604377747,,,
2026-03-06T22:27:14.224Z,,,,784,-558,3837,371,293,303,,,,-0.041870009,-0.064758137,-0.00195312,0.9970067143440247,,,
2026-03-06T22:27:14.184Z,,,,464,-457,4045,372,-183,-71,,,,-0.048950069,-0.051818714,-0.00195312,0.9974339604377747,,,
2026-03-06T22:27:14.144Z,,,,754,-966,3845,85,-464,18,,,,-0.06420882,-0.04943835,-0.00744627,0.9966405034065247,,,
2026-03-06T22:27:14.104Z,,,,499,-399,4159,80,84,-1,,,,-0.049194209,-0.031310953,0.01489254,0.9981663823127747,,,
2026-03-06T22:27:14.064Z,,,,456,-343,4189,-178,-215,-441,,,,-0.044982795,-0.016540485,0.038696188,0.9980443120002747,,,
2026-03-06T22:27:14.024Z,,,,421,-1000,3944,-390,225,449,,,,-0.043762095,-0.013977015,0.032104410231113434,0.9984105229377747,,,
2026-03-06T22:27:13.984Z,,,,-345,148,3982,37,-64,-272,,,,-0.006164535,0.013366665,0.076354787,0.9969456791877747,,,
2026-03-06T22:27:13.944Z,,,,-609,920,4303,-381,-487,-621,,,,0.00622557,0.023986754938960075,0.093627691,0.9952366948127747,,,
2026-03-06T22:27:13.904Z,,,,-206,144,3889,55,356,-115,,,,0.00769041,0.016601519659161568,0.092895269,0.9954808354377747,,,
2026-03-06T22:27:13.864Z,,,,-451,134,4139,-162,-116,72,,,,0.01330563,0.017761186,0.090514906,0.9956029057502747,,,
2026-03-06T22:27:13.824Z,,,,-249,525,4418,-185,531,162,,,,0.031616128981113434,0.016967730596661568,0.085204862,0.9956639409065247,,,
2026-03-06T22:27:13.784Z,,,,-142,391,4234,-227,-386,-465,,,,0.029724045,0.027282644,0.10388156771659851,0.9937108159065247,,,
2026-03-06T22:27:13.744Z,,,,103,630,4142,115,225,-193,,,,0.025634700432419777,0.021850530058145523,0.11022920906543732,0.9932835698127747,,,
2026-03-06T22:27:13.704Z,,,,685,273,4111,391,-339,-167,,,,0.013915980234742165,0.010314915,0.095275633,0.9952366948127747,,,
2026-03-06T22:27:13.664Z,,,,-273,124,4236,145,86,391,,,,-0.01196286,0.02978508,0.039672751,0.9986546635627747,,,
2026-03-06T22:27:13.624Z,,,,22,-267,3964,292,-515,993,,,,-0.024108825,0.041381732,0.00927732,0.9987767338752747,,,
2026-03-06T22:27:13.584Z,,,,-357,12,4349,478,-274,626,,,,-0.0463866,0.061889488250017166,-0.01159665,0.9968846440315247,,,
2026-03-06T22:27:13.544Z,,,,-885,-1217,3439,921,-693,206,,,,-0.076110646,0.076598927,-0.01489254,0.9940159916877747,,,
2026-03-06T22:27:13.504Z,,,,-1008,-1281,3780,525,28,0,,,,-0.103698462,0.0842283,-0.001281735,0.9909642338752747,,,
2026-03-06T22:27:13.464Z,,,,-152,-484,4078,13,-452,-471,,,,-0.049133174,0.075073048,0.017394975,0.9957860112190247,,,
2026-03-06T22:27:13.424Z,,,,-439,173,4045,-467,-274,-89,,,,-0.01879878,0.10516330599784851,0.018249465,0.9940770268440247,,,
2026-03-06T22:27:13.384Z,,,,-582,-293,4362,-404,-24,101,,,,-0.018493606,0.11334199458360672,0.0134277,0.9932225346565247,,,
2026-03-06T22:27:13.344Z,,,,-1698,558,3940,226,-397,192,,,,0.0073242,0.14605675637722015,-0.007263165,0.9891942143440247,,,
2026-03-06T22:27:13.304Z,,,,-742,299,4093,-345,92,285,,,,0.006530745,0.12145964801311493,-0.035339266,0.9918797612190247,,,
2026-03-06T22:27:13.264Z,,,,-103,237,4072,230,385,686,,,,0.00109863,0.10845919698476791,-0.056823585,0.9924290776252747,,,
2026-03-06T22:27:13.224Z,,,,-121,201,3919,2,-152,765,,,,-0.000427245,0.11840789765119553,-0.080810338,0.9896214604377747,,,
2026-03-06T22:27:13.184Z,,,,-543,448,4139,153,-871,851,,,,-0.010070775,0.15978963673114777,-0.127685219,0.9787572622299194,,,
2026-03-06T22:27:13.144Z,,,,-1271,-688,3703,647,-988,527,,,,-0.054382186,0.16564899682998657,-0.142638788,0.9742406606674194,,,
2026-03-06T22:27:13.104Z,,,,-509,-861,3979,302,454,-12,,,,-0.060790859,0.15258750319480896,-0.121764824,0.9788182973861694,,,
2026-03-06T22:27:13.064Z,,,,-442,-517,3940,-101,-311,-896,,,,-0.038940329,0.20123238861560822,-0.01757808,0.9785741567611694,,,
2026-03-06T22:27:13.024Z,,,,-1696,-1108,4407,191,-718,-1151,,,,-0.026672294,0.22613467276096344,0.018554639,0.9735082387924194,,,
2026-03-06T22:27:12.984Z,,,,-2351,1544,3369,-1312,-864,-870,,,,0.049682491,0.23431336879730225,0.052245959639549255,0.9694188833236694,,,
2026-03-06T22:27:12.944Z,,,,-1629,452,3982,60,477,-870,,,,0.024658139795064926,0.20495553314685822,0.11669892072677612,0.9714330434799194,,,
2026-03-06T22:27:12.904Z,,,,-1804,1332,3769,959,38,-713,,,,0.00878904,0.20794624090194702,0.15667684376239777,0.9654515981674194,,,
2026-03-06T22:27:12.864Z,,,,-1450,458,3912,511,-13,-351,,,,-0.0134277,0.2001948058605194,0.17687943577766418,0.9634985327720642,,,
2026-03-06T22:27:12.824Z,,,,-1736,-277,4415,840,229,-293,,,,-0.073852353,0.1930537074804306,0.21826115250587463,0.9536718726158142,,,
2026-03-06T22:27:12.784Z,,,,-2161,-644,3285,1053,-600,-433,,,,-0.099364981,0.2002558410167694,0.24554380774497986,0.9432348608970642,,,
2026-03-06T22:27:12.744Z,,,,-2561,96,3169,709,-213,-984,,,,-0.106078833,0.1973871886730194,0.2788078784942627,0.933774471,,,
2026-03-06T22:27:12.704Z,,,,-1493,-743,3603,279,838,-860,,,,-0.111571983,0.17620804905891418,0.3008415102958679,0.930539608,,,
2026-03-06T22:27:12.664Z,,,,-1507,-579,3788,461,349,-431,,,,-0.122008964,0.15454061329364777,0.33489903807640076,0.921384335,,,
2026-03-06T22:27:12.624Z,,,,-1487,-428,3743,257,196,-408,,,,-0.130370766,0.14971885085105896,0.361205131,0.9110694527626038,,,
2026-03-06T22:27:12.584Z,,,,-1701,-75,3955,287,102,-238,,,,-0.132568017,0.14959678053855896,0.3881826102733612,0.8995948433876038,,,
2026-03-06T22:27:12.544Z,,,,-1404,-852,3718,294,115,-236,,,,-0.142333627,0.14062464237213135,0.3967885375022888,0.8958106637001038,,,
2026-03-06T22:27:12.504Z,,,,-1393,-779,3769,321,89,-278,,,,-0.147582635,0.13708460330963135,0.40637102723121643,0.8911720514297485,,,
2026-03-06T22:27:12.464Z,,,,-1125,-1079,3642,183,74,-288,,,,-0.151305765,0.11999481171369553,0.4648425579071045,0.8640114665031433,,,
2026-03-06T22:27:12.424Z,,,,-1106,-127,3855,-63,85,-1019,,,,-0.136962533,0.12322966754436493,0.4930407404899597,0.8502175211906433,,,
2026-03-06T22:27:12.384Z,,,,-1342,-766,3901,-583,381,-1021,,,,-0.121703789,0.13439907133579254,0.5289292931556702,0.8289773464202881,,,
2026-03-06T22:27:12.344Z,,,,-1666,-284,4079,103,200,-917,,,,-0.115600288,0.13598598539829254,0.5547471046447754,0.8125589489936829,,,
2026-03-06T22:27:12.304Z,,,,-1234,-140,3912,-107,173,-1072,,,,-0.102294661,0.13024869561195374,0.6161483526229858,0.7699565291404724,,,
2026-03-06T22:27:12.264Z,,,,-1157,404,4095,97,194,-1171,,,,-0.093200445,0.13561977446079254,0.6668073534965515,0.726743758,,,
2026-03-06T22:27:12.224Z,,,,-1119,259,3720,173,-188,-864,,,,-0.101257063,0.13854944705963135,0.6868268251419067,0.7062360048294067,,,
2026-03-06T22:27:12.184Z,,,,-2007,995,3756,293,-444,-1126,,,,-0.110839561,0.14709435403347015,0.711790144,0.6777326464653015,,,
2026-03-06T22:27:12.144Z,,,,-1076,741,4334,427,347,-1088,,,,-0.102477767,0.13775599002838135,0.7379131317138672,0.6525862216949463,,,
2026-03-06T22:27:12.104Z,,,,-1053,856,4160,34,224,-1052,,,,-0.093932867,0.13342250883579254,0.7587260603904724,0.6305525898933411,,,
2026-03-06T22:27:12.064Z,,,,-1020,857,4049,425,92,-694,,,,-0.109924033,0.12756314873695374,0.7893046140670776,0.5903915762901306,,,
2026-03-06T22:27:12.024Z,,,,-944,576,4082,427,-498,-305,,,,-0.129455239,0.12609830498695374,0.7924784421920776,0.5823959708213806,,,
2026-03-06T22:27:11.984Z,,,,-1584,1311,4020,203,-269,386,,,,-0.185424328,0.16033893823623657,0.7575053572654724,0.6049789190292358,,,
2026-03-06T22:27:11.944Z,,,,-2433,-35,3403,399,-1171,863,,,,-0.24249205,0.15258750319480896,0.7339458465576172,0.6157211065292358,,,
2026-03-06T22:27:11.904Z,,,,-2070,-2444,3178,2041,-498,1012,,,,-0.269103318,0.078185834,0.7064191102981567,0.6499006748199463,,,
2026-03-06T22:27:11.864Z,,,,-1662,-1232,3379,-1174,605,888,,,,-0.227233306,0.088561788,0.6817609667778015,0.6896344423294067,,,
2026-03-06T22:27:11.824Z,,,,-1315,-1240,3582,-1024,470,949,,,,-0.20758003,0.094238043,0.6692487597465515,0.7070904970169067,,,
2026-03-06T22:27:11.784Z,,,,-838,-525,4065,-1206,264,583,,,,-0.169433162,0.11944549530744553,0.6520369052886963,0.729185164,,,
2026-03-06T22:27:11.744Z,,,,-752,-29,4007,-1100,-56,201,,,,-0.164489329,0.14776574075222015,0.6426374912261963,0.7335186004638672,,,
2026-03-06T22:27:11.704Z,,,,-3625,164,2605,-33,-1121,149,,,,-0.188476086,0.25060969591140747,0.5932601690292358,0.7413311004638672,,,
2026-03-06T22:27:11.664Z,,,,-1624,836,3623,-1064,610,496,,,,-0.076843068,0.22381535172462463,0.5650010108947754,0.7904032468795776,,,
2026-03-06T22:27:11.624Z,,,,-1363,920,3750,-277,558,173,,,,-0.070251286,0.21575872600078583,0.5432725548744202,0.8082864880561829,,,
2026-03-06T22:27:11.584Z,,,,-1677,373,3653,147,-173,667,,,,-0.088195577,0.21417181193828583,0.5263658165931702,0.8180521130561829,,,
2026-03-06T22:27:11.544Z,,,,-1561,358,3552,468,-109,675,,,,-0.10473606,0.20660346746444702,0.5176378488540649,0.8235452771186829,,,
2026-03-06T22:27:11.504Z,,,,-1688,-495,3771,642,-31,262,,,,-0.164428294,0.15783651173114777,0.4929797053337097,0.8395974636077881,,,
2026-03-06T22:27:11.464Z,,,,-1640,-718,3411,162,-192,153,,,,-0.171386287,0.14648400247097015,0.4854113459587097,0.8446633815765381,,,
2026-03-06T22:27:11.424Z,,,,-1341,-458,4027,-334,538,6,,,,-0.154601648,0.13677942752838135,0.4863879084587097,0.8489357829093933,,,
2026-03-06T22:27:11.384Z,,,,-1453,-496,3863,-139,252,0,,,,-0.146850213,0.13220180571079254,0.4871203303337097,0.8506447672843933,,,
2026-03-06T22:27:11.344Z,,,,-1229,-301,3801,-122,177,-13,,,,-0.133056298,0.13403286039829254,0.4940173029899597,0.8486306667327881,,,
2026-03-06T22:27:11.304Z,,,,-1249,-296,3987,-141,-150,-300,,,,-0.131652489,0.14050257205963135,0.5013414621353149,0.8434426784515381,,,
2026-03-06T22:27:11.264Z,,,,-1613,-306,3691,0,-67,-395,,,,-0.129272133,0.15734823048114777,0.5253892540931702,0.8260476589202881,,,
2026-03-06T22:27:11.224Z,,,,-1265,172,4205,-220,85,-561,,,,-0.106994353,0.14977988600730896,0.5570054054260254,0.8098123669624329,,,
2026-03-06T22:27:11.184Z,,,,-1400,485,3745,166,164,-630,,,,-0.105102271,0.15502889454364777,0.5931380987167358,0.7828959226608276,,,
2026-03-06T22:27:11.144Z,,,,-1338,647,3985,314,-80,-760,,,,-0.109130576,0.15167197585105896,0.6061385869979858,0.7730082869529724,,,
2026-03-06T22:27:11.104Z,,,,-760,595,3994,566,-11,-701,,,,-0.126586586,0.13317836821079254,0.6318343281745911,0.7529277801513672,,,
2026-03-06T22:27:11.064Z,,,,-3298,-1012,2421,1133,205,-542,,,,-0.234008193,0.12792935967445374,0.6643659472465515,0.6981183290481567,,,
2026-03-06T22:27:11.024Z,,,,-2285,-1438,3253,2502,-138,-427,,,,-0.250243485,0.070434391,0.6874371767044067,0.6780378222465515,,,
2026-03-06T22:27:10.984Z,,,,-1363,-981,3766,1101,1087,-687,,,,-0.236693725,0.039733786,0.719236434,0.6519148349761963,,,
2026-03-06T22:27:10.944Z,,,,-703,-681,4414,394,987,-1386,,,,-0.233580947,0.020996039733290672,0.7926005125045776,0.5627427101135254,,,
2026-03-06T22:27:10.904Z,,,,-310,-2550,3825,959,-24,-1782,,,,-0.255065262,0.008728005,0.8215921521186829,0.5097032785415649,,,
2026-03-06T22:27:10.864Z,,,,-2068,711,3730,450,-980,-1919,,,,-0.231383681,0.089416273,0.8904396295547485,0.3814077079296112,,,
2026-03-06T22:27:10.824Z,,,,-1524,601,3791,900,1099,-1456,,,,-0.212584898,0.055541851,0.9153419137001038,0.33734044432640076,,,
2026-03-06T22:27:10.784Z,,,,0,-321,4073,1213,826,-1122,,,,-0.200561017,0.018737745,0.930661678,0.3052970767021179,,,
2026-03-06T22:27:10.744Z,,,,-1326,1722,4684,856,115,-696,,,,-0.225829497,0.035339266,0.931027889,0.2844231128692627,,,
2026-03-06T22:27:10.704Z,,,,-3070,-127,3809,-583,-1018,-645,,,,-0.283263445,0.00476073,0.920835018,0.2677605450153351,,,
2026-03-06T22:27:10.664Z,,,,-351,-875,3537,2882,-1570,62,,,,-0.246093124,-0.090698011,0.941403866,0.21166938543319702,,,
2026-03-06T22:27:10.624Z,,,,-3027,-1048,4695,337,135,-1046,,,,-0.261046708,-0.091369398,0.9448828101158142,0.17492631077766418,,,
2026-03-06T22:27:10.584Z,,,,-83,-1829,1915,531,-253,-1189,,,,-0.335021108,-0.135253564,0.926511288,0.10449191927909851,,,
2026-03-06T22:27:10.544Z,,,,-5233,487,2155,-2327,-3681,-1905,,,,-0.435240597,-0.01379391,0.8970313668251038,0.074828908,,,
2026-03-06T22:27:10.504Z,,,,-4345,478,2780,165,1239,-77,,,,-0.391295373,-0.026428156,0.9172340035438538,0.068969548,,,
2026-03-06T22:27:10.464Z,,,,-2541,-383,4222,804,2339,9,,,,-0.341307729,-0.063232258,0.936704159,0.044433478,,,
2026-03-06T22:27:10.424Z,,,,-3399,-3909,3803,2367,908,-468,,,,0.355650932,0.17053179442882538,-0.915525019,0.078552045,,,
2026-03-06T22:27:10.384Z,,,,-2793,-485,3353,-1403,1521,-369,,,,0.2853386104106903,0.11016817390918732,-0.943723142,0.12567105889320374,,,
2026-03-06T22:27:10.344Z,,,,-3333,151,2880,123,452,-913,,,,0.2707512676715851,0.10180637985467911,-0.944821775,0.15319785475730896,,,
2026-03-06T22:27:10.304Z,,,,-2170,258,3572,-10,1310,-337,,,,0.23675476014614105,0.089599378,-0.953366697,0.16387897729873657,,,
2026-03-06T22:27:10.264Z,,,,-1844,334,4110,-224,867,94,,,,0.21655218303203583,0.077758588,-0.960019529,0.15911825001239777,,,
2026-03-06T22:27:10.224Z,,,,-1731,-275,3682,296,346,517,,,,0.20935004949569702,0.072997861,-0.964963377,0.14001429080963135,,,
2026-03-06T22:27:10.184Z,,,,-1788,-58,3765,-350,103,226,,,,0.21032661199569702,0.053405624,-0.968747497,0.11956756561994553,,,
2026-03-06T22:27:10.144Z,,,,-1973,-139,3586,-360,-79,373,,,,0.21392767131328583,0.044189341366291046,-0.970151305,0.10479709506034851,,,
2026-03-06T22:27:10.104Z,,,,-1081,56,4232,-579,150,496,,,,0.14398156106472015,0.015197714790701866,-0.987363219,0.063659504,,,
2026-03-06T22:27:10.064Z,,,,-1094,-378,4131,569,392,281,,,,0.13549770414829254,0.025634700432419777,-0.988583863,0.060546718537807465,,,
2026-03-06T22:27:10.024Z,,,,-817,37,3964,82,560,170,,,,0.11773651093244553,0.02819817,-0.991208375,0.052245959639549255,,,
2026-03-06T22:27:09.984Z,,,,-313,-750,4038,-23,355,275,,,,-0.028503345,-0.07287579,0.9960911870002747,0.03930654,,,
2026-03-06T22:27:09.944Z,,,,-594,593,1726,40,-547,115,,,,-0.135863915,-0.096435301,0.9855321645736694,0.028869554,,,
2026-03-06T22:27:09.904Z,,,,-594,593,1726,-286,212,563,,,,-0.135863915,-0.096435301,0.9855321645736694,0.028869554,,,
2026-03-06T22:27:09.864Z,,,,-1690,448,3506,-286,212,563,,,,-0.112792678,-0.090942152,0.9888890385627747,0.031982339918613434,,,
2026-03-06T22:27:09.824Z,,,,-732,515,4165,332,680,-216,,,,-0.053893905,-0.049377315,0.9965794682502747,0.038207911,,,
2026-03-06T22:27:09.784Z,,,,-880,330,4362,-800,370,349,,,,-0.074401662,-0.000793455,0.9951146245002747,0.064697102,,,
2026-03-06T22:27:09.744Z,,,,-509,45,4543,-495,97,104,,,,-0.070068181,0.006896955,0.9949315190315247,0.071349911,,,
2026-03-06T22:27:09.704Z,,,,-1434,-843,4334,-199,-378,150,,,,-0.117309272,-0.0146484,0.9873632192611694,0.10534641146659851,,,
2026-03-06T22:27:09.664Z,,,,172,-1064,3267,576,-492,407,,,,-0.074035458,-0.056945655,0.9874852895736694,0.12664762139320374,,,
2026-03-06T22:27:09.624Z,,,,-863,1689,4310,84,1076,259,,,,-0.042297255,0.005187975,0.9801000356674194,0.1937861293554306,,,
2026-03-06T22:27:09.584Z,,,,-899,438,3061,411,-604,311,,,,-0.07580547,-0.018554639,0.9716161489486694,0.22314396500587463,,,
2026-03-06T22:27:09.544Z,,,,-688,-611,3244,363,115,631,,,,-0.022277774,-0.050659049,0.9724706411361694,0.22613467276096344,,,
2026-03-06T22:27:09.504Z,,,,-414,-1548,3170,-362,-296,-50,,,,-0.010070775,-0.065612622,0.9705175161361694,0.23162782192230225,,,
2026-03-06T22:27:09.464Z,,,,140,-86,3793,210,709,95,,,,0.014404259622097015,-0.076171681,0.9662450551986694,0.24548277258872986,,,
2026-03-06T22:27:09.424Z,,,,-31,-1109,3663,260,51,415,,,,-0.008483865,-0.116943061,0.9542211890220642,0.2750847339630127,,,
2026-03-06T22:27:09.384Z,,,,112,-625,3917,158,-285,539,,,,-0.007751445,-0.112182327,0.9517797827720642,0.2853386104106903,,,
2026-03-06T22:27:09.344Z,,,,428,-920,3602,-75,-147,156,,,,0.012756315059959888,-0.11914032,0.9455541968345642,0.3023673892021179,,,
2026-03-06T22:27:09.304Z,,,,647,-339,3980,133,456,630,,,,0.030578535050153732,-0.095580809,0.926694393,0.362059623,,,
2026-03-06T22:27:09.264Z,,,,209,-14,4640,-797,7,1405,,,,0.023010194301605225,-0.071899228,0.9084449410438538,0.41107073426246643,,,
2026-03-06T22:27:09.224Z,,,,-57,-728,4110,-111,-1039,1965,,,,-0.00476073,-0.040588275,0.7946757078170776,0.6055282354354858,,,
2026-03-06T22:27:09.184Z,,,,608,-253,4319,-396,-438,2477,,,,-0.025207454,0.003967275,0.7068463563919067,0.7068463563919067,,,
2026-03-06T22:27:09.144Z,,,,-83,-898,3855,-401,-1184,1697,,,,-0.059387054,0.047363158,0.6282332539558411,0.7742289900779724,,,
2026-03-06T22:27:09.104Z,,,,-1891,361,4029,-148,-678,1427,,,,-0.075317189,0.11462373286485672,0.5565171241760254,0.8193948864936829,,,
2026-03-06T22:27:09.064Z,,,,-1663,923,4026,-1129,-363,1588,,,,-0.060546719,0.13964807987213135,0.5091539621353149,0.8470437526702881,,,
2026-03-06T22:27:09.024Z,,,,-1539,119,3983,-672,-351,1686,,,,-0.054015975,0.17028765380382538,0.41534316539764404,0.8919044733047485,,,
2026-03-06T22:27:08.984Z,,,,-1823,467,3922,-187,-288,1119,,,,-0.067321606,0.1895747035741806,0.364134818,0.9092994332313538,,,
2026-03-06T22:27:08.944Z,,,,-1108,-92,3352,217,-105,563,,,,-0.076354787,0.1908564418554306,0.35107332468032837,0.9134498238563538,,,
2026-03-06T22:27:08.904Z,,,,-1330,-374,3938,81,-650,99,,,,-0.089660414,0.20617623627185822,0.34875398874282837,0.9097877144813538,,,
2026-03-06T22:27:08.864Z,,,,-1871,-302,3110,470,-409,-159,,,,-0.100707747,0.21380560100078583,0.355406791,0.9042945504188538,,,
2026-03-06T22:27:08.824Z,,,,-2038,-150,5474,302,72,-448,,,,-0.113769241,0.1870722770690918,0.3801259696483612,0.8986182808876038,,,
2026-03-06T22:27:08.784Z,,,,-2020,26,3738,-71,111,16,,,,-0.104491919,0.1981806457042694,0.3845205008983612,0.8954444527626038,,,
2026-03-06T22:27:08.744Z,,,,-1593,67,3971,-130,124,-266,,,,-0.101379134,0.1855463981628418,0.40722551941871643,0.8884254693984985,,,
2026-03-06T22:27:08.704Z,,,,-1815,-251,3524,67,-69,-348,,,,-0.108337127,0.1860957145690918,0.42156875133514404,0.8807960748672485,,,
2026-03-06T22:27:08.664Z,,,,-1933,-143,3724,32,-16,-217,,,,-0.109191611,0.1862177848815918,0.42767223715782166,0.8777443170547485,,,
2026-03-06T22:27:08.624Z,,,,-1655,-53,3853,101,47,-152,,,,-0.108886443,0.1882319450378418,0.43347057700157166,0.8744484186172485,,,
2026-03-06T22:27:08.584Z,,,,-1997,-385,3608,26,-215,-179,,,,-0.120666191,0.1943964809179306,0.43420299887657166,0.8712136149406433,,,
2026-03-06T22:27:08.544Z,,,,-1491,-278,4481,120,297,-4,,,,-0.103149153,0.17388871312141418,0.41924941539764404,0.8850075006484985,,,
2026-03-06T22:27:08.504Z,,,,-1585,2,3715,-445,-383,272,,,,-0.09008766,0.182677761,0.40563860535621643,0.8909889459609985,,,
2026-03-06T22:27:08.464Z,,,,-1711,-117,3716,-117,-118,24,,,,-0.089538343,0.1845088005065918,0.4002065062522888,0.8931251764297485,,,
2026-03-06T22:27:08.424Z,,,,-1602,-172,3749,-22,69,72,,,,-0.088134542,0.181884304,0.4003285765647888,0.8937355279922485,,,
2026-03-06T22:27:08.384Z,,,,-1754,46,3775,2,-25,-106,,,,-0.086120382,0.1843256950378418,0.40276995301246643,0.8923317193984985,,,
2026-03-06T22:27:08.344Z,,,,-1579,83,3900,-90,-66,-81,,,,-0.082519323,0.1841425895690918,0.40423479676246643,0.8920875787734985,,,
2026-03-06T22:27:08.304Z,,,,-1516,-62,3858,-32,61,-3,,,,-0.082824498,0.182921901,0.40490618348121643,0.8919655084609985,,,
2026-03-06T22:27:08.264Z,,,,-1607,-76,3805,31,-24,-45,,,,-0.084167264,0.182860866,0.40661516785621643,0.8910499811172485,,,
2026-03-06T22:27:08.224Z,,,,-1576,-29,3805,76,16,-60,,,,-0.084533475,0.182494655,0.40734758973121643,0.8908058404922485,,,
2026-03-06T22:27:08.184Z,,,,-1653,-14,3801,52,4,-56,,,,-0.085693143,0.18255569,0.40862932801246643,0.8900734186172485,,,
2026-03-06T22:27:08.144Z,,,,-1664,-131,3751,90,-19,-39,,,,-0.087341085,0.182250515,0.40966692566871643,0.8895241022109985,,,
2026-03-06T22:27:08.104Z,,,,-1608,-98,3766,35,21,-34,,,,-0.087463155,0.181823269,0.41009417176246643,0.8894020318984985,,,
2026-03-06T22:27:08.064Z,,,,-1605,48,3825,16,-3,-46,,,,-0.086913839,0.182189479,0.41137591004371643,0.8887916803359985,,,
2026-03-06T22:27:08.024Z,,,,-1661,100,3844,-51,12,-34,,,,-0.086242452,0.182677761,0.41162005066871643,0.8886696100234985,,,
2026-03-06T22:27:07.984Z,,,,-1615,70,3791,-51,12,-34,,,,-0.085815206,0.182494655,0.41186419129371643,0.8886085748672485,,,
2026-03-06T22:27:07.944Z,,,,-1615,70,3791,-18,28,-24,,,,-0.085815206,0.182494655,0.41186419129371643,0.8886085748672485,,,
2026-03-06T22:27:07.904Z,,,,-1657,-50,3826,-2,0,-5,,,,-0.085693143,0.1832270622253418,0.41162005066871643,0.8885475397109985,,,
2026-03-06T22:27:07.864Z,,,,-1680,27,3857,-44,-48,23,,,,-0.085449003,0.1837763786315918,0.41131487488746643,0.8886085748672485,,,
2026-03-06T22:27:07.824Z,,,,-1688,-22,3818,28,-2,16,,,,-0.085632108,0.1841425895690918,0.41107073426246643,0.8886085748672485,,,
2026-03-06T22:27:07.784Z,,,,-1622,-107,3751,28,-2,16,,,,-0.086059347,0.1837763786315918,0.41100969910621643,0.8886696100234985,,,
2026-03-06T22:27:07.744Z,,,,-1609,-48,3801,2,-29,2,,,,-0.086120382,0.1839594841003418,0.41100969910621643,0.8886696100234985,,,
2026-03-06T22:27:07.704Z,,,,-1632,52,3808,-17,-17,-1,,,,-0.085937276,0.1845698356628418,0.41094866394996643,0.8886085748672485,,,
2026-03-06T22:27:07.664Z,,,,-1632,52,3808,-20,-18,2,,,,-0.085937276,0.1845698356628418,0.41094866394996643,0.8886085748672485,,,
2026-03-06T22:27:07.624Z,,,,-1675,20,3796,10,-6,10,,,,-0.085937276,0.1848139762878418,0.41082659363746643,0.8886085748672485,,,
2026-03-06T22:27:07.584Z,,,,-1670,-53,3756,23,9,26,,,,-0.086303487,0.1846308708190918,0.41070452332496643,0.8886696100234985,,,
2026-03-06T22:27:07.544Z,,,,-1602,0,3828,23,9,26,,,,-0.086303487,0.1841425895690918,0.41009417176246643,0.8890358209609985,,,
2026-03-06T22:27:07.504Z,,,,-1626,-81,3814,19,-7,45,,,,-0.086974874,0.1840815544128418,0.40930071473121643,0.8893409967422485,,,
2026-03-06T22:27:07.464Z,,,,-1626,-81,3814,51,-5,37,,,,-0.086974874,0.1840815544128418,0.40930071473121643,0.8893409967422485,,,
2026-03-06T22:27:07.424Z,,,,-1633,7,3812,13,2,29,,,,-0.087585226,0.1845698356628418,0.40856829285621643,0.8895241022109985,,,
2026-03-06T22:27:07.384Z,,,,-1633,7,3812,1,-68,19,,,,-0.087585226,0.1845698356628418,0.40856829285621643,0.8895241022109985,,,
2026-03-06T22:27:07.344Z,,,,-1659,-126,3693,19,-26,15,,,,-0.088134542,0.1849360466003418,0.40838518738746643,0.8894630670547485,,,
2026-03-06T22:27:07.304Z,,,,-1741,-41,3739,8,-15,13,,,,-0.088256612,0.1851801872253418,0.40826311707496643,0.8894630670547485,,,
2026-03-06T22:27:07.264Z,,,,-1683,-204,3720,15,84,20,,,,-0.088439718,0.1848139762878418,0.40814104676246643,0.8895851373672485,,,
2026-03-06T22:27:07.224Z,,,,-1608,-118,3797,-53,70,24,,,,-0.087768331,0.1837763786315918,0.40795794129371643,0.8899513483047485,,,
2026-03-06T22:27:07.184Z,,,,-1583,74,3935,-10,17,-6,,,,-0.086852804,0.1837153434753418,0.40789690613746643,0.8900734186172485,,,
2026-03-06T22:27:07.144Z,,,,-1540,-74,3830,-10,17,-6,,,,-0.087096944,0.1834712028503418,0.40801897644996643,0.8900123834609985,,,
2026-03-06T22:27:07.104Z,,,,-1633,88,3924,-21,13,-21,,,,-0.086486593,0.1840205192565918,0.40814104676246643,0.8899513483047485,,,
2026-03-06T22:27:07.064Z,,,,-1695,76,3854,-46,-54,-7,,,,-0.086608663,0.1847529411315918,0.40795794129371643,0.8898292779922485,,,
2026-03-06T22:27:07.024Z,,,,-1698,-18,3749,7,-38,9,,,,-0.08715798,0.1848139762878418,0.40789690613746643,0.8898292779922485,,,
2026-03-06T22:27:06.984Z,,,,-1633,-120,3698,36,-16,14,,,,-0.087951437,0.1842036247253418,0.40765276551246643,0.8899513483047485,,,
2026-03-06T22:27:06.944Z,,,,-1609,-34,3757,8,26,30,,,,-0.087829366,0.1837763786315918,0.40746966004371643,0.8901344537734985,,,
2026-03-06T22:27:06.904Z,,,,-1603,-43,3792,8,26,30,,,,-0.087890401,0.1835322380065918,0.40722551941871643,0.8903175592422485,,,
2026-03-06T22:27:06.864Z,,,,-1624,-63,3838,19,14,28,,,,-0.088317648,0.1833491325378418,0.40685930848121643,0.8905006647109985,,,
2026-03-06T22:27:06.824Z,,,,-1624,-63,3838,-8,-9,23,,,,-0.088317648,0.1833491325378418,0.40685930848121643,0.8905006647109985,,,
2026-03-06T22:27:06.784Z,,,,-1624,-63,3838,-43,-3,38,,,,-0.200622037,0.081908971,0.7839335203170776,0.5816635489463806,,,
2026-03-06T22:27:06.744Z,,,,-1630,0,3793,-43,-3,38,,,,-0.198424786,0.072326474,0.7817362546920776,0.5867294669151306,,,
2026-03-06T22:27:06.704Z,,,,-1669,143,3881,-17,-13,43,,,,-0.1977534,0.080993444,0.7816141843795776,0.5859360098838806,,,
2026-03-06T22:27:06.664Z,,,,-1652,-15,3792,45,12,44,,,,-0.196349591,0.089416273,0.7800883054733276,0.5872177481651306,,,
2026-03-06T22:27:06.624Z,,,,-1613,-110,3781,45,12,44,,,,-0.187438488,0.10681124776601791,0.7832010984420776,0.5830063223838806,,,
2026-03-06T22:27:06.584Z,,,,-1613,-110,3781,-27,-18,43,,,,-0.197570294,0.179442897,0.7826517820358276,0.5622544288635254,,,
2026-03-06T22:27:06.544Z,,,,-1623,-91,3770,-27,-18,43,,,,-0.186034679,0.17498734593391418,0.7788676619529724,0.5727524161338806,,,
2026-03-06T22:27:06.504Z,,,,-1659,-26,3777,-28,0,45,,,,-0.169005916,0.16735796630382538,0.7770976424217224,0.5825790762901306,,,
2026-03-06T22:27:06.464Z,,,,-1646,-18,3788,-11,16,43,,,,-0.161132395,0.16247516870498657,0.7738017439842224,0.5905746817588806,,,
2026-03-06T22:27:06.424Z,,,,-1630,-18,3790,-1,25,50,,,,-0.157958582,0.15490682423114777,0.7711772322654724,0.5968612432479858,,,
2026-03-06T22:27:06.384Z,,,,-1630,-18,3790,562,-206,301,,,,-0.163634837,0.13085903227329254,0.7573832869529724,0.6184065937995911,,,
2026-03-06T22:27:06.344Z,,,,-1575,-34,3827,263,139,173,,,,-0.16119343,0.12377897650003433,0.7440776824951172,0.6362898945808411,,,
2026-03-06T22:27:06.304Z,,,,-1575,-34,3827,-264,-152,123,,,,-0.161254466,0.12329070270061493,0.731992781,0.6502668857574463,,,
2026-03-06T22:27:06.264Z,,,,-1575,-34,3827,-222,-144,141,,,,-0.16107136,0.12634244561195374,0.710813582,0.6728498339653015,,,
2026-03-06T22:27:06.224Z,,,,-1575,-34,3827,-376,-139,73,,,,-0.153503031,0.11285371333360672,0.6626570224761963,0.724180281,,,
2026-03-06T22:27:06.184Z,,,,-1575,-34,3827,-290,-59,-85,,,,-0.152282327,0.11999481171369553,0.6376937031745911,0.7454204559326172,,,
2026-03-06T22:27:06.144Z,,,,-1603,-16,3837,-506,-301,156,,,,-0.157470301,0.12194792926311493,0.6251204609870911,0.7546367645263672,,,
2026-03-06T22:27:06.104Z,,,,-1603,-16,3837,-271,746,373,,,,-0.144958124,0.11779754608869553,0.5936874151229858,0.7826517820358276,,,
2026-03-06T22:27:06.064Z,,,,-1598,-25,3825,-155,291,342,,,,-0.105956763,0.13439907133579254,0.5550522804260254,0.8139627575874329,,,
2026-03-06T22:27:06.024Z,,,,-1598,-25,3825,-31,275,370,,,,-0.088561788,0.14105188846588135,0.5548691749572754,0.8150613903999329,,,
2026-03-06T22:27:05.984Z,,,,-1598,-25,3825,136,161,512,,,,-0.087646261,0.14215052127838135,0.5529770851135254,0.8162210583686829,,,
2026-03-06T22:27:05.944Z,,,,-1636,-73,3822,-73,160,683,,,,-0.083068632,0.14886435866355896,0.5468735694885254,0.8196390271186829,,,
2026-03-06T22:27:05.904Z,,,,-1636,-73,3822,-127,86,968,,,,-0.057617038,0.13842737674713135,0.5355821251869202,0.8309915065765381,,,
2026-03-06T22:27:05.864Z,,,,-1616,-127,3793,-360,-84,1054,,,,-0.061645351,0.15441854298114777,0.5422959923744202,0.8234842419624329,,,
2026-03-06T22:27:05.824Z,,,,-1616,-127,3793,-295,265,1227,,,,-0.05957016,0.16235309839248657,0.5545029640197754,0.8139627575874329,,,
2026-03-06T22:27:05.784Z,,,,-1616,-127,3793,-306,-76,960,,,,-0.054260116,0.16827349364757538,0.5533432960510254,0.8139017224311829,,,
2026-03-06T22:27:05.744Z,,,,-1616,-127,3793,-186,-234,722,,,,-0.050598014,0.16473346948623657,0.5680527687072754,0.8046854138374329,,,
2026-03-06T22:27:05.704Z,,,,-1616,-127,3793,-96,-69,661,,,,-0.046325564,0.17266800999641418,0.5675644874572754,0.8036478161811829,,,
2026-03-06T22:27:05.664Z,,,,-1687,-32,3823,-387,232,503,,,,-0.047119021,0.16619829833507538,0.5673203468322754,0.8051126599311829,,,
2026-03-06T22:27:05.624Z,,,,-1687,-32,3823,-518,104,-79,,,,-0.04675281,0.16503864526748657,0.5674424171447754,0.8052957653999329,,,
2026-03-06T22:27:05.584Z,,,,-1687,-32,3823,-278,132,-54,,,,-0.047729369,0.16394001245498657,0.5687851905822754,0.8045023083686829,,,
2026-03-06T22:27:05.544Z,,,,-1687,-32,3823,-110,-92,172,,,,-0.036132719,0.16888384521007538,0.5787948966026306,0.7968729734420776,,,
2026-03-06T22:27:05.504Z,,,,-1880,-1097,3537,-308,246,202,,,,-0.026184015,0.17053179442882538,0.5816635489463806,0.7948588132858276,,,
2026-03-06T22:27:05.464Z,,,,-1344,-811,3770,-127,-496,-101,,,,-0.023071229,0.16967730224132538,0.5839828848838806,0.7934550046920776,,,
2026-03-06T22:27:05.424Z,,,,-1635,-541,3737,-16,-79,-67,,,,-0.019226026,0.17333939671516418,0.5894150137901306,0.7886942625045776,,,
2026-03-06T22:27:05.384Z,,,,-1321,-792,3532,-216,-136,-120,,,,0.00231933,0.1897578090429306,0.6006454229354858,0.7766093611717224,,,
2026-03-06T22:27:05.344Z,,,,-1226,-251,3725,-246,-103,40,,,,0.012390105053782463,0.1984858214855194,0.6097396612167358,0.7671489119529724,,,
2026-03-06T22:27:05.304Z,,,,-2983,336,2527,-71,-74,-41,,,,0.00769041,0.20477242767810822,0.6197493672370911,0.7575053572654724,,,
2026-03-06T22:27:05.264Z,,,,-2314,-12,3473,72,211,188,,,,-0.03332511,0.23309266567230225,0.6530134677886963,0.719724715,,,
2026-03-06T22:27:05.224Z,,,,-1761,340,4139,28,29,-9,,,,-0.033996496,0.25012141466140747,0.6801130175590515,0.6882306337356567,,,
2026-03-06T22:27:05.184Z,,,,-1665,349,3695,45,20,-72,,,,-0.041503798,0.23736511170864105,0.714597762,0.6566755771636963,,,
2026-03-06T22:27:05.144Z,,,,-1609,361,3715,13,-30,-88,,,,-0.058776706,0.22509707510471344,0.7474346160888672,0.6221907734870911,,,
2026-03-06T22:27:05.104Z,,,,-1540,-52,3924,-119,105,-37,,,,-0.07263165,0.21545355021953583,0.7773417830467224,0.5864853262901306,,,
2026-03-06T22:27:05.064Z,,,,-1176,-8,3828,-195,113,-168,,,,-0.096252196,0.20129342377185822,0.8052347302436829,0.5492539405822754,,,
2026-03-06T22:27:05.024Z,,,,-1260,-126,3728,-43,39,-69,,,,-0.177978054,0.17004351317882538,0.8444802761077881,0.4755847156047821,,,
2026-03-06T22:27:04.984Z,,,,-1683,-267,3755,-62,47,-86,,,,-0.195617169,0.15173301100730896,0.8615090250968933,0.44323617219924927,,,
2026-03-06T22:27:04.944Z,,,,-1357,-625,3863,-332,45,-129,,,,-0.196837872,0.12585416436195374,0.8830543756484985,0.40679827332496643,,,
2026-03-06T22:27:04.904Z,,,,-1562,-81,3979,-241,-76,-163,,,,-0.200499982,0.090453871,0.9034400582313538,0.3678579330444336,,,
2026-03-06T22:27:04.864Z,,,,-1862,-708,3701,42,-318,-201,,,,-0.207763135,0.046569705,0.923276424,0.31964030861854553,,,
2026-03-06T22:27:04.824Z,,,,-1410,-711,3711,-44,-232,-167,,,,-0.256652176,-0.004455555,0.94122076,0.21935978531837463,,,
2026-03-06T22:27:04.784Z,,,,-1157,-93,3728,138,-287,-925,,,,-0.266234666,-0.013244595,0.940732479,0.20953315496444702,,,
2026-03-06T22:27:04.744Z,,,,-1167,639,4073,824,-7,-1179,,,,-0.269408494,-0.014831505,0.941586971,0.20141549408435822,,,
2026-03-06T22:27:04.704Z,,,,-1227,76,3913,678,-311,-1205,,,,-0.269469529,-0.007751445,0.9426245093345642,0.1967158019542694,,,
2026-03-06T22:27:04.664Z,,,,-1513,77,3761,835,-332,-1145,,,,-0.274779558,-0.009338355,0.9428686499595642,0.1878046989440918,,,
2026-03-06T22:27:04.624Z,,,,-1031,234,3964,942,-629,-937,,,,-0.283141375,-0.016662555,0.9448217749595642,0.16345173120498657,,,
2026-03-06T22:27:04.584Z,,,,-1240,291,3924,1228,-453,-1073,,,,-0.293700427,-0.028869554,0.9446386694908142,0.14318810403347015,,,
2026-03-06T22:27:04.544Z,,,,-1476,511,3817,1139,136,-1305,,,,-0.254271805,0.01013181,0.9607519507408142,0.11022920906543732,,,
2026-03-06T22:27:04.504Z,,,,-1366,556,3918,1357,229,-1306,,,,-0.249144867,0.027526785,0.9617285132408142,0.11022920906543732,,,
2026-03-06T22:27:04.464Z,,,,-1239,372,3864,1665,311,-1328,,,,-0.247802094,0.045410041,0.9627661108970642,0.097411856,,,
2026-03-06T22:27:04.424Z,,,,-1427,724,3865,1621,41,-1427,,,,-0.245604843,0.050781119614839554,0.9638037085533142,0.089721449,,,
2026-03-06T22:27:04.384Z,,,,-1159,562,3784,406,-274,-283,,,,-0.233519912,0.065612622,0.9662450551986694,0.086303487,,,
2026-03-06T22:27:04.344Z,,,,-1268,510,3880,172,-51,-233,,,,-0.212157667,0.053283554,0.9718602895736694,0.086669698,,,
2026-03-06T22:27:04.304Z,,,,-1278,410,3867,51,-2,-179,,,,-0.207091749,0.050964225083589554,0.9731420278549194,0.086059347,,,
2026-03-06T22:27:04.264Z,,,,-1204,513,3814,49,-30,-141,,,,-0.201903775,0.047363158,0.9743627309799194,0.087035909,,,
2026-03-06T22:27:04.224Z,,,,-1144,933,3897,121,-80,-342,,,,-0.187377453,0.030151291,0.9781469106674194,0.08435037,,,
2026-03-06T22:27:04.184Z,,,,-994,644,3879,676,-168,-522,,,,-0.187133312,0.018859815,0.9786962270736694,0.082092077,,,
2026-03-06T22:27:04.144Z,,,,-1252,819,3824,342,-277,-665,,,,-0.189391598,-0.00878904,0.9782689809799194,0.083678983,,,
2026-03-06T22:27:04.104Z,,,,-1133,843,3950,-280,648,-282,,,,-0.230285048,-0.02966301,0.9713109731674194,0.050170768052339554,,,
2026-03-06T22:27:04.064Z,,,,-749,1327,3786,-32,-77,-295,,,,-0.213134214,-0.044433478,0.9757055044174194,0.023315370082855225,,,
2026-03-06T22:27:04.024Z,,,,-875,1014,3929,29,67,-444,,,,-0.187804699,-0.048461791,0.9809545278549194,0.004699695,,,
2026-03-06T22:27:03.984Z,,,,-1590,791,3966,-112,-59,-349,,,,0.179503933,0.05529771,-0.982053161,0.014709435403347015,,,
2026-03-06T22:27:03.944Z,,,,-1846,2013,3223,-130,423,-237,,,,0.14648400247097015,0.068115063,-0.968869567,0.1873774528503418,,,
2026-03-06T22:27:03.904Z,,,,-1439,1587,3538,137,624,-230,,,,0.13378871977329254,0.057800144,-0.947263181,0.2852165400981903,,,
2026-03-06T22:27:03.864Z,,,,-1513,1302,3759,180,50,-110,,,,0.13677942752838135,0.064147785,-0.932675838,0.32733070850372314,,,
2026-03-06T22:27:03.824Z,,,,-1108,1705,3770,236,217,-201,,,,0.14239466190338135,0.076415822,-0.903989375,0.3957509398460388,,,
2026-03-06T22:27:03.784Z,,,,-1092,1492,3507,410,79,-285,,,,0.17492631077766418,0.090942152,-0.866147697,0.4591052830219269,,,
2026-03-06T22:27:03.744Z,,,,-2651,156,3704,346,118,-273,,,,0.1900019496679306,0.092529058,-0.836789846,0.5050035715103149,,,
2026-03-06T22:27:03.704Z,,,,-2666,277,3207,100,-181,-349,,,,0.1895747035741806,0.10058567672967911,-0.808530629,0.5477890968322754,,,
2026-03-06T22:27:03.664Z,,,,-2244,427,3389,989,372,-907,,,,0.20684760808944702,0.08728005,-0.782224536,0.5810531973838806,,,
2026-03-06T22:27:03.624Z,,,,-2145,265,3536,264,1396,-837,,,,0.21337835490703583,0.081115514,-0.757383287,0.6116927862167358,,,
2026-03-06T22:27:03.584Z,,,,-1494,-194,3461,285,260,-574,,,,0.1917109340429306,0.12335173785686493,-0.663755596,0.712278426,,,
2026-03-06T22:27:03.544Z,,,,-1998,-431,3367,550,403,-817,,,,0.1908564418554306,0.13464321196079254,-0.642576456,0.729673445,,,
2026-03-06T22:27:03.504Z,,,,-1831,-824,3709,-77,675,-1927,,,,0.1942744106054306,0.14086878299713135,-0.612608314,0.7529888153076172,,,
2026-03-06T22:27:03.464Z,,,,-2073,-496,3438,451,-192,-1437,,,,0.17651322484016418,0.14971885085105896,-0.595335364,0.7693461775779724,,,
2026-03-06T22:27:03.424Z,,,,-2096,-169,3596,425,-10,-1479,,,,0.15887410938739777,0.16430622339248657,-0.581297338,0.7808817625045776,,,
2026-03-06T22:27:03.384Z,,,,-2080,-311,3491,100,-415,-1012,,,,0.12695279717445374,0.20226998627185822,-0.536741793,0.8092020153999329,,,
2026-03-06T22:27:03.344Z,,,,-2108,-250,3610,288,-578,-1667,,,,0.050720084458589554,0.25146418809890747,-0.456846982,0.8516823649406433,,,
2026-03-06T22:27:03.304Z,,,,-2091,-648,3293,473,-293,-1825,,,,0.037353419,0.25488215684890747,-0.443907559,0.8582131266593933,,,
2026-03-06T22:27:03.264Z,,,,-2253,51,4160,-202,-203,-1449,,,,0.019164991,0.25122004747390747,-0.408934504,0.8770118951797485,,,
2026-03-06T22:27:03.224Z,,,,-2045,126,3721,-381,-71,-1193,,,,0.024475034326314926,0.24688658118247986,-0.384093255,0.8892799615859985,,,
2026-03-06T22:27:03.184Z,,,,-2134,491,3710,469,-221,-1390,,,,0.015075645,0.24340757727622986,-0.390990198,0.8874489068984985,,,
2026-03-06T22:27:03.144Z,,,,-2119,591,3649,699,-327,-1015,,,,0.012451140210032463,0.24310240149497986,-0.392943323,0.8867164850234985,,,
2026-03-06T22:27:03.104Z,,,,-1985,916,3469,275,-252,-1118,,,,0.011962859891355038,0.24298033118247986,-0.393309534,0.8865944147109985,,,
2026-03-06T22:27:03.064Z,,,,-1061,474,3806,511,101,-520,,,,0.014099085,0.24206480383872986,-0.393187463,0.8868385553359985,,,
2026-03-06T22:27:03.024Z,,,,-1680,589,3646,830,102,-173,,,,0.005065905,0.21960392594337463,-0.395140588,0.8919044733047485,,,
2026-03-06T22:27:02.984Z,,,,-1545,908,3878,478,-144,-301,,,,0.009338355,0.21820011734962463,-0.397826135,0.8910499811172485,,,
2026-03-06T22:27:02.944Z,,,,-1180,534,3872,685,127,-223,,,,0.00378417,0.21624700725078583,-0.395689905,0.8925148248672485,,,
2026-03-06T22:27:02.904Z,,,,-1238,235,3908,1075,297,-135,,,,0.002380365,0.21466009318828583,-0.393187463,0.8939796686172485,,,
2026-03-06T22:27:02.864Z,,,,-1023,-350,3960,313,80,-363,,,,-0.000671385,0.21716253459453583,-0.381834954,0.8983131051063538,,,
2026-03-06T22:27:02.824Z,,,,-2856,-278,2675,111,198,-289,,,,0.001403805,0.21740667521953583,-0.368041039,0.9039893746376038,,,
2026-03-06T22:27:02.784Z,,,,-1871,-51,3313,-141,-91,47,,,,0.00378417,0.1949457824230194,-0.351683676,0.9155250191688538,,,
2026-03-06T22:27:02.744Z,,,,-1497,-250,3710,82,53,53,,,,0.00195312,0.182189479,-0.340575308,0.922360897,,,
2026-03-06T22:27:02.704Z,,,,-1648,-58,3841,64,62,25,,,,-0.009094215,0.1925654262304306,-0.300109088,0.934140682,,,
2026-03-06T22:27:02.664Z,,,,-1074,210,3936,-54,-11,-24,,,,-0.00317382,0.1945185512304306,-0.284056902,0.938840389,,,
2026-03-06T22:27:02.624Z,,,,-1179,133,4064,-91,35,-12,,,,-0.001647945,0.1984858214855194,-0.269103318,0.9423803687095642,,,
2026-03-06T22:27:02.584Z,,,,-1090,348,3982,-40,35,-22,,,,-0.00024414,0.1982416808605194,-0.237120971,0.9509863257408142,,,
2026-03-06T22:27:02.544Z,,,,-898,69,3972,-35,38,7,,,,0.002380365,0.1978754699230194,-0.218444258,0.9555029273033142,,,
2026-03-06T22:27:02.504Z,,,,-1112,-245,3675,6,69,-60,,,,0.000793455,0.20568795502185822,-0.160705149,0.9652684926986694,,,
2026-03-06T22:27:02.464Z,,,,-1595,1285,3731,33,73,-80,,,,0.02758782,0.22997987270355225,-0.130859032,0.9639257788658142,,,
2026-03-06T22:27:02.424Z,,,,-1522,-194,3975,70,-45,-285,,,,0.038146876,0.23998962342739105,-0.118224792,0.9627661108970642,,,
2026-03-06T22:27:02.384Z,,,,-1822,1319,3576,-5,185,-361,,,,0.054077011,0.21795599162578583,-0.095397703,0.9697240591049194,,,
2026-03-06T22:27:02.344Z,,,,-1415,1003,3587,-38,249,-149,,,,0.057922214,0.22222843766212463,-0.084167264,0.9696019887924194,,,
2026-03-06T22:27:02.304Z,,,,-1377,557,3847,55,29,-164,,,,0.061096034944057465,0.23492372035980225,-0.075256154,0.9670995473861694,,,
2026-03-06T22:27:02.264Z,,,,-1699,615,3703,-9,20,-504,,,,0.083923124,0.23406922817230225,-0.045593146,0.9674657583236694,,,
2026-03-06T22:27:02.224Z,,,,-1915,1395,3655,27,-123,-458,,,,0.079650678,0.23010194301605225,-0.033203039,0.9692968130111694,,,
2026-03-06T22:27:02.184Z,,,,-1316,522,3830,70,-40,-477,,,,0.06384261,0.22125187516212463,-0.00195312,0.9730809926986694,,,
2026-03-06T22:27:02.144Z,,,,-1389,428,3865,0,80,-469,,,,0.071838193,0.22302189469337463,0.011108369566500187,0.9720433950424194,,,
2026-03-06T22:27:02.104Z,,,,-1558,246,3794,7,-2,-494,,,,0.069274724,0.22564639151096344,0.011657685041427612,0.9716161489486694,,,
2026-03-06T22:27:02.064Z,,,,-1688,-1449,2990,8,-251,-573,,,,0.069763005,0.22680605947971344,0.012084930203855038,0.9713109731674194,,,
2026-03-06T22:27:02.024Z,,,,-1858,-759,3506,-376,-363,-391,,,,0.075744435,0.23535096645355225,0.011474579572677612,0.9688695669174194,,,
2026-03-06T22:27:01.984Z,,,,-1688,-779,3627,-169,-42,-257,,,,0.089477308,0.22387637197971344,0.007751445,0.9704564809799194,,,
2026-03-06T22:27:01.944Z,,,,-1709,-526,3742,-135,30,-316,,,,0.092956305,0.21868839859962463,0.000549315,0.9713109731674194,,,
2026-03-06T22:27:01.904Z,,,,-1611,-648,3675,224,-239,-147,,,,0.091979742,0.21728460490703583,-0.001281735,0.9717382192611694,,,
2026-03-06T22:27:01.864Z,,,,-1526,-718,3667,-650,-394,-335,,,,0.092712164,0.21667425334453583,-0.003845205,0.9717992544174194,,,
2026-03-06T22:27:01.824Z,,,,-1510,-722,3708,237,106,-286,,,,0.091979742,0.21203559637069702,-0.00268554,0.9728978872299194,,,
2026-03-06T22:27:01.784Z,,,,-1600,-635,3679,70,153,-410,,,,0.091857672,0.21490423381328583,0.008239725,0.9722265005111694,,,
2026-03-06T22:27:01.744Z,,,,-1317,-664,3770,205,-169,-391,,,,0.088439718,0.21014350652694702,0.00415038,0.9736303091049194,,,
2026-03-06T22:27:01.704Z,,,,-1405,-515,3834,19,-50,261,,,,0.087646261,0.21020454168319702,0.004455555,0.9736913442611694,,,
2026-03-06T22:27:01.664Z,,,,-1378,-482,3775,-4,-28,-14,,,,0.086059347,0.21087592840194702,0.00097656,0.9736913442611694,,,
2026-03-06T22:27:01.624Z,,,,-1300,-666,3824,-1,-60,-9,,,,0.080199987,0.20935004949569702,0.005065905,0.9744848012924194,,,
2026-03-06T22:27:01.584Z,,,,-1329,-678,3740,93,41,47,,,,0.080566198,0.20989936590194702,0.00476073,0.9743627309799194,,,
2026-03-06T22:27:01.544Z,,,,-1567,-607,3660,-189,197,120,,,,0.076598927,0.20446725189685822,-0.001647945,0.9758275747299194,,,
2026-03-06T22:27:01.504Z,,,,-1144,-307,4116,78,-6,129,,,,0.076232716,0.20513863861560822,-0.004577625,0.9757055044174194,,,
2026-03-06T22:27:01.464Z,,,,-1056,-413,3966,14,27,40,,,,0.068359196,0.20452828705310822,-0.00109863,0.9764379262924194,,,
2026-03-06T22:27:01.424Z,,,,-1122,-647,3976,-91,13,30,,,,0.065551586,0.20519967377185822,0.00097656,0.9764989614486694,,,
2026-03-06T22:27:01.384Z,,,,-1206,-275,3706,-89,107,-66,,,,0.066100903,0.20648139715194702,0.00256347,0.9761937856674194,,,
2026-03-06T22:27:01.344Z,,,,-1286,-645,3908,-54,19,72,,,,0.059203949,0.1958002746105194,0.00158691,0.9788182973861694,,,
2026-03-06T22:27:01.304Z,,,,-1193,-503,3899,44,33,10,,,,0.058715671,0.1944575160741806,0.00109863,0.9791234731674194,,,
2026-03-06T22:27:01.264Z,,,,-1213,-392,3898,0,-8,7,,,,0.05676255,0.1937250941991806,0.000549315,0.9793676137924194,,,
2026-03-06T22:27:01.224Z,,,,-1090,-643,3800,68,122,93,,,,0.05688462,0.1930537074804306,-0.001525875,0.9794896841049194,,,
2026-03-06T22:27:01.184Z,,,,-1611,-110,3708,91,-49,13,,,,0.055724956,0.1925043910741806,-0.0036621,0.9796727895736694,,,
2026-03-06T22:27:01.144Z,,,,-1895,-79,3755,-50,46,85,,,,0.053222518,0.1886591911315918,-0.008117655,0.9805272817611694,,,
2026-03-06T22:27:01.104Z,,,,-1147,212,3801,0,81,60,,,,0.049255244,0.1884760856628418,0.002624505,0.9807714223861694,,,
2026-03-06T22:27:01.064Z,,,,-1458,351,4028,35,-34,24,,,,0.047607299,0.1869502067565918,0.005065905,0.9811376333236694,,,
2026-03-06T22:27:01.024Z,,,,-2005,165,3686,70,4,-57,,,,0.038696188,0.1917109340429306,0.002990715,0.9806493520736694,,,
2026-03-06T22:27:00.984Z,,,,-1874,557,3562,1,-51,-39,,,,0.033874426037073135,0.1900019496679306,0.00317382,0.9811376333236694,,,
2026-03-06T22:27:00.944Z,,,,-1847,468,3617,-20,212,60,,,,0.022277774289250374,0.1840205192565918,0.00378417,0.9826024770736694,,,
2026-03-06T22:27:00.904Z,,,,-1580,92,3623,11,106,4,,,,0.022399844601750374,0.182738796,0.002258295,0.9828466176986694,,,
2026-03-06T22:27:00.864Z,,,,-1471,516,3624,61,-20,13,,,,0.021545354276895523,0.1840205192565918,0.00183105,0.9826635122299194,,,
2026-03-06T22:27:00.824Z,,,,-1659,489,3732,-4,58,56,,,,0.0195312,0.1841425895690918,-0.000305175,0.9826635122299194,,,
2026-03-06T22:27:00.784Z,,,,-1617,507,3719,-20,36,112,,,,0.015624959953129292,0.181457058,0.00134277,0.9832128286361694,,,
2026-03-06T22:27:00.744Z,,,,-1851,621,3634,11,53,136,,,,-0.015747029,0.17425492405891418,0.014221155,0.9844335317611694,,,
2026-03-06T22:27:00.704Z,,,,-1474,1130,3919,106,124,41,,,,-0.025878839,0.17694047093391418,0.005065905,0.9838231801986694,,,
2026-03-06T22:27:00.664Z,,,,-1481,695,3718,104,74,5,,,,-0.03112785,0.1868281364440918,-0.00573729,0.9818700551986694,,,
2026-03-06T22:27:00.624Z,,,,-1533,750,3781,-39,-12,-10,,,,-0.044494513,0.20165963470935822,-0.01232907,0.9783300161361694,,,
2026-03-06T22:27:00.584Z,,,,-1543,658,3719,120,24,94,,,,-0.061462246,0.20855659246444702,-0.014465295,0.9759496450424194,,,
2026-03-06T22:27:00.544Z,,,,-1364,689,3864,57,18,68,,,,-0.067626782,0.20977729558944702,-0.002380365,0.9753392934799194,,,
2026-03-06T22:27:00.504Z,,,,-1623,844,3726,-62,36,69,,,,-0.100829817,0.1995844542980194,0.018005325,0.9744848012924194,,,
2026-03-06T22:27:00.464Z,,,,-1475,623,3729,-15,-27,115,,,,-0.092162848,0.1949457824230194,0.00439452,0.9764379262924194,,,
2026-03-06T22:27:00.424Z,,,,-1504,686,3732,6,-7,136,,,,-0.081359655,0.1940302699804306,-0.01428219,0.9774755239486694,,,
2026-03-06T22:27:00.384Z,,,,-1664,528,3668,2,29,115,,,,-0.047119021,0.177367702,-0.054504257,0.9814428091049194,,,
2026-03-06T22:27:00.344Z,,,,-1600,550,3763,84,71,72,,,,-0.023254335,0.183105007,-0.075012013,0.9799169301986694,,,
2026-03-06T22:27:00.304Z,,,,-1615,733,3677,-76,-87,324,,,,0.016906695440411568,0.20989936590194702,-0.128905922,0.9689916372299194,,,
2026-03-06T22:27:00.264Z,,,,-1363,646,3826,55,-119,505,,,,0.027221611,0.21197456121444702,-0.146667108,0.9657567739486694,,,
2026-03-06T22:27:00.224Z,,,,-1553,641,3753,137,-528,539,,,,0.061034999787807465,0.16668657958507538,-0.208251417,0.9617895483970642,,,
2026-03-06T22:27:00.184Z,,,,-1529,559,3812,467,-296,496,,,,0.059448089,0.16107136011123657,-0.217040464,0.9608740210533142,,,
2026-03-06T22:27:00.144Z,,,,-1561,397,3739,28,48,-151,,,,0.04797351,0.14111292362213135,-0.277037859,0.9491552710533142,,,
2026-03-06T22:27:00.104Z,,,,-1777,613,3696,623,3,-307,,,,-0.019897411,0.1878046989440918,-0.386229485,0.9028297066688538,,,
2026-03-06T22:27:00.064Z,,,,-1403,548,3812,-35,138,26,,,,-0.021545354,0.16809038817882538,-0.39373678,0.9034400582313538,,,
2026-03-06T22:27:00.024Z,,,,-1549,496,3795,-323,-50,273,,,,-0.00634764,0.16290241479873657,-0.400938928,0.9014258980751038,,,
2026-03-06T22:26:59.984Z,,,,-1500,382,3856,-510,660,403,,,,0.027770925,0.22351017594337463,-0.401183039,0.8878151178359985,,,
2026-03-06T22:26:59.944Z,,,,-1490,524,3782,-638,-205,290,,,,0.091735601,0.16265827417373657,-0.486326873,0.8535134196281433,,,
2026-03-06T22:26:59.904Z,,,,-1454,376,3802,-830,-348,266,,,,0.094726317,0.14733849465847015,-0.533140719,0.8276345729827881,,,
2026-03-06T22:26:59.864Z,,,,-1411,440,3866,-447,-199,484,,,,0.11480683833360672,0.14758263528347015,-0.647703409,0.7385234832763672,,,
2026-03-06T22:26:59.824Z,,,,-1438,669,3947,-310,283,404,,,,0.10754366964101791,0.15490682423114777,-0.701475263,0.6871930360794067,,,
2026-03-06T22:26:59.784Z,,,,-1354,346,3876,-81,308,194,,,,0.098327383,0.16320759057998657,-0.742856979,0.6416609287261963,,,
2026-03-06T22:26:59.744Z,,,,-1572,353,3739,35,319,156,,,,0.070190251,0.181701198,-0.88866961,0.41497695446014404,,,
2026-03-06T22:26:59.704Z,,,,-1405,282,3813,348,74,153,,,,0.10528537631034851,0.14544640481472015,-0.926450253,0.33068764209747314,,,
2026-03-06T22:26:59.664Z,,,,-1405,263,3930,-110,869,-318,,,,0.13781702518463135,0.10308811813592911,-0.945737302,0.2754509449005127,,,
2026-03-06T22:26:59.624Z,,,,-1355,205,3871,-162,375,-446,,,,0.16131550073623657,0.10565158724784851,-0.951047361,0.24127136170864105,,,
2026-03-06T22:26:59.584Z,,,,-1469,220,3845,-586,-339,-536,,,,0.1927485316991806,0.096618406,-0.954160154,0.20745795965194702,,,
2026-03-06T22:26:59.544Z,,,,-1455,243,3835,-445,-781,-623,,,,0.1873774528503418,0.00280761,-0.980588317,0.057006691,,,
2026-03-06T22:26:59.504Z,,,,-1345,171,3881,-481,550,1161,,,,-0.175475627,0.030212324112653732,0.9835180044174194,0.029540939,,,
2026-03-06T22:26:59.464Z,,,,-1135,56,3876,-642,91,1724,,,,-0.177184612,0.055541851,0.9649633765220642,0.1851801872253418,,,
2026-03-06T22:26:59.424Z,,,,-954,-85,3878,-396,-233,2348,,,,-0.174193889,0.063781574,0.9528173804283142,0.24005065858364105,,,
2026-03-06T22:26:59.384Z,,,,-1150,50,3922,270,-52,1897,,,,-0.165221751,0.061279140412807465,0.930600643,0.32073891162872314,,,
2026-03-06T22:26:59.344Z,,,,-1394,-263,3677,304,-71,1378,,,,-0.161803782,0.084716581,0.9137549996376038,0.36273101,,,
2026-03-06T22:26:59.304Z,,,,-1542,-790,3664,-992,-502,1698,,,,-0.14727746,0.09899877,0.8024881482124329,0.5695786476135254,,,
2026-03-06T22:26:59.264Z,,,,-1869,-448,4236,-764,-309,1162,,,,-0.105956763,0.14337120950222015,0.7357158660888672,0.6533186435699463,,,
2026-03-06T22:26:59.224Z,,,,-1694,-1045,3402,-229,-649,946,,,,-0.099792227,0.14422570168972015,0.726011336,0.6648542284965515,,,
2026-03-06T22:26:59.184Z,,,,-1636,-897,3700,-297,-393,484,,,,-0.103698462,0.13769495487213135,0.729856551,0.6614363193511963,,,
2026-03-06T22:26:59.144Z,,,,-2039,-918,3491,-1505,-126,958,,,,-0.101379134,0.15222129225730896,0.7383403778076172,0.6490461826324463,,,
2026-03-06T22:26:59.104Z,,,,-991,-560,3675,-1213,375,1870,,,,-0.099487051,0.14129602909088135,0.7484111785888672,0.6401960849761963,,,
2026-03-06T22:26:59.064Z,,,,-1018,-277,3808,-1064,193,2175,,,,-0.089416273,0.14245568215847015,0.7535991668701172,0.6353743672370911,,,
2026-03-06T22:26:59.024Z,,,,-2083,-502,3801,-693,-13,2723,,,,-0.097350828,0.13830530643463135,0.7532329559326172,0.6355574727058411,,,
2026-03-06T22:26:58.984Z,,,,-2483,224,3397,-424,369,2318,,,,-0.105468482,0.12072722613811493,0.7512798309326172,0.6401350498199463,,,
2026-03-06T22:26:58.944Z,,,,-1423,458,3720,-446,42,1772,,,,-0.121337578,0.12817350029945374,0.7498149871826172,0.6375716328620911,,,
2026-03-06T22:26:58.904Z,,,,-1517,205,3860,-1306,-82,1195,,,,-0.132201806,0.12872281670570374,0.7468242645263672,0.6387923359870911,,,
2026-03-06T22:26:58.864Z,,,,-715,582,4090,-1117,75,1145,,,,-0.136901498,0.12957730889320374,0.7427349090576172,0.6424543857574463,,,
2026-03-06T22:26:58.824Z,,,,-1374,-773,3666,-397,157,537,,,,-0.141479135,0.11498993635177612,0.7409038543701172,0.6462996006011963,,,
2026-03-06T22:26:58.784Z,,,,-739,-977,3826,95,58,231,,,,-0.135985985,0.099792227,0.7445659637451172,0.6458113193511963,,,
2026-03-06T22:26:58.744Z,,,,-624,-716,4003,-356,73,-508,,,,-0.079162396,0.045349006,0.7824076414108276,0.6160262823104858,,,
2026-03-06T22:26:58.704Z,,,,-2121,-625,3990,-114,-124,-27,,,,-0.054199081,0.033142004162073135,0.8013285398483276,0.5947250127792358,,,
2026-03-06T22:26:58.664Z,,,,-1715,258,3676,-171,247,-269,,,,-0.111694053,0.078124799,0.8917824029922485,0.43127331137657166,,,
2026-03-06T22:26:58.624Z,,,,-1345,232,3898,193,-113,159,,,,-0.125243813,0.13104213774204254,0.9150977730751038,0.360045463,,,
2026-03-06T22:26:58.584Z,,,,-1349,203,3744,318,20,331,,,,-0.091369398,0.10949678719043732,0.9421972632408142,0.3030998110771179,,,
2026-03-06T22:26:58.544Z,,,,-714,143,3586,-141,-152,54,,,,-0.076720998,0.091918707,0.9576391577720642,0.2617790997028351,,,
2026-03-06T22:26:58.504Z,,,,-1519,-144,4734,172,-224,333,,,,-0.08740212,0.071655087,0.9647802710533142,0.23724304139614105,,,
2026-03-06T22:26:58.464Z,,,,-1239,-1026,3891,-98,-275,368,,,,-0.118774109,0.061218105256557465,0.9667333364486694,0.21783392131328583,,,
2026-03-06T22:26:58.424Z,,,,-1034,-1033,3868,225,38,562,,,,-0.150756449,0.055785991,0.9636206030845642,0.21343939006328583,,,
2026-03-06T22:26:58.384Z,,,,-860,147,4059,252,464,183,,,,-0.188598156,-0.022338809,0.9601415991783142,0.20495553314685822,,,
2026-03-06T22:26:58.344Z,,,,-1311,-912,3762,348,129,-191,,,,-0.161681712,-0.017883254,0.9672826528549194,0.1945185512304306,,,
2026-03-06T22:26:58.304Z,,,,-2461,-946,3209,-223,1036,-475,,,,-0.184630871,-0.013488735,0.9678930044174194,0.16986040771007538,,,
2026-03-06T22:26:58.264Z,,,,-1593,71,3712,-216,243,-595,,,,-0.191161618,-0.00183105,0.9690526723861694,0.15582235157489777,,,
2026-03-06T22:26:58.224Z,,,,-1300,481,3996,-314,-1044,-1125,,,,-0.180236354,0.02917473,0.9724706411361694,0.14459191262722015,,,
2026-03-06T22:26:58.184Z,,,,-1152,-15,3824,-519,570,-492,,,,-0.179503933,0.033630285412073135,0.9728978872299194,0.14160120487213135,,,
2026-03-06T22:26:58.144Z,,,,-1027,584,4152,238,572,-227,,,,-0.176024944,0.042236220091581345,0.9741185903549194,0.13488735258579254,,,
2026-03-06T22:26:58.104Z,,,,-766,-232,3673,308,154,-23,,,,-0.180846706,0.052123889327049255,0.9754613637924194,0.11401338130235672,,,
2026-03-06T22:26:58.064Z,,,,-1924,1576,5116,674,-347,263,,,,-0.185119152,0.058044285,0.9741185903549194,0.11578339338302612,,,
2026-03-06T22:26:58.024Z,,,,-1470,546,3867,237,-1056,388,,,,-0.187377453,0.094360113,0.9637426733970642,0.16461139917373657,,,
2026-03-06T22:26:57.984Z,,,,-1381,378,3782,331,-850,487,,,,-0.185546398,0.091552503,0.9611791968345642,0.182250515,,,
2026-03-06T22:26:57.944Z,,,,-1240,488,4021,-57,617,143,,,,-0.178344265,0.08459451,0.9606298804283142,0.1952509582042694,,,
2026-03-06T22:26:57.904Z,,,,-1124,-189,3746,-306,137,-254,,,,-0.185851574,0.071777157,0.9530615210533142,0.22778262197971344,,,
2026-03-06T22:26:57.864Z,,,,-1541,589,3786,128,-521,-359,,,,-0.198363751,0.065978833,0.9473242163658142,0.24255308508872986,,,
2026-03-06T22:26:57.824Z,,,,-1249,84,3802,-357,-455,-514,,,,-0.204894498,0.053100448,0.9421972632408142,0.25952082872390747,,,
2026-03-06T22:26:57.784Z,,,,-1031,1083,4031,-220,9,-89,,,,-0.194884747,0,0.9606909155845642,0.1974482238292694,,,
2026-03-06T22:26:57.744Z,,,,-1307,747,3838,-65,72,2,,,,-0.175292522,0.005187975,0.9679540395736694,0.179564968,,,
2026-03-06T22:26:57.704Z,,,,-657,-453,4279,-310,-89,-40,,,,-0.16894488,0.014221155,0.9705785512924194,0.17053179442882538,,,
2026-03-06T22:26:57.664Z,,,,-1095,396,3893,-177,-79,-333,,,,-0.165893123,-0.00695799,0.9749120473861694,0.14800988137722015,,,
2026-03-06T22:26:57.624Z,,,,-1153,244,3788,-356,-209,263,,,,-0.162475169,-0.00830076,0.9761937856674194,0.14306603372097015,,,
2026-03-06T22:26:57.584Z,,,,-1272,476,3728,25,22,205,,,,-0.160583079,-0.00158691,0.9793676137924194,0.12225310504436493,,,
2026-03-06T22:26:57.544Z,,,,-1382,-289,4030,289,222,83,,,,-0.186706066,-0.003112785,0.9794286489486694,0.076110646,,,
2026-03-06T22:26:57.504Z,,,,-1255,-9,4262,4,244,83,,,,0.23309266567230225,-0.01501461,-0.97186029,0.029418871,,,
2026-03-06T22:26:57.464Z,,,,-503,-182,4212,374,-488,180,,,,0.25683528184890747,-0.037048247,-0.956113279,0.13568080961704254,,,
2026-03-06T22:26:57.424Z,,,,59,-225,3930,168,-255,-117,,,,0.2687981426715851,0.022643985226750374,-0.92724371,0.25952082872390747,,,
2026-03-06T22:26:57.384Z,,,,-907,-218,4039,241,-27,-248,,,,0.2765495777130127,0.052306994795799255,-0.906980097,0.31317058205604553,,,
2026-03-06T22:26:57.344Z,,,,-2108,1283,3788,237,532,-920,,,,0.2749016284942627,0.077941693,-0.889890313,0.355467826,,,
2026-03-06T22:26:57.304Z,,,,-884,640,3752,-278,401,-730,,,,0.25292903184890747,0.15838582813739777,-0.833677053,0.4645373821258545,,,
2026-03-06T22:26:57.264Z,,,,-304,1206,4038,489,42,-453,,,,0.25244075059890747,0.17651322484016418,-0.81103307,0.49719110131263733,,,
2026-03-06T22:26:57.224Z,,,,-3,669,3911,311,180,-598,,,,0.23608337342739105,0.1889643520116806,-0.792112231,0.5300279259681702,,,
2026-03-06T22:26:57.184Z,,,,-727,855,3993,67,110,-596,,,,0.20758002996444702,0.20275826752185822,-0.770566881,0.5673203468322754,,,
2026-03-06T22:26:57.144Z,,,,-705,1097,4080,246,-79,-940,,,,0.1835322380065918,0.21746771037578583,-0.742429733,0.6063827276229858,,,
2026-03-06T22:26:57.104Z,,,,-1599,-690,3462,339,-1023,-1631,,,,0.15972860157489777,0.21978703141212463,-0.682920635,0.6779767870903015,,,
2026-03-06T22:26:57.064Z,,,,-1108,-481,3938,-616,-624,-2109,,,,0.15234336256980896,0.22393740713596344,-0.663694561,0.6971417665481567,,,
2026-03-06T22:26:57.024Z,,,,-1888,-943,3507,1127,-386,-1923,,,,0.15301474928855896,0.22900332510471344,-0.646299601,0.711546004,,,
2026-03-06T22:26:56.984Z,,,,-2126,-295,3556,1296,-619,-1606,,,,0.14477501809597015,0.24157652258872986,-0.612852454,0.7382183074951172,,,
2026-03-06T22:26:56.944Z,,,,-1086,108,4208,1336,-511,-1283,,,,0.13751184940338135,0.24517759680747986,-0.594053626,0.7536602020263672,,,
2026-03-06T22:26:56.904Z,,,,-1492,222,3779,711,-291,-1430,,,,0.13378871977329254,0.21862736344337463,-0.567442417,0.7824076414108276,,,
2026-03-06T22:26:56.864Z,,,,-1306,320,3753,1383,-58,-579,,,,0.12609830498695374,0.22576846182346344,-0.556456089,0.7895487546920776,,,
2026-03-06T22:26:56.824Z,,,,-1648,842,4032,807,268,-935,,,,0.12573209404945374,0.22753848135471344,-0.553709507,0.7910135984420776,,,
2026-03-06T22:26:56.784Z,,,,-1539,335,3998,1007,448,-913,,,,0.12640348076820374,0.24914486706256866,-0.542601168,0.7921122312545776,,,
2026-03-06T22:26:56.744Z,,,,-1728,876,3754,1168,403,-1185,,,,0.12023895233869553,0.25884944200515747,-0.532408297,0.7968729734420776,,,
2026-03-06T22:26:56.704Z,,,,-1579,691,3678,966,404,-1280,,,,0.11816375702619553,0.25958186388015747,-0.529295504,0.7989481687545776,,,
2026-03-06T22:26:56.664Z,,,,-1406,458,3836,306,115,-793,,,,0.11688202619552612,0.25591975450515747,-0.527220309,0.8017557859420776,,,
2026-03-06T22:26:56.624Z,,,,-1545,250,3630,304,-68,-608,,,,0.094604246,0.24462828040122986,-0.519529939,0.8131082653999329,,,
2026-03-06T22:26:56.584Z,,,,-1376,356,3508,208,-118,-594,,,,0.097350828,0.24639829993247986,-0.510985017,0.8176859021186829,,,
2026-03-06T22:26:56.544Z,,,,-1767,70,3939,643,78,-664,,,,0.095214598,0.24487242102622986,-0.508360505,0.8200052380561829,,,
2026-03-06T22:26:56.504Z,,,,-1722,-353,3673,-126,419,-847,,,,0.090698011,0.24096618592739105,-0.498289734,0.8278176784515381,,,
2026-03-06T22:26:56.464Z,,,,-1261,100,3935,252,14,-81,,,,0.098754629,0.23425233364105225,-0.486326873,0.8359353542327881,,,
2026-03-06T22:26:56.424Z,,,,-1532,568,4120,54,-52,-129,,,,0.10662814229726791,0.23669372498989105,-0.477843016,0.8391702175140381,,,
2026-03-06T22:26:56.384Z,,,,-1227,-172,3816,274,4,40,,,,0.13336147367954254,0.23242127895355225,-0.460142851,0.8463723659515381,,,
2026-03-06T22:26:56.344Z,,,,-1090,-174,3920,-269,-212,44,,,,0.15447957813739777,0.20593209564685822,-0.489866912,0.8328835964202881,,,
2026-03-06T22:26:56.304Z,,,,-710,31,4011,106,7,-112,,,,0.14971885085105896,0.21856632828712463,-0.513548493,0.8160379528999329,,,
2026-03-06T22:26:56.264Z,,,,-701,-49,3754,25,82,-83,,,,0.12365690618753433,0.21215766668319702,-0.566221714,0.7867411375045776,,,
2026-03-06T22:26:56.224Z,,,,-1514,-592,4571,68,98,-29,,,,0.11169405281543732,0.22735537588596344,-0.602598548,0.7567119002342224,,,
2026-03-06T22:26:56.184Z,,,,-2095,1654,3113,47,57,-1,,,,0.11621063947677612,0.23577819764614105,-0.614622474,0.7436504364013672,,,
2026-03-06T22:26:56.144Z,,,,-2034,996,3546,-3,45,-110,,,,0.095275633,0.25860530138015747,-0.624021828,0.731077254,,,
2026-03-06T22:26:56.104Z,,,,-2225,1064,3547,120,171,-105,,,,0.10363742709159851,0.26061946153640747,-0.627561867,0.726194441,,,
2026-03-06T22:26:56.064Z,,,,-1744,704,3314,-129,107,-234,,,,0.089416273,0.23223817348480225,-0.657835245,0.710752547,,,
2026-03-06T22:26:56.024Z,,,,-1916,-1269,3425,150,89,-16,,,,0.089782484,0.23071229457855225,-0.65954423,0.709653914,,,
2026-03-06T22:26:55.984Z,,,,-2850,42,2871,-729,-385,-442,,,,0.086425558,0.21813908219337463,-0.661985636,0.711790144,,,
2026-03-06T22:26:55.944Z,,,,-3107,111,3658,-172,74,-66,,,,0.090026625,0.21398870646953583,-0.657346964,0.716856062,,,
2026-03-06T22:26:55.904Z,,,,-2262,-282,3380,-137,141,388,,,,0.14166224002838135,0.20721381902694702,-0.605650306,0.7550029754638672,,,
2026-03-06T22:26:55.864Z,,,,-2181,-596,3382,-102,73,747,,,,0.178588405,0.1950678527355194,-0.587339818,0.7648295760154724,,,
2026-03-06T22:26:55.824Z,,,,-1930,20,3589,186,12,607,,,,0.16729693114757538,0.1915888637304306,-0.567869663,0.7827738523483276,,,
2026-03-06T22:26:55.784Z,,,,-1719,-901,3501,-141,-153,458,,,,0.15130576491355896,0.1943964809179306,-0.549192905,0.7985209226608276,,,
2026-03-06T22:26:55.744Z,,,,-1987,-195,3585,780,-254,654,,,,0.14184534549713135,0.1964716613292694,-0.534849703,0.8093851208686829,,,
2026-03-06T22:26:55.704Z,,,,-2028,-327,3384,-336,-349,40,,,,0.093627691,0.181945339,-0.5414415,0.8153665661811829,,,
2026-03-06T22:26:55.664Z,,,,-2204,-511,3305,155,905,254,,,,0.086181417,0.1866450309753418,-0.558287144,0.8037088513374329,,,
2026-03-06T22:26:55.624Z,,,,-2156,-451,3800,-115,109,68,,,,0.078368939,0.20074410736560822,-0.570982397,0.7921122312545776,,,
2026-03-06T22:26:55.584Z,,,,-1709,-141,3643,-60,136,18,,,,0.031982339918613434,0.21856632828712463,-0.567320347,0.7932718992233276,,,
2026-03-06T22:26:55.544Z,,,,-1845,126,3995,-12,64,-482,,,,0.026245050132274628,0.20971626043319702,-0.562254429,0.7994364500045776,,,
2026-03-06T22:26:55.504Z,,,,-2639,-261,3088,121,218,-588,,,,0.026122979819774628,0.1976313292980194,-0.554563999,0.8078592419624329,,,
2026-03-06T22:26:55.464Z,,,,-2001,-141,3569,-730,-704,-702,,,,0.034301668,0.20843452215194702,-0.532530367,0.8195779919624329,,,
2026-03-06T22:26:55.424Z,,,,-2030,-240,3458,-154,89,-867,,,,0.064697102,0.22454775869846344,-0.511595368,0.8267800807952881,,,
2026-03-06T22:26:55.384Z,,,,-1993,139,3646,774,351,-731,,,,0.073242001,0.22003117203712463,-0.506956697,0.8301370143890381,,,
2026-03-06T22:26:55.344Z,,,,-1784,-508,3543,567,164,-678,,,,0.080383092,0.21734564006328583,-0.506590486,0.8303811550140381,,,
2026-03-06T22:26:55.304Z,,,,-1918,-220,3691,328,203,-211,,,,0.084655546,0.22027531266212463,-0.500853181,0.8327004909515381,,,
2026-03-06T22:26:55.264Z,,,,-1753,-264,3742,157,41,186,,,,0.12689176201820374,0.20330758392810822,-0.47741577,0.8452737331390381,,,
2026-03-06T22:26:55.224Z,,,,-1481,-424,3736,296,149,287,,,,0.13995325565338135,0.177611843,-0.470274687,0.8529641032218933,,,
2026-03-06T22:26:55.184Z,,,,-1078,-287,3899,-56,-372,-41,,,,0.12139861285686493,0.17010454833507538,-0.439574063,0.8735328912734985,,,
2026-03-06T22:26:55.144Z,,,,-837,-248,3405,264,417,-222,,,,0.098815665,0.17596390843391418,-0.411314875,0.8887916803359985,,,
2026-03-06T22:26:55.104Z,,,,-2149,-266,4208,-77,401,-453,,,,0.08740212,0.1849970817565918,-0.398497522,0.8939796686172485,,,
2026-03-06T22:26:55.064Z,,,,-1988,438,3518,43,257,-579,,,,0.068847477,0.22820986807346344,-0.3414298,0.9091163277626038,,,
2026-03-06T22:26:55.024Z,,,,-2592,-47,3188,43,-597,-582,,,,0.014221155,0.21490423381328583,-0.272155076,0.937802792,,,
2026-03-06T22:26:54.984Z,,,,-1712,-49,3742,-235,-79,-440,,,,0.00109863,0.1885371208190918,-0.235717162,0.9533056616783142,,,
2026-03-06T22:26:54.944Z,,,,-1586,-377,3639,-126,29,-356,,,,-0.033752356,0.12548795342445374,-0.100463606,0.9863866567611694,,,
2026-03-06T22:26:54.904Z,,,,-2263,237,3975,9,-87,-289,,,,-0.044067271,0.11901824921369553,-0.068359196,0.9894993901252747,,,
2026-03-06T22:26:54.864Z,,,,-1873,-2179,2882,-24,-95,-325,,,,-0.036926176,0.11059542000293732,0.013000454753637314,0.9930394291877747,,,
2026-03-06T22:26:54.824Z,,,,-3050,-525,3533,-877,493,-424,,,,-0.03796377,0.099670157,0.025268489494919777,0.9939549565315247,,,
2026-03-06T22:26:54.784Z,,,,-1691,-500,3660,0,317,-630,,,,-0.039611716,0.10058567672967911,0.028076099,0.9937108159065247,,,
2026-03-06T22:26:54.744Z,,,,-1682,-472,3679,421,85,-551,,,,-0.035705473,0.10424777865409851,0.04064931,0.9930394291877747,,,
2026-03-06T22:26:54.704Z,,,,-1339,-586,3873,338,-35,-277,,,,-0.03503409,0.10076878219842911,0.056945655,0.9926121830940247,,,
2026-03-06T22:26:54.664Z,,,,-1256,-510,3975,574,-297,-370,,,,-0.01660152,0.068908513,0.073425107,0.9947484135627747,,,
2026-03-06T22:26:54.624Z,,,,-1764,-669,4734,1285,-679,-1135,,,,-0.00671385,0.031860269606113434,0.079162396,0.9962742924690247,,,
2026-03-06T22:26:54.584Z,,,,-2388,1282,3025,346,965,-1127,,,,-0.00598143,0.028076099,0.086547628,0.9957860112190247,,,
2026-03-06T22:26:54.544Z,,,,-2038,528,3392,656,880,-1114,,,,0.00207519,0.022827090695500374,0.096496336,0.9950535893440247,,,
2026-03-06T22:26:54.504Z,,,,-2072,540,3475,289,334,-1000,,,,0.04943835,0.0036621,0.14495812356472015,0.9881566762924194,,,
2026-03-06T22:26:54.464Z,,,,-2671,794,3443,521,169,-1145,,,,0.056396339,-0.048644897,0.1951288878917694,0.9779027700424194,,,
2026-03-06T22:26:54.424Z,,,,-1121,88,3796,-236,228,-263,,,,0.091552503,-0.201293424,0.2720940411090851,0.936460018,,,
2026-03-06T22:26:54.384Z,,,,-1105,210,3978,91,17,-131,,,,0.093627691,-0.214232847,0.2703240215778351,0.933896542,,,
2026-03-06T22:26:54.344Z,,,,-1581,431,4235,73,-36,-176,,,,0.093200445,-0.227233306,0.2694084942340851,0.93114996,,,
2026-03-06T22:26:54.304Z,,,,-1436,-802,3674,-22,32,-195,,,,0.073242001,-0.211120069,0.2683708965778351,0.937009335,,,
2026-03-06T22:26:54.264Z,,,,-1298,-768,3830,-103,187,-331,,,,0.071105778,-0.249816254,0.25213557481765747,0.932126522,,,
2026-03-06T22:26:54.224Z,,,,-1000,-515,3968,-293,791,-89,,,,0.066161938,-0.258910477,0.23559509217739105,0.934323788,,,
2026-03-06T22:26:54.184Z,,,,-1415,-717,3824,1,95,-78,,,,0.051940783858299255,-0.233580947,0.22576846182346344,0.9442724585533142,,,
2026-03-06T22:26:54.144Z,,,,-1680,-129,3723,-7,64,-144,,,,0.058776706,-0.230162978,0.21795599162578583,0.9465917944908142,,,
2026-03-06T22:26:54.104Z,,,,-1352,6,3931,-100,-64,-166,,,,0.062621906,-0.246642441,0.20764106512069702,0.9444555640220642,,,
2026-03-06T22:26:54.064Z,,,,-1467,-13,3782,142,359,-66,,,,0.050536978989839554,-0.220824629,0.20556588470935822,0.9520239233970642,,,
2026-03-06T22:26:54.024Z,,,,-1567,-201,3767,145,-101,-738,,,,0.061889488250017166,-0.221557051,0.1912226527929306,0.9541601538658142,,,
2026-03-06T22:26:53.984Z,,,,-2047,678,3430,16,-322,-54,,,,0.066467114,-0.209105909,0.1854243278503418,0.9578222632408142,,,
2026-03-06T22:26:53.944Z,,,,-1580,1380,3608,113,1035,49,,,,0.081481725,-0.227782622,0.1878046989440918,0.9519018530845642,,,
2026-03-06T22:26:53.904Z,,,,-1247,632,3865,215,-577,-75,,,,0.083373807,-0.231871963,0.1905512660741806,0.9501928687095642,,,
2026-03-06T22:26:53.864Z,,,,-899,616,3926,-177,336,59,,,,0.091064222,-0.242919296,0.1943354457616806,0.9459814429283142,,,
2026-03-06T22:26:53.824Z,,,,-714,529,3818,381,505,446,,,,0.086120382,-0.247802094,0.1994013488292694,0.9440893530845642,,,
2026-03-06T22:26:53.784Z,,,,-2609,233,4158,227,-786,361,,,,0.085082792,-0.247069687,0.1915888637304306,0.9459814429283142,,,
2026-03-06T22:26:53.744Z,,,,-1777,-941,3567,-156,216,318,,,,0.08129862,-0.241759628,0.20776313543319702,0.9442724585533142,,,
2026-03-06T22:26:53.704Z,,,,-1399,-197,3922,-31,144,24,,,,0.082519323,-0.247191742,0.20849555730819702,0.9426245093345642,,,
2026-03-06T22:26:53.664Z,,,,-619,-223,4037,-195,-365,34,,,,0.085510038,-0.250792801,0.20928901433944702,0.94122076,,,
2026-03-06T22:26:53.624Z,,,,-506,-590,4018,-282,568,184,,,,0.066650219,-0.231627822,0.21057075262069702,0.9473242163658142,,,
2026-03-06T22:26:53.584Z,,,,-798,-106,4027,56,-83,246,,,,0.085876241,-0.252379715,0.20581002533435822,0.941525936,,,
2026-03-06T22:26:53.544Z,,,,-433,-357,4060,-479,857,27,,,,0.074645802,-0.249999359,0.21575872600078583,0.940854549,,,
2026-03-06T22:26:53.504Z,,,,-471,-390,4068,125,153,82,,,,0.083862089,-0.264647752,0.23364198207855225,0.931821346,,,
2026-03-06T22:26:53.464Z,,,,-600,-221,4052,-64,-57,-146,,,,0.076598927,-0.247618988,0.23724304139614105,0.936154842,,,
2026-03-06T22:26:53.424Z,,,,-728,-206,3941,-537,1099,-140,,,,0.076782033,-0.259398758,0.24066101014614105,0.932065487,,,
2026-03-06T22:26:53.384Z,,,,-213,61,4129,181,-411,-105,,,,0.071471982,-0.257506669,0.24108825623989105,0.932919979,,,
2026-03-06T22:26:53.344Z,,,,59,-48,4153,-107,-334,-107,,,,0.079101361,-0.266356736,0.24554380774497986,0.928647518,,,
2026-03-06T22:26:53.304Z,,,,158,-92,4258,47,-438,-71,,,,0.065307453,-0.271910936,0.24517759680747986,0.928220272,,,
2026-03-06T22:26:53.264Z,,,,183,5,4175,69,454,76,,,,0.072387509,-0.26367119,0.24578794836997986,0.929868221,,,
2026-03-06T22:26:53.224Z,,,,174,655,4496,410,-1013,55,,,,0.07849101,-0.262206346,0.25244075059890747,0.928037167,,,
2026-03-06T22:26:53.184Z,,,,323,222,4109,226,846,123,,,,0.099670157,-0.270507127,0.25854426622390747,0.921933651,,,
2026-03-06T22:26:53.144Z,,,,1486,246,3721,-6,-73,-28,,,,0.083556913,-0.248961762,0.2700188457965851,0.926328182,,,
2026-03-06T22:26:53.104Z,,,,1956,181,3459,-399,268,119,,,,0.077636518,-0.263488084,0.25286799669265747,0.927670956,,,
2026-03-06T22:26:53.064Z,,,,2672,366,3670,109,-619,52,,,,0.086852804,-0.254027665,0.26110774278640747,0.927182674,,,
2026-03-06T22:26:53.024Z,,,,1539,-114,3614,32,542,0,,,,0.093444586,-0.248534516,0.2708123028278351,0.925229549,,,
2026-03-06T22:26:52.984Z,,,,2309,287,3929,171,-380,-18,,,,0.078552045,-0.264525682,0.25811702013015747,0.925839901,,,
2026-03-06T22:26:52.944Z,,,,2598,-77,3431,-138,900,97,,,,0.074950978,-0.273864031,0.25585871934890747,0.924008846,,,
2026-03-06T22:26:52.904Z,,,,1381,-643,3826,97,-149,-21,,,,0.057739109,-0.262572557,0.25610285997390747,0.928464413,,,
2026-03-06T22:26:52.864Z,,,,1847,-7,3621,-344,23,104,,,,0.053893905,-0.248290375,0.25750666856765747,0.932248592,,,
2026-03-06T22:26:52.824Z,,,,2818,-33,3135,-59,-380,-100,,,,0.055236675,-0.243712753,0.2635491192340851,0.931638241,,,
2026-03-06T22:26:52.784Z,,,,1456,-542,2966,-340,591,-21,,,,0.052429065108299255,-0.23101747,0.2725823223590851,0.932431698,,,
2026-03-06T22:26:52.744Z,,,,2185,182,3784,-62,-907,-168,,,,0.057617038,-0.230651259,0.2675164043903351,0.933713436,,,
2026-03-06T22:26:52.704Z,,,,1728,-23,3691,417,-493,-89,,,,0.039977923,-0.224730864,0.2621453106403351,0.937619686,,,
2026-03-06T22:26:52.664Z,,,,1980,251,3830,239,-164,-165,,,,0.057189796,-0.237853393,0.25555354356765747,0.93530035,,,
2026-03-06T22:26:52.624Z,,,,1980,198,3454,-398,-132,-67,,,,0.055847026,-0.238158569,0.25500422716140747,0.935422421,,,
2026-03-06T22:26:52.584Z,,,,2452,682,3399,-43,-324,-108,,,,0.0378417,-0.208800733,0.23126161098480225,0.9493994116783142,,,
2026-03-06T22:26:52.544Z,,,,2227,131,3705,274,-28,35,,,,0.014953575,-0.185729504,0.21099799871444702,0.9595312476158142,,,
2026-03-06T22:26:52.504Z,,,,2234,177,3428,485,-879,-180,,,,-0.01684566,-0.16485554,0.17694047093391418,0.9701513051986694,,,
2026-03-06T22:26:52.464Z,,,,1890,245,3606,-30,-265,-185,,,,-0.020690866,-0.141051888,0.15081748366355896,0.9782079458236694,,,
2026-03-06T22:26:52.424Z,,,,2246,294,3476,21,-200,32,,,,-0.038207911,-0.110656455,0.12750211358070374,0.9848607778549194,,,
2026-03-06T22:26:52.384Z,,,,2529,611,3582,-165,788,7,,,,-0.07287579,-0.079223432,0.084167264,0.9905980229377747,,,
2026-03-06T22:26:52.344Z,,,,759,-1153,3943,313,721,-31,,,,-0.065002277,-0.080016881,0.05383287,0.9931614995002747,,,
2026-03-06T22:26:52.304Z,,,,2676,546,3714,598,-1007,105,,,,-0.055785991,-0.070678532,-0.047790404,0.9947484135627747,,,
2026-03-06T22:26:52.264Z,,,,1679,-363,2946,-468,816,329,,,,-0.034545809,-0.050659049,-0.072448544,0.9954808354377747,,,
2026-03-06T22:26:52.224Z,,,,2988,380,3357,214,-250,75,,,,-0.00585936,-0.024841245,-0.096984617,0.9949315190315247,,,
2026-03-06T22:26:52.184Z,,,,1570,26,3695,-335,634,108,,,,0.024597104638814926,0.041564833372831345,-0.167480037,0.9846166372299194,,,
2026-03-06T22:26:52.144Z,,,,2291,227,3663,19,-175,524,,,,0.082275182,0.088744886,-0.234313369,0.9645361304283142,,,
2026-03-06T22:26:52.104Z,,,,1906,-193,3590,1288,-1120,760,,,,0.10119602829217911,0.061950523406267166,-0.247313812,0.9616064429283142,,,
2026-03-06T22:26:52.064Z,,,,2662,436,3583,393,-790,1059,,,,0.10443088412284851,0.03503409,-0.350646079,0.929990292,,,
2026-03-06T22:26:52.024Z,,,,1974,-395,2930,101,-805,504,,,,0.096557371,0.039733786,-0.388243645,0.9155860543251038,,,
2026-03-06T22:26:51.984Z,,,,1933,-178,3596,248,-609,20,,,,0.094299078,0.048217651,-0.427489132,0.8977637887001038,,,
2026-03-06T22:26:51.944Z,,,,1837,-351,3602,-61,62,980,,,,0.094970457,0.10748263448476791,-0.49682489,0.8558327555656433,,,
2026-03-06T22:26:51.904Z,,,,2881,977,3294,-53,-155,927,,,,0.095641844,0.12841764092445374,-0.523497164,0.8367898464202881,,,
2026-03-06T22:26:51.864Z,,,,1698,127,3848,-507,-701,659,,,,0.096252196,0.16760210692882538,-0.531553805,0.8245828747749329,,,
2026-03-06T22:26:51.824Z,,,,1859,-61,3271,-763,-895,680,,,,0.072204404,0.15734823048114777,-0.564329624,0.8071268200874329,,,
2026-03-06T22:26:51.784Z,,,,1942,83,3657,-658,-862,926,,,,0.089172132,0.12750211358070374,-0.586302221,0.7949198484420776,,,
2026-03-06T22:26:51.744Z,,,,1860,257,3430,-841,-1506,1524,,,,0.12054412811994553,0.14587365090847015,-0.592771947,0.7827738523483276,,,
2026-03-06T22:26:51.704Z,,,,2218,16,3493,-918,614,370,,,,0.14434777200222015,0.14959678053855896,-0.599241614,0.7730082869529724,,,
2026-03-06T22:26:51.664Z,,,,2446,266,3168,-215,597,659,,,,0.17425492405891418,0.15710408985614777,-0.615232825,0.7525615692138672,,,
2026-03-06T22:26:51.624Z,,,,2314,-83,3541,135,86,1324,,,,0.1942744106054306,0.065856762,-0.727537215,0.6546003818511963,,,
2026-03-06T22:26:51.584Z,,,,1896,-50,3675,142,-52,1363,,,,0.17712357640266418,0.079955846,-0.828611135,0.5249009728431702,,,
2026-03-06T22:26:51.544Z,,,,1653,-159,3723,-207,-509,1291,,,,0.16326862573623657,0.11743134260177612,-0.857297599,0.4737536609172821,,,
2026-03-06T22:26:51.504Z,,,,1136,20,4089,294,-497,1000,,,,0.15002402663230896,0.12817350029945374,-0.868405998,0.4548328220844269,,,
2026-03-06T22:26:51.464Z,,,,1882,308,3914,418,-962,550,,,,0.13519252836704254,0.11566132307052612,-0.883725762,0.43267711997032166,,,
2026-03-06T22:26:51.424Z,,,,640,-1305,3608,633,-246,283,,,,0.12432829290628433,0.10107395797967911,-0.895810664,0.41448867321014404,,,
2026-03-06T22:26:51.384Z,,,,2305,487,3990,-414,493,460,,,,0.11560028791427612,0.072997861,-0.905271113,0.40209856629371643,,,
2026-03-06T22:26:51.344Z,,,,2233,24,3578,-253,-623,234,,,,0.15582235157489777,0.051025260239839554,-0.897519648,0.40923967957496643,,,
2026-03-06T22:26:51.304Z,,,,2095,548,3665,-572,-698,121,,,,0.17132525146007538,0.01489254,-0.896665156,0.40777483582496643,,,
2026-03-06T22:26:51.264Z,,,,1586,149,4007,-485,-580,299,,,,0.16711382567882538,0.016418414190411568,-0.90014416,0.40179339051246643,,,
2026-03-06T22:26:51.224Z,,,,1217,-1151,3624,-835,-839,1017,,,,0.16259723901748657,0.021850530058145523,-0.90228039,0.3985585570335388,,,
2026-03-06T22:26:51.184Z,,,,1151,-284,4072,-405,420,1151,,,,0.15423543751239777,0.031188884750008583,-0.902219355,0.40142717957496643,,,
2026-03-06T22:26:51.144Z,,,,738,-519,3985,79,165,1283,,,,0.14215052127838135,0.030700605362653732,-0.906125605,0.3970326781272888,,,
2026-03-06T22:26:51.104Z,,,,375,-940,3947,672,-264,926,,,,0.23174989223480225,0.062927082,-0.89825207,0.3679189682006836,,,
2026-03-06T22:26:51.064Z,,,,649,-450,4116,146,435,904,,,,0.1847529411315918,0.028625416,-0.918881893,0.34722810983657837,,,
2026-03-06T22:26:51.024Z,,,,1103,-1100,3931,-458,553,837,,,,0.070373356,-0.02490228,-0.921079159,0.3820790946483612,,,
2026-03-06T22:26:50.984Z,,,,626,-687,3990,-294,447,499,,,,0.022521914914250374,-0.022338809,-0.911923945,0.40905657410621643,,,
2026-03-06T22:26:50.944Z,,,,314,-122,4107,-313,140,31,,,,0.013854945078492165,-0.017822219,-0.909177363,0.41564834117889404,,,
2026-03-06T22:26:50.904Z,,,,-712,-974,4032,-346,-200,-165,,,,0.013732874765992165,-0.018249465,-0.905149043,0.42443737387657166,,,
2026-03-06T22:26:50.864Z,,,,-1781,503,3205,81,126,187,,,,0.00903318,-0.027954031,-0.901425898,0.43188366293907166,,,
2026-03-06T22:26:50.824Z,,,,-1032,1469,4130,7,109,190,,,,-0.043212779,-0.05676255,-0.897092402,0.43597301840782166,,,
2026-03-06T22:26:50.784Z,,,,-557,649,4113,375,170,179,,,,-0.049377315,-0.075195119,-0.891355157,0.44421273469924927,,,
2026-03-06T22:26:50.744Z,,,,-297,469,4162,-138,301,75,,,,-0.066406079,-0.086364523,-0.878903985,0.4642322063446045,,,
2026-03-06T22:26:50.704Z,,,,-9,360,4101,-937,378,502,,,,-0.079772748,-0.092162848,-0.872434258,0.4732043445110321,,,
2026-03-06T22:26:50.664Z,,,,-1144,-378,3880,189,363,721,,,,-0.156432703,-0.128722817,-0.859189689,0.4697253704071045,,,
2026-03-06T22:26:50.624Z,,,,-1030,-130,4000,222,2242,-216,,,,-0.146300897,-0.120299987,-0.863523185,0.4672229290008545,,,
2026-03-06T22:26:50.584Z,,,,-2335,-719,3421,404,913,-393,,,,-0.125610024,-0.108581267,-0.862119377,0.4785754382610321,,,
2026-03-06T22:26:50.544Z,,,,-1399,-734,3860,226,220,-206,,,,-0.127257973,-0.101134993,-0.859250724,0.4848620295524597,,,
2026-03-06T22:26:50.504Z,,,,-279,-292,3946,49,36,-199,,,,-0.138976693,-0.108825408,-0.850400627,0.49548211693763733,,,
2026-03-06T22:26:50.464Z,,,,-1234,-407,3610,-235,124,-189,,,,-0.107482634,-0.091003187,-0.851377189,0.5051866769790649,,,
2026-03-06T22:26:50.424Z,,,,-1251,-161,3773,-84,755,-23,,,,-0.129699379,-0.103881568,-0.847593069,0.5039049386978149,,,
2026-03-06T22:26:50.384Z,,,,-2853,-80,3884,-347,479,-142,,,,-0.117065132,-0.097533926,-0.848874748,0.5060411691665649,,,
2026-03-06T22:26:50.344Z,,,,-1348,792,3834,-148,224,-137,,,,-0.126342446,-0.106322967,-0.84618926,0.5065294504165649,,,
2026-03-06T22:26:50.304Z,,,,-810,-24,3737,58,294,-263,,,,-0.12231414,-0.09606909,-0.843137503,0.5146471261978149,,,
2026-03-06T22:26:50.264Z,,,,-2003,-1229,3683,-52,681,-336,,,,-0.121459648,-0.093627691,-0.83825469,0.5231920480728149,,,
2026-03-06T22:26:50.224Z,,,,-1743,-1151,3482,218,184,73,,,,-0.125243813,-0.100402571,-0.826719046,0.5391831994056702,,,
2026-03-06T22:26:50.184Z,,,,-1270,-739,3683,129,-963,-79,,,,-0.110961631,-0.079284467,-0.824460804,0.5491318702697754,,,
2026-03-06T22:26:50.144Z,,,,-983,-784,3870,10,-809,-246,,,,-0.112670608,-0.07861308,-0.819639027,0.5560898780822754,,,
2026-03-06T22:26:50.104Z,,,,-205,-681,4061,-7,-172,-95,,,,-0.120544128,-0.068847477,-0.817136586,0.5593857765197754,,,
2026-03-06T22:26:50.064Z,,,,-1027,57,3871,-85,-464,-190,,,,-0.110839561,-0.061523281,-0.817136586,0.5622544288635254,,,
2026-03-06T22:26:50.024Z,,,,-1218,522,3824,-6,-348,-125,,,,-0.104552954,-0.051940784,-0.820310414,0.5598130226135254,,,
2026-03-06T22:26:49.984Z,,,,-1080,350,4040,-66,-458,3,,,,-0.109679893,-0.052856311,-0.82073766,0.5581040382385254,,,
2026-03-06T22:26:49.944Z,,,,-881,324,3983,-16,-36,-49,,,,-0.098327383,-0.03210441,-0.801084399,0.5894150137901306,,,
2026-03-06T22:26:49.904Z,,,,-890,47,3894,42,31,-184,,,,-0.077453412,-0.017822219,-0.788755298,0.6094344854354858,,,
2026-03-06T22:26:49.864Z,,,,68,-993,4120,-9,-55,-285,,,,-0.100341536,-0.02746575,-0.786313891,0.6089462041854858,,,
2026-03-06T22:26:49.824Z,,,,-3549,-1528,1653,20,-67,-301,,,,-0.097045653,-0.037170313,-0.798215747,0.5933212041854858,,,
2026-03-06T22:26:49.784Z,,,,-2635,865,3715,216,773,-360,,,,-0.104064673,-0.043762095,-0.793027759,0.5985091924667358,,,
2026-03-06T22:26:49.744Z,,,,-89,796,4605,45,933,13,,,,-0.102782942,-0.04235829,-0.802976429,0.5854477286338806,,,
2026-03-06T22:26:49.704Z,,,,144,370,4433,308,493,-122,,,,-0.116271675,-0.048522826,-0.81115514,0.5709823966026306,,,
2026-03-06T22:26:49.664Z,,,,220,65,4027,-31,-288,-9,,,,-0.12805143,-0.045837283,-0.820676625,0.5549302101135254,,,
2026-03-06T22:26:49.624Z,,,,-13,54,3855,7,466,69,,,,-0.077941693,-0.050231803,-0.799802661,0.5930160880088806,,,
2026-03-06T22:26:49.584Z,,,,42,408,3908,25,445,0,,,,-0.069274724,-0.035583407,-0.786252856,0.6129134893417358,,,
2026-03-06T22:26:49.544Z,,,,1137,-44,4048,127,-160,-48,,,,-0.02673333,-0.00622557,-0.747983932,0.6630842089653015,,,
2026-03-06T22:26:49.504Z,,,,852,375,3998,-184,97,10,,,,-0.020324655,-0.004089345,-0.746152878,0.6654035449028015,,,
2026-03-06T22:26:49.464Z,,,,802,320,3875,99,403,-117,,,,-0.019470165,-0.00354003,-0.747861862,0.6635114550590515,,,
2026-03-06T22:26:49.424Z,,,,808,366,3799,158,62,260,,,,-0.013610805,-0.001281735,-0.752561569,0.6583235263824463,,,
2026-03-06T22:26:49.384Z,,,,2856,219,3929,-234,184,73,,,,0.021667424589395523,0.00952146,-0.759580553,0.6499006748199463,,,
2026-03-06T22:26:49.344Z,,,,2030,49,3831,123,-38,0,,,,0.030456464737653732,0.018432571,-0.752439499,0.6575911045074463,,,
2026-03-06T22:26:49.304Z,,,,1322,102,4017,-136,206,391,,,,0.033813390880823135,0.01879878,-0.750181198,0.6600325107574463,,,
2026-03-06T22:26:49.264Z,,,,1577,-29,3686,244,355,491,,,,0.053527694,0.00036621,-0.74889946,0.6604597568511963,,,
2026-03-06T22:26:49.224Z,,,,2079,70,3722,762,135,563,,,,0.056945655,-0.00927732,-0.741270065,0.6686384081840515,,,
2026-03-06T22:26:49.184Z,,,,-634,21,4541,36,-229,-564,,,,0.076598927,-0.000305175,-0.726194441,0.6831037402153015,,,
2026-03-06T22:26:49.144Z,,,,2160,-148,4023,72,-117,-372,,,,0.085021757,0.000549315,-0.697630048,0.711301863,,,
2026-03-06T22:26:49.104Z,,,,946,33,3933,-130,-212,-94,,,,0.054321151,0.029540939,-0.661314249,0.7474956512451172,,,
2026-03-06T22:26:49.064Z,,,,1690,342,3908,7,-20,-151,,,,0.054443222,0.060668788850307465,-0.649229288,0.7561625838279724,,,
2026-03-06T22:26:49.024Z,,,,1333,20,3845,-33,-31,-54,,,,0.058654636,0.089965589,-0.642210245,0.7589091658592224,,,
2026-03-06T22:26:48.984Z,,,,1359,-97,3852,-18,-62,-42,,,,0.05969223,0.12896695733070374,-0.633360207,0.7606791853904724,,,
2026-03-06T22:26:48.944Z,,,,1890,408,3803,1,-258,-28,,,,0.037658595,0.14318810403347015,-0.617857277,0.7721537947654724,,,
2026-03-06T22:26:48.904Z,,,,-172,70,4188,2,-145,-160,,,,-0.0195312,0.10906954109668732,-0.582090795,0.8054788708686829,,,
2026-03-06T22:26:48.864Z,,,,654,264,4153,-145,18,-76,,,,0.024597104638814926,0.12121550738811493,-0.521055818,0.8444802761077881,,,
2026-03-06T22:26:48.824Z,,,,1357,-184,3803,-409,66,-298,,,,0.095458739,0.15814168751239777,-0.519041657,0.8344705104827881,,,
2026-03-06T22:26:48.784Z,,,,657,-135,4074,321,-4,-436,,,,0.091369398,0.11883514374494553,-0.569761753,0.8079813122749329,,,
2026-03-06T22:26:48.744Z,,,,807,-3,3059,-832,-500,-960,,,,0.094299078,0.12573209404945374,-0.594663978,0.7883890867233276,,,
2026-03-06T22:26:48.704Z,,,,1352,-116,4168,301,-77,-405,,,,0.036987212,0.15515096485614777,-0.674131572,0.721067488,,,
2026-03-06T22:26:48.664Z,,,,1367,-242,4073,966,83,-213,,,,0.033935461193323135,0.12396208196878433,-0.718076766,0.6838971972465515,,,
2026-03-06T22:26:48.624Z,,,,99,-122,4067,370,-1289,-268,,,,0.077575482,0.079406537,-0.766965806,0.6318953633308411,,,
2026-03-06T22:26:48.584Z,,,,1471,-513,4224,617,-781,-80,,,,0.086059347,0.10803195089101791,-0.825193226,0.5476670265197754,,,
2026-03-06T22:26:48.544Z,,,,822,-169,4027,954,-971,-349,,,,0.10894747823476791,0.15624959766864777,-0.838681936,0.5100694894790649,,,
2026-03-06T22:26:48.504Z,,,,1196,-109,4351,693,488,-475,,,,0.12402311712503433,0.12512174248695374,-0.874082208,0.4525745213031769,,,
2026-03-06T22:26:48.464Z,,,,495,-165,3893,-74,559,-777,,,,0.12548795342445374,0.028686451,-0.969418883,0.20880073308944702,,,
2026-03-06T22:26:48.424Z,,,,1193,-240,4206,-596,-1395,-984,,,,0.11956756561994553,0.00451659,-0.984677672,0.12652555108070374,,,
2026-03-06T22:26:48.384Z,,,,1444,-663,3998,-879,662,269,,,,-0.087341085,-0.033935461,0.9595922827720642,0.2650749981403351,,,
2026-03-06T22:26:48.344Z,,,,770,145,4021,-36,-147,808,,,,-0.116943061,0.084960721,0.9092994332313538,0.3900746703147888,,,
2026-03-06T22:26:48.304Z,,,,622,-154,4037,386,-568,1078,,,,-0.105834693,0.10034153610467911,0.8891578912734985,0.43365368247032166,,,
2026-03-06T22:26:48.264Z,,,,406,-222,4467,-737,646,1778,,,,-0.080627233,0.11260957270860672,0.8605934977531433,0.4900500178337097,,,
2026-03-06T22:26:48.224Z,,,,38,-82,4067,-1529,127,1651,,,,-0.094054937,0.11199922114610672,0.8389871120452881,0.5240464806556702,,,
2026-03-06T22:26:48.184Z,,,,137,-78,4124,-1100,-304,1811,,,,-0.110351279,0.13269008696079254,0.7939432859420776,0.5828842520713806,,,
2026-03-06T22:26:48.144Z,,,,207,-69,4206,1028,-1225,1155,,,,-0.113158889,0.14239466190338135,0.7766703963279724,0.6030257940292358,,,
2026-03-06T22:26:48.104Z,,,,137,-21,4534,-1421,-255,1827,,,,-0.109618858,0.14996299147605896,0.7470073699951172,0.6382430195808411,,,
2026-03-06T22:26:48.064Z,,,,-206,13,4053,-1602,256,2866,,,,-0.107909881,0.15124472975730896,0.7421245574951172,0.6439192295074463,,,
2026-03-06T22:26:48.024Z,,,,-254,107,4083,-1564,302,3858,,,,-0.108092986,0.15313681960105896,0.7380352020263672,0.6481306552886963,,,
2026-03-06T22:26:47.984Z,,,,-213,259,3891,-627,527,3991,,,,-0.110107139,0.15655477344989777,0.7343120574951172,0.6511824131011963,,,
2026-03-06T22:26:47.944Z,,,,137,384,4592,1143,-258,3393,,,,-0.11071749,0.15801961719989777,0.731565535,0.6538069248199463,,,
2026-03-06T22:26:47.904Z,,,,-1138,1292,4162,-413,-299,376,,,,-0.109496787,0.15759237110614777,0.731138289,0.6546003818511963,,,
2026-03-06T22:26:47.864Z,,,,-518,758,3948,-496,308,928,,,,-0.098510489,0.16442829370498657,0.723081648,0.6635724902153015,,,
2026-03-06T22:26:47.824Z,,,,404,411,3910,98,-49,1143,,,,-0.090820082,0.14361535012722015,0.729917586,0.6619856357574463,,,
2026-03-06T22:26:47.784Z,,,,-405,379,3984,-395,-349,1237,,,,-0.092956305,0.13854944705963135,0.731687605,0.6608259677886963,,,
2026-03-06T22:26:47.744Z,,,,-674,350,4196,35,-226,1055,,,,-0.09313941,0.13616909086704254,0.7355937957763672,0.6569197177886963,,,
2026-03-06T22:26:47.704Z,,,,-2155,-717,3870,-295,-46,755,,,,-0.093871832,0.13421596586704254,0.7363872528076172,0.6563704013824463,,,
2026-03-06T22:26:47.664Z,,,,-1662,-1060,3602,-125,32,242,,,,-0.095824949,0.13177455961704254,0.7412700653076172,0.6510603427886963,,,
2026-03-06T22:26:47.624Z,,,,-359,-925,3809,-69,-20,203,,,,-0.09619116,0.13030973076820374,0.7405986785888672,0.6520369052886963,,,
2026-03-06T22:26:47.584Z,,,,-1306,494,3976,-90,-24,175,,,,-0.096496336,0.12670865654945374,0.7438335418701172,0.6489851474761963,,,
2026-03-06T22:26:47.544Z,,,,-2487,1180,3795,0,-33,45,,,,-0.093322515,0.12921109795570374,0.7479228973388672,0.6442854404449463,,,
2026-03-06T22:26:47.504Z,,,,-931,436,3929,-56,13,40,,,,-0.096374266,0.11920135468244553,0.7430400848388672,0.6513655185699463,,,
2026-03-06T22:26:47.464Z,,,,-531,931,3968,48,59,130,,,,-0.095519774,0.11718720197677612,0.7456035614013672,0.6489241123199463,,,
2026-03-06T22:26:47.424Z,,,,-1466,-575,3943,-26,338,263,,,,-0.093871832,0.11627167463302612,0.7446880340576172,0.6503889560699463,,,
2026-03-06T22:26:47.384Z,,,,-673,-1328,3580,38,42,61,,,,-0.092834234,0.11785858124494553,0.7424907684326172,0.6527082920074463,,,
2026-03-06T22:26:47.344Z,,,,-939,869,4106,50,62,-72,,,,-0.093932867,0.11968963593244553,0.7383403778076172,0.6569807529449463,,,
2026-03-06T22:26:47.304Z,,,,-62,-501,3890,66,40,-56,,,,-0.093383551,0.11706513166427612,0.7369365692138672,0.6590559482574463,,,
2026-03-06T22:26:47.264Z,,,,-3079,-2064,3373,45,6,-58,,,,-0.094787352,0.11273164302110672,0.7336406707763672,0.6633283495903015,,,
2026-03-06T22:26:47.224Z,,,,-2310,-449,3484,59,11,-24,,,,-0.086120382,0.11993377655744553,0.720884383,0.6770612597465515,,,
2026-03-06T22:26:47.184Z,,,,-1339,-376,3969,36,86,-22,,,,-0.031677164,0.087035909,0.712034285,0.6959210634231567,,,
2026-03-06T22:26:47.144Z,,,,-722,1250,3817,116,60,-62,,,,-0.024719175,0.087646261,0.7051373720169067,0.7031232118606567,,,
2026-03-06T22:26:47.104Z,,,,563,-1413,4543,-92,90,137,,,,-0.028869554,0.080688268,0.7019025087356567,0.7070294618606567,,,
2026-03-06T22:26:47.064Z,,,,-1314,329,3557,14,59,-30,,,,-0.02392572,0.076659963,0.7056256532669067,0.7039166688919067,,,
2026-03-06T22:26:47.024Z,,,,-1133,163,3897,17,85,21,,,,-0.081054479,0.06408675,0.7387065887451172,0.6659528613090515,,,
2026-03-06T22:26:46.984Z,,,,-489,811,4005,-51,56,68,,,,-0.076476857,0.044311411678791046,0.7857035398483276,0.6122421026229858,,,
2026-03-06T22:26:46.944Z,,,,-957,-131,3945,-53,-12,153,,,,-0.072387509,0.05957016,0.8339211940765381,0.5438218712806702,,,
2026-03-06T22:26:46.904Z,,,,-1091,317,3534,-50,27,110,,,,-0.091491468,0.088683851,0.8765846490859985,0.4639880657196045,,,
2026-03-06T22:26:46.864Z,,,,-1370,869,3973,-5,118,64,,,,-0.097594962,0.086730734,0.8847633600234985,0.44720345735549927,,,
2026-03-06T22:26:46.824Z,,,,-1326,325,3951,32,11,97,,,,-0.094421148,0.092040777,0.8930031061172485,0.43017467856407166,,,
2026-03-06T22:26:46.784Z,,,,-1237,369,3846,-488,549,305,,,,-0.10168431,0.10162327438592911,0.8958716988563538,0.42022597789764404,,,
2026-03-06T22:26:46.744Z,,,,-1285,386,3892,-326,216,79,,,,-0.093383551,0.10888644307851791,0.8964820504188538,0.41906630992889404,,,
2026-03-06T22:26:46.704Z,,,,-1325,384,3854,87,-62,173,,,,-0.090820082,0.11175508797168732,0.8974586129188538,0.41674697399139404,,,
2026-03-06T22:26:46.664Z,,,,-1344,409,3858,-111,270,-30,,,,-0.047119021,0.090392835,0.9154639840126038,0.3890981376171112,,,
2026-03-06T22:26:46.624Z,,,,-1346,477,3958,227,-384,-439,,,,-0.029968185,0.061096034944057465,0.925290585,0.3729238510131836,,,
2026-03-06T22:26:46.584Z,,,,-1450,840,3881,519,-130,-875,,,,-0.097961172,-0.01135251,0.926633358,0.362669975,,,
2026-03-06T22:26:46.544Z,,,,-1072,431,3975,-148,437,-1313,,,,-0.088683851,-0.015685994,0.934628963,0.34393221139907837,,,
2026-03-06T22:26:46.504Z,,,,-1120,374,3958,-23,-681,-1096,,,,-0.086303487,-0.019287059,0.941586971,0.32476723194122314,,,
2026-03-06T22:26:46.464Z,,,,-1113,399,3944,218,-126,-658,,,,-0.074584767,0.015808064490556717,0.9649023413658142,0.25122004747390747,,,
2026-03-06T22:26:46.424Z,,,,-1071,367,3935,7,48,-423,,,,-0.102477767,0.024597104638814926,0.9657567739486694,0.23693786561489105,,,
2026-03-06T22:26:46.384Z,,,,-1088,370,3898,-169,-110,-258,,,,-0.140014291,0.059203949,0.9699681997299194,0.1897578090429306,,,
2026-03-06T22:26:46.344Z,,,,-1110,349,3985,-167,-87,91,,,,-0.126464516,0.062805012,0.9797948598861694,0.14154016971588135,,,
2026-03-06T22:26:46.304Z,,,,-1116,422,3970,-256,110,-212,,,,-0.118163757,0.057678074,0.9853490591049194,0.10839816182851791,,,
2026-03-06T22:26:46.264Z,,,,-1207,950,3963,-256,110,-212,,,,-0.131347314,0.047180057,0.9896214604377747,0.033813390880823135,,,
2026-03-06T22:26:46.224Z,,,,-1020,323,3992,360,251,-102,,,,0.16155964136123657,0.009826635,-0.986020446,0.038574118,,,
2026-03-06T22:26:46.184Z,,,,-931,303,3998,410,322,-155,,,,0.16253620386123657,0.03918447,-0.982663512,0.079528607,,,
2026-03-06T22:26:46.144Z,,,,-902,281,3947,299,171,-293,,,,0.181518093,0.078674115,-0.970883727,0.13458217680454254,,,
2026-03-06T22:26:46.104Z,,,,-979,383,3981,42,343,-635,,,,0.179076687,0.081481725,-0.968015075,0.15551717579364777,,,
2026-03-06T22:26:46.064Z,,,,-1040,346,3909,-164,305,-576,,,,0.15661580860614777,0.070190251,-0.952268064,0.25225764513015747,,,
2026-03-06T22:26:46.024Z,,,,-1036,315,4013,69,-935,-375,,,,0.15228232741355896,0.057250831,-0.94122076,0.2958976924419403,,,
2026-03-06T22:26:45.984Z,,,,-977,243,3969,-270,-499,-840,,,,0.177367702,0.0537108,-0.911191523,0.3677968978881836,,,
2026-03-06T22:26:45.944Z,,,,-1012,545,3670,-79,-3,-702,,,,0.1973871886730194,0.033447179943323135,-0.876889825,0.43688851594924927,,,
2026-03-06T22:26:45.904Z,,,,-1016,707,4329,263,277,-1059,,,,0.16784624755382538,0.054382186,-0.827878714,0.5322862267494202,,,
2026-03-06T22:26:45.864Z,,,,-263,663,4061,362,9,-1226,,,,0.16101032495498657,0.076843068,-0.821225941,0.5418687462806702,,,
2026-03-06T22:26:45.824Z,,,,-361,312,4198,370,-487,-979,,,,0.17010454833507538,0.096374266,-0.810361683,0.5522446632385254,,,
2026-03-06T22:26:45.784Z,,,,88,695,4468,1343,-17,-1223,,,,0.13030973076820374,0.13098110258579254,-0.793271899,0.5800155997276306,,,
2026-03-06T22:26:45.744Z,,,,-1238,-367,3418,957,-477,-862,,,,0.076415822,0.11096163094043732,-0.732542098,0.6671735644340515,,,
2026-03-06T22:26:45.704Z,,,,-316,-80,4002,173,35,-578,,,,0.071105778,0.091674566,-0.597715735,0.7932108640670776,,,
2026-03-06T22:26:45.664Z,,,,-524,691,3990,283,329,-775,,,,0.070983708,0.098205313,-0.574583471,0.8093240857124329,,,
2026-03-06T22:26:45.624Z,,,,-644,343,4144,-216,392,-1561,,,,0.074889943,0.12298552691936493,-0.553343296,0.8203714489936829,,,
2026-03-06T22:26:45.584Z,,,,-1493,331,3992,376,19,-1188,,,,0.062988117,0.089721449,-0.552305698,0.8262917995452881,,,
2026-03-06T22:26:45.544Z,,,,-906,611,3963,-447,-446,-817,,,,0.052490100264549255,0.10595676302909851,-0.560057163,0.8199442028999329,,,
2026-03-06T22:26:45.504Z,,,,-1320,392,3878,270,278,-831,,,,0.042297255247831345,0.13012662529945374,-0.567259312,0.8120096325874329,,,
2026-03-06T22:26:45.464Z,,,,-910,773,3636,485,-118,-392,,,,0.01013181,0.11492890119552612,-0.576597631,0.8087747693061829,,,
2026-03-06T22:26:45.424Z,,,,-1132,852,3738,743,-348,-274,,,,-0.0024414,0.092651129,-0.579039037,0.8099344372749329,,,
2026-03-06T22:26:45.384Z,,,,-806,772,4195,441,-528,-203,,,,0.007019025,0.078002729,-0.56262064,0.8229349255561829,,,
2026-03-06T22:26:45.344Z,,,,15,752,4192,465,71,-405,,,,0.01013181,0.084899686,-0.54888773,0.8314187526702881,,,
2026-03-06T22:26:45.304Z,,,,-1274,-1007,3488,56,783,-993,,,,0.063720539,0.094360113,-0.498961121,0.8590676188468933,,,
2026-03-06T22:26:45.264Z,,,,-212,-168,3995,-14,-112,-938,,,,0.067992993,0.10217259079217911,-0.532347262,0.8375222682952881,,,
2026-03-06T22:26:45.224Z,,,,-512,-501,4116,829,-252,-773,,,,0.084533475,0.046264529,-0.589659154,0.8018168210983276,,,
2026-03-06T22:26:45.184Z,,,,97,285,4095,-1345,-1637,-870,,,,-0.05529771,-0.03210441,-0.67516917,0.7348003387451172,,,
2026-03-06T22:26:45.144Z,,,,-748,185,3988,500,-138,415,,,,-0.036865141,-0.034850985,-0.712278426,0.7000104188919067,,,
2026-03-06T22:26:45.104Z,,,,-1882,588,3623,471,-149,381,,,,0.039794821,-0.054870464,-0.768369615,0.6363509297370911,,,
2026-03-06T22:26:45.064Z,,,,-1048,757,3972,726,203,263,,,,0.077514447,-0.042297255,-0.782163501,0.6166976094245911,,,
2026-03-06T22:26:45.024Z,,,,-709,763,4099,-58,436,165,,,,0.089416273,-0.014709435,-0.802549183,0.5895981192588806,,,
2026-03-06T22:26:44.984Z,,,,-731,1184,3841,-143,213,-14,,,,0.06689436,-0.053893905,-0.831174612,0.5492539405822754,,,
2026-03-06T22:26:44.944Z,,,,-982,124,4017,21,-198,-278,,,,0.088500753,-0.05529771,-0.825559437,0.5545029640197754,,,
2026-03-06T22:26:44.904Z,,,,-1223,-147,4335,-58,-35,-513,,,,0.052062854170799255,0.033996496349573135,-0.820005238,0.5688462257385254,,,
2026-03-06T22:26:44.864Z,,,,-1717,-1024,3346,-1247,-410,522,,,,0.021240180358290672,0.12072722613811493,-0.808286488,0.5758652091026306,,,
2026-03-06T22:26:44.824Z,,,,-1595,-591,3709,-1140,714,2210,,,,0.00866697,0.11181612312793732,-0.858152092,0.5009752511978149,,,
2026-03-06T22:26:44.784Z,,,,-932,-281,3931,-384,2414,1979,,,,0.043151743710041046,0.050414908677339554,-0.876645684,0.4765002429485321,,,
2026-03-06T22:26:44.744Z,,,,-738,187,4266,-95,-610,1377,,,,0.0036621,0.041931044310331345,-0.895871699,0.44219857454299927,,,
2026-03-06T22:26:44.704Z,,,,-1207,513,3841,-872,-111,1420,,,,0.032775793224573135,0.008239725,-0.940244198,0.33868321776390076,,,
2026-03-06T22:26:44.664Z,,,,-1710,726,3766,-1039,-1339,882,,,,0.032226480543613434,-0.006042465,-0.954526365,0.2961418330669403,,,
2026-03-06T22:26:44.624Z,,,,-919,989,3834,-32,-464,978,,,,0.10809298604726791,-0.015197715,-0.974973083,0.1934199184179306,,,
2026-03-06T22:26:44.584Z,,,,-860,14,3701,476,-1055,1006,,,,0.091125257,0.016784625127911568,-0.987851501,0.12463346868753433,,,
2026-03-06T22:26:44.544Z,,,,-1943,804,3644,-97,433,-168,,,,0.080016881,-0.068359196,-0.988950074,0.10400363802909851,,,
2026-03-06T22:26:44.504Z,,,,-1834,-323,4042,2504,-534,-301,,,,0.091430433,-0.076537892,-0.988156676,0.095885985,,,
2026-03-06T22:26:44.464Z,,,,-935,-579,3702,3299,-761,-193,,,,0.11688202619552612,-0.07580547,-0.984982848,0.10162327438592911,,,
2026-03-06T22:26:44.424Z,,,,-801,218,4155,643,-482,-63,,,,0.12518277764320374,-0.075927541,-0.984311461,0.097778067,,,
2026-03-06T22:26:44.384Z,,,,-638,146,4484,-1494,-1740,797,,,,0.14349327981472015,-0.080199987,-0.982297301,0.089538343,,,
2026-03-06T22:26:44.344Z,,,,-1090,-1288,4714,94,735,1208,,,,0.11816375702619553,-0.054565288,-0.990598023,0.040710345,,,
2026-03-06T22:26:44.304Z,,,,-466,304,3852,-235,1184,1711,,,,0.11395234614610672,-0.046935916,-0.992062867,0.023681579157710075,,,
2026-03-06T22:26:44.264Z,,,,-955,-135,4214,-2522,-750,798,,,,0.13879358768463135,-0.025817804,-0.989926636,0.00781248,,,
2026-03-06T22:26:44.224Z,,,,-1945,-620,3565,452,313,1023,,,,0.15869100391864777,-0.020324655,-0.987058043,0.00659178,,,
2026-03-06T22:26:44.184Z,,,,-887,-841,3869,734,14,1162,,,,-0.177062541,0.015685994178056717,0.9840673208236694,0.00061035,,,
2026-03-06T22:26:44.144Z,,,,-701,-834,3875,-1158,290,1062,,,,-0.18231155,0.007629375,0.9831517934799194,0.00512694,,,
2026-03-06T22:26:44.104Z,,,,-483,-452,3905,273,-32,-351,,,,-0.196166486,0.00134277,0.9805272817611694,0.0061035,,,
2026-03-06T22:26:44.064Z,,,,-696,-477,3759,-433,-175,271,,,,0.182372585,0.00427245,-0.983151793,0,,,
2026-03-06T22:26:44.024Z,,,,-1015,672,4535,-191,-420,168,,,,0.15496785938739777,-0.00402831,-0.987851501,0.00439452,,,
2026-03-06T22:26:43.984Z,,,,-2604,-2543,6140,-239,-665,67,,,,0.14697228372097015,-0.027038505,-0.987668395,0.046142459,,,
2026-03-06T22:26:43.944Z,,,,-856,2858,2662,35,-182,258,,,,0.15600545704364777,-0.029479904,-0.9855932,0.057250831,,,
2026-03-06T22:26:43.904Z,,,,1620,791,3217,280,554,530,,,,0.15765340626239777,-0.036865141,-0.982663512,0.09020973,,,
2026-03-06T22:26:43.864Z,,,,-121,-690,4492,182,-262,574,,,,0.17681840062141418,-0.043395884,-0.977536559,0.10601779818534851,,,
2026-03-06T22:26:43.824Z,,,,174,460,4266,182,-711,463,,,,0.16455036401748657,-0.04492176,-0.979855895,0.10345432162284851,,,
2026-03-06T22:26:43.784Z,,,,-671,1222,4647,38,-368,47,,,,0.11767548322677612,-0.038940329,-0.986997008,0.10198948532342911,,,
2026-03-06T22:26:43.744Z,,,,-1272,-229,3291,172,-180,192,,,,0.072509579,-0.024352964,-0.989865601,0.11914031952619553,,,
2026-03-06T22:26:43.704Z,,,,1588,-396,2723,270,-304,173,,,,0.11151094734668732,-0.01452633,-0.988156676,0.10388156771659851,,,
2026-03-06T22:26:43.664Z,,,,-595,2849,4610,-11,-554,16,,,,0.11218232661485672,-0.04235829,-0.988217711,0.094482176,,,
2026-03-06T22:26:43.624Z,,,,-1329,-916,4134,-139,894,-175,,,,0.084411405,-0.115417182,-0.984372497,0.10235569626092911,,,
2026-03-06T22:26:43.584Z,,,,-1337,-2133,3551,-257,518,-323,,,,0.095092528,-0.116393745,-0.980283141,0.12780728936195374,,,
2026-03-06T22:26:43.544Z,,,,-515,-528,3441,-47,-296,-312,,,,0.073303036,-0.103942603,-0.979184508,0.15801961719989777,,,
2026-03-06T22:26:43.504Z,,,,-883,-38,4091,-2,-201,-424,,,,0.082153112,-0.088989027,-0.979306579,0.16174274682998657,,,
2026-03-06T22:26:43.464Z,,,,448,-723,4318,-227,160,-388,,,,0.095885985,-0.077880658,-0.978452086,0.16522175073623657,,,
2026-03-06T22:26:43.424Z,,,,-913,-1235,4357,-205,190,161,,,,0.098815665,-0.079223432,-0.976804137,0.17230179905891418,,,
2026-03-06T22:26:43.384Z,,,,419,-907,4075,564,1276,285,,,,0.099303946,-0.095092528,-0.970822692,0.1961054503917694,,,
2026-03-06T22:26:43.344Z,,,,-1384,702,4178,569,2087,-162,,,,0.092468023,-0.100341536,-0.969663024,0.20269723236560822,,,
2026-03-06T22:26:43.304Z,,,,-893,-1094,3579,-578,-1354,581,,,,0.081054479,-0.105956763,-0.970944762,0.1985468566417694,,,
2026-03-06T22:26:43.264Z,,,,-869,821,4425,29,-412,420,,,,0.056213234,-0.117858581,-0.973569274,0.1870112419128418,,,
2026-03-06T22:26:43.224Z,,,,-567,373,3742,-2299,-232,269,,,,0.042297255247831345,-0.121459648,-0.977109313,0.16925005614757538,,,
2026-03-06T22:26:43.184Z,,,,-776,748,4331,-395,-696,-574,,,,0.035278231,-0.106994353,-0.981870055,0.15222129225730896,,,
2026-03-06T22:26:43.144Z,,,,-495,496,4485,189,40,-668,,,,0.038940329,-0.103332251,-0.982968688,0.14666710793972015,,,
2026-03-06T22:26:43.104Z,,,,-1147,492,3720,426,-253,-32,,,,0.042358290404081345,-0.100036368,-0.984006286,0.14074671268463135,,,
2026-03-06T22:26:43.064Z,,,,-155,531,3902,331,-470,78,,,,0.010925265029072762,-0.079101361,-0.989743531,0.11822479218244553,,,
2026-03-06T22:26:43.024Z,,,,234,834,3787,78,-407,-86,,,,0.005676255,-0.074218556,-0.990781128,0.11297578364610672,,,
2026-03-06T22:26:42.984Z,,,,-1040,-404,3953,-3,-7,-215,,,,0.005432115,-0.068542302,-0.991147339,0.11340302973985672,,,
2026-03-06T22:26:42.944Z,,,,-1540,-176,3786,-476,125,-455,,,,0.00085449,-0.06237777,-0.991086304,0.11724823713302612,,,
2026-03-06T22:26:42.904Z,,,,-1366,-8,4000,-106,498,17,,,,-0.019836375,-0.02624505,-0.993710816,0.10644503682851791,,,
2026-03-06T22:26:42.864Z,,,,-1169,-74,3779,-100,654,288,,,,-0.010436985,0.008361795,-0.994138062,0.10693331807851791,,,
2026-03-06T22:26:42.824Z,,,,-1822,-5,4000,-247,652,477,,,,-0.000671385,-0.003601065,-0.994504273,0.10412570834159851,,,
2026-03-06T22:26:42.784Z,,,,-1233,-310,3761,290,417,634,,,,0.002380365,-0.005432115,-0.994870484,0.10058567672967911,,,
2026-03-06T22:26:42.744Z,,,,-252,-250,4340,87,-55,335,,,,-0.02099604,-0.01037595,-0.995724976,0.088866957,,,
2026-03-06T22:26:42.704Z,,,,-956,46,4013,59,-85,377,,,,-0.036071684,-0.01354977,-0.995236695,0.089233167,,,
2026-03-06T22:26:42.664Z,,,,-1053,143,3836,225,67,387,,,,-0.044189341,-0.010192845,-0.994382203,0.094970457,,,
2026-03-06T22:26:42.624Z,,,,-971,558,3991,186,249,415,,,,-0.04357899,-0.0158691,-0.993954957,0.099364981,,,
2026-03-06T22:26:42.584Z,,,,-1465,413,3761,209,29,367,,,,-0.052062854,-0.018005325,-0.993039429,0.10351535677909851,,,
2026-03-06T22:26:42.544Z,,,,-1801,866,4323,176,138,158,,,,-0.041870009,-0.012512175,-0.998227417,0.038879294,,,
2026-03-06T22:26:42.504Z,,,,-1031,449,4687,258,23,157,,,,-0.038024805,-0.010436985,-0.998898804,0.022827090695500374,,,
2026-03-06T22:26:42.464Z,,,,-1446,-34,5402,696,902,475,,,,-0.041320696,-0.0061035,-0.998959839,0.014587365090847015,,,
2026-03-06T22:26:42.424Z,,,,-2109,-1106,3739,-182,-306,183,,,,-0.042602431,-0.00720213,-0.998898804,0.016357379034161568,,,
2026-03-06T22:26:42.384Z,,,,-1157,-321,3900,-223,-547,17,,,,-0.030883711,-0.001281735,-0.999387085,0.015563924796879292,,,
2026-03-06T22:26:42.344Z,,,,47,667,3465,-56,669,401,,,,0.032714758068323135,-0.0061035,0.9993870854377747,0.00805662,,,
2026-03-06T22:26:42.304Z,,,,-1622,1139,4316,-121,517,15,,,,0.030151291,-0.005187975,0.9994481205940247,0.011901824735105038,,,
2026-03-06T22:26:42.264Z,,,,-313,842,4547,152,135,-158,,,,0.027526785,-0.00512694,0.9995091557502747,0.011840789578855038,,,
2026-03-06T22:26:42.224Z,,,,-404,584,4052,-119,-64,-145,,,,0.025634700432419777,-0.005798325,0.9995701909065247,0.011535614728927612,,,
2026-03-06T22:26:42.184Z,,,,-756,271,3767,-88,149,-182,,,,0.022216739133000374,-0.00659178,0.9996312260627747,0.009460425,,,
2026-03-06T22:26:42.144Z,,,,-610,396,4050,-172,73,-211,,,,0.018554639,-0.007629375,0.9989598393440247,0.039733786,,,
2026-03-06T22:26:42.104Z,,,,-759,1235,3902,33,-169,-13,,,,0.030944744125008583,-0.007385235,0.9977391362190247,0.058593601,,,
2026-03-06T22:26:42.064Z,,,,-724,678,3796,79,-65,15,,,,0.027892996,-0.008483865,0.9961522221565247,0.082519323,,,
2026-03-06T22:26:42.024Z,,,,-546,876,4065,-18,148,-31,,,,0.021301215514540672,-0.015685994,0.9889500737190247,0.14569054543972015,,,
2026-03-06T22:26:41.984Z,,,,-33,1159,4054,129,-270,-72,,,,0.00537108,-0.016784625,0.9741796255111694,0.22485293447971344,,,
2026-03-06T22:26:41.944Z,,,,314,1332,4033,159,-148,151,,,,-6.10E-05,-0.019470165,0.9745458364486694,0.22326603531837463,,,
2026-03-06T22:26:41.904Z,,,,147,829,4043,-11,69,206,,,,0.00280761,-0.022277774,0.9755223989486694,0.21856632828712463,,,
2026-03-06T22:26:41.864Z,,,,-30,760,4022,25,-60,25,,,,-0.00061035,-0.022888126,0.9757665395736694,0.21734564006328583,,,
2026-03-06T22:26:41.824Z,,,,-530,940,3990,2,-31,0,,,,-0.01281735,-0.022766056,0.9545873999595642,0.2966300845146179,,,
2026-03-06T22:26:41.784Z,,,,286,416,4082,30,-81,-35,,,,-0.016357379,-0.022888126,0.9536108374595642,0.2994987368583679,,,
2026-03-06T22:26:41.744Z,,,,187,362,4220,27,-127,-65,,,,-0.019836375,-0.027160576,0.9520849585533142,0.3038932681083679,,,
2026-03-06T22:26:41.704Z,,,,17,394,4041,52,28,-4,,,,-0.01892085,-0.018249465,0.9511083960533142,0.3076164126396179,,,
2026-03-06T22:26:41.664Z,,,,182,449,4226,-47,-18,-88,,,,-0.022888126,-0.004333485,0.9503149390220642,0.31036296486854553,,,
2026-03-06T22:26:41.624Z,,,,860,87,4195,189,174,17,,,,-0.038940329,0.018493606,0.9498876929283142,0.30938640236854553,,,
2026-03-06T22:26:41.584Z,,,,146,-517,4141,52,-42,2,,,,-0.026611259,0.034728914,0.9537329077720642,0.2973625063896179,,,
2026-03-06T22:26:41.544Z,,,,745,-306,3737,155,-150,-52,,,,-0.021667425,0.053527694,0.9534277319908142,0.2958366572856903,,,
2026-03-06T22:26:41.504Z,,,,-530,-361,3705,84,116,-174,,,,-0.033813391,0.056030128,0.9511083960533142,0.3016960024833679,,,
2026-03-06T22:26:41.464Z,,,,297,-122,4114,29,-83,-58,,,,-0.019897411,0.056701515,0.9495825171470642,0.3076164126396179,,,
2026-03-06T22:26:41.424Z,,,,730,60,4242,0,-58,-12,,,,-0.057617038,0.070495427,0.9425024390220642,0.32147133350372314,,,
2026-03-06T22:26:41.384Z,,,,603,-369,4053,16,-181,130,,,,-0.083984159,0.042907603085041046,0.933591366,0.34551912546157837,,,
2026-03-06T22:26:41.344Z,,,,383,128,4145,174,-94,165,,,,-0.073058896,0.04797351,0.934812069,0.34399324655532837,,,
2026-03-06T22:26:41.304Z,,,,461,-422,3786,-103,-3,82,,,,-0.070251286,0.05664048,0.933225155,0.34765535593032837,,,
2026-03-06T22:26:41.264Z,,,,381,-57,4144,-258,-242,89,,,,-0.060302582,0.068420231,0.930722713,0.35406404733657837,,,
2026-03-06T22:26:41.224Z,,,,312,-18,4146,-371,-142,-20,,,,-0.047546264,0.057433933,0.933347225,0.35107332468032837,,,
2026-03-06T22:26:41.184Z,,,,474,-196,4149,-271,94,-39,,,,-0.044860724,0.032470621168613434,0.93114996,0.360350639,,,
2026-03-06T22:26:41.144Z,,,,754,141,4308,-218,1,-110,,,,-0.051269401,0.033264074474573135,0.929074764,0.364684135,,,
2026-03-06T22:26:41.104Z,,,,109,-44,3885,-92,-220,121,,,,-0.05664048,0.036193755,0.924558163,0.3749380111694336,,,
2026-03-06T22:26:41.064Z,,,,563,-162,4207,230,-118,143,,,,-0.059264984,0.032592691481113434,0.918698788,0.3889760673046112,,,
2026-03-06T22:26:41.024Z,,,,244,-221,4148,-430,262,60,,,,-0.07263165,0.013000454753637314,0.9079566597938538,0.41235247254371643,,,
2026-03-06T22:26:40.984Z,,,,284,-106,4114,596,-291,601,,,,-0.081359655,-0.01086423,0.9022193551063538,0.42327773571014404,,,
2026-03-06T22:26:40.944Z,,,,281,-231,4091,323,-201,168,,,,-0.033630285,-0.013488735,0.8530251383781433,0.5205675363540649,,,
2026-03-06T22:26:40.904Z,,,,246,-185,4124,-332,-3,15,,,,-0.058166355,0.019164991,0.8495461344718933,0.5238633751869202,,,
2026-03-06T22:26:40.864Z,,,,70,-44,3827,-231,-13,132,,,,-0.070007145,0.064697102,0.8374612331390381,0.5380235314369202,,,
2026-03-06T22:26:40.824Z,,,,497,-139,4341,-140,119,47,,,,-0.082275182,0.13952600955963135,0.8176248669624329,0.5524277687072754,,,
2026-03-06T22:26:40.784Z,,,,-158,-217,4249,105,449,-128,,,,-0.071777157,0.12268035113811493,0.8366677761077881,0.5288682579994202,,,
2026-03-06T22:26:40.744Z,,,,215,-216,4007,88,-181,128,,,,-0.078918256,0.11407441645860672,0.8387429714202881,0.5264268517494202,,,
2026-03-06T22:26:40.704Z,,,,-346,-345,3989,-66,-184,309,,,,-0.060241546,0.082397252,0.8308694362640381,0.5468735694885254,,,
2026-03-06T22:26:40.664Z,,,,-123,-356,3900,73,-48,478,,,,-0.067504711,0.063476399,0.8167703747749329,0.5693345069885254,,,
2026-03-06T22:26:40.624Z,,,,248,-224,4252,-6,201,434,,,,-0.075317189,0.058288425,0.8106058239936829,0.5776962637901306,,,
2026-03-06T22:26:40.584Z,,,,-4,-425,4054,811,182,379,,,,-0.078002729,0.055969093,0.8074930310249329,0.5819687247276306,,,
2026-03-06T22:26:40.544Z,,,,-1,-399,4091,404,86,518,,,,-0.076476857,0.053649765,0.8053568005561829,0.5853256583213806,,,
2026-03-06T22:26:40.504Z,,,,-121,-334,4075,-431,-1068,578,,,,-0.071777157,0.050048701,0.8021219968795776,0.5906357169151306,,,
2026-03-06T22:26:40.464Z,,,,-91,-598,4056,-239,-992,763,,,,-0.077331342,0.052673205733299255,0.8027322888374329,0.5889267325401306,,,
2026-03-06T22:26:40.424Z,,,,111,-519,4134,-812,-255,658,,,,-0.112365432,0.053100448,0.7790507674217224,0.6145004034042358,,,
2026-03-06T22:26:40.384Z,,,,-35,-349,4259,-127,173,22,,,,-0.151977152,0.02697747,0.7806986570358276,0.6055282354354858,,,
2026-03-06T22:26:40.344Z,,,,-1004,-252,3849,368,110,-94,,,,-0.144103631,0.015136679634451866,0.7860697507858276,0.6008285284042358,,,
2026-03-06T22:26:40.304Z,,,,-216,147,4372,163,16,-22,,,,-0.126464516,0.00561522,0.7884501218795776,0.6018661260604858,,,
2026-03-06T22:26:40.264Z,,,,-163,564,3806,52,0,358,,,,-0.098449454,0.009094215,0.7733744978904724,0.6261580586433411,,,
2026-03-06T22:26:40.224Z,,,,-976,129,4288,102,-53,358,,,,-0.099242911,0.061889488250017166,0.7362041473388672,0.6665021777153015,,,
2026-03-06T22:26:40.184Z,,,,227,-62,4268,149,-28,217,,,,-0.118407898,0.08129862,0.724424422,0.6741315722465515,,,
2026-03-06T22:26:40.144Z,,,,-1000,-177,4139,-117,-10,211,,,,-0.128783852,0.12554898858070374,0.710813582,0.6799299120903015,,,
2026-03-06T22:26:40.104Z,,,,-1202,-778,4176,182,232,302,,,,-0.129333168,0.14282189309597015,0.6890851259231567,0.6985455751419067,,,
2026-03-06T22:26:40.064Z,,,,-612,139,4294,-68,-14,50,,,,-0.109618858,0.15515096485614777,0.6676618456840515,0.719724715,,,
2026-03-06T22:26:40.024Z,,,,-853,45,3973,195,-80,74,,,,-0.120666191,0.17358353734016418,0.5884994864463806,0.7802714109420776,,,
2026-03-06T22:26:39.984Z,,,,-782,475,3946,557,-785,51,,,,-0.151610941,0.17364457249641418,0.3827504813671112,0.8945900201797485,,,
2026-03-06T22:26:39.944Z,,,,-409,613,4303,279,356,-59,,,,-0.163512766,0.17462113499641418,0.31420817971229553,0.918637753,,,
2026-03-06T22:26:39.904Z,,,,-233,-221,4098,-98,614,23,,,,-0.161376536,0.16632036864757538,0.23107850551605225,0.9448828101158142,,,
2026-03-06T22:26:39.864Z,,,,-380,-31,4158,-268,494,247,,,,-0.096435301,0.15753133594989777,0.047119021,0.9816259145736694,,,
2026-03-06T22:26:39.824Z,,,,-458,74,3900,-377,116,293,,,,-0.041198626,0.14086878299713135,0.003723135,0.9891331791877747,,,
2026-03-06T22:26:39.784Z,,,,-576,-160,3921,-145,-752,347,,,,0.030822675675153732,0.13812220096588135,-0.01306149,0.9898045659065247,,,
2026-03-06T22:26:39.744Z,,,,-951,-774,3785,-741,-1077,201,,,,0.043395884335041046,0.14245568215847015,-0.02185053,0.9885838627815247,,,
2026-03-06T22:26:39.704Z,,,,-873,-764,3621,-351,-562,702,,,,0.00146484,0.16473346948623657,-0.062316734,0.9843114614486694,,,
2026-03-06T22:26:39.664Z,,,,680,-1013,4495,-989,306,829,,,,-0.010925265,0.17028765380382538,-0.091247328,0.9810765981674194,,,
2026-03-06T22:26:39.624Z,,,,-524,-309,3995,-634,-150,583,,,,-0.00561522,0.14086878299713135,-0.095702879,0.9853490591049194,,,
2026-03-06T22:26:39.584Z,,,,-400,-198,4109,1038,-666,1139,,,,0.006286605,0.20336861908435822,-0.089355238,0.9749730825424194,,,
2026-03-06T22:26:39.544Z,,,,-1682,589,3551,136,-457,1804,,,,-0.00915525,0.35119539499282837,-0.102416731,0.930600643,,,
2026-03-06T22:26:39.504Z,,,,-944,506,3930,543,-125,1972,,,,-0.024352964,0.34588533639907837,-0.121520683,0.929990292,,,
2026-03-06T22:26:39.464Z,,,,-1692,353,3777,-636,383,1653,,,,-0.04663074,0.33978185057640076,-0.140624642,0.928708553,,,
2026-03-06T22:26:39.424Z,,,,-523,129,4319,-1020,354,1091,,,,-0.054443222,0.32018959522247314,-0.150207132,0.933713436,,,
2026-03-06T22:26:39.384Z,,,,-854,-222,4194,-983,239,124,,,,-0.062133629,0.25659114122390747,-0.158202723,0.9514135718345642,,,
2026-03-06T22:26:39.344Z,,,,-794,-136,4047,-786,-296,40,,,,-0.057250831,0.22241154313087463,-0.152892679,0.9611181616783142,,,
2026-03-06T22:26:39.304Z,,,,-819,-126,3917,307,566,330,,,,-0.038879294,0.14001429080963135,-0.123962082,0.9815648794174194,,,
2026-03-06T22:26:39.264Z,,,,-850,-293,3957,-541,247,1571,,,,-0.031677164,0.10278294235467911,-0.109801963,0.9880956411361694,,,
2026-03-06T22:26:39.224Z,,,,-695,-301,4085,262,-173,519,,,,-0.02978508,0.064758137,-0.066833325,0.9951756596565247,,,
2026-03-06T22:26:39.184Z,,,,-513,-16,4013,-454,-1314,-126,,,,-0.008117655,0.090698011,0.027160576,0.9954198002815247,,,
2026-03-06T22:26:39.144Z,,,,-672,313,4556,510,-3680,-395,,,,6.1035E-05,0.16027790307998657,0.14392052590847015,0.9764989614486694,,,
2026-03-06T22:26:39.104Z,,,,-1296,-1055,3294,344,87,673,,,,-0.008850075,0.182738796,0.1870722770690918,0.9650854468345642,,,
2026-03-06T22:26:39.064Z,,,,-1367,-903,3792,315,48,847,,,,0.023681579157710075,0.20361275970935822,0.20489449799060822,0.9570288062095642,,,
2026-03-06T22:26:39.024Z,,,,-808,-966,3938,46,596,499,,,,0.026428155601024628,0.20648139715194702,0.20880073308944702,0.9555029273033142,,,
2026-03-06T22:26:38.984Z,,,,-486,-660,4242,147,541,152,,,,0.030334394425153732,0.20819038152694702,0.21307317912578583,0.9540991187095642,,,
2026-03-06T22:26:38.944Z,,,,-231,-320,4089,-516,1554,-99,,,,0.032897863537073135,0.21112006902694702,0.21575872600078583,0.9527563452720642,,,
2026-03-06T22:26:38.904Z,,,,-1052,-1074,3969,-374,997,-238,,,,0.021057074889540672,0.20129342377185822,0.22106876969337463,0.9539770483970642,,,
2026-03-06T22:26:38.864Z,,,,-2352,603,3554,-268,1224,-395,,,,0.00146484,0.1927485316991806,0.22466982901096344,0.9551367163658142,,,
2026-03-06T22:26:38.824Z,,,,-2359,-225,3541,-76,1099,-601,,,,0.005676255,0.20251412689685822,0.22302189469337463,0.9534887671470642,,,
2026-03-06T22:26:38.784Z,,,,-1711,63,3826,-93,58,-884,,,,-0.019470165,0.21411077678203583,0.23528993129730225,0.9478124976158142,,,
2026-03-06T22:26:38.744Z,,,,-1872,-1072,3676,25,-1386,-1344,,,,-0.053527694,0.2001337707042694,0.23120057582855225,0.9505590796470642,,,
2026-03-06T22:26:38.704Z,,,,-1401,-1262,3634,107,-376,-881,,,,-0.065307453,0.20098824799060822,0.22106876969337463,0.9520239233970642,,,
2026-03-06T22:26:38.664Z,,,,-1788,-1553,3556,-143,-555,-843,,,,-0.071105778,0.1950068175792694,0.21826115250587463,0.9534887671470642,,,
2026-03-06T22:26:38.624Z,,,,-1539,-1712,3136,-196,15,118,,,,-0.07873515,0.20098824799060822,0.21252386271953583,0.9529394507408142,,,
2026-03-06T22:26:38.584Z,,,,-946,-997,3902,-20,-138,-267,,,,-0.098266348,0.17675736546516418,0.1870112419128418,0.9612402319908142,,,
2026-03-06T22:26:38.544Z,,,,-500,-445,4014,-48,-2,-71,,,,-0.090514906,0.16650347411632538,0.1936640590429306,0.9625219702720642,,,
2026-03-06T22:26:38.504Z,,,,-289,733,4467,54,107,-79,,,,-0.078674115,0.16973833739757538,0.2002558410167694,0.9616674780845642,,,
2026-03-06T22:26:38.464Z,,,,-472,379,5158,751,232,-46,,,,-0.077026173,0.16943316161632538,0.20941108465194702,0.9598974585533142,,,
2026-03-06T22:26:38.424Z,,,,-679,15,4751,543,-15,-17,,,,-0.075744435,0.180175319,0.21685735881328583,0.9564184546470642,,,
2026-03-06T22:26:38.384Z,,,,-1252,-619,4080,-749,-537,-52,,,,-0.01806636,0.2637322247028351,0.2716667950153351,0.92535162,,,
2026-03-06T22:26:38.344Z,,,,1503,370,2882,1827,-880,-106,,,,0.00463866,0.25762873888015747,0.2719109356403351,0.927121639,,,
2026-03-06T22:26:38.304Z,,,,712,1332,3085,381,321,209,,,,0.00817869,0.24987728893756866,0.2746574878692627,0.928403378,,,
2026-03-06T22:26:38.264Z,,,,-4088,-116,3202,174,29,189,,,,-0.035766508,0.24822933971881866,0.2917473018169403,0.922971249,,,
2026-03-06T22:26:38.224Z,,,,-2839,-6,3003,365,24,64,,,,-0.067504711,0.2741692066192627,0.2749626636505127,0.919003963,,,
2026-03-06T22:26:38.184Z,,,,-3030,-1233,2467,291,-686,411,,,,-0.138183236,0.25701838731765747,0.2892448604106903,0.9116798043251038,,,
2026-03-06T22:26:38.144Z,,,,-2354,-460,2901,-88,277,54,,,,-0.134460106,0.25360041856765747,0.2991325259208679,0.9099708199501038,,,
2026-03-06T22:26:38.104Z,,,,-1734,-1054,3472,-378,39,-180,,,,-0.130248696,0.23950134217739105,0.2958976924419403,0.9154639840126038,,,
2026-03-06T22:26:38.064Z,,,,-1652,-777,3757,-246,40,-222,,,,-0.120910332,0.24047790467739105,0.2963249385356903,0.9163184762001038,,,
2026-03-06T22:26:38.024Z,,,,-761,-172,3754,81,-164,-197,,,,-0.112060256,0.23254334926605225,0.2980949282646179,0.918881893,,,
2026-03-06T22:26:37.984Z,,,,-439,15,4433,-515,-506,-502,,,,-0.096008055,0.25097590684890747,0.31512370705604553,0.9101539254188538,,,
2026-03-06T22:26:37.944Z,,,,-100,-413,4474,-854,0,-69,,,,-0.038757224,0.2991935610771179,0.32537758350372314,0.8961158394813538,,,
2026-03-06T22:26:37.904Z,,,,141,6,4032,-56,317,-68,,,,-0.023498476,0.2969962954521179,0.32134926319122314,0.8988013863563538,,,
2026-03-06T22:26:37.864Z,,,,-1018,454,4083,382,90,-7,,,,-0.022216739,0.2912590205669403,0.32672035694122314,0.8988013863563538,,,
2026-03-06T22:26:37.824Z,,,,-1213,7,3852,189,-616,304,,,,-0.044860724,0.25030452013015747,0.34161290526390076,0.9047217965126038,,,
2026-03-06T22:26:37.784Z,,,,-1387,676,3832,698,-605,850,,,,-0.080688268,0.25537043809890747,0.35162264108657837,0.8969703316688538,,,
2026-03-06T22:26:37.744Z,,,,-1495,639,3702,300,-327,-335,,,,-0.105529517,0.24847348034381866,0.35302644968032837,0.8957496285438538,,,
2026-03-06T22:26:37.704Z,,,,-1434,848,3899,139,587,47,,,,-0.139709115,0.25622493028640747,0.360655814,0.8858009576797485,,,
2026-03-06T22:26:37.664Z,,,,-1461,1092,3771,-181,104,-46,,,,-0.169433162,0.24359068274497986,0.3740224838256836,0.8785988092422485,,,
2026-03-06T22:26:37.624Z,,,,-1200,826,3961,-347,125,5,,,,-0.166869685,0.17321732640266418,0.4555652439594269,0.8570534586906433,,,
2026-03-06T22:26:37.584Z,,,,-959,-317,3942,-117,93,-225,,,,-0.151671976,0.1840205192565918,0.5095812082290649,0.8266580104827881,,,
2026-03-06T22:26:37.544Z,,,,-1689,1199,4421,-276,192,-564,,,,-0.088012472,0.25128108263015747,0.5905746817588806,0.7617167830467224,,,
2026-03-06T22:26:37.504Z,,,,-2651,1626,3077,-856,268,3,,,,-0.080810338,0.24780209362506866,0.6077255010604858,0.7501201629638672,,,
2026-03-06T22:26:37.464Z,,,,-672,-329,3971,-80,244,-74,,,,-0.091857672,0.24127136170864105,0.6293929219245911,0.7328472137451172,,,
2026-03-06T22:26:37.424Z,,,,-1483,-28,3886,269,225,-18,,,,-0.181334987,0.15484578907489777,0.710874617,0.6615583896636963,,,
2026-03-06T22:26:37.384Z,,,,-1160,-64,3839,766,61,-64,,,,-0.197570294,0.11706513166427612,0.7405986785888672,0.6314070820808411,,,
2026-03-06T22:26:37.344Z,,,,-1245,-585,3645,809,-89,-28,,,,-0.194945782,0.10308811813592911,0.7536602020263672,0.6190779805183411,,,
2026-03-06T22:26:37.304Z,,,,-1325,-362,3909,635,-127,81,,,,-0.181212917,0.073974423,0.7792338132858276,0.5953353643417358,,,
2026-03-06T22:26:37.264Z,,,,-1039,-582,3919,1002,-695,-206,,,,-0.165832087,0.078307904,0.7872904539108276,0.5886215567588806,,,
2026-03-06T22:26:37.224Z,,,,-1134,-44,4119,1053,733,-312,,,,-0.161315501,0.083984159,0.7900370359420776,0.5853256583213806,,,
2026-03-06T22:26:37.184Z,,,,-693,-350,4122,135,224,-1053,,,,-0.170409724,0.10559055209159851,0.7977274656295776,0.5686020851135254,,,
2026-03-06T22:26:37.144Z,,,,-791,-503,3946,169,-51,-1153,,,,-0.17468217,0.11871307343244553,0.8001078367233276,0.5613389015197754,,,
2026-03-06T22:26:37.104Z,,,,-2228,554,3843,-80,178,-719,,,,-0.21545355,0.14916953444480896,0.7938212156295776,0.5486435890197754,,,
2026-03-06T22:26:37.064Z,,,,-1774,782,3689,471,-101,-663,,,,-0.222838789,0.15368613600730896,0.7937601804733276,0.5446153283119202,,,
2026-03-06T22:26:37.024Z,,,,-1365,1287,3736,865,-85,-597,,,,-0.220397383,0.15570028126239777,0.7945536375045776,0.5438218712806702,,,
2026-03-06T22:26:36.984Z,,,,-1059,1046,3584,991,-315,-442,,,,-0.223021895,0.16381794214248657,0.7868632078170776,0.5515122413635254,,,
2026-03-06T22:26:36.944Z,,,,-2337,215,3434,356,421,-316,,,,-0.227843657,0.16839556396007538,0.7844218015670776,0.5516343116760254,,,
2026-03-06T22:26:36.904Z,,,,-1930,-933,3203,347,335,-424,,,,-0.230224013,0.17651322484016418,0.7824076414108276,0.5510239601135254,,,
2026-03-06T22:26:36.864Z,,,,-2293,-223,3587,-125,519,-526,,,,-0.185119152,0.17248490452766418,0.8036478161811829,0.5385118126869202,,,
2026-03-06T22:26:36.824Z,,,,-1608,-559,3900,-510,202,-130,,,,-0.187926769,0.16455036401748657,0.8058450818061829,0.5367417931556702,,,
2026-03-06T22:26:36.784Z,,,,-1866,72,3755,-79,-322,-292,,,,-0.187255383,0.16723589599132538,0.8045633435249329,0.5381456017494202,,,
2026-03-06T22:26:36.744Z,,,,-1137,-456,3872,-86,-219,-328,,,,-0.189635739,0.17230179905891418,0.8056619763374329,0.5339952111244202,,,
2026-03-06T22:26:36.704Z,,,,-1171,67,3542,-179,-580,-288,,,,-0.188476086,0.16509968042373657,0.8123758435249329,0.5264268517494202,,,
2026-03-06T22:26:36.664Z,,,,-2519,1129,3171,12,-501,-108,,,,-0.14538537,0.15508992969989777,0.8225687146186829,0.5273423790931702,,,
2026-03-06T22:26:36.624Z,,,,-2265,1009,3380,-10,-128,-28,,,,-0.140624642,0.14092981815338135,0.8262307643890381,0.5269151329994202,,,
2026-03-06T22:26:36.584Z,,,,-2022,1040,3387,-74,-50,38,,,,-0.134643212,0.13311733305454254,0.8292825222015381,0.5256944298744202,,,
2026-03-06T22:26:36.544Z,,,,-1173,769,3996,-18,-187,72,,,,-0.140014291,0.13531459867954254,0.8288552761077881,0.5244126915931702,,,
2026-03-06T22:26:36.504Z,,,,-1339,1070,3558,-126,-217,19,,,,-0.14562951,0.12994351983070374,0.8281228542327881,0.5253892540931702,,,
2026-03-06T22:26:36.464Z,,,,-1064,54,3655,-18,22,-72,,,,-0.145202264,0.11230439692735672,0.8207376599311829,0.5409532189369202,,,
2026-03-06T22:26:36.424Z,,,,-2579,-294,3569,266,124,-24,,,,-0.142943963,0.097411856,0.8160989880561829,0.5513291358947754,,,
2026-03-06T22:26:36.384Z,,,,-2838,-856,2973,94,-36,0,,,,-0.140319467,0.097228758,0.8035257458686829,0.5701889395713806,,,
2026-03-06T22:26:36.344Z,,,,-1251,-750,3739,-300,-23,-59,,,,-0.140197396,0.097045653,0.7935770750045776,0.5840439200401306,,,
2026-03-06T22:26:36.304Z,,,,-938,-158,3736,330,57,-240,,,,-0.135070458,0.10272190719842911,0.7797831296920776,0.6025375127792358,,,
2026-03-06T22:26:36.264Z,,,,-2227,1880,3167,-120,658,-383,,,,-0.133971825,0.10052464157342911,0.7754496932029724,0.6086410284042358,,,
2026-03-06T22:26:36.224Z,,,,-1731,1230,3519,381,409,178,,,,-0.142333627,0.087890401,0.722715437,0.6705304980278015,,,
2026-03-06T22:26:36.184Z,,,,-1664,1243,3525,61,100,-58,,,,-0.160033762,0.086608663,0.6990338563919067,0.6914654970169067,,,
2026-03-06T22:26:36.144Z,,,,-1968,-629,4369,41,104,-6,,,,-0.150329202,0.075073048,0.6827375292778015,0.710996687,,,
2026-03-06T22:26:36.104Z,,,,-1918,-610,3433,-47,-346,-30,,,,-0.143127069,0.070922673,0.6679670214653015,0.726743758,,,
2026-03-06T22:26:36.064Z,,,,-1832,-478,3658,76,-35,-2,,,,-0.133178368,0.072265439,0.6548445224761963,0.7403545379638672,,,
2026-03-06T22:26:36.024Z,,,,-1267,-639,3801,243,148,255,,,,-0.114257522,0.082031041,0.6375105977058411,0.7573832869529724,,,
2026-03-06T22:26:35.984Z,,,,-1339,-122,4004,143,86,353,,,,-0.109679893,0.14074671268463135,0.6094955205917358,0.7723369002342224,,,
2026-03-06T22:26:35.944Z,,,,-1082,-529,3857,-48,61,460,,,,-0.127319008,0.182921901,0.5835556387901306,0.7808207273483276,,,
2026-03-06T22:26:35.904Z,,,,-1270,-351,3923,-178,-24,543,,,,-0.13006559,0.20111031830310822,0.5756821036338806,0.7817362546920776,,,
2026-03-06T22:26:35.864Z,,,,-1189,-86,3832,-181,163,699,,,,-0.104552954,0.22772158682346344,0.5402207970619202,0.8032816052436829,,,
2026-03-06T22:26:35.824Z,,,,-2176,-74,3260,7,258,851,,,,-0.092956305,0.21752874553203583,0.5145860910415649,0.8240945935249329,,,
2026-03-06T22:26:35.784Z,,,,-2445,-105,3667,-115,-382,581,,,,-0.088378683,0.1917109340429306,0.4870592951774597,0.8474099636077881,,,
2026-03-06T22:26:35.744Z,,,,-1878,-118,3628,-133,440,863,,,,-0.130859032,0.16918902099132538,0.43432506918907166,0.8749366998672485,,,
2026-03-06T22:26:35.704Z,,,,-1865,-142,3655,-120,276,771,,,,-0.139342904,0.17047075927257538,0.41473281383514404,0.8828712701797485,,,
2026-03-06T22:26:35.664Z,,,,-1908,-218,3494,-234,198,571,,,,-0.146667108,0.16979937255382538,0.41198626160621643,0.8831154108047485,,,
2026-03-06T22:26:35.624Z,,,,-2130,0,3504,-584,17,396,,,,-0.136413231,0.13024869561195374,0.3913564085960388,0.9006324410438538,,,
2026-03-06T22:26:35.584Z,,,,-1694,468,3775,-184,-89,233,,,,-0.127502114,0.11840789765119553,0.3897084593772888,0.9042945504188538,,,
2026-03-06T22:26:35.544Z,,,,-1953,-82,3829,-100,-1100,521,,,,-0.115539253,0.10302708297967911,0.40515032410621643,0.9009986519813538,,,
2026-03-06T22:26:35.504Z,,,,-2029,197,3763,-185,-684,226,,,,-0.108886443,0.10559055209159851,0.41601455211639404,0.8965430855751038,,,
2026-03-06T22:26:35.464Z,,,,-2010,146,3470,-568,-323,463,,,,-0.097900137,0.12359587103128433,0.42974743247032166,0.8890358209609985,,,
2026-03-06T22:26:35.424Z,,,,-2090,-23,3615,-403,207,470,,,,-0.089599378,0.15533407032489777,0.43908578157424927,0.8803077936172485,,,
2026-03-06T22:26:35.384Z,,,,-1521,270,3740,-96,502,599,,,,-0.0988767,0.1961664855480194,0.43566784262657166,0.8728615045547485,,,
2026-03-06T22:26:35.344Z,,,,-1433,186,3888,371,395,762,,,,-0.05383287,0.25347834825515747,0.42986950278282166,0.8648659586906433,,,
2026-03-06T22:26:35.304Z,,,,-1247,147,3839,93,-63,762,,,,-0.089721449,0.21502630412578583,0.4903551936149597,0.8397195339202881,,,
2026-03-06T22:26:35.264Z,,,,-1463,309,3725,88,-173,485,,,,-0.103149153,0.21130317449569702,0.5026232004165649,0.8318459987640381,,,
2026-03-06T22:26:35.224Z,,,,-1171,-81,4075,423,449,338,,,,-0.112609573,0.1951288878917694,0.5181871652603149,0.8250101208686829,,,
2026-03-06T22:26:35.184Z,,,,-1393,-64,3824,-166,400,337,,,,-0.115356147,0.1868891716003418,0.5391221642494202,0.8129861950874329,,,
2026-03-06T22:26:35.144Z,,,,-972,-380,3997,-99,465,127,,,,-0.125182778,0.1852412223815918,0.5479111671447754,0.8060281872749329,,,
2026-03-06T22:26:35.104Z,,,,-1009,-87,3951,-158,83,-330,,,,-0.092101812,0.1879267692565918,0.5018297433853149,0.8392312526702881,,,
2026-03-06T22:26:35.064Z,,,,-1049,-295,3873,-212,-43,-489,,,,-0.096862547,0.1972040832042694,0.5112901926040649,0.8308084011077881,,,
2026-03-06T22:26:35.024Z,,,,-1088,249,4126,-633,-592,-578,,,,-0.107421599,0.1969599425792694,0.5273423790931702,0.8194559216499329,,,
2026-03-06T22:26:34.984Z,,,,-830,52,3978,-513,-905,-227,,,,-0.127807289,0.1994623839855194,0.5700058341026306,0.7866801023483276,,,
2026-03-06T22:26:34.944Z,,,,-902,-272,4410,-633,-1409,-8,,,,-0.13964808,0.1909785121679306,0.5939925909042358,0.7688578963279724,,,
2026-03-06T22:26:34.904Z,,,,-1613,-1109,3239,167,172,-298,,,,-0.140014291,0.1901850551366806,0.5982040166854858,0.7656840682029724,,,
2026-03-06T22:26:34.864Z,,,,-1221,-808,3786,207,-218,-365,,,,-0.140807748,0.1868281364440918,0.6072372198104858,0.7592143416404724,,,
2026-03-06T22:26:34.824Z,,,,-1002,-780,3897,763,165,-302,,,,-0.146239862,0.1833491325378418,0.6336043477058411,0.7371807098388672,,,
2026-03-06T22:26:34.784Z,,,,-851,-766,3971,415,287,-789,,,,-0.126586586,0.14648400247097015,0.6524031162261963,0.7326030731201172,,,
2026-03-06T22:26:34.744Z,,,,-589,-494,4041,295,53,-454,,,,-0.128356606,0.13952600955963135,0.6555769443511963,0.730833113,,,
2026-03-06T22:26:34.704Z,,,,-978,19,3765,562,-248,67,,,,-0.124389328,0.13983118534088135,0.6550276279449463,0.731992781,,,
2026-03-06T22:26:34.664Z,,,,-1332,-55,3684,-105,-241,-251,,,,-0.104247779,0.11901824921369553,0.6596052646636963,0.7347393035888672,,,
2026-03-06T22:26:34.624Z,,,,-1791,117,4065,393,-46,-450,,,,-0.035522372,0.048156615,0.6734601855278015,0.7367534637451172,,,
2026-03-06T22:26:34.584Z,,,,-1998,642,3457,505,-435,-828,,,,-0.030456465,0.041381732,0.6788923144340515,0.732358992,,,
2026-03-06T22:26:34.544Z,,,,-1685,418,3788,297,53,-254,,,,-0.029601974,0.038574118,0.6851789355278015,0.726682723,,,
2026-03-06T22:26:34.504Z,,,,-1224,609,4124,29,9,-95,,,,-0.01733394,0.022521914914250374,0.710386336,0.7031842470169067,,,
2026-03-06T22:26:34.464Z,,,,-1193,-647,3961,89,90,-214,,,,0.00231933,-0.00012207,0.720579207,0.6932965517044067,,,
2026-03-06T22:26:34.424Z,,,,-1697,-309,4051,239,47,-364,,,,0.027770925,-0.02270502,0.72570616,0.6870099306106567,,,
2026-03-06T22:26:34.384Z,,,,-2510,-477,3765,57,257,-366,,,,0.027404714,-0.019714305,0.726255476,0.6865216493606567,,,
2026-03-06T22:26:34.344Z,,,,-1314,-672,3727,104,118,-47,,,,0.015930134803056717,-0.01330563,0.7363262176513672,0.6762678027153015,,,
2026-03-06T22:26:34.304Z,,,,-1083,-550,3946,-34,0,16,,,,0.035827544,-0.029540939,0.7666606307029724,0.6402571201324463,,,
2026-03-06T22:26:34.264Z,,,,-546,-592,4085,-109,377,-58,,,,0.022888125851750374,-0.034423739,0.7864969968795776,0.6161483526229858,,,
2026-03-06T22:26:34.224Z,,,,-173,-706,3987,33,1511,23,,,,0.020935004577040672,-0.038757224,0.8073099255561829,0.5883774161338806,,,
2026-03-06T22:26:34.184Z,,,,-326,-265,3900,-36,446,-134,,,,-0.007873515,-0.030822676,0.8290994167327881,0.5581040382385254,,,
2026-03-06T22:26:34.144Z,,,,-364,257,4113,41,196,-182,,,,-0.052062854,0.00903318,0.8624245524406433,0.5032945871353149,,,
2026-03-06T22:26:34.104Z,,,,-1455,-719,3951,8,35,-228,,,,-0.05541978,0.020996039733290672,0.8767067193984985,0.4772936999797821,,,
2026-03-06T22:26:34.064Z,,,,-2093,1028,3294,-55,1020,-465,,,,-0.06701643,0.050353873521089554,0.8963599801063538,0.43524059653282166,,,
2026-03-06T22:26:34.024Z,,,,-1413,564,3617,121,900,-413,,,,-0.076171681,0.062011558562517166,0.9041724801063538,0.41564834117889404,,,
2026-03-06T22:26:33.984Z,,,,-1682,255,3703,-82,66,-25,,,,-0.113586135,0.09008766,0.922055721,0.358641654,,,
2026-03-06T22:26:33.944Z,,,,-1238,129,3813,-24,-173,79,,,,-0.168517634,0.12542691826820374,0.936093807,0.2818596363067627,,,
2026-03-06T22:26:33.904Z,,,,-1296,351,4071,-116,759,-442,,,,-0.172240764,0.13696253299713135,0.938046932,0.2675164043903351,,,
2026-03-06T22:26:33.864Z,,,,-1662,504,4257,57,72,-216,,,,-0.182799831,0.14050257205963135,0.9442724585533142,0.23467957973480225,,,
2026-03-06T22:26:33.824Z,,,,-1434,321,3913,5,114,-491,,,,-0.179259792,0.11010713875293732,0.9573339819908142,0.1978144347667694,,,
2026-03-06T22:26:33.784Z,,,,-1848,371,3926,-70,-216,-417,,,,-0.193297848,0.085754178,0.9595922827720642,0.1853022575378418,,,
2026-03-06T22:26:33.744Z,,,,-1424,353,3710,195,-907,-741,,,,-0.232543349,0.071410947,0.9547705054283142,0.17071489989757538,,,
2026-03-06T22:26:33.704Z,,,,-1189,-123,3880,-303,-255,-890,,,,-0.251036942,0.057556003,0.9518408179283142,0.16613726317882538,,,
2026-03-06T22:26:33.664Z,,,,-1647,146,3726,-218,-409,-744,,,,-0.268676072,0.00549315,0.9544653296470642,0.12933316826820374,,,
2026-03-06T22:26:33.624Z,,,,-1716,211,3778,-212,-387,-498,,,,-0.24236998,-0.01379391,0.9662450551986694,0.085693143,,,
2026-03-06T22:26:33.584Z,,,,-1538,241,3708,-85,-551,-510,,,,-0.232604384,-0.019409129,0.9708837270736694,0.052856311202049255,,,
2026-03-06T22:26:33.544Z,,,,-1742,466,3640,84,-832,-686,,,,0.24230894446372986,0.015991169959306717,-0.9699682,0.011474579572677612,,,
2026-03-06T22:26:33.504Z,,,,-1312,218,3947,-705,-191,-400,,,,0.25414973497390747,-0.025695736,-0.962033689,0.095885985,,,
2026-03-06T22:26:33.464Z,,,,-1130,79,3767,-174,-576,-577,,,,0.24352964758872986,-0.055541851,-0.960751951,0.12011688202619553,,,
2026-03-06T22:26:33.424Z,,,,-1598,221,3706,277,-17,-333,,,,0.21984806656837463,-0.046447635,-0.968625426,0.10565158724784851,,,
2026-03-06T22:26:33.384Z,,,,-863,141,3844,707,85,-197,,,,0.20623727142810822,-0.03478995,-0.973264098,0.094604246,,,
2026-03-06T22:26:33.344Z,,,,-118,330,4022,836,-719,-129,,,,0.20135445892810822,-0.02758782,-0.975339293,0.085937276,,,
2026-03-06T22:26:33.304Z,,,,13,184,4199,591,-881,-43,,,,0.20593209564685822,-0.021545354,-0.975217223,0.077331342,,,
2026-03-06T22:26:33.264Z,,,,90,156,4135,588,-397,-127,,,,0.20196481049060822,-0.00024414,-0.97790277,0.053466659,,,
2026-03-06T22:26:33.224Z,,,,148,238,4101,644,580,-303,,,,0.21087592840194702,-0.003601065,-0.976926208,0.032775793224573135,,,
2026-03-06T22:26:33.184Z,,,,96,48,4266,213,304,-434,,,,0.1833491325378418,-0.008239725,-0.982785583,0.018493606,,,
2026-03-06T22:26:33.144Z,,,,625,258,4281,270,32,-776,,,,0.1896967738866806,-0.017089799,-0.981137633,0.032470621168613434,,,
2026-03-06T22:26:33.104Z,,,,516,327,4182,35,-79,-1142,,,,0.1947626918554306,-0.02111811,-0.980222106,0.025573665276169777,,,
2026-03-06T22:26:33.064Z,,,,-97,126,3914,-466,-110,-346,,,,0.1914057582616806,-0.022216739,-0.981137633,0.013488735,,,
2026-03-06T22:26:33.024Z,,,,873,-63,4228,97,758,273,,,,0.1931147426366806,-0.023986755,-0.980771422,0.013488735,,,
2026-03-06T22:26:32.984Z,,,,505,-54,3937,564,529,498,,,,0.1941523402929306,-0.025817804,-0.980527282,0.0134277,,,
2026-03-06T22:26:32.944Z,,,,759,-68,4038,245,227,139,,,,0.1959223449230194,-0.029846115,-0.979977965,0.018249465,,,
2026-03-06T22:26:32.904Z,,,,683,-383,4196,224,-105,130,,,,0.1978754699230194,-0.03063957,-0.979489684,0.020996039733290672,,,
2026-03-06T22:26:32.864Z,,,,-370,135,3838,323,-121,332,,,,0.20123238861560822,-0.032531656,-0.978757262,0.020446725,,,
2026-03-06T22:26:32.824Z,,,,34,-162,4203,-60,197,198,,,,0.1986689269542694,-0.02905266,-0.979550719,0.010803194716572762,,,
2026-03-06T22:26:32.784Z,,,,-274,201,4091,305,-246,352,,,,0.2005610167980194,-0.028747484,-0.979123473,0.013977015390992165,,,
2026-03-06T22:26:32.744Z,,,,-282,339,4089,-269,-173,-488,,,,0.20226998627185822,-0.02917473,-0.978757262,0.013915980234742165,,,
2026-03-06T22:26:32.704Z,,,,-526,602,4052,-228,-171,2,,,,0.2004389464855194,-0.026061945,-0.979245543,0.013122525066137314,,,
2026-03-06T22:26:32.664Z,,,,-1671,1216,3634,-22,48,196,,,,0.2003779113292694,-0.0268554,-0.979184508,0.014221155,,,
2026-03-06T22:26:32.624Z,,,,-1442,811,3919,-27,-53,37,,,,0.2002558410167694,-0.023742614,-0.979306579,0.015685994178056717,,,
2026-03-06T22:26:32.584Z,,,,-1471,1109,3673,-37,-16,-3,,,,0.1992182433605194,-0.02392572,-0.979428649,0.018005325,,,
2026-03-06T22:26:32.544Z,,,,-608,1161,4026,-61,-31,-11,,,,0.1977533996105194,-0.022277774,-0.97991693,0.00964353,,,
2026-03-06T22:26:32.504Z,,,,-257,714,3735,-42,-9,-40,,,,0.1992182433605194,-0.021545354,-0.979611754,0.01000974,,,
2026-03-06T22:26:32.464Z,,,,-1959,601,3702,-14,-87,-42,,,,0.1960444152355194,-0.019226026,-0.980283141,0.011230439879000187,,,
2026-03-06T22:26:32.424Z,,,,-1923,363,4124,-55,89,144,,,,0.1931147426366806,-0.018493606,-0.980893493,0.008728005,,,
2026-03-06T22:26:32.384Z,,,,-2210,-712,3457,173,-47,138,,,,-0.195922345,0.005310045,0.9805272817611694,0.011291475035250187,,,
2026-03-06T22:26:32.344Z,,,,-1633,-367,3649,21,-83,-121,,,,-0.193175778,0.003234855,0.9810155630111694,0.013183560222387314,,,
2026-03-06T22:26:32.304Z,,,,-1384,-302,4000,-10,-40,20,,,,-0.192992672,0.00036621,0.9810765981674194,0.010559055022895336,,,
2026-03-06T22:26:32.264Z,,,,-1433,-145,3627,4,-44,-86,,,,-0.189147457,0.00036621,0.9818700551986694,0.005920395,,,
2026-03-06T22:26:32.224Z,,,,-2723,702,3490,59,3,-42,,,,-0.18817091,-0.00109863,0.9820531606674194,0.012268034741282463,,,
2026-03-06T22:26:32.184Z,,,,-2304,1159,3677,79,35,-20,,,,-0.19586131,-0.00708006,0.9804052114486694,0.016784625127911568,,,
2026-03-06T22:26:32.144Z,,,,-1305,396,3825,-68,31,32,,,,-0.195495099,-0.004699695,0.9805272817611694,0.01477047,,,
2026-03-06T22:26:32.104Z,,,,-1255,503,4065,107,-12,5,,,,-0.193603024,-0.002624505,0.9808934926986694,0.017089799,,,
2026-03-06T22:26:32.064Z,,,,-1009,326,4047,5,87,-7,,,,-0.19226025,-0.000183105,0.9811986684799194,0.016174275428056717,,,
2026-03-06T22:26:32.024Z,,,,-1083,492,3784,233,146,-8,,,,-0.190490231,0.000915525,0.9815648794174194,0.01416012,,,
2026-03-06T22:26:31.984Z,,,,-1002,-345,3809,183,42,25,,,,-0.189025387,0.003967275,0.9818090200424194,0.016418414190411568,,,
2026-03-06T22:26:31.944Z,,,,-2127,-289,3841,4,73,115,,,,-0.17669633,0.00988767,0.9840062856674194,0.016967730596661568,,,
2026-03-06T22:26:31.904Z,,,,-1226,-335,3615,90,50,36,,,,-0.157470301,0.026916435,0.9869970083236694,0.016967730596661568,,,
2026-03-06T22:26:31.864Z,,,,-1739,326,3721,13,117,-78,,,,-0.154296473,0.028686451,0.9873632192611694,0.019103955,,,
2026-03-06T22:26:31.824Z,,,,-1454,178,3871,-7,122,-90,,,,-0.147948846,0.031005779281258583,0.9882787466049194,0.018127395,,,
2026-03-06T22:26:31.784Z,,,,-935,-83,4117,349,-365,-141,,,,-0.143920526,0.040527239,0.9885838627815247,0.015991169959306717,,,
2026-03-06T22:26:31.744Z,,,,-1353,135,3897,-3,-6,44,,,,-0.14550744,0.043334849178791046,0.9881566762924194,0.019348094,,,
2026-03-06T22:26:31.704Z,,,,-1348,76,3888,-34,76,-14,,,,-0.144347772,0.046569705,0.9882177114486694,0.019714305,,,
2026-03-06T22:26:31.664Z,,,,-1378,195,3873,-65,54,-36,,,,-0.144530877,0.045898318,0.9881566762924194,0.021728459745645523,,,
2026-03-06T22:26:31.624Z,,,,-1429,224,3854,-46,58,-50,,,,-0.142699823,0.047180057,0.9883397817611694,0.022216739133000374,,,
2026-03-06T22:26:31.584Z,,,,-1521,314,3903,-29,47,-31,,,,-0.142577752,0.04809558,0.9883397817611694,0.022155705839395523,,,
2026-03-06T22:26:31.544Z,,,,-1268,-160,3794,-113,45,9,,,,-0.144042596,0.048339721,0.9880956411361694,0.022521914914250374,,,
2026-03-06T22:26:31.504Z,,,,-1550,366,3825,-138,579,136,,,,-0.144469842,0.046081424,0.9880956411361694,0.024413999170064926,,,
2026-03-06T22:26:31.464Z,,,,-1537,233,3800,-88,159,-3,,,,-0.146484002,0.047729369,0.9877904653549194,0.020812934264540672,,,
2026-03-06T22:26:31.424Z,,,,-1429,202,3853,5,64,0,,,,-0.145324335,0.047302123,0.9880346059799194,0.020019479,,,
2026-03-06T22:26:31.384Z,,,,-1442,258,3893,66,206,-23,,,,-0.147765741,0.045593146,0.9877904653549194,0.017822219,,,
2026-03-06T22:26:31.344Z,,,,-1481,50,3832,-328,109,-78,,,,-0.153808206,0.045959353,0.9868139028549194,0.019226026,,,
2026-03-06T22:26:31.304Z,,,,-1405,187,3830,152,-15,44,,,,-0.156066492,0.045776252,0.9864476919174194,0.019226026,,,
2026-03-06T22:26:31.264Z,,,,-1261,-2,3828,-176,-33,-65,,,,-0.15722616,0.043517954647541046,0.9864476919174194,0.016906695440411568,,,
2026-03-06T22:26:31.224Z,,,,-1503,183,3844,51,40,46,,,,-0.157531336,0.043640024960041046,0.9863866567611694,0.017028765752911568,,,
2026-03-06T22:26:31.184Z,,,,-1419,63,3866,-56,36,9,,,,-0.155944422,0.043701060116291046,0.9866307973861694,0.016235310584306717,,,
2026-03-06T22:26:31.144Z,,,,-1345,75,4033,-21,-72,1,,,,-0.159179285,0.044128306210041046,0.9861425161361694,0.014343225,,,
2026-03-06T22:26:31.104Z,,,,-1241,-485,3737,41,-2,-62,,,,-0.16107136,0.045959353,0.9857152700424194,0.016540484502911568,,,
2026-03-06T22:26:31.064Z,,,,-1438,-113,3989,32,-31,-49,,,,-0.16296345,0.044555549,0.9854711294174194,0.01489254,,,
2026-03-06T22:26:31.024Z,,,,-1407,-175,3795,-30,40,18,,,,-0.167724177,0.044494513,0.9846166372299194,0.016784625127911568,,,
2026-03-06T22:26:30.984Z,,,,-1321,-112,3833,56,-48,18,,,,-0.179442897,0.044677619,0.9826635122299194,0.011352510191500187,,,
2026-03-06T22:26:30.944Z,,,,-1033,107,3653,92,-59,-30,,,,0.181518093,-0.050109737,-0.982053161,0.003601065,,,
2026-03-06T22:26:30.904Z,,,,-1417,-170,3836,-201,-161,-63,,,,0.17456009984016418,-0.060424648,-0.982724547,0.006774885,,,
2026-03-06T22:26:30.864Z,,,,-1437,-149,3822,120,-7,69,,,,0.17394974827766418,-0.067992993,-0.982358336,0.007507305,,,
2026-03-06T22:26:30.824Z,,,,-1416,-153,3832,-10,-13,6,,,,0.17242386937141418,-0.082153112,-0.981503844,0.007995585,,,
2026-03-06T22:26:30.784Z,,,,-1412,-98,3858,14,13,-20,,,,0.17089800536632538,-0.103515357,-0.979733825,0.00903318,,,
2026-03-06T22:26:30.744Z,,,,-1405,-103,3884,-17,10,-46,,,,0.17266800999641418,-0.127441078,-0.976682067,0.000671385,,,
2026-03-06T22:26:30.704Z,,,,-1392,-108,3880,-65,-100,-17,,,,0.12792935967445374,-0.16870074,-0.977292418,0.00439452,,,
2026-03-06T22:26:30.664Z,,,,-1191,-377,3934,52,-68,9,,,,0.11724823713302612,-0.163329661,-0.979367614,0.017394975,,,
2026-03-06T22:26:30.624Z,,,,-1224,71,3810,10,-105,-36,,,,0.091003187,-0.147338495,-0.984616637,0.021789494901895523,,,
2026-03-06T22:26:30.584Z,,,,-1054,78,3957,52,-176,14,,,,0.10571262240409851,-0.127807289,-0.984982848,0.046691775,,,
2026-03-06T22:26:30.544Z,,,,-984,-127,3880,-40,-53,-57,,,,0.10430881381034851,-0.126769692,-0.985532165,0.041320696,,,
2026-03-06T22:26:30.504Z,,,,-918,728,4043,-95,-58,-112,,,,0.090392835,-0.082458287,-0.992307007,0.015624959953129292,,,
2026-03-06T22:26:30.464Z,,,,-1193,233,3999,-265,55,127,,,,0.11999481171369553,-0.080444127,-0.989438355,0.003234855,,,
2026-03-06T22:26:30.424Z,,,,-1073,610,3962,-344,56,-29,,,,0.11199922114610672,-0.061218105,-0.991757691,0.003723135,,,
2026-03-06T22:26:30.384Z,,,,-1023,105,3918,-347,28,-15,,,,0.077026173,-0.049255244,-0.995786011,0.003723135,,,
2026-03-06T22:26:30.344Z,,,,-1019,269,3950,-144,150,202,,,,0.06677229,-0.043334849,-0.996762574,0.003845205,,,
2026-03-06T22:26:30.304Z,,,,-1073,272,3918,-1161,322,293,,,,0.068908513,-0.01977534,-0.997372925,0.002746575,,,
2026-03-06T22:26:30.264Z,,,,-1040,380,3941,-311,448,-146,,,,-0.065551586,0.010986300185322762,0.9976781010627747,0.012939419597387314,,,
2026-03-06T22:26:30.224Z,,,,-998,116,3958,909,848,-15,,,,0.056457374,-0.00463866,-0.998349488,0.00463866,,,
2026-03-06T22:26:30.184Z,,,,-1180,383,3932,-669,-82,-86,,,,0.076171681,-0.000793455,-0.997006714,0.01000974,,,
2026-03-06T22:26:30.144Z,,,,-962,253,4043,1786,-736,-243,,,,0.085082792,-0.0048828,-0.996274292,0.01000974,,,
2026-03-06T22:26:30.104Z,,,,-1112,325,3955,187,401,724,,,,0.09008766,-0.016418414,-0.995724976,0.00744627,,,
2026-03-06T22:26:30.064Z,,,,-1194,426,3969,145,676,837,,,,0.093505621,-0.02465814,-0.995236695,0.0061035,,,
2026-03-06T22:26:30.024Z,,,,-1130,137,3890,1118,435,398,,,,-0.084289335,0.05529771,0.9947484135627747,0.015624959953129292,,,
2026-03-06T22:26:29.984Z,,,,-1235,272,3897,368,430,157,,,,-0.083801053,0.078124799,0.9932835698127747,0.011718720197677612,,,
2026-03-06T22:26:29.944Z,,,,-1182,255,3905,178,401,18,,,,-0.077026173,0.087096944,0.9929173588752747,0.023559510707855225,,,
2026-03-06T22:26:29.904Z,,,,-1067,255,3919,662,-138,243,,,,-0.069457829,0.08447244,0.9933446049690247,0.034301668,,,
2026-03-06T22:26:29.864Z,,,,-1151,217,3891,393,235,256,,,,-0.063781574,0.083373807,0.9935277104377747,0.042114149779081345,,,
2026-03-06T22:26:29.824Z,,,,-1151,366,3859,-128,26,202,,,,-0.063415363,0.082885526,0.9932835698127747,0.048950069,,,
2026-03-06T22:26:29.784Z,,,,-1167,292,3967,102,-704,-112,,,,-0.058898773,0.080566198,0.9932835698127747,0.057739109,,,
2026-03-06T22:26:29.744Z,,,,-1138,310,3917,-1,-293,58,,,,-0.051269401,0.083923124,0.9926732182502747,0.069457829,,,
2026-03-06T22:26:29.704Z,,,,-1369,256,3867,-377,-166,108,,,,-0.039489646,0.076720998,0.9910252690315247,0.10192845016717911,,,
2026-03-06T22:26:29.664Z,,,,-1420,346,3706,-301,-110,152,,,,-0.034728914,0.073791318,0.9899266362190247,0.11547821760177612,,,
2026-03-06T22:26:29.624Z,,,,-1130,12,3833,-482,55,114,,,,-0.02783196,0.074645802,0.9857763051986694,0.14788781106472015,,,
2026-03-06T22:26:29.584Z,,,,-1238,511,3883,-297,-138,-146,,,,-0.030151291,0.075134084,0.9837621450424194,0.16009479761123657,,,
2026-03-06T22:26:29.544Z,,,,-1163,540,3968,-346,53,-1,,,,-0.01269528,0.094177008,0.9774755239486694,0.1881098747253418,,,
2026-03-06T22:26:29.504Z,,,,-1005,1036,3981,-24,193,130,,,,0.045776252,0.066161938,0.9610571265220642,0.2642815411090851,,,
2026-03-06T22:26:29.464Z,,,,-1757,800,3284,28,186,127,,,,0.085082792,0.044433478,0.9501928687095642,0.2962639033794403,,,
2026-03-06T22:26:29.424Z,,,,-667,1550,3784,14,3,104,,,,0.12127654254436493,0.033142004162073135,0.926145077,0.355467826,,,
2026-03-06T22:26:29.384Z,,,,-858,1295,3888,15,122,111,,,,0.12054412811994553,0.038085841,0.9119239449501038,0.3903188109397888,,,
2026-03-06T22:26:29.344Z,,,,-1077,1246,3851,-18,150,124,,,,0.12164275348186493,0.035644438,0.9004493355751038,0.41595351696014404,,,
2026-03-06T22:26:29.304Z,,,,-1006,72,3529,20,310,176,,,,0.095702879,0.028991625,0.8999000191688538,0.42431533336639404,,,
2026-03-06T22:26:29.264Z,,,,-480,1690,3986,117,160,164,,,,0.071960263,0.023925719782710075,0.9020972847938538,0.42468151450157166,,,
2026-03-06T22:26:29.224Z,,,,440,-244,4668,34,210,184,,,,0.048400756,0.02038569,0.8796974420547485,0.4725939929485321,,,
2026-03-06T22:26:29.184Z,,,,-1058,31,2825,-32,174,113,,,,-0.095031492,0.044677619,0.8466775417327881,0.5215440988540649,,,
2026-03-06T22:26:29.144Z,,,,-1130,150,3000,14,-7,32,,,,-0.099975333,0.020446725,0.8511330485343933,0.5148912668228149,,,
2026-03-06T22:26:29.104Z,,,,-686,456,3793,-15,80,198,,,,-0.106689177,0.004455555,0.8524147868156433,0.5117784738540649,,,
2026-03-06T22:26:29.064Z,,,,-447,657,4192,348,1236,947,,,,-0.102660872,-0.000427245,0.8450295925140381,0.5247178673744202,,,
2026-03-06T22:26:29.024Z,,,,-795,-159,3879,86,1403,853,,,,-0.07849101,0.00329589,0.8455178737640381,0.5280748009681702,,,
2026-03-06T22:26:28.984Z,,,,-448,-326,3958,-3,-104,992,,,,-0.072326474,0.024047790095210075,0.8524147868156433,0.5172106027603149,,,
2026-03-06T22:26:28.944Z,,,,-60,-311,4166,-125,238,953,,,,-0.107604705,0.096252196,0.8566262125968933,0.49529901146888733,,,
2026-03-06T22:26:28.904Z,,,,-822,-91,4215,617,-585,204,,,,-0.11645478,0.11883514374494553,0.8605324625968933,0.4813220202922821,,,
2026-03-06T22:26:28.864Z,,,,-743,53,3914,125,-551,-286,,,,-0.111266807,0.16693072021007538,0.8497902750968933,0.4873034358024597,,,
2026-03-06T22:26:28.824Z,,,,-707,137,3998,300,-449,165,,,,-0.074035458,0.1898188441991806,0.8544899821281433,0.4777819812297821,,,
2026-03-06T22:26:28.784Z,,,,-851,-22,3991,917,-1441,1184,,,,-0.060363613,0.17376664280891418,0.8592507243156433,0.4771716296672821,,,
2026-03-06T22:26:28.744Z,,,,-607,315,3881,732,223,132,,,,-0.069030583,0.14160120487213135,0.8588234782218933,0.4873644709587097,,,
2026-03-06T22:26:28.704Z,,,,-577,599,4038,374,43,56,,,,-0.088195577,0.12976041436195374,0.8571144938468933,0.4905382990837097,,,
2026-03-06T22:26:28.664Z,,,,-599,625,3911,-4,-154,303,,,,-0.118591003,0.084899686,0.8471047878265381,0.5108629465103149,,,
2026-03-06T22:26:28.624Z,,,,-568,671,4151,-533,497,472,,,,-0.194457516,0.054748394,0.8401467800140381,0.5031725168228149,,,
2026-03-06T22:26:28.584Z,,,,-423,708,4065,-333,198,196,,,,-0.151183695,0.022949159145355225,0.8271462917327881,0.5407090783119202,,,
2026-03-06T22:26:28.544Z,,,,-523,706,3993,-618,-557,-11,,,,-0.142211556,0.020446725,0.8252542614936829,0.5460801720619202,,,
2026-03-06T22:26:28.504Z,,,,-437,475,3791,-571,-795,-112,,,,-0.12792936,0.021545354276895523,0.8242166638374329,0.5511460304260254,,,
2026-03-06T22:26:28.464Z,,,,-505,948,4167,-590,-367,-160,,,,-0.113280959,0.033874426037073135,0.8229959607124329,0.5555405616760254,,,
2026-03-06T22:26:28.424Z,,,,-349,565,4012,-986,83,214,,,,-0.096130125,0.048522826,0.8191507458686829,0.5632920265197754,,,
2026-03-06T22:26:28.384Z,,,,-314,466,4048,-279,431,-16,,,,-0.114684768,0.079101361,0.8147562146186829,0.5627427101135254,,,
2026-03-06T22:26:28.344Z,,,,5,591,3993,333,317,282,,,,-0.111388877,0.095702879,0.8174417614936829,0.5568833351135254,,,
2026-03-06T22:26:28.304Z,,,,-532,502,3964,518,-172,501,,,,-0.132445946,0.16406208276748657,0.7832621335983276,0.5847763419151306,,,
2026-03-06T22:26:28.264Z,,,,-954,657,3868,674,-229,432,,,,-0.113036819,0.17663529515266418,0.7538433074951172,0.6225569844245911,,,
2026-03-06T22:26:28.224Z,,,,59,767,3814,279,-276,494,,,,-0.087035909,0.16845659911632538,0.7388286590576172,0.6465437412261963,,,
2026-03-06T22:26:28.184Z,,,,1165,373,4056,1059,-266,161,,,,-0.057128761,0.16070514917373657,0.72558409,0.6665632128715515,,,
2026-03-06T22:26:28.144Z,,,,915,581,4208,-190,283,236,,,,-0.04785144,0.15325888991355896,0.71386534,0.6815168261528015,,,
2026-03-06T22:26:28.104Z,,,,267,643,4051,-176,324,222,,,,-0.03112785,0.14123499393463135,0.6885968446731567,0.710508406,,,
2026-03-06T22:26:28.064Z,,,,864,371,4226,-599,151,147,,,,-0.027343679,0.13085903227329254,0.6630231738090515,0.7365093231201172,,,
2026-03-06T22:26:28.024Z,,,,208,148,3585,-429,148,178,,,,-0.033630285,0.12878385186195374,0.6199935078620911,0.7731913924217224,,,
2026-03-06T22:26:27.984Z,,,,858,580,4086,-374,-373,220,,,,-0.036193755,0.12786832451820374,0.5955795049667358,0.7921732664108276,,,
2026-03-06T22:26:27.944Z,,,,1387,736,4769,-448,-288,-85,,,,-0.036865141,0.13757288455963135,0.5670762062072754,0.8111551403999329,,,
2026-03-06T22:26:27.904Z,,,,-1815,-15,3540,-462,-81,-130,,,,-0.056823585,0.13366664946079254,0.5091539621353149,0.8482644557952881,,,
2026-03-06T22:26:27.864Z,,,,-1068,-664,3912,-869,152,721,,,,-0.085693143,0.11932342499494553,0.40478411316871643,0.9024634957313538,,,
2026-03-06T22:26:27.824Z,,,,-918,-515,3928,-527,778,830,,,,-0.04809558,0.13006559014320374,0.32696449756622314,0.934751034,,,
2026-03-06T22:26:27.784Z,,,,-684,-888,3860,-581,1010,698,,,,0.000915525,0.15356406569480896,0.21307317912578583,0.9648413062095642,,,
2026-03-06T22:26:27.744Z,,,,-257,-676,4047,-95,445,601,,,,-0.001281735,0.15393027663230896,0.16748003661632538,0.9737523794174194,,,
2026-03-06T22:26:27.704Z,,,,120,-645,4168,-138,301,477,,,,-0.00708006,0.1865229606628418,0.10595676302909851,0.9766210317611694,,,
2026-03-06T22:26:27.664Z,,,,-1254,50,3743,-14,254,597,,,,-0.01074216,0.1864619255065918,0.070800602,0.9797948598861694,,,
2026-03-06T22:26:27.624Z,,,,-1539,446,3985,62,82,785,,,,0.065673657,0.1859126091003418,0.00549315,0.9802831411361694,,,
2026-03-06T22:26:27.584Z,,,,-2290,962,3426,-50,-27,771,,,,0.055969093,0.14904746413230896,-0.011535615,0.9871190786361694,,,
2026-03-06T22:26:27.544Z,,,,-1095,1097,3810,-112,-92,967,,,,0.050659049302339554,0.12243621051311493,-0.022216739,0.9909031987190247,,,
2026-03-06T22:26:27.504Z,,,,-1087,1227,3960,128,-335,1173,,,,0.04650867,0.083923124,-0.071594052,0.9927952885627747,,,
2026-03-06T22:26:27.464Z,,,,-553,879,3882,-323,74,779,,,,0.043395884335041046,0.079101361,-0.094543211,0.9913914799690247,,,
2026-03-06T22:26:27.424Z,,,,-825,1085,3869,-752,156,1647,,,,0.051269400864839554,0.10382053256034851,-0.117736511,0.9862645864486694,,,
2026-03-06T22:26:27.384Z,,,,-688,153,4507,-1494,59,1507,,,,0.052306994795799255,0.14062464237213135,-0.174743205,0.9730809926986694,,,
2026-03-06T22:26:27.344Z,,,,-2971,-1079,2969,-190,90,1009,,,,0.060668788850307465,0.16717486083507538,-0.225463286,0.9578222632408142,,,
2026-03-06T22:26:27.304Z,,,,-1254,-469,3901,-366,-1223,703,,,,0.041686903685331345,0.1969599425792694,-0.313719898,0.927915096,,,
2026-03-06T22:26:27.264Z,,,,-1341,-790,3848,-131,-22,628,,,,0.027770925,0.15759237110614777,-0.326720357,0.9313941,,,
2026-03-06T22:26:27.224Z,,,,-937,-766,3804,-1126,-685,745,,,,0.0451659,0.094543211,-0.324278951,0.940122128,,,
2026-03-06T22:26:27.184Z,,,,-1006,-246,4094,-90,846,423,,,,0.04650867,0.096313231,-0.319823384,0.941342831,,,
2026-03-06T22:26:27.144Z,,,,-376,-283,4129,333,873,159,,,,0.043090708553791046,0.065063313,-0.329894185,0.940732479,,,
2026-03-06T22:26:27.104Z,,,,-1039,-607,3652,-28,647,-143,,,,0.043823130428791046,0.064330891,-0.329527974,0.940915585,,,
2026-03-06T22:26:27.064Z,,,,-842,226,4030,472,422,492,,,,0.050170768052339554,0.062621906,-0.329283834,0.940793514,,,
2026-03-06T22:26:27.024Z,,,,-2695,749,2860,-265,-686,93,,,,0.057556003,0.065490551,-0.329222798,0.940183163,,,
2026-03-06T22:26:26.984Z,,,,-2564,76,3101,103,-595,583,,,,0.057861179,0.061645351350307465,-0.331542104,0.939633846,,,
2026-03-06T22:26:26.944Z,,,,-1685,437,3471,98,-324,608,,,,0.061218105256557465,0.060302582,-0.332640737,0.93908453,,,
2026-03-06T22:26:26.904Z,,,,-1076,1025,4022,236,-195,691,,,,0.062011558562517166,0.063049152,-0.332335562,0.93896246,,,
2026-03-06T22:26:26.864Z,,,,-1252,480,3825,707,1125,157,,,,0.062621906,0.058715671,-0.334105581,0.938535213,,,
2026-03-06T22:26:26.824Z,,,,-1135,695,3957,-850,597,-23,,,,0.070800602,0.066039868,-0.338194937,0.936032772,,,
2026-03-06T22:26:26.784Z,,,,-874,607,4054,110,-49,-194,,,,0.12243621051311493,0.15179404616355896,-0.341979116,0.919187069,,,
2026-03-06T22:26:26.744Z,,,,-1078,416,4060,-101,359,40,,,,0.14410363137722015,0.16186481714248657,-0.349608481,0.9114356637001038,,,
2026-03-06T22:26:26.704Z,,,,-762,0,3900,206,-157,-18,,,,0.15557821094989777,0.15417440235614777,-0.35125643,0.9102759957313538,,,
2026-03-06T22:26:26.664Z,,,,-961,970,4153,-42,38,41,,,,0.16546589136123657,0.14538536965847015,-0.354491293,0.9086890816688538,,,
2026-03-06T22:26:26.624Z,,,,-808,81,3876,-101,-44,8,,,,0.16302448511123657,0.14471398293972015,-0.353636801,0.9096046090126038,,,
2026-03-06T22:26:26.584Z,,,,-1097,-1351,3548,-189,243,106,,,,0.15563924610614777,0.14770470559597015,-0.348448813,0.9123511910438538,,,
2026-03-06T22:26:26.544Z,,,,-1051,-709,3988,2,11,70,,,,0.12481657415628433,0.15478475391864777,-0.359190971,0.9118018746376038,,,
2026-03-06T22:26:26.504Z,,,,-1055,-56,4289,-54,-26,12,,,,0.11364717036485672,0.15856893360614777,-0.361388236,0.9117408394813538,,,
2026-03-06T22:26:26.464Z,,,,-1136,41,4362,30,-83,73,,,,0.10253880172967911,0.17095904052257538,-0.375914574,0.9049049019813538,,,
2026-03-06T22:26:26.424Z,,,,-1640,215,4552,-186,-72,190,,,,0.10223362594842911,0.17199662327766418,-0.376646996,0.9044166207313538,,,
2026-03-06T22:26:26.384Z,,,,-1848,-1842,4164,-112,-608,246,,,,0.10272190719842911,0.182128444,-0.380553216,0.9007545113563538,,,
2026-03-06T22:26:26.344Z,,,,-2211,354,3200,-237,-302,165,,,,0.10192845016717911,0.1843867301940918,-0.382445306,0.8995948433876038,,,
2026-03-06T22:26:26.304Z,,,,-920,-259,3793,-531,70,164,,,,0.10223362594842911,0.1856684684753418,-0.385802239,0.8978248238563538,,,
2026-03-06T22:26:26.264Z,,,,-955,88,4141,-448,75,-9,,,,0.10156223922967911,0.1874995231628418,-0.387633294,0.8967261910438538,,,
2026-03-06T22:26:26.224Z,,,,-239,119,4020,84,149,25,,,,0.10321018099784851,0.1911616176366806,-0.387572259,0.8958106637001038,,,
2026-03-06T22:26:26.184Z,,,,360,172,3985,406,-94,-257,,,,0.10296604782342911,0.20373483002185822,-0.384337395,0.8944679498672485,,,
2026-03-06T22:26:26.144Z,,,,-607,-24,4027,228,105,162,,,,0.10510227084159851,0.22003117203712463,-0.393004358,0.8865333795547485,,,
2026-03-06T22:26:26.104Z,,,,-912,-292,4213,337,163,258,,,,0.11016817390918732,0.22869814932346344,-0.395567834,0.8826271295547485,,,
2026-03-06T22:26:26.064Z,,,,-1526,86,4359,229,-408,155,,,,0.10412570834159851,0.23705993592739105,-0.378722161,0.8884865045547485,,,
2026-03-06T22:26:26.024Z,,,,-1728,-314,2563,18,-6,25,,,,0.10394260287284851,0.23980651795864105,-0.379820794,0.8873268365859985,,,
2026-03-06T22:26:25.984Z,,,,-1097,-626,3800,42,-157,80,,,,0.10406467318534851,0.24243101477622986,-0.377562523,0.8875099420547485,,,
2026-03-06T22:26:25.944Z,,,,-437,-313,3979,-18,66,143,,,,0.10662814229726791,0.26019221544265747,-0.371703148,0.8847023248672485,,,
2026-03-06T22:26:25.904Z,,,,-1055,-10,3806,-13,-10,91,,,,0.11633270978927612,0.2768547534942627,-0.3667593,0.8804298639297485,,,
2026-03-06T22:26:25.864Z,,,,-298,-77,4414,-18,46,82,,,,0.11621063947677612,0.2839348316192627,-0.363707572,0.8795143365859985,,,
2026-03-06T22:26:25.824Z,,,,-447,-24,4092,-6,-15,61,,,,0.11785858124494553,0.2880851924419403,-0.355345756,0.8813453912734985,,,
2026-03-06T22:26:25.784Z,,,,-404,108,4166,27,-153,57,,,,0.12042205780744553,0.2924186885356903,-0.34735018,0.8827491998672485,,,
2026-03-06T22:26:25.744Z,,,,-462,205,4081,34,-68,88,,,,0.11926238983869553,0.2958366572856903,-0.346861899,0.8819557428359985,,,
2026-03-06T22:26:25.704Z,,,,-379,130,4039,-118,-410,134,,,,0.11749237775802612,0.2927238643169403,-0.347838461,0.8828712701797485,,,
2026-03-06T22:26:25.664Z,,,,-332,169,4131,170,-456,92,,,,0.11706513166427612,0.2913810908794403,-0.34747225,0.8834816217422485,,,
2026-03-06T22:26:25.624Z,,,,-378,178,4131,19,-11,15,,,,0.11767548322677612,0.2923576533794403,-0.347289145,0.8831764459609985,,,
2026-03-06T22:26:25.584Z,,,,-279,201,4228,9,-71,28,,,,0.11675995588302612,0.2985221743583679,-0.341734976,0.8833595514297485,,,
2026-03-06T22:26:25.544Z,,,,-164,128,4415,-8,-38,33,,,,0.11682099103927612,0.3002921938896179,-0.340758413,0.8831764459609985,,,
2026-03-06T22:26:25.504Z,,,,-1654,95,3628,-19,-522,-31,,,,0.11627167463302612,0.3015128970146179,-0.338500112,0.8836647272109985,,,
2026-03-06T22:26:25.464Z,,,,-2092,511,3513,70,-282,-36,,,,0.11230439692735672,0.2951652705669403,-0.340025991,0.8857399225234985,,,
2026-03-06T22:26:25.424Z,,,,-1725,706,3475,79,44,-51,,,,0.11108370125293732,0.2800896167755127,-0.340636343,0.8905616998672485,,,
2026-03-06T22:26:25.384Z,,,,-1526,976,3775,65,-87,-64,,,,0.11120577156543732,0.2796013355255127,-0.342711538,0.8898903131484985,,,
2026-03-06T22:26:25.344Z,,,,-1341,776,3736,-16,62,-36,,,,0.11260957270860672,0.2807610034942627,-0.344176352,0.8887916803359985,,,
2026-03-06T22:26:25.304Z,,,,-1472,660,3907,9,288,18,,,,0.11376924067735672,0.2836906909942627,-0.34319979,0.8880592584609985,,,
2026-03-06T22:26:25.264Z,,,,-1344,310,3968,27,17,-11,,,,0.11486786603927612,0.2860099971294403,-0.341979116,0.8876930475234985,,,
2026-03-06T22:26:25.224Z,,,,-1117,192,3765,-3,-4,-6,,,,0.11761444807052612,0.2918083369731903,-0.33965978,0.8862892389297485,,,
2026-03-06T22:26:25.184Z,,,,-1375,98,3851,4,-65,14,,,,0.12011688202619553,0.2923576533794403,-0.337035269,0.8867775201797485,,,
2026-03-06T22:26:25.144Z,,,,-1287,145,3903,33,-84,17,,,,0.12115447223186493,0.2943718135356903,-0.329344869,0.8888527154922485,,,
2026-03-06T22:26:25.104Z,,,,-1460,141,3726,13,-41,-10,,,,0.12133757770061493,0.2942497432231903,-0.328856587,0.8890968561172485,,,
2026-03-06T22:26:25.064Z,,,,-1486,61,3817,99,113,7,,,,0.12518277764320374,0.3080436587333679,-0.318541676,0.8876320123672485,,,
2026-03-06T22:26:25.024Z,,,,-1456,31,3825,-136,308,-28,,,,0.12457243353128433,0.31371989846229553,-0.315795094,0.8867164850234985,,,
2026-03-06T22:26:24.984Z,,,,-1404,9,3851,-53,239,14,,,,0.12750211358070374,0.34814363718032837,-0.295104235,0.8805519342422485,,,
2026-03-06T22:26:24.944Z,,,,-1603,113,3848,1,-47,15,,,,0.12567105889320374,0.35693267,-0.278380632,0.8827491998672485,,,
2026-03-06T22:26:24.904Z,,,,-1590,50,3808,0,-2,34,,,,0.12683072686195374,0.359496146,-0.276427507,0.8821388483047485,,,
2026-03-06T22:26:24.864Z,,,,-1886,-166,3766,-31,-98,34,,,,0.12762418389320374,0.363585502,-0.273680925,0.8812233209609985,,,
2026-03-06T22:26:24.824Z,,,,-1763,-68,3491,-26,-66,31,,,,0.12609830498695374,0.3807973563671112,-0.249327973,0.8814064264297485,,,
2026-03-06T22:26:24.784Z,,,,-1883,-128,3614,-39,-62,-43,,,,0.12353484332561493,0.40130510926246643,-0.230834365,0.8776832818984985,,,
2026-03-06T22:26:24.744Z,,,,-1806,-114,3625,31,25,-20,,,,0.12567105889320374,0.43621712923049927,-0.217406675,0.8640114665031433,,,
2026-03-06T22:26:24.704Z,,,,-2006,-132,3713,1,11,-55,,,,0.12438932806253433,0.44012337923049927,-0.216918394,0.8623635172843933,,,
2026-03-06T22:26:24.664Z,,,,-1872,-216,3495,-1,18,-44,,,,0.12457243353128433,0.44122201204299927,-0.214904234,0.8623024821281433,,,
2026-03-06T22:26:24.624Z,,,,-2183,-117,3419,131,-169,-43,,,,0.12213103473186493,0.44421273469924927,-0.212340757,0.8616921305656433,,,
2026-03-06T22:26:24.584Z,,,,-2332,-129,3364,99,-270,-112,,,,0.12066619098186493,0.4492786228656769,-0.211852491,0.8594338297843933,,,
2026-03-06T22:26:24.544Z,,,,-2257,-69,3382,71,-16,-55,,,,0.12774625420570374,0.4520252048969269,-0.214049742,0.8564431071281433,,,
2026-03-06T22:26:24.504Z,,,,-2445,150,3375,37,-92,-56,,,,0.11816375702619553,0.43585094809532166,-0.22308293,0.8638283610343933,,,
2026-03-06T22:26:24.464Z,,,,-2800,-316,3334,58,-75,-60,,,,0.11602753400802612,0.41015520691871643,-0.233031631,0.8740211725234985,,,
2026-03-06T22:26:24.424Z,,,,-2346,-138,3397,-2,13,-91,,,,0.11413545161485672,0.40942278504371643,-0.232299209,0.8748146295547485,,,
2026-03-06T22:26:24.384Z,,,,-2169,-108,3367,211,-230,-227,,,,0.11383027583360672,0.41021624207496643,-0.233458877,0.8741432428359985,,,
2026-03-06T22:26:24.344Z,,,,-2285,-121,3385,69,-536,-170,,,,0.11437959223985672,0.40905657410621643,-0.235289931,0.8741432428359985,,,
2026-03-06T22:26:24.304Z,,,,-2328,-135,3404,164,-353,53,,,,0.10931368172168732,0.3974599242210388,-0.235717162,0.8800026178359985,,,
2026-03-06T22:26:24.264Z,,,,-2329,-147,3335,94,-64,-46,,,,0.10858126729726791,0.3982533812522888,-0.235350966,0.8798195123672485,,,
2026-03-06T22:26:24.224Z,,,,-2397,-66,3297,81,-15,-35,,,,0.10772677510976791,0.3991078734397888,-0.234313369,0.8798195123672485,,,
2026-03-06T22:26:24.184Z,,,,-2258,-259,3372,-18,-102,65,,,,0.10595676302909851,0.4000234007835388,-0.231200576,0.8804908990859985,,,
2026-03-06T22:26:24.144Z,,,,-2039,-2,3415,-99,-237,89,,,,0.10589572787284851,0.4003896117210388,-0.233886123,0.8795753717422485,,,
2026-03-06T22:26:24.104Z,,,,-2172,-121,3457,-140,-20,74,,,,0.10479709506034851,0.4008778929710388,-0.239440307,0.8779884576797485,,,
2026-03-06T22:26:24.064Z,,,,-2165,-93,3426,-51,863,243,,,,0.1002194732427597,0.3912953734397888,-0.249389008,0.8800636529922485,,,
2026-03-06T22:26:24.024Z,,,,-2229,-117,3432,0,88,26,,,,0.09326148,0.364501029,-0.261657029,0.8887306451797485,,,
2026-03-06T22:26:23.984Z,,,,-2230,-118,3408,16,-15,51,,,,0.092284918,0.361693412,-0.264952928,0.8889747858047485,,,
2026-03-06T22:26:23.944Z,,,,-2319,-123,3280,-14,-31,36,,,,0.091369398,0.360106498,-0.27160576,0.8877540826797485,,,
2026-03-06T22:26:23.904Z,,,,-2326,71,3427,12,119,31,,,,0.091369398,0.359313041,-0.28131032,0.8850685358047485,,,
2026-03-06T22:26:23.864Z,,,,-2342,-68,3350,26,-18,7,,,,0.091308363,0.35308748483657837,-0.294615954,0.8832374811172485,,,
2026-03-06T22:26:23.824Z,,,,-2346,-54,3349,54,-14,14,,,,0.097411856,0.34973055124282837,-0.317565113,0.8759132623672485,,,
2026-03-06T22:26:23.784Z,,,,-2498,-43,3282,60,-12,-22,,,,0.10064671188592911,0.34985262155532837,-0.338927358,0.8674294352531433,,,
2026-03-06T22:26:23.744Z,,,,-2306,-93,3206,-28,13,87,,,,0.090270765,0.3068839907646179,-0.35693267,0.8776222467422485,,,
2026-03-06T22:26:23.704Z,,,,-2721,-161,3178,-35,-11,172,,,,0.093932867,0.2949211299419403,-0.370177269,0.8758522272109985,,,
2026-03-06T22:26:23.664Z,,,,-2815,-90,3016,-223,-43,90,,,,0.13800013065338135,0.2680046856403351,-0.430846065,0.8505226969718933,,,
2026-03-06T22:26:23.624Z,,,,-2824,-44,3020,340,292,285,,,,0.16345173120498657,0.23901306092739105,-0.431456417,0.8543679118156433,,,
2026-03-06T22:26:23.584Z,,,,-3153,-95,3024,-87,93,153,,,,0.16729693114757538,0.23596130311489105,-0.435484737,0.8524147868156433,,,
2026-03-06T22:26:23.544Z,,,,-2984,61,2876,-64,75,206,,,,0.182982937,0.23754821717739105,-0.450560361,0.8408181667327881,,,
2026-03-06T22:26:23.504Z,,,,-3273,19,2646,-69,10,233,,,,0.1985468566417694,0.24322447180747986,-0.460203886,0.8303811550140381,,,
2026-03-06T22:26:23.464Z,,,,-3287,-188,2354,-102,63,236,,,,0.20605416595935822,0.23754821717739105,-0.477904052,0.8201273083686829,,,
2026-03-06T22:26:23.424Z,,,,-3201,-185,2494,-166,85,261,,,,0.20794624090194702,0.22808779776096344,-0.487547576,0.8166483044624329,,,
2026-03-06T22:26:23.384Z,,,,-3328,-20,2366,-300,-128,373,,,,0.22088566422462463,0.21667425334453583,-0.508787751,0.8032816052436829,,,
2026-03-06T22:26:23.344Z,,,,-3238,-32,2470,-113,225,469,,,,0.21368353068828583,0.2691643536090851,-0.594053626,0.727232039,,,
2026-03-06T22:26:23.304Z,,,,-3208,-281,2219,-303,424,245,,,,0.21343939006328583,0.2766106128692627,-0.602842689,0.717222273,,,
2026-03-06T22:26:23.264Z,,,,-3639,249,2141,-238,76,302,,,,0.1940913051366806,0.2716667950153351,-0.632139504,0.6991559267044067,,,
2026-03-06T22:26:23.224Z,,,,-3019,-649,2690,-563,112,-113,,,,0.1879267692565918,0.2718499004840851,-0.637754738,0.6956769227981567,,,
2026-03-06T22:26:23.184Z,,,,-3056,-182,2685,-277,266,51,,,,0.182738796,0.2709954082965851,-0.642881632,0.6926251649856567,,,
2026-03-06T22:26:23.144Z,,,,-3038,-134,2647,-166,0,187,,,,0.179809108,0.2705681622028351,-0.649046183,0.6878033876419067,,,
2026-03-06T22:26:23.104Z,,,,-3055,-141,2638,-316,-483,302,,,,0.14099085330963135,0.23974548280239105,-0.681394756,0.6769391894340515,,,
2026-03-06T22:26:23.064Z,,,,-3077,-167,2596,-504,-43,469,,,,0.13677942752838135,0.21868839859962463,-0.705442548,0.6600935459136963,,,
2026-03-06T22:26:23.024Z,,,,-3005,-166,2740,-327,224,449,,,,0.13757288455963135,0.21520940959453583,-0.7083112,0.6579573154449463,,,
2026-03-06T22:26:22.984Z,,,,-2946,-193,2707,-563,-40,238,,,,0.14215052127838135,0.21105903387069702,-0.708738446,0.6578962802886963,,,
2026-03-06T22:26:22.944Z,,,,-2981,-178,2702,-248,185,653,,,,0.15380820631980896,0.20544381439685822,-0.706968427,0.6589338779449463,,,
2026-03-06T22:26:22.904Z,,,,-3058,-180,2667,47,-197,495,,,,0.17327836155891418,0.20617623627185822,-0.698911786,0.6624739170074463,,,
2026-03-06T22:26:22.864Z,,,,-3030,-138,2676,-25,98,425,,,,0.1853022575378418,0.1968989074230194,-0.699277997,0.6616804599761963,,,
2026-03-06T22:26:22.824Z,,,,-2948,-385,2594,11,125,340,,,,0.1942133754491806,0.1851801872253418,-0.697935224,0.6639387011528015,,,
2026-03-06T22:26:22.784Z,,,,-2583,-342,2836,1,139,289,,,,0.20483346283435822,0.17303422093391418,-0.697080731,0.6648542284965515,,,
2026-03-06T22:26:22.744Z,,,,-2792,-310,2933,-40,74,255,,,,0.22802676260471344,0.14105188846588135,-0.731260359,0.6270735859870911,,,
2026-03-06T22:26:22.704Z,,,,-2706,-276,2935,142,30,292,,,,0.21191352605819702,0.14294396340847015,-0.736570358,0.6260970234870911,,,
2026-03-06T22:26:22.664Z,,,,-2667,-304,2985,-191,417,383,,,,0.21472112834453583,0.13647426664829254,-0.735532761,0.6278670430183411,,,
2026-03-06T22:26:22.624Z,,,,-2740,-317,2957,-207,145,72,,,,0.21594183146953583,0.13030973076820374,-0.73742485,0.6265242695808411,,,
2026-03-06T22:26:22.584Z,,,,-2613,-385,2981,-128,28,39,,,,0.20068307220935822,0.15240439772605896,-0.74511528,0.6174300312995911,,,
2026-03-06T22:26:22.544Z,,,,-2611,-349,2952,-225,-114,-161,,,,0.1977533996105194,0.21734564006328583,-0.726499617,0.6210921406745911,,,
2026-03-06T22:26:22.504Z,,,,-3209,-645,2768,143,-120,-152,,,,0.16577105224132538,0.16540485620498657,-0.704649091,0.6697370409965515,,,
2026-03-06T22:26:22.464Z,,,,-2105,-435,3520,-338,-120,-389,,,,0.16467243432998657,0.16815142333507538,-0.690244794,0.6841413378715515,,,
2026-03-06T22:26:22.424Z,,,,-2370,-561,3326,-377,93,-198,,,,0.16925005614757538,0.16424518823623657,-0.684751689,0.6894513368606567,,,
2026-03-06T22:26:22.384Z,,,,-2177,-471,3108,-480,4,-241,,,,0.17565873265266418,0.17669633030891418,-0.685789287,0.6837751269340515,,,
2026-03-06T22:26:22.344Z,,,,-1889,-12,3709,-140,177,-190,,,,0.17694047093391418,0.178588405,-0.683225811,0.6854841113090515,,,
2026-03-06T22:26:22.304Z,,,,-1956,83,3500,-94,239,220,,,,0.17700150609016418,0.178954616,-0.682737529,0.6858503222465515,,,
2026-03-06T22:26:22.264Z,,,,-2152,67,3553,99,-31,-238,,,,0.17675736546516418,0.179687038,-0.682005107,0.6864606142044067,,,
2026-03-06T22:26:22.224Z,,,,-2786,337,3024,-130,162,-87,,,,0.17523148655891418,0.18243362,-0.679319561,0.6887799501419067,,,
2026-03-06T22:26:22.184Z,,,,-2561,186,3113,223,31,189,,,,0.17443802952766418,0.182982937,-0.679014385,0.6891461610794067,,,
2026-03-06T22:26:22.144Z,,,,-2119,164,3349,239,-206,290,,,,0.17388871312141418,0.183105007,-0.679136455,0.6890851259231567,,,
2026-03-06T22:26:22.104Z,,,,-2232,536,3325,211,786,-177,,,,0.17687943577766418,0.182860866,-0.679685771,0.6879254579544067,,,
2026-03-06T22:26:22.064Z,,,,-2370,-345,3245,-77,-112,-362,,,,0.17279008030891418,0.1868281364440918,-0.677976787,0.6895123720169067,,,
2026-03-06T22:26:22.024Z,,,,-2453,-26,3611,-38,77,-287,,,,0.17242386937141418,0.1874995231628418,-0.676389873,0.6909772157669067,,,
2026-03-06T22:26:21.984Z,,,,-2161,-492,3289,267,-106,-27,,,,0.17181351780891418,0.1912226527929306,-0.675596416,0.6909161806106567,,,
2026-03-06T22:26:21.944Z,,,,-2210,-535,3330,21,-31,-21,,,,0.17175248265266418,0.1910395473241806,-0.676023662,0.6906110048294067,,,
2026-03-06T22:26:21.904Z,,,,-2175,-590,3380,16,-3,-21,,,,0.17169144749641418,0.1910395473241806,-0.676695049,0.6899396181106567,,,
2026-03-06T22:26:21.864Z,,,,-2267,-505,3489,30,-6,-22,,,,0.17175248265266418,0.1912226527929306,-0.676939189,0.6896344423294067,,,
2026-03-06T22:26:21.824Z,,,,-1628,-602,3721,36,-6,-24,,,,0.17169144749641418,0.1906733363866806,-0.677671611,0.6890240907669067,,,
2026-03-06T22:26:21.784Z,,,,-1587,-598,3653,30,0,-1,,,,0.17199662327766418,0.1906123012304306,-0.678159893,0.6885358095169067,,,
2026-03-06T22:26:21.744Z,,,,-1521,-738,3665,18,14,6,,,,0.17285111546516418,0.1901850551366806,-0.678404033,0.6882306337356567,,,
2026-03-06T22:26:21.704Z,,,,-1593,-673,3827,16,19,11,,,,0.17352250218391418,0.1902460902929306,-0.679563701,0.6868268251419067,,,
2026-03-06T22:26:21.664Z,,,,-1328,-277,3696,-73,-49,-19,,,,0.17376664280891418,0.1906123012304306,-0.681455791,0.6848127245903015,,,
2026-03-06T22:26:21.624Z,,,,-1637,-340,3629,246,34,98,,,,0.16827349364757538,0.16784624755382538,-0.687254071,0.6863995790481567,,,
2026-03-06T22:26:21.584Z,,,,-1715,-343,3610,-74,-126,4,,,,0.16662554442882538,0.16455036401748657,-0.687009931,0.6878033876419067,,,
2026-03-06T22:26:21.544Z,,,,-1597,-276,3715,-5,9,13,,,,0.16717486083507538,0.16326862573623657,-0.688474774,0.6864606142044067,,,
2026-03-06T22:26:21.504Z,,,,-1524,402,3900,-3,22,20,,,,0.16711382567882538,0.16039997339248657,-0.692319989,0.6833478808403015,,,
2026-03-06T22:26:21.464Z,,,,-1920,256,3583,3,12,17,,,,0.15557821094989777,0.14263878762722015,-0.70806706,0.6737653613090515,,,
2026-03-06T22:26:21.424Z,,,,-1639,-128,3608,7,-1,17,,,,0.15783651173114777,0.14178431034088135,-0.707456708,0.6740705370903015,,,
2026-03-06T22:26:21.384Z,,,,-1462,428,3753,-8,13,16,,,,0.15685994923114777,0.13970911502838135,-0.711607039,0.6704084277153015,,,
2026-03-06T22:26:21.344Z,,,,-1208,758,3951,-4,10,7,,,,0.16278034448623657,0.13641323149204254,-0.719480574,0.6611311435699463,,,
2026-03-06T22:26:21.304Z,,,,-1121,-189,4046,6,1,16,,,,0.14880332350730896,0.13195766508579254,-0.727232039,0.6568586826324463,,,
2026-03-06T22:26:21.264Z,,,,-2769,-1121,2705,0,-10,54,,,,0.15216025710105896,0.12268035113811493,-0.729795516,0.6550886631011963,,,
2026-03-06T22:26:21.224Z,,,,-1683,-79,3675,-36,40,30,,,,0.15594442188739777,0.11889617890119553,-0.734800339,0.6492292881011963,,,
2026-03-06T22:26:21.184Z,,,,-1511,-472,3614,-34,148,42,,,,0.15161094069480896,0.099181876,-0.736570358,0.6515486240386963,,,
2026-03-06T22:26:21.144Z,,,,-1762,432,3830,-10,15,5,,,,0.15277060866355896,0.10156223922967911,-0.737363815,0.6500227451324463,,,
2026-03-06T22:26:21.104Z,,,,-1673,-314,3995,-23,14,29,,,,0.15319785475730896,0.10076878219842911,-0.736814499,0.6506941318511963,,,
2026-03-06T22:26:21.064Z,,,,-1761,-143,3662,16,-1,51,,,,0.15301474928855896,0.099975333,-0.736692429,0.6509993076324463,,,
2026-03-06T22:26:21.024Z,,,,-1763,-148,3654,-161,260,-73,,,,0.15350303053855896,0.10076878219842911,-0.738035202,0.6492292881011963,,,
2026-03-06T22:26:20.984Z,,,,-1766,-174,3656,-50,86,103,,,,0.15515096485614777,0.10156223922967911,-0.743772507,0.6420881748199463,,,
2026-03-06T22:26:20.944Z,,,,-1777,-157,3669,23,34,102,,,,0.15612752735614777,0.10229466110467911,-0.743467331,0.6420881748199463,,,
2026-03-06T22:26:20.904Z,,,,-1793,-174,3661,-186,17,227,,,,0.15478475391864777,0.10382053256034851,-0.744504929,0.6409895420074463,,,
2026-03-06T22:26:20.864Z,,,,-1752,-167,3661,-90,167,-34,,,,0.15051230788230896,0.10345432162284851,-0.75292778,0.6321395039558411,,,
2026-03-06T22:26:20.824Z,,,,-1820,73,3695,-47,33,66,,,,0.15032920241355896,0.10467502474784851,-0.751707077,0.6334212422370911,,,
2026-03-06T22:26:20.784Z,,,,-1641,-555,3571,84,45,-45,,,,0.14593468606472015,0.10974092781543732,-0.75280571,0.6323226094245911,,,
2026-03-06T22:26:20.744Z,,,,-1968,-48,3682,-107,16,-87,,,,0.14453087747097015,0.11022920906543732,-0.752134323,0.6333602070808411,,,
2026-03-06T22:26:20.704Z,,,,-1812,-228,3627,-26,50,5,,,,0.13983118534088135,0.10925264656543732,-0.749387741,0.6378157734870911,,,
2026-03-06T22:26:20.664Z,,,,-1782,-245,3639,-27,37,-18,,,,0.14031946659088135,0.10906954109668732,-0.749753952,0.6373274922370911,,,
2026-03-06T22:26:20.624Z,,,,-1790,-240,3615,-1,15,-9,,,,0.13647426664829254,0.10821505635976791,-0.749937057,0.6380599141120911,,,
2026-03-06T22:26:20.584Z,,,,-1848,-239,3637,-30,17,-13,,,,0.14257775247097015,0.10772677510976791,-0.748533249,0.6384871602058411,,,
2026-03-06T22:26:20.544Z,,,,-1818,-234,3631,5,-26,33,,,,0.14233362674713135,0.10961885750293732,-0.744626999,0.6428205966949463,,,
2026-03-06T22:26:20.504Z,,,,-1816,-238,3628,37,-52,74,,,,0.14257775247097015,0.10961885750293732,-0.74487114,0.6423933506011963,,,
2026-03-06T22:26:20.464Z,,,,-1815,-210,3623,49,25,86,,,,0.14764367043972015,0.11065645515918732,-0.745420456,0.6405012607574463,,,
2026-03-06T22:26:20.424Z,,,,-1785,-179,3628,33,-5,-15,,,,0.15264853835105896,0.10583469271659851,-0.751218796,0.6332991719245911,,,
2026-03-06T22:26:20.384Z,,,,-1825,-238,3558,54,-9,7,,,,0.15319785475730896,0.10565158724784851,-0.751523972,0.6328719258308411,,,
2026-03-06T22:26:20.344Z,,,,-1761,-181,3559,-2,1,-40,,,,0.15429647266864777,0.10485813021659851,-0.752622604,0.6313460469245911,,,
2026-03-06T22:26:20.304Z,,,,-1638,-120,3726,12,-8,-8,,,,0.15496785938739777,0.10443088412284851,-0.753599167,0.6301253437995911,,,
2026-03-06T22:26:20.264Z,,,,-1617,-131,3736,-95,28,-1,,,,0.15393027663230896,0.10357639193534851,-0.754514694,0.6293929219245911,,,
2026-03-06T22:26:20.224Z,,,,-1630,-110,3724,128,163,14,,,,0.15325888991355896,0.10266087204217911,-0.756040514,0.6278670430183411,,,
2026-03-06T22:26:20.184Z,,,,-1213,41,3778,30,88,-69,,,,0.15393027663230896,0.10192845016717911,-0.755674362,0.6282942891120911,,,
2026-03-06T22:26:20.144Z,,,,-1967,2,3758,-57,-22,60,,,,0.15063437819480896,0.10406467318534851,-0.757017076,0.6271956562995911,,,
2026-03-06T22:26:20.104Z,,,,-1423,-58,3829,-26,-22,8,,,,0.15472371876239777,0.099853262,-0.757688463,0.6259749531745911,,,
2026-03-06T22:26:20.064Z,,,,-1596,75,3750,22,2,17,,,,0.15002402663230896,0.10131809860467911,-0.759702623,0.6244490742683411,,,
2026-03-06T22:26:20.024Z,,,,-1190,-434,3832,-327,-199,-108,,,,0.14953574538230896,0.1001584380865097,-0.760129869,0.6242659687995911,,,
2026-03-06T22:26:19.984Z,,,,-1335,-29,3869,-12,-7,18,,,,0.14617882668972015,0.10058567672967911,-0.759580553,0.6256697773933411,,,
2026-03-06T22:26:19.944Z,,,,-1366,27,3767,-15,8,24,,,,0.14721642434597015,0.099853262,-0.760251939,0.6246932148933411,,,
2026-03-06T22:26:19.904Z,,,,-1007,410,4127,-9,-3,26,,,,0.14733849465847015,0.098266348,-0.757444322,0.6283553242683411,,,
2026-03-06T22:26:19.864Z,,,,-1492,-33,3927,-2,25,14,,,,0.14550743997097015,0.096618406,-0.755491257,0.6313460469245911,,,
2026-03-06T22:26:19.824Z,,,,-1233,117,3903,-33,16,18,,,,0.14636193215847015,0.096435301,-0.757017076,0.6293318867683411,,,
2026-03-06T22:26:19.784Z,,,,-1205,98,3892,-58,9,8,,,,0.14678917825222015,0.097778067,-0.757688463,0.6282332539558411,,,
2026-03-06T22:26:19.744Z,,,,-1207,-60,3864,161,74,27,,,,0.14855918288230896,0.099059805,-0.758542955,0.6266463398933411,,,
2026-03-06T22:26:19.704Z,,,,-1266,39,3872,-204,9,-31,,,,0.14874228835105896,0.10107395797967911,-0.759397447,0.6252425312995911,,,
2026-03-06T22:26:19.664Z,,,,-1327,195,3868,25,37,129,,,,0.14941367506980896,0.10217259079217911,-0.759275377,0.6249983906745911,,,
2026-03-06T22:26:19.624Z,,,,-1187,21,3900,27,11,62,,,,0.14904746413230896,0.10253880172967911,-0.759519517,0.6247542500495911,,,
2026-03-06T22:26:19.584Z,,,,-1124,-27,3926,71,100,-12,,,,0.14953574538230896,0.10259983688592911,-0.759702623,0.6243880391120911,,,
2026-03-06T22:26:19.544Z,,,,-1239,43,3903,50,-9,-96,,,,0.15063437819480896,0.10369846224784851,-0.760557115,0.6229231953620911,,,
2026-03-06T22:26:19.504Z,,,,-1247,35,3922,-64,29,-106,,,,0.15087851881980896,0.10534641146659851,-0.761167467,0.6218245625495911,,,
2026-03-06T22:26:19.464Z,,,,-1208,-28,3892,-26,66,-27,,,,0.14788781106472015,0.10742159932851791,-0.759702623,0.6240218281745911,,,
2026-03-06T22:26:19.424Z,,,,-1069,-74,4040,-56,-18,-29,,,,0.14843711256980896,0.10559055209159851,-0.761228502,0.6222518086433411,,,
2026-03-06T22:26:19.384Z,,,,-1193,-90,3799,-9,-7,20,,,,0.14959678053855896,0.10577365756034851,-0.762205064,0.6207869648933411,,,
2026-03-06T22:26:19.344Z,,,,-1065,-75,3902,28,0,12,,,,0.14800988137722015,0.10754366964101791,-0.76049608,0.6229231953620911,,,
2026-03-06T22:26:19.304Z,,,,-1423,135,3918,28,-49,26,,,,0.14776574075222015,0.10742159932851791,-0.759824693,0.6238997578620911,,,
2026-03-06T22:26:19.264Z,,,,-1287,0,3890,15,-38,1,,,,0.14825402200222015,0.10729952901601791,-0.759763658,0.6238387227058411,,,
2026-03-06T22:26:19.224Z,,,,-1223,-22,3887,4,3,10,,,,0.14910849928855896,0.10638400167226791,-0.760679185,0.6226790547370911,,,
2026-03-06T22:26:19.184Z,,,,-1422,-35,3879,-23,4,7,,,,0.14916953444480896,0.10742159932851791,-0.759580553,0.6238387227058411,,,
2026-03-06T22:26:19.144Z,,,,-1303,50,3872,8,10,23,,,,0.15161094069480896,0.11132784187793732,-0.758176744,0.6242049336433411,,,
2026-03-06T22:26:19.104Z,,,,-1299,56,3894,0,-19,23,,,,0.15185508131980896,0.11151094734668732,-0.758054674,0.6242659687995911,,,
2026-03-06T22:26:19.064Z,,,,-1290,77,3885,-32,-10,-23,,,,0.15435750782489777,0.11175508797168732,-0.75848192,0.6231063008308411,,,
2026-03-06T22:26:19.024Z,,,,-1300,74,3867,50,0,-66,,,,0.15588338673114777,0.11315888911485672,-0.758420885,0.6226180195808411,,,
2026-03-06T22:26:18.984Z,,,,-1270,56,3833,-26,-45,17,,,,0.15814168751239777,0.11016817390918732,-0.752439499,0.6297591328620911,,,
2026-03-06T22:26:18.944Z,,,,-1304,75,3873,54,58,25,,,,0.15631063282489777,0.11065645515918732,-0.75872606,0.6224959492683411,,,
2026-03-06T22:26:18.904Z,,,,-1331,229,3879,-16,23,-37,,,,0.16210895776748657,0.10174534469842911,-0.75848192,0.6228621602058411,,,
2026-03-06T22:26:18.864Z,,,,-1270,-162,3845,-9,-2,0,,,,0.15606649219989777,0.10217259079217911,-0.76251024,0.6194441914558411,,,
2026-03-06T22:26:18.824Z,,,,-1314,304,3861,26,-8,16,,,,0.15753133594989777,0.10253880172967911,-0.762021959,0.6195662617683411,,,
2026-03-06T22:26:18.784Z,,,,-1276,79,3909,54,79,-11,,,,0.15795858204364777,0.10266087204217911,-0.761533678,0.6200545430183411,,,
2026-03-06T22:26:18.744Z,,,,-1261,126,3895,-53,-37,-44,,,,0.15856893360614777,0.10308811813592911,-0.761228502,0.6201766133308411,,,
2026-03-06T22:26:18.704Z,,,,-1202,-29,3872,61,-27,25,,,,0.15850789844989777,0.10302708297967911,-0.761533678,0.6198714375495911,,,
2026-03-06T22:26:18.664Z,,,,-1255,80,3854,0,-16,-8,,,,0.16009479761123657,0.10345432162284851,-0.763547838,0.6168807148933411,,,
2026-03-06T22:26:18.624Z,,,,-1292,127,3859,-111,-29,-35,,,,0.16070514917373657,0.10308811813592911,-0.763914049,0.6163313984870911,,,
2026-03-06T22:26:18.584Z,,,,-1227,156,3852,134,4,11,,,,0.16247516870498657,0.10357639193534851,-0.763669908,0.6161483526229858,,,
2026-03-06T22:26:18.544Z,,,,-1259,97,3890,4,13,13,,,,0.16503864526748657,0.10296604782342911,-0.767332017,0.6108993291854858,,,
2026-03-06T22:26:18.504Z,,,,-1230,63,3840,-312,11,-24,,,,0.16607622802257538,0.10675021260976791,-0.767148912,0.6102279424667358,,,
2026-03-06T22:26:18.464Z,,,,-1304,121,3844,14,52,245,,,,0.16668657958507538,0.11224336177110672,-0.764463365,0.6124862432479858,,,
2026-03-06T22:26:18.424Z,,,,-1257,101,3886,-10,-41,-18,,,,0.16973833739757538,0.11224336177110672,-0.759702623,0.6175521016120911,,,
2026-03-06T22:26:18.384Z,,,,-1277,86,3847,-39,-4,-17,,,,0.17016558349132538,0.11096163094043732,-0.759946764,0.6173079609870911,,,
2026-03-06T22:26:18.344Z,,,,-1300,51,3907,-17,8,-20,,,,0.17492631077766418,0.11083956062793732,-0.754453659,0.6227400898933411,,,
2026-03-06T22:26:18.304Z,,,,-1274,93,3859,-8,35,12,,,,0.17565873265266418,0.11273164302110672,-0.758115709,0.6176741719245911,,,
2026-03-06T22:26:18.264Z,,,,-1294,126,3865,0,-82,24,,,,0.17309525609016418,0.11206025630235672,-0.759458482,0.6169417500495911,,,
2026-03-06T22:26:18.224Z,,,,-1373,128,3837,-33,55,21,,,,0.17376664280891418,0.11724823713302612,-0.759519517,0.6157211065292358,,,
2026-03-06T22:26:18.184Z,,,,-1284,12,3836,-2,-11,-21,,,,0.17272904515266418,0.12023895233869553,-0.758359849,0.6168196797370911,,,
2026-03-06T22:26:18.144Z,,,,-1224,-19,3913,-32,25,39,,,,0.17120318114757538,0.12145964801311493,-0.757688463,0.6178572773933411,,,
2026-03-06T22:26:18.104Z,,,,-1303,123,3869,26,-51,5,,,,0.16558796167373657,0.12628141045570374,-0.745420456,0.6331160664558411,,,
2026-03-06T22:26:18.064Z,,,,-1332,73,3836,44,-17,-29,,,,0.15228232741355896,0.12664762139320374,-0.734189987,0.6493513584136963,,,
2026-03-06T22:26:18.024Z,,,,-1307,64,3867,147,-111,-60,,,,0.181945339,0.14154016971588135,-0.69457829,0.6813947558403015,,,
2026-03-06T22:26:17.984Z,,,,-1259,117,3871,-48,5,-4,,,,0.1994623839855194,0.14538536965847015,-0.686704755,0.6836530566215515,,,
2026-03-06T22:26:17.944Z,,,,-1299,161,3892,-14,37,6,,,,0.22045841813087463,0.15106162428855896,-0.671201885,0.6913434267044067,,,
2026-03-06T22:26:17.904Z,,,,-1417,68,3792,-24,-74,60,,,,0.20135445892810822,0.15441854298114777,-0.665220439,0.7021466493606567,,,
2026-03-06T22:26:17.864Z,,,,-1414,17,3834,57,66,48,,,,0.14697228372097015,0.1900629848241806,-0.625608742,0.7421855926513672,,,
2026-03-06T22:26:17.824Z,,,,-1242,105,3917,-48,73,-10,,,,0.14752160012722015,0.20867866277694702,-0.611875892,0.7484722137451172,,,
2026-03-06T22:26:17.784Z,,,,-1328,166,3879,8,5,46,,,,0.11914031952619553,0.23333680629730225,-0.602659583,0.7537212371826172,,,
2026-03-06T22:26:17.744Z,,,,-1370,-100,3716,63,87,-3,,,,0.063232258,0.23669372498989105,-0.519652009,0.8184183239936829,,,
2026-03-06T22:26:17.704Z,,,,-1380,188,3834,41,-167,-48,,,,0.064025715,0.2735588550567627,-0.307433307,0.9090552926063538,,,
2026-03-06T22:26:17.664Z,,,,-1475,-194,3768,-119,184,-168,,,,0.10754366964101791,0.31542888283729553,-0.162902415,0.928586483,,,
2026-03-06T22:26:17.624Z,,,,-1265,621,3778,169,-28,-248,,,,0.10943575203418732,0.2904045283794403,-0.115295112,0.9435400366783142,,,
2026-03-06T22:26:17.584Z,,,,-1311,189,3907,29,65,-463,,,,0.10748263448476791,0.2890617549419403,-0.0598143,0.9493383765220642,,,
2026-03-06T22:26:17.544Z,,,,-1340,200,3821,-324,-220,-169,,,,0.089904554,0.2898552119731903,-0.01184079,0.9526953101158142,,,
2026-03-06T22:26:17.504Z,,,,-1356,173,3829,699,240,-387,,,,0.014831505,0.24304136633872986,0.095214598,0.9651464223861694,,,
2026-03-06T22:26:17.464Z,,,,-1402,218,3841,573,794,-522,,,,0.007385235,0.23638854920864105,0.10449191927909851,0.9659398794174194,,,
2026-03-06T22:26:17.424Z,,,,-1343,217,3873,172,-374,-418,,,,0.01354977,0.23303163051605225,0.10546848177909851,0.9666112661361694,,,
2026-03-06T22:26:17.384Z,,,,-1451,183,3827,1075,-471,94,,,,0.00817869,0.23126161098480225,0.10278294235467911,0.9673436880111694,,,
2026-03-06T22:26:17.344Z,,,,-1371,202,3859,1243,507,-63,,,,0.013854945078492165,0.24029479920864105,0.097655997,0.9656347036361694,,,
2026-03-06T22:26:17.304Z,,,,-1416,186,3801,657,295,-1708,,,,0.015563924796879292,0.24029479920864105,0.095824949,0.9658178091049194,,,
2026-03-06T22:26:17.264Z,,,,-1484,181,3730,879,-1068,-2693,,,,0.014587365090847015,0.24243101477622986,0.098632559,0.9649633765220642,,,
2026-03-06T22:26:17.224Z,,,,-1440,269,3765,-381,513,-1607,,,,0.016845660284161568,0.24285826086997986,0.096374266,0.9650854468345642,,,
2026-03-06T22:26:17.184Z,,,,-1448,103,3816,282,187,-1563,,,,0.017089799,0.24200376868247986,0.092345953,0.9656957387924194,,,
2026-03-06T22:26:17.144Z,,,,-1518,251,3792,842,-139,-1364,,,,0.013793909922242165,0.24719174206256866,0.088622823,0.9647802710533142,,,
2026-03-06T22:26:17.104Z,,,,-1484,248,3796,1032,13,-1038,,,,0.013183560222387314,0.25140315294265747,0.084106229,0.9641088843345642,,,
2026-03-06T22:26:17.064Z,,,,-1478,335,3737,95,41,-236,,,,0.015563924796879292,0.25158625841140747,0.080932409,0.9642919898033142,,,
2026-03-06T22:26:17.024Z,,,,-1558,286,3772,-276,27,-31,,,,0.016540484502911568,0.25036555528640747,0.077941693,0.9648413062095642,,,
2026-03-06T22:26:16.984Z,,,,-1454,285,3844,137,36,179,,,,0.016174275428056717,0.24926693737506866,0.076782033,0.9652074575424194,,,
2026-03-06T22:26:16.944Z,,,,-1616,242,3789,-20,-78,32,,,,0.016235310584306717,0.25079280138015747,0.074889943,0.9649633765220642,,,
2026-03-06T22:26:16.904Z,,,,-1568,224,3832,-70,13,33,,,,0.016296345740556717,0.25280696153640747,0.072692685,0.9645971655845642,,,
2026-03-06T22:26:16.864Z,,,,-1497,230,3700,-23,9,63,,,,0.016845660284161568,0.25237971544265747,0.071349911,0.9647802710533142,,,
2026-03-06T22:26:16.824Z,,,,-1568,265,3778,-97,-3,65,,,,0.016296345740556717,0.25128108263015747,0.068054028,0.9653295278549194,,,
2026-03-06T22:26:16.784Z,,,,-1294,191,3885,-30,30,90,,,,0.017089799,0.25292903184890747,0.066284008,0.9650244116783142,,,
2026-03-06T22:26:16.744Z,,,,-1555,435,3931,-5,-21,99,,,,0.016723589971661568,0.25421077013015747,0.063659504,0.9648413062095642,,,
2026-03-06T22:26:16.704Z,,,,-2263,636,3434,67,-73,105,,,,0.018432571,0.25305110216140747,0.060180511,0.9653905630111694,,,
2026-03-06T22:26:16.664Z,,,,-2270,620,3191,-66,-15,61,,,,0.022277774289250374,0.25256282091140747,0.058532566,0.9655126333236694,,,
2026-03-06T22:26:16.624Z,,,,-1997,646,3506,-71,30,43,,,,0.01818843,0.25134211778640747,0.0537108,0.9661840200424194,,,
2026-03-06T22:26:16.584Z,,,,-1397,77,3782,9,76,49,,,,0.015991169959306717,0.24700865149497986,0.044494513,0.9678319692611694,,,
2026-03-06T22:26:16.544Z,,,,-2298,371,3883,-14,-14,21,,,,0.00573729,0.22991883754730225,0.023376405239105225,0.9728978872299194,,,
2026-03-06T22:26:16.504Z,,,,-2532,-887,3173,18,-73,32,,,,0.00744627,0.21185249090194702,0.018127395,0.9770482778549194,,,
2026-03-06T22:26:16.464Z,,,,-1338,-568,3728,-42,20,45,,,,-0.006896955,0.1842646598815918,-0.00720213,0.9827855825424194,,,
2026-03-06T22:26:16.424Z,,,,-816,354,3665,-16,35,61,,,,-0.01892085,0.1847529411315918,-0.018554639,0.9824193716049194,,,
2026-03-06T22:26:16.384Z,,,,-3899,1598,2877,4,21,64,,,,-0.028137134,0.1868281364440918,-0.037597559,0.9811986684799194,,,
2026-03-06T22:26:16.344Z,,,,-2099,564,3438,-2,-48,79,,,,-0.035400301,0.182494655,-0.05688462,0.9808934926986694,,,
2026-03-06T22:26:16.304Z,,,,-2383,1335,2964,-9,-21,50,,,,-0.040099993,0.16534382104873657,-0.067199536,0.9830907583236694,,,
2026-03-06T22:26:16.264Z,,,,-2394,1334,3255,6,57,17,,,,-0.061035,0.14099085330963135,-0.064269856,0.9860204458236694,,,
2026-03-06T22:26:16.224Z,,,,-1587,174,3710,-68,24,12,,,,-0.067077465,0.12683072686195374,-0.073547177,0.9868749380111694,,,
2026-03-06T22:26:16.184Z,,,,-1556,-2,3479,-3,124,271,,,,-0.047363158,0.12493864446878433,-0.069763005,0.9885228276252747,,,
2026-03-06T22:26:16.144Z,,,,-1604,636,3782,18,250,372,,,,-0.039611716,0.15618856251239777,-0.058166355,0.9851659536361694,,,
2026-03-06T22:26:16.104Z,,,,-1436,50,3788,17,409,417,,,,-0.0183105,0.1939081996679306,-0.040588275,0.9799779653549194,,,
2026-03-06T22:26:16.064Z,,,,-1731,345,3653,25,730,336,,,,0.020080514,0.23413026332855225,-0.027526785,0.9715551137924194,,,
2026-03-06T22:26:16.024Z,,,,-1705,387,3683,285,41,507,,,,0.061523281037807465,0.1981196105480194,-0.027221611,0.9778417348861694,,,
2026-03-06T22:26:15.984Z,,,,-1775,349,3675,160,-66,595,,,,0.035217196,0.080810338,-0.042968638,0.9951146245002747,,,
2026-03-06T22:26:15.944Z,,,,-1769,426,3650,95,92,740,,,,0.009460425,0.061157070100307465,-0.068725407,0.9956639409065247,,,
2026-03-06T22:26:15.904Z,,,,-1630,385,3625,-110,516,594,,,,-0.026672294,0.078918256,-0.113280959,0.9900487065315247,,,
2026-03-06T22:26:15.864Z,,,,-1886,286,3622,174,203,139,,,,-0.043884166,0.084960721,-0.123412773,0.9876683950424194,,,
2026-03-06T22:26:15.824Z,,,,-1825,292,3622,50,378,237,,,,-0.05395494,0.05822739,-0.1259152,0.9888280034065247,,,
2026-03-06T22:26:15.784Z,,,,-1824,403,3612,89,116,-45,,,,-0.05383287,0.041931044310331345,-0.120666191,0.9902928471565247,,,
2026-03-06T22:26:15.744Z,,,,-1785,373,3626,-117,-789,-443,,,,-0.052001819,0.029540939,-0.107726775,0.9923680424690247,,,
2026-03-06T22:26:15.704Z,,,,-1761,313,3633,-297,-1042,-765,,,,-0.038207911,0.015930134803056717,-0.069885075,0.9966405034065247,,,
2026-03-06T22:26:15.664Z,,,,-1784,346,3612,-862,-1223,-963,,,,-0.033691321,0.016540484502911568,-0.065063313,0.9971287846565247,,,
2026-03-06T22:26:15.624Z,,,,-1832,342,3623,-1022,-489,-148,,,,-0.035583407,0.007995585,-0.060546719,0.9974339604377747,,,
2026-03-06T22:26:15.584Z,,,,-1815,396,3625,193,960,-140,,,,-0.036437895,0.00769041,-0.057617038,0.9976170659065247,,,
2026-03-06T22:26:15.544Z,,,,-1731,286,3601,357,560,227,,,,-0.036315825,0.00708006,-0.055663921,0.9977391362190247,,,
2026-03-06T22:26:15.504Z,,,,-1822,332,3632,210,-153,328,,,,-0.036071684,0.00659178,-0.054504257,0.9978001713752747,,,
2026-03-06T22:26:15.464Z,,,,-1815,293,3635,296,199,434,,,,-0.034423739,0.007263165,-0.051635608,0.9979832768440247,,,
2026-03-06T22:26:15.424Z,,,,-1764,363,3616,550,213,-34,,,,-0.03478995,0.006652815,-0.05090319,0.9980443120002747,,,
2026-03-06T22:26:15.384Z,,,,-1736,427,3523,-125,492,-97,,,,-0.03356925,0.00561522,-0.048583861,0.9982274174690247,,,
2026-03-06T22:26:15.344Z,,,,-1822,386,3598,9,491,-292,,,,-0.03356925,0.00561522,-0.04785144,0.9982274174690247,,,
2026-03-06T22:26:15.304Z,,,,-1794,385,3624,-210,256,-397,,,,-0.031005779,0.006652815,-0.045776252,0.9984105229377747,,,
2026-03-06T22:26:15.264Z,,,,-1653,-68,3649,-213,-116,-280,,,,-0.033142004,0.00524901,-0.041992079,0.9985325932502747,,,
2026-03-06T22:26:15.224Z,,,,-1386,351,3967,-57,229,-42,,,,-0.02990715,0.0024414,-0.034057532,0.9989598393440247,,,
2026-03-06T22:26:15.184Z,,,,-1049,309,4031,19,24,-79,,,,-0.027770925,-0.005676255,-0.021484319,0.9993260502815247,,,
2026-03-06T22:26:15.144Z,,,,-984,31,3836,-15,26,-57,,,,-0.02819817,-0.007019025,-0.018432571,0.9993870854377747,,,
2026-03-06T22:26:15.104Z,,,,-1249,-124,3811,-20,24,-32,,,,-0.032592691,-0.012634245,-0.012145965,0.9992650151252747,,,
2026-03-06T22:26:15.064Z,,,,-1394,-427,3876,-25,13,-17,,,,-0.034973055,-0.01757808,-0.01086423,0.9991429448127747,,,
2026-03-06T22:26:15.024Z,,,,-1055,-327,4151,0,24,-24,,,,-0.036132719,-0.0219726,-0.0097656,0.9990208745002747,,,
2026-03-06T22:26:14.984Z,,,,-731,-710,3613,-36,42,-13,,,,-0.042297255,-0.023254335,-0.000305175,0.9987767338752747,,,
2026-03-06T22:26:14.944Z,,,,-686,-669,4012,-30,33,-23,,,,-0.044311412,-0.025451595,0.010925265029072762,0.9985936284065247,,,
2026-03-06T22:26:14.904Z,,,,372,-217,4079,21,8,-56,,,,-0.035766508,-0.160522044,0.050781119614839554,0.9850438833236694,,,
2026-03-06T22:26:14.864Z,,,,-421,-535,3758,39,70,-60,,,,-0.042053115,-0.177794948,0.060607753694057465,0.9812597036361694,,,
2026-03-06T22:26:14.824Z,,,,-722,-254,3741,-37,29,-241,,,,-0.049621455,-0.185424328,0.078979291,0.9782079458236694,,,
2026-03-06T22:26:14.784Z,,,,-2797,207,4468,-163,332,-284,,,,-0.039489646,-0.193847165,0.09594702,0.9755223989486694,,,
2026-03-06T22:26:14.744Z,,,,-2128,991,3458,-2,41,-42,,,,-0.014831505,-0.279235125,0.10754366964101791,0.9540380835533142,,,
2026-03-06T22:26:14.704Z,,,,-421,485,4010,48,53,-34,,,,-0.006652815,-0.286864489,0.10467502474784851,0.9521459937095642,,,
2026-03-06T22:26:14.664Z,,,,115,370,3997,69,126,-39,,,,-0.01196286,-0.283751726,0.10119602829217911,0.9534277319908142,,,
2026-03-06T22:26:14.624Z,,,,-233,-388,4015,59,194,-57,,,,-0.013000455,-0.28521654,0.098205313,0.9533056616783142,,,
2026-03-06T22:26:14.584Z,,,,-1386,-431,3771,20,97,-84,,,,-0.016479449,-0.293822497,0.097289793,0.9507421851158142,,,
2026-03-06T22:26:14.544Z,,,,-588,-447,4056,104,15,-216,,,,-0.024108825,-0.27563405,0.097350828,0.9559912085533142,,,
2026-03-06T22:26:14.504Z,,,,-281,-533,4098,-8,282,-301,,,,-0.023986755,-0.272643358,0.098083243,0.9567236304283142,,,
2026-03-06T22:26:14.464Z,,,,-128,-552,3967,49,304,-165,,,,-0.024108825,-0.270812303,0.095458739,0.9575170874595642,,,
2026-03-06T22:26:14.424Z,,,,-103,-204,4078,124,5,-137,,,,-0.020812934,-0.270751268,0.093444586,0.9578222632408142,,,
2026-03-06T22:26:14.384Z,,,,-15,-256,4178,-390,463,-402,,,,-0.012145965,-0.282653093,0.094482176,0.9544653296470642,,,
2026-03-06T22:26:14.344Z,,,,89,-89,4128,-201,659,-254,,,,-0.01538082,-0.276061296,0.096374266,0.9561132788658142,,,
2026-03-06T22:26:14.304Z,,,,113,-128,4113,-581,2699,51,,,,-0.014221155,-0.275267839,0.1001584380865097,0.9559912085533142,,,
2026-03-06T22:26:14.264Z,,,,131,-119,4122,314,-366,55,,,,-0.017639115,-0.272887498,0.1000363677740097,0.9566015601158142,,,
2026-03-06T22:26:14.224Z,,,,104,-137,4111,46,59,73,,,,-0.017639115,-0.266417772,0.095458739,0.9589208960533142,,,
2026-03-06T22:26:14.184Z,,,,121,-84,4111,22,-80,3,,,,-0.02050776,-0.270568162,0.089538343,0.9582495093345642,,,
2026-03-06T22:26:14.144Z,,,,115,-159,4132,-123,-251,28,,,,-0.027404714,-0.270018846,0.094970457,0.9577001929283142,,,
2026-03-06T22:26:14.104Z,,,,145,-62,4133,6,-85,71,,,,-0.01562496,-0.279357195,0.094787352,0.9553198218345642,,,
2026-03-06T22:26:14.064Z,,,,113,-112,4110,24,-70,69,,,,-0.01879878,-0.280638933,0.093322515,0.9550146460533142,,,
2026-03-06T22:26:14.024Z,,,,50,94,4152,44,-33,71,,,,-0.00256347,-0.292845935,0.098571524,0.9509863257408142,,,
2026-03-06T22:26:13.984Z,,,,53,-246,4082,230,31,-139,,,,-0.0097656,-0.287474841,0.10064671188592911,0.9523901343345642,,,
2026-03-06T22:26:13.944Z,,,,174,-81,4233,110,-327,-85,,,,-0.00646971,-0.297789752,0.10498020052909851,0.9487890601158142,,,
2026-03-06T22:26:13.904Z,,,,205,-45,4120,27,179,11,,,,-0.004699695,-0.265746385,0.10693331807851791,0.9580664038658142,,,
2026-03-06T22:26:13.864Z,,,,221,-35,4107,-153,-220,0,,,,-0.023742614,-0.287169665,0.10443088412284851,0.9518408179283142,,,
2026-03-06T22:26:13.824Z,,,,265,-84,4093,-84,811,-28,,,,-0.009460425,-0.286437243,0.096862547,0.9531225562095642,,,
2026-03-06T22:26:13.784Z,,,,338,-132,4122,136,-396,19,,,,-0.00402831,-0.289427966,0.10095188766717911,0.9517797827720642,,,
2026-03-06T22:26:13.744Z,,,,419,-68,4131,-21,116,-13,,,,-0.00964353,-0.281493425,0.099426016,0.9542822241783142,,,
2026-03-06T22:26:13.704Z,,,,321,-274,3944,35,481,168,,,,-0.008728005,-0.282836199,0.097839102,0.9540991187095642,,,
2026-03-06T22:26:13.664Z,,,,64,-244,3884,66,-105,-85,,,,-0.0085449,-0.279845476,0.097778067,0.9549536108970642,,,
2026-03-06T22:26:13.624Z,,,,1402,-125,3881,-85,121,-19,,,,-0.011413545,-0.279174089,0.095153563,0.9553808569908142,,,
2026-03-06T22:26:13.584Z,,,,1604,-308,3882,11,-154,-77,,,,-0.023010194,-0.264708787,0.097533926,0.9590429663658142,,,
2026-03-06T22:26:13.544Z,,,,1414,-536,3431,63,11,-69,,,,-0.01977534,-0.2718499,0.094115973,0.9574560523033142,,,
2026-03-06T22:26:13.504Z,,,,511,-196,4374,-93,-119,0,,,,-0.022277774,-0.272338182,0.090392835,0.9576391577720642,,,
2026-03-06T22:26:13.464Z,,,,3952,-69,2934,485,-1167,13,,,,-0.021057075,-0.282286882,0.085204862,0.9552587866783142,,,
2026-03-06T22:26:13.424Z,,,,2427,119,3738,-268,1022,527,,,,-0.023620544,-0.277159929,0.091003187,0.9561743140220642,,,
2026-03-06T22:26:13.384Z,,,,2251,-184,3443,-47,-181,63,,,,-0.026428156,-0.27148369,0.095519774,0.9572729468345642,,,
2026-03-06T22:26:13.344Z,,,,2358,-147,3282,-82,-168,-27,,,,-0.034850985,-0.264098436,0.095092528,0.9591040015220642,,,
2026-03-06T22:26:13.304Z,,,,2960,-178,3350,-39,287,27,,,,-0.028503345,-0.272277147,0.093322515,0.9572119116783142,,,
2026-03-06T22:26:13.264Z,,,,1995,-501,3451,30,-201,109,,,,-0.02539056,-0.266112596,0.094054937,0.9589819312095642,,,
2026-03-06T22:26:13.224Z,,,,2194,-257,3477,110,81,40,,,,-0.030029221,-0.256896317,0.094115973,0.9613012671470642,,,
2026-03-06T22:26:13.184Z,,,,2241,-236,3503,201,-151,-8,,,,-0.020873969,-0.272460252,0.093566656,0.9573339819908142,,,
2026-03-06T22:26:13.144Z,,,,2051,10,3409,-86,604,189,,,,-0.023742614,-0.268492967,0.093810797,0.9583715796470642,,,
2026-03-06T22:26:13.104Z,,,,2804,334,3184,71,-54,76,,,,-0.020935005,-0.267028123,0.098815665,0.9583105444908142,,,
2026-03-06T22:26:13.064Z,,,,2360,-148,3438,-25,51,-25,,,,-0.018737745,-0.270812303,0.099426016,0.9572729468345642,,,
2026-03-06T22:26:13.024Z,,,,2323,-173,3432,156,-255,-82,,,,-0.021545354,-0.268920213,0.10394260287284851,0.9572729468345642,,,
2026-03-06T22:26:12.984Z,,,,2195,-287,3495,-61,-214,-123,,,,-0.014221155,-0.274047136,0.10559055209159851,0.9557470679283142,,,
2026-03-06T22:26:12.944Z,,,,1780,-413,3460,183,-294,-73,,,,-0.016479449,-0.26568535,0.11096163094043732,0.9574560523033142,,,
2026-03-06T22:26:12.904Z,,,,2212,-363,3508,169,-44,209,,,,-0.01379391,-0.270324022,0.10711642354726791,0.9566625952720642,,,
2026-03-06T22:26:12.864Z,,,,2094,-747,3367,27,-228,38,,,,-0.013366665,-0.270201951,0.10729952901601791,0.9566625952720642,,,
2026-03-06T22:26:12.824Z,,,,2581,134,3594,-124,76,12,,,,-0.00463866,-0.264708787,0.10919161140918732,0.9580664038658142,,,
2026-03-06T22:26:12.784Z,,,,2312,-370,3368,-40,527,96,,,,-0.0048828,-0.260070145,0.10076878219842911,0.9602636694908142,,,
2026-03-06T22:26:12.744Z,,,,2750,312,3334,-9,-242,-97,,,,-0.00463866,-0.262328416,0.095214598,0.9602026343345642,,,
2026-03-06T22:26:12.704Z,,,,2199,-309,3666,-64,-6,-10,,,,-0.005554185,-0.258727372,0.090453871,0.9616674780845642,,,
2026-03-06T22:26:12.664Z,,,,2897,-358,3285,-37,59,-25,,,,-0.0073242,-0.257262528,0.079711713,0.9630102515220642,,,
2026-03-06T22:26:12.624Z,,,,1611,735,4069,-104,36,-25,,,,-0.00781248,-0.24847348,0.080261022,0.9652074575424194,,,
2026-03-06T22:26:12.584Z,,,,2239,-1166,3005,-228,411,211,,,,-0.008117655,-0.239684448,0.080322057,0.9674657583236694,,,
2026-03-06T22:26:12.544Z,,,,2330,-207,3353,134,-129,-23,,,,-0.001281735,-0.256285965,0.083434843,0.9629492163658142,,,
2026-03-06T22:26:12.504Z,,,,2668,48,3338,123,-263,-61,,,,-0.00671385,-0.245787948,0.080627233,0.9658788442611694,,,
2026-03-06T22:26:12.464Z,,,,1975,-416,3205,93,-263,32,,,,-0.019409129,-0.224975005,0.047546264,0.9729589223861694,,,
2026-03-06T22:26:12.424Z,,,,2388,-174,3558,22,52,63,,,,-0.023071229,-0.232116103,0.046813846,0.9712499380111694,,,
2026-03-06T22:26:12.384Z,,,,2241,-99,3382,53,-416,-92,,,,-0.04809558,-0.218383223,0.024841245263814926,0.9743016958236694,,,
2026-03-06T22:26:12.344Z,,,,2342,-123,3506,86,33,241,,,,-0.049133174,-0.218505293,0.016662554815411568,0.9744237661361694,,,
2026-03-06T22:26:12.304Z,,,,1893,-495,3636,122,-172,124,,,,-0.053893905,-0.219725996,-0.004333485,0.9739965200424194,,,
2026-03-06T22:26:12.264Z,,,,2219,-237,3529,-170,503,125,,,,-0.0305175,-0.229430571,-0.044677619,0.9717992544174194,,,
2026-03-06T22:26:12.224Z,,,,2251,-337,3531,-37,-263,-103,,,,-0.022521915,-0.225097075,-0.069274724,0.9715551137924194,,,
2026-03-06T22:26:12.184Z,,,,2662,210,3104,-30,83,97,,,,-0.018737745,-0.20758003,-0.091552503,0.9736913442611694,,,
2026-03-06T22:26:12.144Z,,,,2362,-204,3637,-101,455,70,,,,0.003356925,-0.180907741,-0.118346862,0.9763158559799194,,,
2026-03-06T22:26:12.104Z,,,,2193,-245,3424,165,-131,-36,,,,0.022338809445500374,-0.155150965,-0.14727746,0.9765599966049194,,,
2026-03-06T22:26:12.064Z,,,,2064,-625,3429,628,-825,163,,,,0.018981885,-0.108703338,-0.175353557,0.9782689809799194,,,
2026-03-06T22:26:12.024Z,,,,2491,-40,3073,205,475,42,,,,0.030639570206403732,-0.086364523,-0.324278951,0.941464901,,,
2026-03-06T22:26:11.984Z,,,,2244,-205,3597,408,-720,6,,,,-0.004577625,-0.019897411,-0.416563869,0.9088111519813538,,,
2026-03-06T22:26:11.944Z,,,,1753,-478,3652,102,-123,315,,,,-0.020935005,0.00256347,-0.473631591,0.8804298639297485,,,
2026-03-06T22:26:11.904Z,,,,2690,145,3625,140,50,434,,,,-0.010559055,0.0292968,-0.491392791,0.8703591227531433,,,
2026-03-06T22:26:11.864Z,,,,2221,-323,3507,243,-54,504,,,,-0.035827544,0.085449003,-0.545652926,0.8328225612640381,,,
2026-03-06T22:26:11.824Z,,,,2051,-282,3515,-2,-28,643,,,,-0.026184015,0.09020973,-0.563353062,0.8207986950874329,,,
2026-03-06T22:26:11.784Z,,,,2235,-280,3466,48,-363,682,,,,-0.00451659,0.10797091573476791,-0.589476049,0.8004740476608276,,,
2026-03-06T22:26:11.744Z,,,,1786,-1029,3737,-12,-688,607,,,,0.005432115,0.10675021260976791,-0.598936439,0.7935770750045776,,,
2026-03-06T22:26:11.704Z,,,,2371,-147,3712,-386,-175,332,,,,0.081115514,0.099303946,-0.634153664,0.7624492049217224,,,
2026-03-06T22:26:11.664Z,,,,2148,-113,3393,420,-1222,679,,,,0.13305629789829254,0.12524381279945374,-0.662657022,0.726194441,,,
2026-03-06T22:26:11.624Z,,,,2292,-162,3710,112,-1335,1036,,,,0.14208948612213135,0.12322966754436493,-0.688352704,0.7004987001419067,,,
2026-03-06T22:26:11.584Z,,,,2234,-246,3470,631,233,794,,,,0.12982144951820374,0.10046360641717911,-0.733579636,0.6594221591949463,,,
2026-03-06T22:26:11.544Z,,,,2054,-19,3603,536,-387,1117,,,,0.12316863238811493,0.099731192,-0.750547409,0.6414167881011963,,,
2026-03-06T22:26:11.504Z,,,,1958,-179,3561,-67,-468,747,,,,0.11291474848985672,0.10168430954217911,-0.781553149,0.6049178838729858,,,
2026-03-06T22:26:11.464Z,,,,2233,-175,3410,1094,-686,657,,,,0.11401338130235672,0.12701383233070374,-0.80499059,0.5681138038635254,,,
2026-03-06T22:26:11.424Z,,,,1916,-262,3714,-124,-307,632,,,,0.06994611,0.13061490654945374,-0.843137503,0.5167833566665649,,,
2026-03-06T22:26:11.384Z,,,,2249,34,2779,-298,-506,478,,,,0.052368029952049255,0.13366664946079254,-0.847470999,0.5109239816665649,,,
2026-03-06T22:26:11.344Z,,,,1962,-147,3758,-201,-105,322,,,,0.050598014146089554,0.13030973076820374,-0.846433401,0.5137315988540649,,,
2026-03-06T22:26:11.304Z,,,,1633,-173,3884,-960,-332,176,,,,0.052001819014549255,0.12158171832561493,-0.84795928,0.5132433176040649,,,
2026-03-06T22:26:11.264Z,,,,2702,192,3402,-140,-705,593,,,,0.052306994795799255,0.11859100311994553,-0.847776175,0.5142198801040649,,,
2026-03-06T22:26:11.224Z,,,,2027,93,3572,-566,-497,825,,,,0.052245959639549255,0.11370820552110672,-0.848630667,0.5138536691665649,,,
2026-03-06T22:26:11.184Z,,,,1792,-51,3659,-51,86,770,,,,0.05529771,0.10815402120351791,-0.849668205,0.5130602121353149,,,
2026-03-06T22:26:11.144Z,,,,2243,-8,3595,-79,230,785,,,,0.10577365756034851,0.072082333,-0.841489553,0.5247789025306702,,,
2026-03-06T22:26:11.104Z,,,,1698,-370,3768,15,228,792,,,,0.10961885750293732,0.05529771,-0.845578909,0.5194078683853149,,,
2026-03-06T22:26:11.064Z,,,,1765,-389,3580,58,-196,752,,,,0.098388419,0.026061944663524628,-0.863950431,0.4930407404899597,,,
2026-03-06T22:26:11.024Z,,,,1847,-611,3558,113,-216,565,,,,0.08142069,0.021545354276895523,-0.873899102,0.4786975085735321,,,
2026-03-06T22:26:10.984Z,,,,2074,48,3649,417,167,128,,,,0.032104410231113434,0.015075645,-0.888425469,0.4575794041156769,,,
2026-03-06T22:26:10.944Z,,,,2184,8,3818,-36,111,81,,,,0.010314915,0.01477047,-0.891843438,0.4519031345844269,,,
2026-03-06T22:26:10.904Z,,,,1802,-177,3830,-89,87,-2,,,,-0.017639115,0.014099085,-0.899472773,0.43633919954299927,,,
2026-03-06T22:26:10.864Z,,,,1620,50,3748,-71,20,28,,,,-0.03637686,0.014831505,-0.900632441,0.43261608481407166,,,
2026-03-06T22:26:10.824Z,,,,1629,683,4126,-164,57,24,,,,-0.042175185,0.012817350216209888,-0.899594843,0.43438610434532166,,,
2026-03-06T22:26:10.784Z,,,,414,-295,4199,-175,76,35,,,,-0.059203949,0.006896955,-0.886350274,0.4590442478656769,,,
2026-03-06T22:26:10.744Z,,,,978,559,4051,-118,-24,60,,,,-0.114562698,-0.035461336,-0.864804924,0.4874865412712097,,,
2026-03-06T22:26:10.704Z,,,,391,-347,3798,-263,274,-96,,,,-0.120849296,-0.03771963,-0.860776603,0.4929186701774597,,,
2026-03-06T22:26:10.664Z,,,,787,-378,4193,-910,243,579,,,,-0.144164667,-0.055724956,-0.832761526,0.5315538048744202,,,
2026-03-06T22:26:10.624Z,,,,-251,315,4602,31,552,547,,,,-0.198180646,-0.120177917,-0.81493932,0.5310655236244202,,,
2026-03-06T22:26:10.584Z,,,,-377,-841,4043,192,604,613,,,,-0.195311993,-0.106200896,-0.82262975,0.5231920480728149,,,
2026-03-06T22:26:10.544Z,,,,-160,-718,4022,239,657,345,,,,-0.210143507,-0.118774109,-0.809690297,0.5347886681556702,,,
2026-03-06T22:26:10.504Z,,,,-396,-1003,3802,304,408,314,,,,-0.194518551,-0.110839561,-0.819333851,0.5276475548744202,,,
2026-03-06T22:26:10.464Z,,,,-199,-1008,3792,93,163,158,,,,-0.195556134,-0.115417182,-0.821897328,0.5223985910415649,,,
2026-03-06T22:26:10.424Z,,,,-676,68,4101,37,205,102,,,,-0.190673336,-0.109985068,-0.825742483,0.5192247629165649,,,
2026-03-06T22:26:10.384Z,,,,-2229,370,3759,-4,154,50,,,,-0.192382321,-0.108459197,-0.827817678,0.5156236886978149,,,
2026-03-06T22:26:10.344Z,,,,-1711,48,3422,-153,527,-131,,,,-0.181945339,-0.093200445,-0.83422637,0.5119615793228149,,,
2026-03-06T22:26:10.304Z,,,,-812,480,4268,-62,318,-275,,,,-0.183288097,-0.103393286,-0.834531546,0.5090929269790649,,,
2026-03-06T22:26:10.264Z,,,,-1118,114,4069,-7,2,-352,,,,-0.176635295,-0.105041236,-0.83434844,0.5114122629165649,,,
2026-03-06T22:26:10.224Z,,,,-705,176,3960,-515,1104,35,,,,-0.17864944,-0.107970916,-0.832883596,0.5125108957290649,,,
2026-03-06T22:26:10.184Z,,,,-1022,-337,3791,-135,536,128,,,,-0.172729045,-0.104491919,-0.834287405,0.5128771066665649,,,
2026-03-06T22:26:10.144Z,,,,-1099,-519,3999,-79,123,-67,,,,-0.17852737,-0.104125708,-0.829831839,0.5182482004165649,,,
2026-03-06T22:26:10.104Z,,,,-716,-711,3899,710,-43,62,,,,-0.187438488,-0.110778525,-0.828489065,0.5158678293228149,,,
2026-03-06T22:26:10.064Z,,,,-711,-625,3953,2,-644,258,,,,-0.184020519,-0.104919165,-0.831540823,0.5133653879165649,,,
2026-03-06T22:26:10.024Z,,,,-659,-530,4027,-68,-156,-94,,,,-0.178344265,-0.098693594,-0.831845999,0.5161730051040649,,,
2026-03-06T22:26:09.984Z,,,,-630,-512,4010,60,-165,125,,,,-0.194396481,-0.111816123,-0.826780081,0.5157457590103149,,,
2026-03-06T22:26:09.944Z,,,,-376,-606,3971,2,193,59,,,,-0.179748073,-0.094482176,-0.83434844,0.5123277902603149,,,
2026-03-06T22:26:09.904Z,,,,-230,-424,4048,-263,222,435,,,,-0.193480954,-0.112304397,-0.827817678,0.5144029855728149,,,
2026-03-06T22:26:09.864Z,,,,-715,426,4103,-173,40,21,,,,-0.190062985,-0.105224341,-0.83056426,0.5126940011978149,,,
2026-03-06T22:26:09.824Z,,,,-1558,169,4176,-44,28,1,,,,-0.183166027,-0.098144278,-0.831907034,0.5144029855728149,,,
2026-03-06T22:26:09.784Z,,,,-1012,502,3909,-10,111,-32,,,,-0.188781261,-0.105407447,-0.827390432,0.5181871652603149,,,
2026-03-06T22:26:09.744Z,,,,-714,401,4069,10,97,-49,,,,-0.179748073,-0.099059805,-0.828611135,0.5207506418228149,,,
2026-03-06T22:26:09.704Z,,,,-34,302,3991,-12,238,-4,,,,-0.186217785,-0.108703338,-0.825376332,0.5217272043228149,,,
2026-03-06T22:26:09.664Z,,,,118,22,4146,383,-1022,-54,,,,-0.180602565,-0.103881568,-0.825254261,0.5248399376869202,,,
2026-03-06T22:26:09.624Z,,,,240,79,4103,75,-1,20,,,,-0.19213818,-0.110961631,-0.822934926,0.5228868722915649,,,
2026-03-06T22:26:09.584Z,,,,393,-128,4047,6,1127,28,,,,-0.183837414,-0.104064673,-0.82665801,0.5214830636978149,,,
2026-03-06T22:26:09.544Z,,,,451,-109,4071,202,-1107,-72,,,,-0.179259792,-0.100829817,-0.825803518,0.5250840783119202,,,
2026-03-06T22:26:09.504Z,,,,221,-64,3843,19,-908,-48,,,,-0.197692364,-0.116882026,-0.819089711,0.5255723595619202,,,
2026-03-06T22:26:09.464Z,,,,1145,313,3910,9,-1090,-215,,,,-0.180785671,-0.101012923,-0.821653187,0.5309434533119202,,,
2026-03-06T22:26:09.424Z,,,,1355,-32,3976,-35,-361,-72,,,,-0.198852032,-0.115173042,-0.822812855,0.5197130441665649,,,
2026-03-06T22:26:09.384Z,,,,83,-338,4423,-113,154,-48,,,,-0.183654308,-0.104369849,-0.827085257,0.5207506418228149,,,
2026-03-06T22:26:09.344Z,,,,3890,962,3589,-301,101,-53,,,,-0.188903332,-0.105407447,-0.827207327,0.5184313058853149,,,
2026-03-06T22:26:09.304Z,,,,2051,22,3670,-141,32,-60,,,,-0.185180187,-0.11047335,-0.82641387,0.5200792551040649,,,
2026-03-06T22:26:09.264Z,,,,3042,-645,3686,-44,-56,-36,,,,-0.18414259,-0.107238494,-0.827146292,0.5198961496353149,,,
2026-03-06T22:26:09.224Z,,,,2013,136,3560,-27,157,-53,,,,-0.192321286,-0.114379592,-0.825742483,0.5176378488540649,,,
2026-03-06T22:26:09.184Z,,,,2447,483,3834,-25,-11,43,,,,-0.191100582,-0.114196487,-0.827207327,0.5158067941665649,,,
2026-03-06T22:26:09.144Z,,,,1912,208,3664,0,233,43,,,,-0.191466793,-0.114440627,-0.825803518,0.5178819894790649,,,
2026-03-06T22:26:09.104Z,,,,2103,5,3527,-171,703,-29,,,,-0.186095715,-0.11047335,-0.830259085,0.5136095285415649,,,
2026-03-06T22:26:09.064Z,,,,1285,-404,4111,20,-642,-104,,,,-0.189330563,-0.112792678,-0.828611135,0.5145250558853149,,,
2026-03-06T22:26:09.024Z,,,,1853,307,3359,641,-563,125,,,,-0.190062985,-0.111327842,-0.826352835,0.5181871652603149,,,
2026-03-06T22:26:08.984Z,,,,1729,121,3749,-152,-602,42,,,,-0.19598338,-0.111755088,-0.825559437,0.5171495676040649,,,
2026-03-06T22:26:08.944Z,,,,2067,210,3665,564,-382,53,,,,-0.191710934,-0.109557822,-0.826780081,0.5172716379165649,,,
2026-03-06T22:26:08.904Z,,,,1543,243,3893,-243,33,92,,,,-0.194335446,-0.107726775,-0.818052113,0.5303941369056702,,,
2026-03-06T22:26:08.864Z,,,,1722,94,3809,7,-14,10,,,,-0.195250958,-0.109435752,-0.817930043,0.5299668908119202,,,
2026-03-06T22:26:08.824Z,,,,2407,650,3641,890,-890,13,,,,-0.194274411,-0.11071749,-0.818784535,0.5287461876869202,,,
2026-03-06T22:26:08.784Z,,,,2422,539,3827,-464,253,142,,,,-0.192748532,-0.118957214,-0.813657582,0.5352769494056702,,,
2026-03-06T22:26:08.744Z,,,,1544,67,3754,-49,71,-37,,,,-0.186645031,-0.109985068,-0.810849965,0.5435777306556702,,,
2026-03-06T22:26:08.704Z,,,,2621,507,3678,-409,223,222,,,,-0.198180646,-0.113586135,-0.811460316,0.5378404259681702,,,
2026-03-06T22:26:08.664Z,,,,1460,-28,3816,55,-105,17,,,,-0.201354459,-0.109740928,-0.806577504,0.5447984337806702,,,
2026-03-06T22:26:08.624Z,,,,2654,864,3717,43,-94,-31,,,,-0.181396022,-0.096679442,-0.824155629,0.5276475548744202,,,
2026-03-06T22:26:08.584Z,,,,2475,646,3928,113,20,73,,,,-0.17852737,-0.099426016,-0.825254261,0.5264268517494202,,,
2026-03-06T22:26:08.544Z,,,,1611,14,3861,-244,109,64,,,,-0.161559641,-0.080199987,-0.829404593,0.5286241173744202,,,
2026-03-06T22:26:08.504Z,,,,2237,386,3603,28,117,10,,,,-0.166564509,-0.084960721,-0.827268362,0.5296617150306702,,,
2026-03-06T22:26:08.464Z,,,,1456,86,3957,-127,73,-108,,,,-0.164001048,-0.089111097,-0.818540394,0.5431504845619202,,,
2026-03-06T22:26:08.424Z,,,,2175,309,3957,8,-61,73,,,,-0.16485554,-0.092040777,-0.815488636,0.5470566749572754,,,
2026-03-06T22:26:08.384Z,,,,1508,77,3855,19,-46,7,,,,-0.167724177,-0.091613531,-0.815732777,0.5458970665931702,,,
2026-03-06T22:26:08.344Z,,,,2417,93,3472,-82,-281,-111,,,,-0.164428294,-0.087890401,-0.815671742,0.5475449562072754,,,
2026-03-06T22:26:08.304Z,,,,1701,64,3818,271,-299,-49,,,,-0.190551266,-0.095824949,-0.815610707,0.5377793908119202,,,
2026-03-06T22:26:08.264Z,,,,1252,-53,3972,46,-112,-70,,,,-0.175597697,-0.087585226,-0.842710257,0.5012193918228149,,,
2026-03-06T22:26:08.224Z,,,,2634,236,3270,126,-1022,302,,,,-0.172484905,-0.084960721,-0.852414787,0.4861437678337097,,,
2026-03-06T22:26:08.184Z,,,,1636,141,3976,40,-68,130,,,,-0.150146097,-0.075439259,-0.861936271,0.4782702624797821,,,
2026-03-06T22:26:08.144Z,,,,2604,5,3243,13,-123,-26,,,,-0.145080194,-0.078185834,-0.861386955,0.4803454577922821,,,
2026-03-06T22:26:08.104Z,,,,1606,145,3930,63,-21,-37,,,,-0.143554315,-0.075927541,-0.862119377,0.4798571765422821,,,
2026-03-06T22:26:08.064Z,,,,1610,-6,2911,-87,107,-113,,,,-0.142150521,-0.075744435,-0.862302482,0.4799792468547821,,,
2026-03-06T22:26:08.024Z,,,,1809,89,3769,-53,48,-82,,,,-0.145263299,-0.078246869,-0.859861076,0.4830309748649597,,,
2026-03-06T22:26:07.984Z,,,,1829,222,4104,-54,44,-100,,,,-0.138366342,-0.074645802,-0.856748283,0.4910876154899597,,,
2026-03-06T22:26:07.944Z,,,,2184,319,3243,62,81,-104,,,,-0.138854623,-0.070068181,-0.853147209,0.49786248803138733,,,
2026-03-06T22:26:07.904Z,,,,2128,127,3626,-123,-318,-107,,,,-0.143066034,-0.071227841,-0.843564749,0.5126329660415649,,,
2026-03-06T22:26:07.864Z,,,,2144,283,3360,485,603,425,,,,-0.144652948,-0.071655087,-0.839658499,0.5184923410415649,,,
2026-03-06T22:26:07.824Z,,,,1692,53,3825,346,-696,353,,,,-0.148376077,-0.075012013,-0.835447073,0.5236802697181702,,,
2026-03-06T22:26:07.784Z,,,,2063,57,3626,-291,306,250,,,,-0.18243362,-0.099181876,-0.816343129,0.5388780236244202,,,
2026-03-06T22:26:07.744Z,,,,2016,394,3552,331,-452,133,,,,-0.20196481,-0.126342446,-0.806943715,0.5403428673744202,,,
2026-03-06T22:26:07.704Z,,,,2211,71,3557,38,-71,21,,,,-0.199523419,-0.113158889,-0.809934437,0.5397325158119202,,,
2026-03-06T22:26:07.664Z,,,,1784,26,3730,17,-50,19,,,,-0.19213818,-0.098022208,-0.810911,0.5438829064369202,,,
2026-03-06T22:26:07.624Z,,,,1866,-69,3038,-31,168,-80,,,,-0.197631329,-0.102416731,-0.811826527,0.5397325158119202,,,
2026-03-06T22:26:07.584Z,,,,1972,73,3756,-44,-245,-159,,,,-0.198607892,-0.11364717,-0.806150258,0.5455918908119202,,,
2026-03-06T22:26:07.544Z,,,,1952,40,3660,32,-204,-144,,,,-0.205260709,-0.114745803,-0.803403676,0.5468735694885254,,,
2026-03-06T22:26:07.504Z,,,,2254,333,3699,56,-121,-315,,,,-0.197570294,-0.092468023,-0.807554066,0.5478501319885254,,,
2026-03-06T22:26:07.464Z,,,,1749,111,3539,1,49,-181,,,,-0.198546857,-0.101134993,-0.805173695,0.5494980812072754,,,
2026-03-06T22:26:07.424Z,,,,2131,65,3526,-72,235,-188,,,,-0.200438946,-0.104064673,-0.809812367,0.5413194298744202,,,
2026-03-06T22:26:07.384Z,,,,2329,-34,3803,28,-18,-239,,,,-0.202880338,-0.108825408,-0.800901294,0.5526719093322754,,,
2026-03-06T22:26:07.344Z,,,,1732,16,3716,-314,1434,-25,,,,-0.201171353,-0.103637427,-0.805723011,0.5473008155822754,,,
2026-03-06T22:26:07.304Z,,,,1919,199,3948,318,-509,-15,,,,-0.206176236,-0.109985068,-0.808164418,0.5405259728431702,,,
2026-03-06T22:26:07.264Z,,,,1058,-383,3787,-40,75,118,,,,-0.184813976,-0.095763914,-0.806516469,0.5532212257385254,,,
2026-03-06T22:26:07.224Z,,,,1816,-5,3922,469,82,-45,,,,-0.152831644,-0.098815665,-0.801816821,0.5691514015197754,,,
2026-03-06T22:26:07.184Z,,,,1547,-22,3853,-362,590,-40,,,,-0.155883387,-0.095275633,-0.807676136,0.5605454444885254,,,
2026-03-06T22:26:07.144Z,,,,1625,107,3886,120,87,11,,,,-0.1513668,-0.096984617,-0.813657582,0.5527329444885254,,,
2026-03-06T22:26:07.104Z,,,,1773,40,3839,-273,137,3,,,,-0.143798456,-0.100524642,-0.816892445,0.5494370460510254,,,
2026-03-06T22:26:07.064Z,,,,1463,109,3806,-81,401,356,,,,-0.145690545,-0.102660872,-0.816526234,0.5490097999572754,,,
2026-03-06T22:26:07.024Z,,,,2354,-242,3706,-19,80,128,,,,-0.154662684,-0.107848845,-0.809629261,0.5557236671447754,,,
2026-03-06T22:26:06.984Z,,,,1432,-327,3718,-29,-790,-98,,,,-0.144225702,-0.108520232,-0.806943715,0.5623154640197754,,,
2026-03-06T22:26:06.944Z,,,,1689,-162,3649,-6,-226,48,,,,-0.14550744,-0.104064673,-0.807859242,0.5615220069885254,,,
2026-03-06T22:26:06.904Z,,,,1186,-236,3769,64,-243,162,,,,-0.14361535,-0.101501204,-0.809385121,0.5602402687072754,,,
2026-03-06T22:26:06.864Z,,,,1437,124,3835,-237,-462,-253,,,,-0.152343363,-0.109924033,-0.807676136,0.5587754249572754,,,
2026-03-06T22:26:06.824Z,,,,1402,80,3870,-97,17,-291,,,,-0.148254022,-0.106445037,-0.814206898,0.5510239601135254,,,
2026-03-06T22:26:06.784Z,,,,1324,32,3911,79,-254,203,,,,-0.141296029,-0.100768782,-0.817380726,0.5492539405822754,,,
2026-03-06T22:26:06.744Z,,,,1640,77,3928,-39,111,378,,,,-0.13580288,-0.092529058,-0.823850453,0.5424180626869202,,,
2026-03-06T22:26:06.704Z,,,,1262,118,3961,-8,-147,159,,,,-0.144042596,-0.100890853,-0.826841116,0.5341783165931702,,,
2026-03-06T22:26:06.664Z,,,,1329,-38,3677,-23,180,-34,,,,-0.146300897,-0.072448544,-0.837400198,0.5215440988540649,,,
2026-03-06T22:26:06.624Z,,,,1434,12,3922,-54,-221,-78,,,,-0.144103631,-0.080505162,-0.847287893,0.5046983957290649,,,
2026-03-06T22:26:06.584Z,,,,1358,-75,3977,-369,-871,-139,,,,-0.138671517,-0.068969548,-0.85967797,0.4867541193962097,,,
2026-03-06T22:26:06.544Z,,,,1552,49,3952,719,-865,-18,,,,-0.117309272,-0.027404714,-0.884519219,0.4504993259906769,,,
2026-03-06T22:26:06.504Z,,,,2124,-132,3604,28,147,38,,,,-0.099670157,0.011657685041427612,-0.9003883,0.42327773571014404,,,
2026-03-06T22:26:06.464Z,,,,2680,567,3907,21,-393,30,,,,-0.098754629,0.020446725,-0.913327754,0.3944081664085388,,,
2026-03-06T22:26:06.424Z,,,,1628,-342,3497,-282,-597,26,,,,-0.094299078,0.021240180358290672,-0.922849178,0.3726797103881836,,,
2026-03-06T22:26:06.384Z,,,,1495,-781,3442,-220,-76,201,,,,-0.074035458,0.03649893,-0.932431698,0.35174471139907837,,,
2026-03-06T22:26:06.344Z,,,,1492,-789,3572,49,-197,97,,,,-0.04211415,0.059081879,-0.939450741,0.33477696776390076,,,
2026-03-06T22:26:06.304Z,,,,1916,-38,3800,97,-368,9,,,,0.00952146,0.038818259,-0.954892576,0.2941276729106903,,,
2026-03-06T22:26:06.264Z,,,,2152,-218,3507,-205,-595,232,,,,0.039123435,0.029357836,-0.961057127,0.2719109356403351,,,
2026-03-06T22:26:06.224Z,,,,1201,-1036,3839,578,229,440,,,,0.15649373829364777,0.018615674,-0.96630609,0.20324654877185822,,,
2026-03-06T22:26:06.184Z,,,,1827,-123,3679,216,-519,306,,,,0.10272190719842911,-0.007141095,-0.988950074,0.10607883334159851,,,
2026-03-06T22:26:06.144Z,,,,2014,229,3762,62,-273,309,,,,0.13256801664829254,0.018737745,-0.988217711,0.073730282,,,
2026-03-06T22:26:06.104Z,,,,1988,51,3796,397,-948,486,,,,0.16174274682998657,0.035583407,-0.985288024,0.041015521,,,
2026-03-06T22:26:06.064Z,,,,1786,-220,3645,417,-49,325,,,,0.2001337707042694,0.050842154771089554,-0.978330016,0.011230439879000187,,,
2026-03-06T22:26:06.024Z,,,,2397,-104,3802,-57,-189,502,,,,-0.187865734,-0.077209271,0.9791234731674194,0.00390624,,,
2026-03-06T22:26:05.984Z,,,,1213,-644,3933,465,-523,618,,,,-0.187011242,-0.079894818,0.9790014028549194,0.009704565,,,
2026-03-06T22:26:05.944Z,,,,1286,218,3927,18,-1457,722,,,,-0.182067409,-0.080871373,0.9798558950424194,0.011352510191500187,,,
2026-03-06T22:26:05.904Z,,,,1428,-228,3667,-171,-508,752,,,,0.17535355687141418,0.079101361,-0.981198668,0.011169404722750187,,,
2026-03-06T22:26:05.864Z,,,,1558,-160,3975,-585,-822,735,,,,0.15930135548114777,0.065551586,-0.984067321,0.042785536497831345,,,
2026-03-06T22:26:05.824Z,,,,1407,23,3918,-645,-472,622,,,,0.15454061329364777,0.041137591,-0.985043883,0.063354328,,,
2026-03-06T22:26:05.784Z,,,,1617,69,3809,-595,-30,527,,,,0.15966756641864777,0.019348094,-0.983640075,0.080810338,,,
2026-03-06T22:26:05.744Z,,,,1996,-64,3548,595,-171,662,,,,0.1898798793554306,-0.026061945,-0.972653747,0.13073697686195374,,,
2026-03-06T22:26:05.704Z,,,,1666,604,4148,405,-780,798,,,,0.16870073974132538,-0.00830076,-0.977109313,0.12902799248695374,,,
2026-03-06T22:26:05.664Z,,,,1644,228,4234,-213,-672,766,,,,0.16815142333507538,0.00402831,-0.977414489,0.12780728936195374,,,
2026-03-06T22:26:05.624Z,,,,1410,91,3853,649,126,334,,,,0.1869502067565918,0.008605935,-0.975400329,0.11633270978927612,,,
2026-03-06T22:26:05.584Z,,,,2004,329,3950,61,12,227,,,,0.1904902309179306,0.00817869,-0.974851012,0.11505097150802612,,,
2026-03-06T22:26:05.544Z,,,,1953,351,3829,35,91,82,,,,0.20928901433944702,-0.0012207,-0.972226501,0.10424777865409851,,,
2026-03-06T22:26:05.504Z,,,,1377,128,4013,19,239,-57,,,,0.22283878922462463,0.00451659,-0.969907165,0.097350828,,,
2026-03-06T22:26:05.464Z,,,,1165,110,3959,-54,205,-367,,,,0.23248231410980225,0.008605935,-0.967893004,0.095031492,,,
2026-03-06T22:26:05.424Z,,,,1633,858,4190,-345,402,-503,,,,0.23474061489105225,0.009338355,-0.967221618,0.096252196,,,
2026-03-06T22:26:05.384Z,,,,814,-1428,4092,-664,-31,-705,,,,0.24340757727622986,0.010742159560322762,-0.965817809,0.088378683,,,
2026-03-06T22:26:05.344Z,,,,1751,412,4226,-498,165,-486,,,,0.2729485332965851,0.026122979819774628,-0.957761228,0.085876241,,,
2026-03-06T22:26:05.304Z,,,,1697,522,3996,471,407,-64,,,,0.2756340503692627,0.024536069482564926,-0.957578123,0.079955846,,,
2026-03-06T22:26:05.264Z,,,,1043,-262,4002,420,144,191,,,,0.2756340503692627,0.024352964013814926,-0.958066404,0.073974423,,,
2026-03-06T22:26:05.224Z,,,,476,-805,3805,256,-123,156,,,,0.2789909839630127,0.023803649470210075,-0.957456052,0.068725407,,,
2026-03-06T22:26:05.184Z,,,,726,-640,4113,-68,-96,122,,,,0.2796623706817627,0.023559510707855225,-0.957456052,0.06689436,,,
2026-03-06T22:26:05.144Z,,,,1093,-319,4081,-22,-66,-76,,,,0.2853996455669403,0.025085384026169777,-0.955808103,0.064819172,,,
2026-03-06T22:26:05.104Z,,,,678,-693,3910,192,-855,73,,,,0.2863151729106903,0.025085384026169777,-0.955624998,0.063720539,,,
2026-03-06T22:26:05.064Z,,,,103,-1318,3787,56,-301,158,,,,0.2864372432231903,0.026061944663524628,-0.955686033,0.061706386506557465,,,
2026-03-06T22:26:05.024Z,,,,7,-530,3970,-2,-67,40,,,,0.2870475947856903,0.027954031,-0.955319822,0.063659504,,,
2026-03-06T22:26:04.984Z,,,,-389,-432,3997,-21,-55,51,,,,0.2843620777130127,0.031616128981113434,-0.955991209,0.064636067,,,
2026-03-06T22:26:04.944Z,,,,-2357,-110,3092,-81,-128,71,,,,0.2836906909942627,0.025939874351024628,-0.956418455,0.063110188,,,
2026-03-06T22:26:04.904Z,,,,-169,129,4151,-173,-89,147,,,,0.2863762080669403,0.026794365,-0.955808103,0.060180511,,,
2026-03-06T22:26:04.864Z,,,,-645,11,3968,-119,164,280,,,,0.2930900752544403,0.032409586012363434,-0.953732908,0.057556003,,,
2026-03-06T22:26:04.824Z,,,,-1053,-481,3916,-12,-100,77,,,,0.2807610034942627,0.039550681,-0.957028806,0.060424648225307465,,,
2026-03-06T22:26:04.784Z,,,,-2388,-434,3355,-11,-58,66,,,,0.2772209644317627,0.038024805,-0.958249509,0.057861179,,,
2026-03-06T22:26:04.744Z,,,,-1437,-877,3517,-16,-58,61,,,,0.2772209644317627,0.038085841,-0.958310544,0.057006691,,,
2026-03-06T22:26:04.704Z,,,,-1527,-826,3718,-3,-24,36,,,,0.2778923511505127,0.037658595,-0.958188474,0.056396339,,,
2026-03-06T22:26:04.664Z,,,,-1320,-809,3833,12,0,48,,,,0.2767326831817627,0.038574118,-0.958310544,0.058776706,,,
2026-03-06T22:26:04.624Z,,,,-1209,-692,3816,-10,0,45,,,,0.23266541957855225,0.023681579157710075,-0.97021234,0.062927082,,,
2026-03-06T22:26:04.584Z,,,,-515,-925,3693,171,94,101,,,,0.23010194301605225,0.023559510707855225,-0.970639586,0.065002277,,,
2026-03-06T22:26:04.544Z,,,,-188,-261,3927,-188,-33,-77,,,,0.23101747035980225,0.023498475551605225,-0.970639586,0.062072593718767166,,,
2026-03-06T22:26:04.504Z,,,,-53,397,4104,12,4,40,,,,0.23138368129730225,0.022827090695500374,-0.970761657,0.059448089,,,
2026-03-06T22:26:04.464Z,,,,-1567,593,3831,124,-62,124,,,,0.23327577114105225,0.020080514,-0.970883727,0.050292838364839554,,,
2026-03-06T22:26:04.424Z,,,,-1226,302,3708,797,295,344,,,,0.23077332973480225,0.022338809445500374,-0.971494079,0.048217651,,,
2026-03-06T22:26:04.384Z,,,,-1360,-47,3926,0,29,13,,,,0.20758002996444702,0.008117655,-0.977475524,0.036682036,,,
2026-03-06T22:26:04.344Z,,,,-1479,85,3833,-17,14,24,,,,0.20733588933944702,0.00659178,-0.977597594,0.034606844,,,
2026-03-06T22:26:04.304Z,,,,-1419,131,3930,-4,4,27,,,,0.20611520111560822,0.00622557,-0.97802484,0.030151291,,,
2026-03-06T22:26:04.264Z,,,,-417,687,3609,-28,-28,2,,,,0.21527044475078583,0.007141095,-0.976315856,0.020080514,,,
2026-03-06T22:26:04.224Z,,,,-943,-123,3915,0,60,-34,,,,0.21673528850078583,0.00793455,-0.975949645,0.020629831,,,
2026-03-06T22:26:04.184Z,,,,-1723,24,3672,0,79,6,,,,0.22204533219337463,0.007995585,-0.974851012,0.01416012,,,
2026-03-06T22:26:04.144Z,,,,-1768,48,3694,-6,20,20,,,,0.22271671891212463,0.007385235,-0.974728942,0.012451140210032463,,,
2026-03-06T22:26:04.104Z,,,,-1756,-64,3706,-22,-5,35,,,,0.22436465322971344,0.006530745,-0.974423766,0.008605935,,,
2026-03-06T22:26:04.064Z,,,,-2338,-137,3359,-34,13,46,,,,-0.218383223,0.001281735,0.9757665395736694,0.00769041,,,
2026-03-06T22:26:04.024Z,,,,-2144,47,3535,-75,-70,43,,,,-0.220031172,0.00231933,0.9752172231674194,0.020751899108290672,,,
2026-03-06T22:26:03.984Z,,,,-2035,-84,3544,-148,506,30,,,,-0.219787031,0.00207519,0.9749730825424194,0.032653726637363434,,,
2026-03-06T22:26:03.944Z,,,,-2096,-81,3466,-58,37,142,,,,-0.221129805,-0.005798325,0.9747899770736694,0.02673333,,,
2026-03-06T22:26:03.904Z,,,,-2052,-96,3495,-81,36,98,,,,-0.220580488,-0.009094215,0.9751561880111694,0.01733394,,,
2026-03-06T22:26:03.864Z,,,,-2135,-116,3470,63,-54,-28,,,,-0.215636656,-0.01245114,0.9761327505111694,0.020935004577040672,,,
2026-03-06T22:26:03.824Z,,,,-2146,-48,3466,-6,-55,37,,,,-0.217101499,-0.009338355,0.9757055044174194,0.02697747,,,
2026-03-06T22:26:03.784Z,,,,-2069,-171,3449,5,-50,58,,,,-0.21942082,-0.025268489,0.9749120473861694,0.024963315576314926,,,
2026-03-06T22:26:03.744Z,,,,-2076,-245,3524,-19,-18,55,,,,-0.209838331,-0.022094671,0.9773534536361694,0.011047335341572762,,,
2026-03-06T22:26:03.704Z,,,,-1863,-399,3361,-35,-11,46,,,,-0.210326612,-0.022033636,0.9772924184799194,0.011779755353927612,,,
2026-03-06T22:26:03.664Z,,,,-2065,-105,3473,-81,-24,110,,,,-0.211059034,-0.020751899,0.9771093130111694,0.013061489909887314,,,
2026-03-06T22:26:03.624Z,,,,-2114,-110,3477,-49,-3,116,,,,-0.211425245,-0.01977534,0.9770482778549194,0.013488735,,,
2026-03-06T22:26:03.584Z,,,,-2200,-423,3456,-163,-61,173,,,,-0.218993574,-0.01757808,0.9755223989486694,0.00793455,,,
2026-03-06T22:26:03.544Z,,,,-2079,-220,3475,309,171,147,,,,-0.217955992,-0.016174275,0.9757055044174194,0.010436984710395336,,,
2026-03-06T22:26:03.504Z,,,,-2072,-188,3504,223,-65,-198,,,,-0.217040464,-0.01745601,0.9758886098861694,0.011291475035250187,,,
2026-03-06T22:26:03.464Z,,,,-2047,-223,3498,3,47,43,,,,-0.208739698,-0.01330563,0.9777806997299194,0.012023895047605038,,,
2026-03-06T22:26:03.424Z,,,,-2071,-203,3483,-260,4,47,,,,-0.180480495,-0.016418414,0.9833959341049194,0.00817869,,,
2026-03-06T22:26:03.384Z,,,,-2126,-284,3351,643,-44,222,,,,-0.17852737,-0.013977015,0.9837621450424194,0.006042465,,,
2026-03-06T22:26:03.344Z,,,,-1775,-172,3579,294,181,-292,,,,-0.176391155,-0.01208493,0.9841893911361694,0.007629375,,,
2026-03-06T22:26:03.304Z,,,,-1670,-100,3711,-11,-5,17,,,,-0.16870074,-0.004211415,0.9855931997299194,0.008361795,,,
2026-03-06T22:26:03.264Z,,,,-1768,-95,3677,-18,-32,7,,,,-0.168029353,-0.00207519,0.9856542348861694,0.010375949554145336,,,
2026-03-06T22:26:03.224Z,,,,-1727,-125,3693,-71,12,54,,,,-0.167480037,-0.000427245,0.9857152700424194,0.01489254,,,
2026-03-06T22:26:03.184Z,,,,-1729,-120,3667,45,-7,43,,,,-0.167968318,0.00048828,0.9856542348861694,0.015930134803056717,,,
2026-03-06T22:26:03.144Z,,,,-1874,-221,3556,-444,-19,-13,,,,-0.166625544,-0.002380365,0.9858373403549194,0.014831505,,,
2026-03-06T22:26:03.104Z,,,,-1529,-143,3763,9,0,-2,,,,-0.162536204,0.00463866,0.9865087270736694,0.018127395,,,
2026-03-06T22:26:03.064Z,,,,-1556,28,3780,104,41,36,,,,-0.153808206,0.00769041,0.9877294301986694,0.024780210107564926,,,
2026-03-06T22:26:03.024Z,,,,-1402,-63,3703,-321,342,80,,,,-0.149901956,0.004821765,0.9885838627815247,0.012756315059959888,,,
2026-03-06T22:26:02.984Z,,,,-1606,-47,3753,119,119,103,,,,-0.149657816,0.002868645,0.9886448979377747,0.00903318,,,
2026-03-06T22:26:02.944Z,,,,-1635,-59,3756,-19,28,8,,,,-0.148803324,0.00329589,0.9887669682502747,0.007141095,,,
2026-03-06T22:26:02.904Z,,,,-1656,-74,3728,-18,13,14,,,,-0.148070917,0.000183105,0.9889500737190247,0.00329589,,,
2026-03-06T22:26:02.864Z,,,,-1670,-32,3723,-145,75,-12,,,,0.14746056497097015,0.001770015,-0.989011109,0.003234855,,,
2026-03-06T22:26:02.824Z,,,,-1675,-120,3675,20,27,70,,,,0.14648400247097015,0.00085449,-0.989133179,0.00683592,,,
2026-03-06T22:26:02.784Z,,,,-1610,-21,3779,-47,-11,42,,,,0.14483605325222015,0.001403805,-0.98925525,0.016601519659161568,,,
2026-03-06T22:26:02.744Z,,,,-1616,-187,3724,59,17,45,,,,0.14190638065338135,-0.003845205,-0.989743531,0.015441855415701866,,,
2026-03-06T22:26:02.704Z,,,,-1359,-369,3822,-104,131,32,,,,0.14031946659088135,-0.00354003,-0.989987671,0.009948705,,,
2026-03-06T22:26:02.664Z,,,,-1730,-126,3683,-348,77,0,,,,0.13897669315338135,-0.004577625,-0.990170777,0.01013181,,,
2026-03-06T22:26:02.624Z,,,,-1752,-96,3758,96,-5,30,,,,0.13806116580963135,-0.00427245,-0.990292847,0.011352510191500187,,,
2026-03-06T22:26:02.584Z,,,,-1555,-262,3802,67,19,-56,,,,0.13708460330963135,-0.007507305,-0.990414917,0.013183560222387314,,,
2026-03-06T22:26:02.544Z,,,,-1738,37,3712,7,34,-70,,,,0.13696253299713135,-0.0109863,-0.990414917,0.011840789578855038,,,
2026-03-06T22:26:02.504Z,,,,-1730,-20,3539,73,-18,-67,,,,0.13989222049713135,-0.01025388,-0.990048707,0.01000974,,,
2026-03-06T22:26:02.464Z,,,,-1552,-203,3776,123,30,-33,,,,0.14648400247097015,-0.016174275,-0.989011109,0.00463866,,,
2026-03-06T22:26:02.424Z,,,,-1540,-231,3761,-20,25,-77,,,,0.15039023756980896,-0.01672359,-0.988461792,0.0012207,,,
2026-03-06T22:26:02.384Z,,,,-1586,-211,3759,-2,-31,-43,,,,-0.152526468,0.015624959953129292,0.9881566762924194,0.000427245,,,
2026-03-06T22:26:02.344Z,,,,-1638,59,3846,-203,14,-77,,,,-0.161376536,0.01013181,0.9866918325424194,0.012512175366282463,,,
2026-03-06T22:26:02.304Z,,,,-2180,195,3630,-41,44,69,,,,-0.163329661,0.010375949554145336,0.9864476919174194,0.010925265029072762,,,
2026-03-06T22:26:02.264Z,,,,-1643,-133,3735,-17,57,5,,,,-0.160155833,0.00720213,0.9869359731674194,0.013000454753637314,,,
2026-03-06T22:26:02.224Z,,,,-1614,-195,3773,-60,12,-10,,,,-0.159911692,0.000671385,0.9870580434799194,0.008605935,,,
2026-03-06T22:26:02.184Z,,,,-1672,243,3816,2,41,-19,,,,-0.167419001,-0.00720213,0.9857763051986694,0.006286605,,,
2026-03-06T22:26:02.144Z,,,,-1147,-70,3806,-155,10,-37,,,,0.1853022575378418,0.0268554,-0.982236266,0.01000974,,,
2026-03-06T22:26:02.104Z,,,,-1362,-133,3853,-20,-26,2,,,,0.1844477653503418,0.023681579157710075,-0.982480407,0.00671385,,,
2026-03-06T22:26:02.064Z,,,,-1274,-107,3890,11,-27,0,,,,0.1880488395690918,0.021667424589395523,-0.981870055,0.002624505,,,
2026-03-06T22:26:02.024Z,,,,-1268,-60,3938,-105,-103,70,,,,0.1889033317565918,0.021118110045790672,-0.981747985,0.005065905,,,
2026-03-06T22:26:01.984Z,,,,-1332,-96,3938,-9,-108,134,,,,-0.201781705,-0.018615674,0.9791845083236694,0.006164535,,,
2026-03-06T22:26:01.944Z,,,,-1279,-36,3909,-20,22,123,,,,-0.202208951,-0.02416986,0.9788182973861694,0.020141549,,,
2026-03-06T22:26:01.904Z,,,,-1271,47,3883,-52,-213,-59,,,,-0.211242139,-0.0256347,0.9765599966049194,0.031982339918613434,,,
2026-03-06T22:26:01.864Z,,,,-1280,-264,3816,28,134,203,,,,-0.216796324,-0.022827091,0.9750951528549194,0.039489646,,,
2026-03-06T22:26:01.824Z,,,,-1137,143,4048,81,72,-6,,,,-0.211669385,-0.022033636,0.9761327505111694,0.042846571654081345,,,
2026-03-06T22:26:01.784Z,,,,-1177,5,3884,127,-84,-51,,,,-0.198607892,-0.023254335,0.9783300161361694,0.053222518,,,
2026-03-06T22:26:01.744Z,,,,-1088,46,3932,36,-29,-99,,,,-0.188598156,-0.0195312,0.9796727895736694,0.065185383,,,
2026-03-06T22:26:01.704Z,,,,-1118,-53,3938,-101,-43,29,,,,-0.185180187,-0.014709435,0.9788182973861694,0.085204862,,,
2026-03-06T22:26:01.664Z,,,,-1057,83,3981,-58,-52,55,,,,-0.184936047,-0.00720213,0.9771093130111694,0.10430881381034851,,,
2026-03-06T22:26:01.624Z,,,,-1121,-45,3887,-58,-38,32,,,,-0.190795407,-0.002868645,0.9746679067611694,0.11639374494552612,,,
2026-03-06T22:26:01.584Z,,,,-1058,34,3957,104,5,73,,,,-0.183898449,-0.00158691,0.9746068716049194,0.12725797295570374,,,
2026-03-06T22:26:01.544Z,,,,-1136,58,3956,202,71,420,,,,-0.162719309,0.0036621,0.9773534536361694,0.13470424711704254,,,
2026-03-06T22:26:01.504Z,,,,-1049,44,3973,-126,-176,210,,,,-0.144775018,0.0134277,0.9796727895736694,0.13800013065338135,,,
2026-03-06T22:26:01.464Z,,,,-1028,57,3964,-151,-160,219,,,,-0.14154017,0.015563924796879292,0.9790624380111694,0.14520226418972015,,,
2026-03-06T22:26:01.424Z,,,,-1037,-55,3906,51,42,116,,,,-0.126464516,0.048705928,0.9751561880111694,0.17486527562141418,,,
2026-03-06T22:26:01.384Z,,,,-1035,35,3962,-29,326,186,,,,-0.147155389,0.11511200666427612,0.930295467,0.31542888283729553,,,
2026-03-06T22:26:01.344Z,,,,-1072,-89,4010,-155,472,341,,,,-0.135863915,0.12084929645061493,0.9166846871376038,0.355711967,,,
2026-03-06T22:26:01.304Z,,,,-1101,108,4012,-241,168,336,,,,-0.13391079,0.11309785395860672,0.9009986519813538,0.3966664671897888,,,
2026-03-06T22:26:01.264Z,,,,-970,219,3985,-137,-15,205,,,,-0.133483544,0.12200896441936493,0.8822609186172485,0.43450817465782166,,,
2026-03-06T22:26:01.224Z,,,,-1047,38,3959,-87,-123,241,,,,-0.142211556,0.12823453545570374,0.8609597086906433,0.4711901843547821,,,
2026-03-06T22:26:01.184Z,,,,-1121,195,3978,-124,116,362,,,,-0.167296931,0.090148695,0.8197000622749329,0.5402818322181702,,,
2026-03-06T22:26:01.144Z,,,,-1183,96,3958,-226,575,306,,,,-0.165832087,0.086303487,0.7907694578170776,0.5827621817588806,,,
2026-03-06T22:26:01.104Z,,,,-1166,41,3924,-537,604,58,,,,-0.181640163,0.091674566,0.7631816267967224,0.6132797002792358,,,
2026-03-06T22:26:01.064Z,,,,-1332,-18,3788,-58,75,234,,,,-0.189025387,0.091125257,0.713499129,0.6684553027153015,,,
2026-03-06T22:26:01.024Z,,,,-1224,83,3905,-177,10,225,,,,-0.15508993,0.098754629,0.7066022157669067,0.6832258105278015,,,
2026-03-06T22:26:00.984Z,,,,-1238,22,3932,-689,-282,737,,,,-0.141906381,0.10998506844043732,0.7077008485794067,0.6832258105278015,,,
2026-03-06T22:26:00.944Z,,,,-1287,-48,3771,-636,299,1325,,,,-0.141112924,0.12823453545570374,0.712644637,0.6750470995903015,,,
2026-03-06T22:26:00.904Z,,,,-1300,-43,3872,-18,270,1330,,,,-0.125732094,0.16796831786632538,0.709409773,0.6727887988090515,,,
2026-03-06T22:26:00.864Z,,,,-1549,-181,3838,-315,17,1359,,,,-0.087951437,0.180053249,0.6789533495903015,0.7062360048294067,,,
2026-03-06T22:26:00.824Z,,,,-1060,-215,3910,-599,-160,1297,,,,-0.07873515,0.18041946,0.6672345995903015,0.718259871,,,
2026-03-06T22:26:00.784Z,,,,-1422,-214,3785,619,-301,1472,,,,-0.063781574,0.17047075927257538,0.6433699131011963,0.7435283660888672,,,
2026-03-06T22:26:00.744Z,,,,-1536,-31,3852,247,158,992,,,,-0.064636067,0.15612752735614777,0.6193221211433411,0.7666606307029724,,,
2026-03-06T22:26:00.704Z,,,,-1826,-120,3789,-192,-328,1072,,,,-0.073669247,0.15747030079364777,0.6035751104354858,0.7780742049217224,,,
2026-03-06T22:26:00.664Z,,,,-1564,-168,3830,79,-385,834,,,,-0.086425558,0.15338096022605896,0.5890488028526306,0.7886332273483276,,,
2026-03-06T22:26:00.624Z,,,,-1610,-378,3714,269,-115,809,,,,-0.092834234,0.14276085793972015,0.5744003653526306,0.8005961179733276,,,
2026-03-06T22:26:00.584Z,,,,-1721,-414,3611,-64,154,101,,,,-0.09899877,0.13940393924713135,0.5527939796447754,0.8155496716499329,,,
2026-03-06T22:26:00.544Z,,,,-1902,-246,3775,-317,-59,-85,,,,-0.125548989,0.11364717036485672,0.5192247629165649,0.8375833034515381,,,
2026-03-06T22:26:00.504Z,,,,-1291,-435,3896,-277,-410,-365,,,,-0.132812157,0.10321018099784851,0.5108019113540649,0.8430154323577881,,,
2026-03-06T22:26:00.464Z,,,,-1462,-306,3840,-326,-14,241,,,,-0.128539711,0.084167264,0.5051866769790649,0.8491799235343933,,,
2026-03-06T22:26:00.424Z,,,,-1399,-310,3837,-256,259,487,,,,-0.11926239,0.073486142,0.4907214045524597,0.8599221110343933,,,
2026-03-06T22:26:00.384Z,,,,-1381,-203,3841,-366,246,467,,,,-0.108520232,0.075378224,0.4805285632610321,0.8669411540031433,,,
2026-03-06T22:26:00.344Z,,,,-1540,-232,3785,106,270,428,,,,-0.100158438,0.073242001,0.4741809070110321,0.8715798258781433,,,
2026-03-06T22:26:00.304Z,,,,-1493,-397,3681,-1,-183,581,,,,-0.088195577,0.11291474848985672,0.4721667468547821,0.8697487711906433,,,
2026-03-06T22:26:00.264Z,,,,-823,-168,4071,262,-167,541,,,,-0.082946561,0.14208948612213135,0.4745471179485321,0.8646218180656433,,,
2026-03-06T22:26:00.224Z,,,,-840,54,3982,280,146,629,,,,-0.057372902,0.1980585753917694,0.40716448426246643,0.8897072076797485,,,
2026-03-06T22:26:00.184Z,,,,-1024,-101,4022,75,149,742,,,,-0.06127914,0.180602565,0.3884267508983612,0.9014869332313538,,,
2026-03-06T22:26:00.144Z,,,,-463,283,3974,640,-217,1018,,,,-0.071655087,0.17211869359016418,0.362242728,0.9132056832313538,,,
2026-03-06T22:26:00.104Z,,,,-1558,759,3930,371,279,345,,,,-0.070556462,0.17730668187141418,0.33465489745140076,0.922788143,,,
2026-03-06T22:26:00.064Z,,,,-1166,913,3816,-57,158,-12,,,,-0.076476857,0.17413285374641418,0.3059684634208679,0.932797909,,,
2026-03-06T22:26:00.024Z,,,,-1102,104,3964,-67,197,407,,,,-0.076415822,0.13818323612213135,0.2734978199005127,0.9487890601158142,,,
2026-03-06T22:25:59.984Z,,,,-1147,778,4095,-373,116,378,,,,-0.072997861,0.12884488701820374,0.2664788067340851,0.9523290991783142,,,
2026-03-06T22:25:59.944Z,,,,-1241,926,3711,-261,106,395,,,,-0.091857672,0.094360113,0.22662295401096344,0.9650244116783142,,,
2026-03-06T22:25:59.904Z,,,,-1351,-394,3643,-243,71,248,,,,-0.086242452,0.099059805,0.24780209362506866,0.9598364233970642,,,
2026-03-06T22:25:59.864Z,,,,-1253,-250,4006,-510,-775,-196,,,,0.012573209591209888,0.21826115250587463,0.35235506296157837,0.9099097847938538,,,
2026-03-06T22:25:59.824Z,,,,-1886,-666,3669,-588,-684,187,,,,0.041442763060331345,0.16503864526748657,0.3756704330444336,0.9109473824501038,,,
2026-03-06T22:25:59.784Z,,,,-1654,-1216,3632,126,222,310,,,,0.054687358,0.11437959223985672,0.3949574828147888,0.9098487496376038,,,
2026-03-06T22:25:59.744Z,,,,-1018,334,4465,69,294,417,,,,0.039245505,0.012817350216209888,0.43060192465782166,0.9015479683876038,,,
2026-03-06T22:25:59.704Z,,,,-1015,-240,3994,-156,-51,781,,,,0.03503409,-0.011779755,0.43615609407424927,0.8990455269813538,,,
2026-03-06T22:25:59.664Z,,,,-807,-460,3799,-130,-153,982,,,,0.029968185,-0.073180966,0.44299203157424927,0.8930031061172485,,,
2026-03-06T22:25:59.624Z,,,,-1702,133,4010,-170,347,1007,,,,0.043701060116291046,-0.109130576,0.44390755891799927,0.8883033990859985,,,
2026-03-06T22:25:59.584Z,,,,-1494,613,3630,-146,358,258,,,,0.092895269,-0.192992672,0.4502551853656769,0.8667580485343933,,,
2026-03-06T22:25:59.544Z,,,,-1600,710,3883,286,92,551,,,,0.094848387,-0.194518551,0.4655749797821045,0.8580910563468933,,,
2026-03-06T22:25:59.504Z,,,,-1255,655,3959,-199,99,-523,,,,0.14593468606472015,-0.244689316,0.4846178889274597,0.8269631862640381,,,
2026-03-06T22:25:59.464Z,,,,-824,524,4031,34,-615,-842,,,,0.14953574538230896,-0.243590683,0.4870592951774597,0.8251932263374329,,,
2026-03-06T22:25:59.424Z,,,,-1009,506,3922,-236,1569,-877,,,,0.14245568215847015,-0.234496474,0.4864489436149597,0.8294656276702881,,,
2026-03-06T22:25:59.384Z,,,,-1316,264,3948,141,2031,-855,,,,0.14465294778347015,-0.238036498,0.4864489436149597,0.8280618190765381,,,
2026-03-06T22:25:59.344Z,,,,-903,291,3925,661,1056,-447,,,,0.14752160012722015,-0.234008193,0.4929797053337097,0.8248270153999329,,,
2026-03-06T22:25:59.304Z,,,,-894,502,3934,460,513,-275,,,,0.13476528227329254,-0.222289473,0.4911486506462097,0.8312966823577881,,,
2026-03-06T22:25:59.264Z,,,,-992,-241,4000,567,861,-188,,,,0.14483605325222015,-0.228881255,0.4872424006462097,0.8301370143890381,,,
2026-03-06T22:25:59.224Z,,,,-1316,-1142,3970,133,1277,-121,,,,0.14800988137722015,-0.231627822,0.4862658381462097,0.8294045925140381,,,
2026-03-06T22:25:59.184Z,,,,-1030,-617,3861,-49,1523,-83,,,,0.14556847512722015,-0.231932998,0.4846178889274597,0.8306863307952881,,,
2026-03-06T22:25:59.144Z,,,,-818,-725,3795,-33,60,-154,,,,0.14440880715847015,-0.229369536,0.4900500178337097,0.8284280300140381,,,
2026-03-06T22:25:59.104Z,,,,-775,-386,4136,-17,-224,-371,,,,0.13995325565338135,-0.231627822,0.4894396662712097,0.8289163112640381,,,
2026-03-06T22:25:59.064Z,,,,-425,-462,4023,-641,2030,-376,,,,0.14227259159088135,-0.232421279,0.4871203303337097,0.8296487331390381,,,
2026-03-06T22:25:59.024Z,,,,-915,-250,3917,389,-965,93,,,,0.13915979862213135,-0.225707427,0.49426141381263733,0.8278176784515381,,,
2026-03-06T22:25:58.984Z,,,,-1033,44,3697,-51,-38,-27,,,,0.14593468606472015,-0.233825088,0.4924914240837097,0.8254984021186829,,,
2026-03-06T22:25:58.944Z,,,,-1640,487,3619,-81,257,39,,,,0.14654503762722015,-0.232360244,0.4939562678337097,0.8248880505561829,,,
2026-03-06T22:25:58.904Z,,,,-1228,543,3860,60,-441,-189,,,,0.14703331887722015,-0.230529189,0.4940783381462097,0.8252542614936829,,,
2026-03-06T22:25:58.864Z,,,,-1131,129,3971,85,444,178,,,,0.15307578444480896,-0.235595092,0.4934679865837097,0.8230569958686829,,,
2026-03-06T22:25:58.824Z,,,,-1301,485,3820,-96,-140,7,,,,0.15368613600730896,-0.237731323,0.4913927912712097,0.8236063122749329,,,
2026-03-06T22:25:58.784Z,,,,-1311,-42,3872,-42,46,8,,,,0.15429647266864777,-0.235900268,0.4905993342399597,0.8244608044624329,,,
2026-03-06T22:25:58.744Z,,,,-563,-374,3706,48,38,64,,,,0.15325888991355896,-0.237059936,0.4887072443962097,0.8254373669624329,,,
2026-03-06T22:25:58.704Z,,,,-1184,468,4646,206,-235,16,,,,0.15301474928855896,-0.236083373,0.4859606623649597,0.8273904323577881,,,
2026-03-06T22:25:58.664Z,,,,-286,-607,4094,-42,697,54,,,,0.14092981815338135,-0.219115645,0.4910265803337097,0.8311746120452881,,,
2026-03-06T22:25:58.624Z,,,,411,-440,4022,-65,-72,-23,,,,0.14984092116355896,-0.229430571,0.4890124201774597,0.8280618190765381,,,
2026-03-06T22:25:58.584Z,,,,-2381,2219,3071,26,65,-34,,,,0.15087851881980896,-0.230407119,0.4906603693962097,0.8265969753265381,,,
2026-03-06T22:25:58.544Z,,,,-1129,1601,3335,-76,-64,-25,,,,0.14190638065338135,-0.215270445,0.49639764428138733,0.8288552761077881,,,
2026-03-06T22:25:58.504Z,,,,-733,1439,3961,-10,0,51,,,,0.14868125319480896,-0.223510176,0.49462762475013733,0.8265359401702881,,,
2026-03-06T22:25:58.464Z,,,,30,388,3990,-96,132,16,,,,0.14428673684597015,-0.222167403,0.49737420678138733,0.8260476589202881,,,
2026-03-06T22:25:58.424Z,,,,101,394,4106,21,89,50,,,,0.13879358768463135,-0.213256285,0.49688592553138733,0.8296487331390381,,,
2026-03-06T22:25:58.384Z,,,,651,-46,4055,-48,-134,57,,,,0.13549770414829254,-0.210143507,0.5045763254165649,0.8262917995452881,,,
2026-03-06T22:25:58.344Z,,,,824,-42,4177,37,139,71,,,,0.14630089700222015,-0.220214278,0.49737420678138733,0.8262307643890381,,,
2026-03-06T22:25:58.304Z,,,,1957,136,3837,-5,-401,-84,,,,0.14074671268463135,-0.214232847,0.5009142160415649,0.8265969753265381,,,
2026-03-06T22:25:58.264Z,,,,1713,2,3332,30,-467,-136,,,,0.15142783522605896,-0.220458418,0.49774041771888733,0.8250101208686829,,,
2026-03-06T22:25:58.224Z,,,,3826,893,3161,-100,-86,14,,,,0.15179404616355896,-0.219664961,0.49548211693763733,0.8264749050140381,,,
2026-03-06T22:25:58.184Z,,,,3161,441,3946,-31,289,39,,,,0.15331992506980896,-0.220519453,0.4936510920524597,0.8270852565765381,,,
2026-03-06T22:25:58.144Z,,,,2283,211,3490,-198,222,46,,,,0.15924032032489777,-0.222777754,0.49536004662513733,0.8243387341499329,,,
2026-03-06T22:25:58.104Z,,,,2432,52,3391,41,-241,-38,,,,0.16058307886123657,-0.221007735,0.4937731623649597,0.8254984021186829,,,
2026-03-06T22:25:58.064Z,,,,2417,596,3230,65,382,-24,,,,0.16387897729873657,-0.21734564,0.49713006615638733,0.8237894177436829,,,
2026-03-06T22:25:58.024Z,,,,1276,5,3816,-155,796,69,,,,0.16613726317882538,-0.217284605,0.5001817941665649,0.8215311169624329,,,
2026-03-06T22:25:57.984Z,,,,2159,242,3589,109,-500,-24,,,,0.16577105224132538,-0.224730864,0.5021349191665649,0.8183572888374329,,,
2026-03-06T22:25:57.944Z,,,,2470,272,3288,-433,1651,47,,,,0.17297318577766418,-0.228270903,0.5037218332290649,0.8149393200874329,,,
2026-03-06T22:25:57.904Z,,,,2207,173,3546,42,-105,42,,,,0.17315629124641418,-0.225646392,0.49999871850013733,0.8179300427436829,,,
2026-03-06T22:25:57.864Z,,,,2216,458,3423,-42,174,24,,,,0.17718461155891418,-0.216369078,0.5025621652603149,0.8179910778999329,,,
2026-03-06T22:25:57.824Z,,,,1984,-259,3783,-53,-1,31,,,,0.17541459202766418,-0.216674253,0.5009142160415649,0.8193338513374329,,,
2026-03-06T22:25:57.784Z,,,,2291,142,3539,1,-41,38,,,,0.16625933349132538,-0.209899366,0.49822869896888733,0.8245828747749329,,,
2026-03-06T22:25:57.744Z,,,,1955,154,3377,-94,155,5,,,,0.17279008030891418,-0.21545355,0.49890008568763733,0.8214090466499329,,,
2026-03-06T22:25:57.704Z,,,,2474,193,3192,-114,-150,-86,,,,0.17059282958507538,-0.214049742,0.49963250756263733,0.8217752575874329,,,
2026-03-06T22:25:57.664Z,,,,2281,178,3487,-146,-56,-56,,,,0.16705279052257538,-0.214843199,0.5000597238540649,0.8220804333686829,,,
2026-03-06T22:25:57.624Z,,,,2153,178,3564,-248,54,-168,,,,0.16986040771007538,-0.217589781,0.49590936303138733,0.8232401013374329,,,
2026-03-06T22:25:57.584Z,,,,2269,273,3467,248,-233,-215,,,,0.16925005614757538,-0.219237715,0.5004869699478149,0.8201883435249329,,,
2026-03-06T22:25:57.544Z,,,,2410,182,3405,-80,-19,-41,,,,0.16558796167373657,-0.21917668,0.5003038644790649,0.8210428357124329,,,
2026-03-06T22:25:57.504Z,,,,2415,264,3510,-16,0,64,,,,0.16113239526748657,-0.216613218,0.5046983957290649,0.8199442028999329,,,
2026-03-06T22:25:57.464Z,,,,2380,246,3185,12,31,77,,,,0.15893514454364777,-0.210021436,0.5092149972915649,0.8192728161811829,,,
2026-03-06T22:25:57.424Z,,,,2940,426,3324,-17,-29,35,,,,0.14623986184597015,-0.198119611,0.5130602121353149,0.8222025036811829,,,
2026-03-06T22:25:57.384Z,,,,1649,160,3737,3,-210,-77,,,,0.032836828380823135,-0.144958124,0.4726550281047821,0.8685280680656433,,,
2026-03-06T22:25:57.344Z,,,,2352,276,3248,-142,542,154,,,,0.022521914914250374,-0.153991312,0.4728991687297821,0.8672463297843933,,,
2026-03-06T22:25:57.304Z,,,,2844,244,3199,107,-225,-24,,,,0.026550224,-0.169250056,0.4516589939594269,0.8755470514297485,,,
2026-03-06T22:25:57.264Z,,,,1607,140,3736,-33,-54,4,,,,-0.004821765,-0.157592371,0.40722551941871643,0.8995948433876038,,,
2026-03-06T22:25:57.224Z,,,,2366,303,3438,224,-318,7,,,,-0.01196286,-0.145690545,0.3814077079296112,0.9127174019813538,,,
2026-03-06T22:25:57.184Z,,,,2293,236,2987,-34,160,-188,,,,-0.000427245,-0.121398613,0.35491851,0.926938534,,,
2026-03-06T22:25:57.144Z,,,,1684,82,3687,41,-67,43,,,,0.015991169959306717,-0.068847477,0.3076164126396179,0.9488500952720642,,,
2026-03-06T22:25:57.104Z,,,,1292,71,3035,195,-1009,65,,,,0.031860269606113434,-0.038085841,0.2930290400981903,0.9547705054283142,,,
2026-03-06T22:25:57.064Z,,,,2447,320,3563,-53,-300,-98,,,,0.0292968,0.058776706,0.2837517261505127,0.9566015601158142,,,
2026-03-06T22:25:57.024Z,,,,1648,86,3721,-18,-77,12,,,,0.036437895,0.056091163,0.25866633653640747,0.9636206030845642,,,
2026-03-06T22:25:56.984Z,,,,2189,266,3562,545,-910,244,,,,0.040222064,0.058044285,0.088134542,0.9935887455940247,,,
2026-03-06T22:25:56.944Z,,,,2149,291,3534,380,94,-139,,,,0.032226480543613434,0.066161938,0.038329981,0.9965184330940247,,,
2026-03-06T22:25:56.904Z,,,,2160,202,3567,170,-131,12,,,,0.027892996,0.075500295,0.011230439879000187,0.9966405034065247,,,
2026-03-06T22:25:56.864Z,,,,2403,305,3443,709,-599,875,,,,0.023864684626460075,0.086181417,-0.018859815,0.9957860112190247,,,
2026-03-06T22:25:56.824Z,,,,2244,164,3597,259,-261,420,,,,0.011047335341572762,0.14691124856472015,-0.153564066,0.9770482778549194,,,
2026-03-06T22:25:56.784Z,,,,2147,302,3607,-155,-287,444,,,,0.001770015,0.182372585,-0.168456599,0.9686254262924194,,,
2026-03-06T22:25:56.744Z,,,,2301,683,3500,-351,-265,501,,,,-0.031555094,0.20452828705310822,-0.193358883,0.9590429663658142,,,
2026-03-06T22:25:56.704Z,,,,2335,278,3581,-186,-469,382,,,,-0.01660152,0.1977533996105194,-0.23852478,0.9506201148033142,,,
2026-03-06T22:25:56.664Z,,,,2354,353,3501,-423,-595,115,,,,0.008850075,0.16937212646007538,-0.283751726,0.9437231421470642,,,
2026-03-06T22:25:56.624Z,,,,2306,300,3382,-289,-9,538,,,,0.01489254,0.16967730224132538,-0.291197985,0.941342831,,,
2026-03-06T22:25:56.584Z,,,,2217,401,3478,-322,289,848,,,,0.065978833,0.16680864989757538,-0.300292194,0.936765194,,,
2026-03-06T22:25:56.544Z,,,,2356,532,3344,81,41,788,,,,0.068054028,0.16162067651748657,-0.304686725,0.936093807,,,
2026-03-06T22:25:56.504Z,,,,1507,-19,3769,84,-225,820,,,,0.098083243,0.14007532596588135,-0.350707114,0.920712948,,,
2026-03-06T22:25:56.464Z,,,,2314,428,3757,60,-285,911,,,,0.10693331807851791,0.11663788557052612,-0.387022942,0.9083228707313538,,,
2026-03-06T22:25:56.424Z,,,,2015,276,3653,139,-348,977,,,,0.10467502474784851,0.10552951693534851,-0.404051691,0.9025245308876038,,,
2026-03-06T22:25:56.384Z,,,,2052,90,3506,233,-1131,508,,,,0.10284397751092911,0.095458739,-0.422728419,0.8952614068984985,,,
2026-03-06T22:25:56.344Z,,,,2143,375,3194,675,-654,419,,,,0.099487051,0.086913839,-0.441649258,0.8873268365859985,,,
2026-03-06T22:25:56.304Z,,,,2285,269,3531,-107,9,465,,,,0.0842283,0.083556913,-0.480040282,0.8691384196281433,,,
2026-03-06T22:25:56.264Z,,,,2393,162,3439,-159,145,316,,,,0.078124799,0.093688726,-0.521483064,0.8444192409515381,,,
2026-03-06T22:25:56.224Z,,,,2720,327,3677,-205,-29,187,,,,0.070434391,0.11108370125293732,-0.540892184,0.8306863307952881,,,
2026-03-06T22:25:56.184Z,,,,2495,586,3529,-360,-142,38,,,,0.05834946,0.13928186893463135,-0.566832066,0.8098123669624329,,,
2026-03-06T22:25:56.144Z,,,,2177,578,3648,-344,343,10,,,,0.048217651,0.14569054543972015,-0.587400854,0.7945536375045776,,,
2026-03-06T22:25:56.104Z,,,,610,-233,4139,-549,57,402,,,,0.043701060116291046,0.14800988137722015,-0.588377416,0.7936381101608276,,,
2026-03-06T22:25:56.064Z,,,,1079,-661,3702,-485,417,499,,,,0.023925719782710075,0.16400104761123657,-0.581297338,0.7965677976608276,,,
2026-03-06T22:25:56.024Z,,,,1760,65,3967,-210,322,542,,,,0.018676709,0.14800988137722015,-0.581602514,0.7996195554733276,,,
2026-03-06T22:25:55.984Z,,,,1348,-452,4188,-149,449,604,,,,0.00915525,0.14141809940338135,-0.581175268,0.8012675046920776,,,
2026-03-06T22:25:55.944Z,,,,1087,-731,3804,-163,301,595,,,,0.00061035,0.13818323612213135,-0.575682104,0.8058450818061829,,,
2026-03-06T22:25:55.904Z,,,,978,-404,3964,-34,335,633,,,,-0.00549315,0.13952600955963135,-0.577269018,0.8044412732124329,,,
2026-03-06T22:25:55.864Z,,,,647,-212,3981,162,229,716,,,,-0.001647945,0.13726770877838135,-0.580076635,0.8028543591499329,,,
2026-03-06T22:25:55.824Z,,,,892,140,4216,155,-466,769,,,,-0.003601065,0.13702356815338135,-0.581419408,0.8018778562545776,,,
2026-03-06T22:25:55.784Z,,,,-952,682,3674,656,-398,804,,,,0.011108369566500187,0.13342250883579254,-0.584715307,0.8000468015670776,,,
2026-03-06T22:25:55.744Z,,,,-337,420,4005,201,-103,467,,,,0.01501461,0.11413545161485672,-0.579100072,0.8070657849311829,,,
2026-03-06T22:25:55.704Z,,,,-372,321,4334,114,3,238,,,,0.018554639,0.10266087204217911,-0.578428686,0.8089578747749329,,,
2026-03-06T22:25:55.664Z,,,,-332,276,4101,13,-123,-16,,,,0.02673333,0.089843519,-0.577635229,0.8108499646186829,,,
2026-03-06T22:25:55.624Z,,,,-456,193,4152,-76,568,-64,,,,0.031371988356113434,0.09020973,-0.577757299,0.8105447888374329,,,
2026-03-06T22:25:55.584Z,,,,-492,137,4092,-236,433,-73,,,,0.02697747,0.012390105053782463,-0.53539902,0.8439919948577881,,,
2026-03-06T22:25:55.544Z,,,,-856,-152,4107,152,113,-31,,,,0.03796377,-0.01977534,-0.523375094,0.8510109782218933,,,
2026-03-06T22:25:55.504Z,,,,-1589,-240,3642,103,62,78,,,,0.027282644,-0.05102526,-0.520811677,0.8516823649406433,,,
2026-03-06T22:25:55.464Z,,,,-1489,-811,3621,-30,-79,51,,,,0.029418871,-0.05383287,-0.521116853,0.8512551188468933,,,
2026-03-06T22:25:55.424Z,,,,-1407,-559,3783,-15,45,9,,,,0.027954031,-0.093322515,-0.50640738,0.8567482829093933,,,
2026-03-06T22:25:55.384Z,,,,-765,-283,3997,-57,-17,27,,,,-0.01257321,-0.097533926,-0.575254858,0.8119485974311829,,,
2026-03-06T22:25:55.344Z,,,,-778,-616,3922,-113,86,58,,,,-0.023742614,-0.049377315,-0.630796731,0.7739238142967224,,,
2026-03-06T22:25:55.304Z,,,,-1137,429,4122,-248,176,-103,,,,-0.025268489,-0.023864685,-0.658201456,0.7519512176513672,,,
2026-03-06T22:25:55.264Z,,,,-1341,-1,4204,-141,106,23,,,,-0.02539056,0.037109278,-0.694883466,0.717649519,,,
2026-03-06T22:25:55.224Z,,,,-1661,488,3766,-91,10,51,,,,-0.041259661,0.075744435,-0.752622604,0.6527082920074463,,,
2026-03-06T22:25:55.184Z,,,,-1176,522,3860,-4,-163,-89,,,,-0.046264529,0.074645802,-0.766233385,0.6364730000495911,,,
2026-03-06T22:25:55.144Z,,,,-945,453,3895,-589,1350,-302,,,,-0.040161029,0.04785144,-0.809873402,0.5831283926963806,,,
2026-03-06T22:25:55.104Z,,,,-822,500,3980,-759,105,-186,,,,-0.030334394,0.042663466185331345,-0.815793812,0.5758652091026306,,,
2026-03-06T22:25:55.064Z,,,,-639,554,3917,-71,51,26,,,,0.027954031,0.024352964013814926,-0.820188344,0.5708603262901306,,,
2026-03-06T22:25:55.024Z,,,,-662,315,4129,-136,29,-72,,,,0.057617038,0.023315370082855225,-0.819028676,0.5702499747276306,,,
2026-03-06T22:25:54.984Z,,,,-731,368,4116,-530,1193,133,,,,0.062743977,0.014587365090847015,-0.82061559,0.5677475929260254,,,
2026-03-06T22:25:54.944Z,,,,-474,-290,3821,408,-260,870,,,,0.012939419597387314,0.00585936,-0.826719046,0.5623154640197754,,,
2026-03-06T22:25:54.904Z,,,,-759,63,4238,548,-529,844,,,,-0.022888126,0.00195312,-0.830869436,0.5559678077697754,,,
2026-03-06T22:25:54.864Z,,,,-934,-456,3874,740,-732,753,,,,-0.08740212,-0.028076099,-0.841672659,0.5319810509681702,,,
2026-03-06T22:25:54.824Z,,,,-1065,-482,3968,164,-990,1088,,,,-0.109862998,-0.046081424,-0.855832756,0.5032945871353149,,,
2026-03-06T22:25:54.784Z,,,,-1187,-716,3729,138,9,792,,,,-0.112853713,-0.041686904,-0.8595559,0.49658074975013733,,,
2026-03-06T22:25:54.744Z,,,,-710,-187,4118,-89,192,714,,,,-0.150756449,-0.085693143,-0.841550589,0.5115343332290649,,,
2026-03-06T22:25:54.704Z,,,,-563,-847,4042,-313,-156,422,,,,-0.148681253,-0.049682491,-0.836850882,0.5244737267494202,,,
2026-03-06T22:25:54.664Z,,,,-645,-428,3978,-516,-447,226,,,,-0.151855081,-0.02783196,-0.838620901,0.5222765207290649,,,
2026-03-06T22:25:54.624Z,,,,-710,-726,4069,-635,-834,-83,,,,-0.189086422,-0.061340176,-0.841550589,0.5021959543228149,,,
2026-03-06T22:25:54.584Z,,,,-719,-584,3969,-519,-87,386,,,,-0.186706066,-0.057556003,-0.841367483,0.5037828683853149,,,
2026-03-06T22:25:54.544Z,,,,-655,-690,4015,94,300,55,,,,-0.189086422,-0.054809429,-0.841367483,0.5032945871353149,,,
2026-03-06T22:25:54.504Z,,,,-738,-322,3888,228,709,349,,,,-0.201903775,-0.073669247,-0.836728811,0.5035387277603149,,,
2026-03-06T22:25:54.464Z,,,,-813,-328,3929,438,926,361,,,,-0.200744107,-0.059387054,-0.8441751,0.4934069514274597,,,
2026-03-06T22:25:54.424Z,,,,-448,-355,4029,-184,2007,567,,,,-0.185607433,-0.054504257,-0.85186547,0.4866320490837097,,,
2026-03-06T22:25:54.384Z,,,,-472,-136,4031,-111,454,374,,,,-0.138122201,-0.038940329,-0.885984063,0.44085580110549927,,,
2026-03-06T22:25:54.344Z,,,,-446,-226,3927,364,-362,9,,,,-0.13006559,-0.035339266,-0.891965508,0.43145641684532166,,,
2026-03-06T22:25:54.304Z,,,,351,46,4167,-843,494,-619,,,,-0.124816574,-0.031066814,-0.894406915,0.42822155356407166,,,
2026-03-06T22:25:54.264Z,,,,76,1271,5031,854,-723,-165,,,,-0.091674566,-0.002746575,-0.901731074,0.42242324352264404,,,
2026-03-06T22:25:54.224Z,,,,471,455,4069,1128,48,155,,,,-0.07873515,-0.001892085,-0.89459002,0.43975716829299927,,,
2026-03-06T22:25:54.184Z,,,,496,520,4033,42,399,91,,,,-0.078063764,-0.005187975,-0.893186212,0.44268685579299927,,,
2026-03-06T22:25:54.144Z,,,,815,1245,4145,94,-481,-72,,,,-0.074889943,-0.00805662,-0.891782403,0.44604378938674927,,,
2026-03-06T22:25:54.104Z,,,,1514,986,4133,15,804,27,,,,-0.073119931,-0.01013181,-0.890378594,0.4490955173969269,,,
2026-03-06T22:25:54.064Z,,,,996,173,4072,-397,-321,13,,,,-0.06994611,-0.020873969,-0.8827492,0.4640491008758545,,,
2026-03-06T22:25:54.024Z,,,,861,155,4206,-175,59,277,,,,-0.083129667,-0.03124992,-0.881284356,0.4641101360321045,,,
2026-03-06T22:25:53.984Z,,,,131,-808,3981,-32,34,202,,,,-0.101623274,-0.0451659,-0.876035333,0.4691760540008545,,,
2026-03-06T22:25:53.944Z,,,,59,-372,4331,2,-261,350,,,,-0.114013381,-0.058776706,-0.869809806,0.4762561023235321,,,
2026-03-06T22:25:53.904Z,,,,53,-784,4090,57,-251,196,,,,-0.121154472,-0.063781574,-0.867917717,0.4774157702922821,,,
2026-03-06T22:25:53.864Z,,,,776,-664,3931,4,-147,93,,,,-0.131225243,-0.072997861,-0.86523217,0.4782702624797821,,,
2026-03-06T22:25:53.824Z,,,,888,-695,3925,164,-160,-188,,,,-0.135131493,-0.079955846,-0.862302482,0.4812609851360321,,,
2026-03-06T22:25:53.784Z,,,,151,122,4290,-66,3,1,,,,-0.134948388,-0.080199987,-0.861081779,0.4835802912712097,,,
2026-03-06T22:25:53.744Z,,,,-923,506,4118,-46,27,14,,,,-0.136779428,-0.078552045,-0.858823478,0.4873034358024597,,,
2026-03-06T22:25:53.704Z,,,,-895,725,3753,-8,-37,18,,,,-0.131286278,-0.073669247,-0.854917228,0.49633660912513733,,,
2026-03-06T22:25:53.664Z,,,,-75,529,3956,-81,42,-97,,,,-0.154479578,-0.109435752,-0.828489065,0.5269761681556702,,,
2026-03-06T22:25:53.624Z,,,,630,-61,4051,-186,186,-97,,,,-0.199279279,-0.155517176,-0.809568226,0.5297227501869202,,,
2026-03-06T22:25:53.584Z,,,,1489,-102,3941,-38,731,-18,,,,-0.197387189,-0.14764367,-0.811948597,0.5289903283119202,,,
2026-03-06T22:25:53.544Z,,,,1261,97,4022,-229,486,-311,,,,-0.2000117,-0.14947471,-0.809079945,0.5319200158119202,,,
2026-03-06T22:25:53.504Z,,,,980,-191,4026,-100,531,-115,,,,-0.19189404,-0.150939554,-0.805661976,0.5396714806556702,,,
2026-03-06T22:25:53.464Z,,,,2309,1376,4117,-68,253,-35,,,,-0.196166486,-0.139403939,-0.812070668,0.5314927697181702,,,
2026-03-06T22:25:53.424Z,,,,689,-496,3395,-76,165,-29,,,,-0.207030714,-0.152587503,-0.812986195,0.5222765207290649,,,
2026-03-06T22:25:53.384Z,,,,773,-739,4023,-62,91,-49,,,,-0.202636197,-0.148376077,-0.814390004,0.5230699777603149,,,
2026-03-06T22:25:53.344Z,,,,1977,-208,3787,0,-32,-104,,,,-0.202269986,-0.146789178,-0.815915883,0.5212389230728149,,,
2026-03-06T22:25:53.304Z,,,,1530,-220,3764,45,-70,-212,,,,-0.198119611,-0.131835595,-0.819700062,0.5209337472915649,,,
2026-03-06T22:25:53.264Z,,,,1349,-410,3646,-22,-70,-459,,,,-0.2038569,-0.153564066,-0.813291371,0.5227648019790649,,,
2026-03-06T22:25:53.224Z,,,,2394,476,3854,-617,1676,-345,,,,-0.203429654,-0.152221292,-0.810911,0.5270372033119202,,,
2026-03-06T22:25:53.184Z,,,,2061,-125,3696,-479,924,-80,,,,-0.201476529,-0.147948846,-0.804746449,0.5383287072181702,,,
2026-03-06T22:25:53.144Z,,,,1572,-182,3785,-68,104,-32,,,,-0.205687955,-0.147582635,-0.807615101,0.5324693322181702,,,
2026-03-06T22:25:53.104Z,,,,1222,151,4234,1,-126,-115,,,,-0.201354459,-0.149718851,-0.807981312,0.5330186486244202,,,
2026-03-06T22:25:53.064Z,,,,1125,51,3933,14,1168,15,,,,-0.202819303,-0.155578211,-0.802732289,0.5386949181556702,,,
2026-03-06T22:25:53.024Z,,,,1176,-110,3955,-25,797,359,,,,-0.201171353,-0.130492836,-0.806455433,0.5404039025306702,,,
2026-03-06T22:25:52.984Z,,,,410,-256,3837,147,-227,75,,,,-0.205810025,-0.150207132,-0.801877856,0.5403428673744202,,,
2026-03-06T22:25:52.944Z,,,,690,-105,4011,16,-61,114,,,,-0.206847608,-0.149718851,-0.802915394,0.5385728478431702,,,
2026-03-06T22:25:52.904Z,,,,710,-85,4036,-126,-160,-67,,,,-0.221679121,-0.160888255,-0.799863696,0.5338731408119202,,,
2026-03-06T22:25:52.864Z,,,,713,-41,4019,-750,831,149,,,,-0.215758726,-0.154540613,-0.800840259,0.5367417931556702,,,
2026-03-06T22:25:52.824Z,,,,649,-58,4025,126,-246,-25,,,,-0.211669385,-0.152953714,-0.802427113,0.5364976525306702,,,
2026-03-06T22:25:52.784Z,,,,439,224,3986,36,-241,-83,,,,-0.214599058,-0.144408807,-0.796140552,0.5469346046447754,,,
2026-03-06T22:25:52.744Z,,,,717,-21,3965,542,-246,112,,,,-0.216552183,-0.148437113,-0.799741626,0.5397935509681702,,,
2026-03-06T22:25:52.704Z,,,,1181,26,4226,-409,184,58,,,,-0.217162535,-0.149596781,-0.80334264,0.5338731408119202,,,
2026-03-06T22:25:52.664Z,,,,1168,397,3647,100,-532,-75,,,,-0.218749434,-0.156737879,-0.793821216,0.5452867150306702,,,
2026-03-06T22:25:52.624Z,,,,1213,162,3941,92,-1192,-200,,,,-0.218810469,-0.157470301,-0.788938403,0.5520615577697754,,,
2026-03-06T22:25:52.584Z,,,,1331,143,3911,-389,1777,142,,,,-0.214721128,-0.156005457,-0.78985393,0.5527939796447754,,,
2026-03-06T22:25:52.544Z,,,,1448,231,3871,-22,190,31,,,,-0.225829497,-0.157897547,-0.791990161,0.5447373986244202,,,
2026-03-06T22:25:52.504Z,,,,1371,254,3898,10,-334,-5,,,,-0.229552642,-0.157897547,-0.796140552,0.5370469689369202,,,
2026-03-06T22:25:52.464Z,,,,1555,57,3794,-249,-390,21,,,,-0.210570753,-0.130920067,-0.802732289,0.5422349572181702,,,
2026-03-06T22:25:52.424Z,,,,972,-28,3790,-268,175,128,,,,-0.198119611,-0.13787806,-0.80145061,0.5470566749572754,,,
2026-03-06T22:25:52.384Z,,,,1185,509,4079,-21,113,38,,,,-0.188903332,-0.134215966,-0.802549183,0.5496201515197754,,,
2026-03-06T22:25:52.344Z,,,,3226,785,3480,111,-263,268,,,,-0.196898907,-0.135985985,-0.805661976,0.5418077111244202,,,
2026-03-06T22:25:52.304Z,,,,2033,274,3551,73,-158,8,,,,-0.187499523,-0.138976693,-0.808591664,0.5400376915931702,,,
2026-03-06T22:25:52.264Z,,,,2286,231,3477,222,-221,-198,,,,-0.184752941,-0.135619774,-0.812742054,0.5355210900306702,,,
2026-03-06T22:25:52.224Z,,,,1821,652,3580,-71,1,-100,,,,-0.18243362,-0.13763392,-0.811521351,0.5376573204994202,,,
2026-03-06T22:25:52.184Z,,,,1443,-207,3918,-94,-9,5,,,,-0.198180646,-0.147826776,-0.809568226,0.5322862267494202,,,
2026-03-06T22:25:52.144Z,,,,2546,565,3500,73,166,98,,,,-0.1784053,-0.138244271,-0.814084828,0.5350328087806702,,,
2026-03-06T22:25:52.104Z,,,,2013,231,3515,280,619,264,,,,-0.176330119,-0.142638788,-0.812558949,0.5368028283119202,,,
2026-03-06T22:25:52.064Z,,,,2019,89,3578,451,-1354,109,,,,-0.166503474,-0.137328744,-0.811643422,0.5427232384681702,,,
2026-03-06T22:25:52.024Z,,,,1220,-841,3888,-108,-73,136,,,,-0.176269084,-0.146361932,-0.808103383,0.5425401329994202,,,
2026-03-06T22:25:51.984Z,,,,2590,729,3703,2,-453,11,,,,-0.160277903,-0.134948388,-0.811521351,0.5454087853431702,,,
2026-03-06T22:25:51.944Z,,,,2304,272,3415,-65,-137,14,,,,-0.160277903,-0.14550744,-0.814695179,0.5378404259681702,,,
2026-03-06T22:25:51.904Z,,,,1947,-22,3393,-15,352,183,,,,-0.160705149,-0.155273035,-0.817136586,0.5311875939369202,,,
2026-03-06T22:25:51.864Z,,,,1639,-304,3253,381,-947,107,,,,-0.150817484,-0.152892679,-0.821958363,0.5274644494056702,,,
2026-03-06T22:25:51.824Z,,,,1838,163,3704,49,-255,17,,,,-0.122436211,-0.148864359,-0.822202504,0.5354600548744202,,,
2026-03-06T22:25:51.784Z,,,,2187,784,3963,20,-411,-18,,,,-0.110229209,-0.121154472,-0.832029104,0.5299058556556702,,,
2026-03-06T22:25:51.744Z,,,,814,-1099,2984,-178,-27,57,,,,-0.123717941,-0.141051888,-0.846311331,0.49847283959388733,,,
2026-03-06T22:25:51.704Z,,,,2080,243,3566,-115,117,36,,,,-0.118407898,-0.152465433,-0.847287893,0.49474969506263733,,,
2026-03-06T22:25:51.664Z,,,,2112,222,3447,-66,-358,-74,,,,-0.112487502,-0.14923057,-0.851926506,0.4891344904899597,,,
2026-03-06T22:25:51.624Z,,,,2861,369,3385,82,162,-78,,,,-0.160094798,-0.153930277,-0.87292254,0.43420299887657166,,,
2026-03-06T22:25:51.584Z,,,,2579,363,3282,-496,-129,-8,,,,-0.165954158,-0.107970916,-0.920468807,0.33685216307640076,,,
2026-03-06T22:25:51.544Z,,,,2080,204,3551,-29,770,47,,,,-0.094665281,-0.029418871,-0.961911619,0.25457698106765747,,,
2026-03-06T22:25:51.504Z,,,,2021,-321,3469,-23,-107,128,,,,-0.04650867,-0.00561522,-0.9699682,0.23858581483364105,,,
2026-03-06T22:25:51.464Z,,,,2262,273,3243,-61,-898,134,,,,-0.02551263,0.038329981,-0.979489684,0.1958613097667694,,,
2026-03-06T22:25:51.424Z,,,,2256,422,3561,7,795,89,,,,-0.017944289,0.047057986,-0.984372497,0.16857866942882538,,,
2026-03-06T22:25:51.384Z,,,,2230,172,3430,823,-1666,40,,,,-0.00537108,0.051757678389549255,-0.990353882,0.12829557061195374,,,
2026-03-06T22:25:51.344Z,,,,2253,153,3439,-773,941,352,,,,0.039977923,0.036559965,-0.995114625,0.082275182,,,
2026-03-06T22:25:51.304Z,,,,1889,307,3642,-392,292,399,,,,0.13262905180454254,-0.025146419,-0.990781128,0.00585936,,,
2026-03-06T22:25:51.264Z,,,,2327,132,3545,62,-333,269,,,,-0.139464974,0.070617497,0.9856542348861694,0.062927082,,,
2026-03-06T22:25:51.224Z,,,,2788,167,3450,24,84,235,,,,-0.121764824,0.064941242,0.9784520864486694,0.15313681960105896,,,
2026-03-06T22:25:51.184Z,,,,1448,-471,2998,268,-94,493,,,,-0.143859491,0.049194209,0.9575781226158142,0.24475035071372986,,,
2026-03-06T22:25:51.144Z,,,,2067,366,3760,113,-469,735,,,,-0.145141229,0.042175184935331345,0.9490332007408142,0.2763664722442627,,,
2026-03-06T22:25:51.104Z,,,,1917,268,3512,30,-1385,649,,,,-0.141296029,0.037780665,0.9448828101158142,0.2927238643169403,,,
2026-03-06T22:25:51.064Z,,,,2246,-216,3271,611,-1289,717,,,,-0.133422509,0.031677164137363434,0.941342831,0.3081046938896179,,,
2026-03-06T22:25:51.024Z,,,,2019,570,3915,387,-390,911,,,,-0.132690087,0.032897863537073135,0.939816952,0.31292644143104553,,,
2026-03-06T22:25:50.984Z,,,,1843,170,3718,179,-259,871,,,,-0.133544579,0.033813390880823135,0.938840389,0.31542888283729553,,,
2026-03-06T22:25:50.944Z,,,,1928,223,3572,-27,-351,723,,,,-0.134521142,0.033874426037073135,0.938169003,0.31701579689979553,,,
2026-03-06T22:25:50.904Z,,,,2706,227,3326,-828,-1147,408,,,,-0.13580288,0.033996496349573135,0.937680721,0.31787028908729553,,,
2026-03-06T22:25:50.864Z,,,,1797,83,3687,-936,-919,934,,,,-0.138366342,0.032775793224573135,0.936765194,0.31964030861854553,,,
2026-03-06T22:25:50.824Z,,,,1953,271,3604,-388,125,791,,,,-0.141845345,0.033019933849573135,0.935971737,0.32037270069122314,,,
2026-03-06T22:25:50.784Z,,,,1443,274,3875,-207,43,1433,,,,-0.143798456,0.032836828380823135,0.935788631,0.32006752490997314,,,
2026-03-06T22:25:50.744Z,,,,2244,370,3512,68,-180,1366,,,,-0.143127069,0.035766508,0.930112362,0.33624181151390076,,,
2026-03-06T22:25:50.704Z,,,,1271,200,4219,-15,153,846,,,,-0.143798456,0.035827544,0.933103085,0.32745277881622314,,,
2026-03-06T22:25:50.664Z,,,,1730,249,3582,94,195,440,,,,-0.143798456,0.03491202,0.933042049,0.32781898975372314,,,
2026-03-06T22:25:50.624Z,,,,2244,367,3529,-52,4,127,,,,-0.14349328,0.034057531505823135,0.932858944,0.32861244678497314,,,
2026-03-06T22:25:50.584Z,,,,2403,119,3136,-45,-5,84,,,,-0.140319467,0.030578535050153732,0.934323788,0.32617104053497314,,,
2026-03-06T22:25:50.544Z,,,,1717,1180,4202,0,-20,53,,,,-0.129882485,0.036743071,0.937253475,0.32134926319122314,,,
2026-03-06T22:25:50.504Z,,,,-9,-389,3065,-11,-35,47,,,,-0.128966957,0.03625479,0.93707037,0.32232582569122314,,,
2026-03-06T22:25:50.464Z,,,,978,-16,3060,25,-42,53,,,,-0.131469384,0.036437895,0.936643124,0.32250893115997314,,,
2026-03-06T22:25:50.424Z,,,,1656,925,4090,10,-23,33,,,,-0.135375634,0.034667879,0.937131405,0.31957927346229553,,,
2026-03-06T22:25:50.384Z,,,,1278,672,3726,-29,-49,65,,,,-0.138793588,0.03649893,0.935361385,0.32318031787872314,,,
2026-03-06T22:25:50.344Z,,,,2089,815,3461,29,-78,114,,,,-0.139098763,0.033386144787073135,0.934506893,0.32580482959747314,,,
2026-03-06T22:25:50.304Z,,,,1668,206,3674,159,295,61,,,,-0.132201806,0.030090256,0.934995174,0.32757484912872314,,,
2026-03-06T22:25:50.264Z,,,,987,-385,3735,29,53,38,,,,-0.133727685,0.02673333,0.93316412,0.33245763182640076,,,
2026-03-06T22:25:50.224Z,,,,-151,-449,3989,-8,0,39,,,,-0.130981103,0.016784625127911568,0.931516171,0.33874425292015076,,,
2026-03-06T22:25:50.184Z,,,,-14,-741,3859,-106,23,-3,,,,-0.127685219,0.013671839609742165,0.933225155,0.33544835448265076,,,
2026-03-06T22:25:50.144Z,,,,75,-648,4016,314,7,-19,,,,-0.125060707,0.016845660284161568,0.934262753,0.33331212401390076,,,
2026-03-06T22:25:50.104Z,,,,264,-659,4232,10,216,90,,,,-0.124328293,0.023559510707855225,0.937009335,0.32543861865997314,,,
2026-03-06T22:25:50.064Z,,,,422,-571,3829,-5,-17,11,,,,-0.102355696,0.055480815,0.936093807,0.33184728026390076,,,
2026-03-06T22:25:50.024Z,,,,-1863,646,4065,43,-61,1,,,,-0.096618406,0.055663921,0.934567928,0.33782872557640076,,,
2026-03-06T22:25:49.984Z,,,,-1519,745,3629,52,-57,1,,,,-0.101989485,0.066222973,0.931821346,0.34173497557640076,,,
2026-03-06T22:25:49.944Z,,,,-696,555,3949,-58,-27,54,,,,-0.098327383,0.077392377,0.926999569,0.35339266061782837,,,
2026-03-06T22:25:49.904Z,,,,-1458,-398,3809,150,79,111,,,,-0.087341085,0.081054479,0.922727108,0.3664541244506836,,,
2026-03-06T22:25:49.864Z,,,,-1148,-278,3730,35,92,28,,,,-0.078674115,0.080810338,0.9172340035438538,0.3818959891796112,,,
2026-03-06T22:25:49.824Z,,,,-1128,-52,3905,252,42,108,,,,-0.0537108,0.039245505,0.8882423639297485,0.4544055759906769,,,
2026-03-06T22:25:49.784Z,,,,-1009,-121,3962,75,117,36,,,,-0.066222973,0.010192845,0.8708474040031433,0.4868761897087097,,,
2026-03-06T22:25:49.744Z,,,,-959,-64,3961,-155,76,12,,,,-0.070251286,0.012573209591209888,0.8646828532218933,0.49713006615638733,,,
2026-03-06T22:25:49.704Z,,,,-966,-29,3974,-45,91,-32,,,,-0.09619116,0.00537108,0.8608376383781433,0.49957147240638733,,,
2026-03-06T22:25:49.664Z,,,,-972,-45,3953,-148,-1,17,,,,-0.075195119,-0.021301216,0.8579689860343933,0.5075670480728149,,,
2026-03-06T22:25:49.624Z,,,,-973,-25,3977,-86,108,104,,,,-0.048034545,-0.034301668,0.8582741618156433,0.5097032785415649,,,
2026-03-06T22:25:49.584Z,,,,-964,-52,3945,-99,-180,18,,,,-0.030151291,-0.044860724,0.8652321696281433,0.49841180443763733,,,
2026-03-06T22:25:49.544Z,,,,-1031,-29,3989,-490,-329,387,,,,-0.00659178,-0.049743526,0.8797584772109985,0.4727160632610321,,,
2026-03-06T22:25:49.504Z,,,,-1014,-42,3993,-324,266,355,,,,0.008850075,-0.052917346,0.8874489068984985,0.4576404392719269,,,
2026-03-06T22:25:49.464Z,,,,-890,-148,3995,-178,256,424,,,,0.016418414190411568,-0.056396339,0.8990455269813538,0.43383678793907166,,,
2026-03-06T22:25:49.424Z,,,,-1010,123,3906,-91,356,545,,,,0.1915888637304306,-0.10485813,0.9096046090126038,0.35333162546157837,,,
2026-03-06T22:25:49.384Z,,,,-1018,-14,3973,263,258,687,,,,0.1989130675792694,-0.110351279,0.9036231637001038,0.362792045,,,
2026-03-06T22:25:49.344Z,,,,-1016,-94,3917,207,110,387,,,,0.17456009984016418,-0.107116424,0.9078345894813538,0.365843803,,,
2026-03-06T22:25:49.304Z,,,,-1188,-530,3792,-117,-292,283,,,,0.16638140380382538,-0.102355696,0.9109473824501038,0.363219291,,,
2026-03-06T22:25:49.264Z,,,,-678,-56,4029,1235,-44,101,,,,0.182128444,-0.110107139,0.9069800972938538,0.363341361,,,
2026-03-06T22:25:49.224Z,,,,-922,41,3981,-107,459,158,,,,0.181518093,-0.106200896,0.9088721871376038,0.359984428,,,
2026-03-06T22:25:49.184Z,,,,-933,36,3981,-130,1072,-159,,,,0.180358425,-0.102966048,0.9107642769813538,0.3568106,,,
2026-03-06T22:25:49.144Z,,,,-974,-8,3951,187,525,-579,,,,0.1982416808605194,-0.108642302,0.9071021676063538,0.354857475,,,
2026-03-06T22:25:49.104Z,,,,-999,203,3913,-220,247,-522,,,,0.16571001708507538,-0.10766574,0.9111304879188538,0.361571342,,,
2026-03-06T22:25:49.064Z,,,,-1055,42,3949,-40,554,-661,,,,0.1948847472667694,-0.105895728,0.9054542183876038,0.361815482,,,
2026-03-06T22:25:49.024Z,,,,-855,116,4042,6,500,-838,,,,0.18231155,-0.103454322,0.9063697457313538,0.3666372299194336,,,
2026-03-06T22:25:48.984Z,,,,-1053,-132,3949,-277,1966,-61,,,,0.1892084926366806,-0.102721907,0.9047828316688538,0.3673086166381836,,,
2026-03-06T22:25:48.944Z,,,,-955,-202,3999,-27,-753,-89,,,,0.1857905387878418,-0.102416731,0.9053321480751038,0.3677968978881836,,,
2026-03-06T22:25:48.904Z,,,,-855,-391,4008,-93,1181,114,,,,0.17669633030891418,-0.099609122,0.9071632027626038,0.3684682846069336,,,
2026-03-06T22:25:48.864Z,,,,-913,-89,4030,463,-58,36,,,,0.1996454894542694,-0.107726775,0.9011817574501038,0.3692007064819336,,,
2026-03-06T22:25:48.824Z,,,,-1069,-216,3815,-165,116,10,,,,0.1901850551366806,-0.100829817,0.9045997262001038,0.3677968978881836,,,
2026-03-06T22:25:48.784Z,,,,-667,333,4057,-21,-123,-36,,,,0.181090847,-0.101073958,0.9071021676063538,0.366087943,,,
2026-03-06T22:25:48.744Z,,,,-378,124,3885,-156,1226,0,,,,0.15673787891864777,-0.094665281,0.9134498238563538,0.363341361,,,
2026-03-06T22:25:48.704Z,,,,-1294,331,4376,243,-1185,51,,,,0.17394974827766418,-0.095275633,0.9069190621376038,0.3716421127319336,,,
2026-03-06T22:25:48.664Z,,,,-1228,841,3821,-382,1315,302,,,,0.1883540153503418,-0.091796637,0.9033790230751038,0.3739614486694336,,,
2026-03-06T22:25:48.624Z,,,,-951,626,3868,68,-584,-44,,,,0.16137653589248657,-0.09326148,0.9063697457313538,0.3790883719921112,,,
2026-03-06T22:25:48.584Z,,,,-828,571,3991,-85,1037,139,,,,0.17199662327766418,-0.087096944,0.9054542183876038,0.3780507743358612,,,
2026-03-06T22:25:48.544Z,,,,143,297,4119,47,-236,10,,,,0.1997675597667694,-0.090636976,0.9008155465126038,0.3745718002319336,,,
2026-03-06T22:25:48.504Z,,,,98,-167,3972,-39,-83,-14,,,,0.15612752735614777,-0.079955846,0.9085059762001038,0.3791494071483612,,,
2026-03-06T22:25:48.464Z,,,,178,459,4782,-23,78,-41,,,,0.17468217015266418,-0.080932409,0.9048438668251038,0.3795766532421112,,,
2026-03-06T22:25:48.424Z,,,,-1817,-522,4166,-137,486,32,,,,0.1878046989440918,-0.083984159,0.9005103707313538,0.3829335868358612,,,
2026-03-06T22:25:48.384Z,,,,-986,-386,4001,606,-1502,-30,,,,0.16448932886123657,-0.07580547,0.9027076363563538,0.3901357054710388,,,
2026-03-06T22:25:48.344Z,,,,-109,-534,4126,-174,1089,64,,,,0.15747030079364777,-0.064391926,0.9038062691688538,0.3925160765647888,,,
2026-03-06T22:25:48.304Z,,,,45,-499,4149,109,792,19,,,,0.16796831786632538,-0.06677229,0.8997169137001038,0.3970937132835388,,,
2026-03-06T22:25:48.264Z,,,,51,-268,4180,122,-489,90,,,,0.16662554442882538,-0.057861179,0.8920265436172485,0.41601455211639404,,,
2026-03-06T22:25:48.224Z,,,,410,-165,4139,-139,-884,-50,,,,0.15179404616355896,-0.030822676,0.8830543756484985,0.44286996126174927,,,
2026-03-06T22:25:48.184Z,,,,-84,-84,4167,61,886,13,,,,0.14007532596588135,-0.018676709,0.8803077936172485,0.4528186619281769,,,
2026-03-06T22:25:48.144Z,,,,3538,664,3411,-72,834,52,,,,0.13098110258579254,-0.00720213,0.8785988092422485,0.4591052830219269,,,
2026-03-06T22:25:48.104Z,,,,2664,412,3603,-450,-445,32,,,,0.12310759723186493,0.000305175,0.8776832818984985,0.4630725383758545,,,
2026-03-06T22:25:48.064Z,,,,1072,-264,3960,655,-910,-13,,,,0.089843519,0.025451594963669777,0.8799415826797485,0.4656970500946045,,,
2026-03-06T22:25:48.024Z,,,,1200,-114,4190,-82,1002,116,,,,0.059081879,0.031799234449863434,0.8730446100234985,0.4829699397087097,,,
2026-03-06T22:25:47.984Z,,,,1998,-64,3022,-188,-876,20,,,,0.056457374,0.01977534,0.8694435954093933,0.4903551936149597,,,
2026-03-06T22:25:47.944Z,,,,1764,-126,3855,-184,977,103,,,,0.055602886,0.00256347,0.8654763102531433,0.49774041771888733,,,
2026-03-06T22:25:47.904Z,,,,1624,21,3706,381,-121,214,,,,0.057006691,-0.009460425,0.8594338297843933,0.5078722238540649,,,
2026-03-06T22:25:47.864Z,,,,2505,190,3641,-43,-113,252,,,,0.056518409,-0.01391598,0.8596169352531433,0.5075670480728149,,,
2026-03-06T22:25:47.824Z,,,,719,-763,4298,204,-1182,459,,,,0.069640934,-0.035827544,0.8587624430656433,0.5062853097915649,,,
2026-03-06T22:25:47.784Z,,,,2460,278,3604,-112,-538,349,,,,0.072204404,-0.038940329,0.8608376383781433,0.5021959543228149,,,
2026-03-06T22:25:47.744Z,,,,1691,-186,3726,-167,-400,264,,,,0.068603337,-0.040954486,0.8656594157218933,0.4941393733024597,,,
2026-03-06T22:25:47.704Z,,,,2398,273,4033,-97,-197,229,,,,0.11852996796369553,-0.070129216,0.8809791803359985,0.4525745213031769,,,
2026-03-06T22:25:47.664Z,,,,1898,-75,3632,-120,-1208,212,,,,0.1987299621105194,-0.092101812,0.8621804118156433,0.4567249119281769,,,
2026-03-06T22:25:47.624Z,,,,1304,-109,3872,-453,-1331,466,,,,0.20446725189685822,-0.09326148,0.8594948649406433,0.4589221775531769,,,
2026-03-06T22:25:47.584Z,,,,2507,-97,3340,436,46,162,,,,0.1896357387304306,-0.089233167,0.8608986735343933,0.4634387493133545,,,
2026-03-06T22:25:47.544Z,,,,2181,274,3867,251,123,142,,,,0.17639115452766418,-0.083129667,0.8659035563468933,0.4605090618133545,,,
2026-03-06T22:25:47.504Z,,,,1959,-185,3543,151,95,59,,,,0.180663601,-0.086608663,0.8578469157218933,0.4730822741985321,,,
2026-03-06T22:25:47.464Z,,,,299,-703,4169,22,-69,0,,,,0.15692098438739777,-0.077453412,0.8590065836906433,0.4810168445110321,,,
2026-03-06T22:25:47.424Z,,,,1354,-124,3819,205,330,99,,,,0.17602494359016418,-0.079528607,0.8504006266593933,0.4892565608024597,,,
2026-03-06T22:25:47.384Z,,,,2086,350,3687,101,-3,-47,,,,0.16607622802257538,-0.073974423,0.8522927165031433,0.4904162287712097,,,
2026-03-06T22:25:47.344Z,,,,497,-929,4135,38,172,-197,,,,0.1846919059753418,-0.081847936,0.8463113307952881,0.4927965998649597,,,
2026-03-06T22:25:47.304Z,,,,1215,-163,3866,161,27,-527,,,,0.11431855708360672,-0.065002277,0.8300149440765381,0.5418687462806702,,,
2026-03-06T22:25:47.264Z,,,,2651,263,3539,-320,1147,-545,,,,0.097961172,-0.072265439,0.8202493786811829,0.5588364601135254,,,
2026-03-06T22:25:47.224Z,,,,584,-108,4203,110,-1455,168,,,,0.024963315576314926,-0.054748394,0.8088968396186829,0.5847763419151306,,,
2026-03-06T22:25:47.184Z,,,,1558,50,3786,87,-748,-5,,,,-0.00903318,-0.048827998,0.7972391843795776,0.6015609502792358,,,
2026-03-06T22:25:47.144Z,,,,2253,353,3772,21,517,40,,,,-0.021423286,-0.045532111,0.7825907468795776,0.6204817891120911,,,
2026-03-06T22:25:47.104Z,,,,1016,-67,3961,414,-1263,-36,,,,-0.044189341,-0.032653727,0.7561625838279724,0.6520369052886963,,,
2026-03-06T22:25:47.064Z,,,,1061,149,4083,-71,930,174,,,,-0.062316734,-0.01806636,0.726194441,0.6843244433403015,,,
2026-03-06T22:25:47.024Z,,,,1662,295,3245,528,-753,90,,,,-0.066100903,-0.015075645,0.718626082,0.6920148134231567,,,
2026-03-06T22:25:46.984Z,,,,1828,185,3865,37,-613,-21,,,,-0.067077465,0.012939419597387314,0.7089825868606567,0.7018414735794067,,,
2026-03-06T22:25:46.944Z,,,,1685,632,4031,-64,992,139,,,,-0.078857221,0.055053569,0.6945172548294067,0.712949812,,,
2026-03-06T22:25:46.904Z,,,,1282,321,3839,-91,-1257,89,,,,-0.04235829,0.077331342,0.6851789355278015,0.722959578,,,
2026-03-06T22:25:46.864Z,,,,1153,391,3885,547,-326,557,,,,-0.031188885,0.11071749031543732,0.6481916904449463,0.7526836395263672,,,
2026-03-06T22:25:46.824Z,,,,1567,412,3846,295,-689,390,,,,-0.016967731,0.12969937920570374,0.6247542500495911,0.7697123885154724,,,
2026-03-06T22:25:46.784Z,,,,606,507,4361,509,-1112,575,,,,0.02893059,0.10119602829217911,0.44134408235549927,0.8911110162734985,,,
2026-03-06T22:25:46.744Z,,,,498,832,4267,372,-520,701,,,,0.026061944663524628,0.081359655,0.364989311,0.927060604,,,
2026-03-06T22:25:46.704Z,,,,441,524,4019,-5,-401,728,,,,0.010498019866645336,0.082153112,0.33984288573265076,0.936765194,,,
2026-03-06T22:25:46.664Z,,,,398,302,4060,49,-427,618,,,,-0.02246088,0.11181612312793732,0.2850944697856903,0.9516577124595642,,,
2026-03-06T22:25:46.624Z,,,,505,171,3959,26,-185,692,,,,-0.046447635,0.14605675637722015,0.21581976115703583,0.9642919898033142,,,
2026-03-06T22:25:46.584Z,,,,485,266,4033,-303,-392,499,,,,-0.075256154,0.15850789844989777,0.15197715163230896,0.9726537466049194,,,
2026-03-06T22:25:46.544Z,,,,750,12,4039,-572,-742,275,,,,-0.073791318,0.14678917825222015,0.11560028791427612,0.9795507192611694,,,
2026-03-06T22:25:46.504Z,,,,884,26,3967,-1177,33,389,,,,-0.059203949,0.14038050174713135,0.086181417,0.9844945669174194,,,
2026-03-06T22:25:46.464Z,,,,336,38,4135,-1259,324,556,,,,-0.037353419,0.13995325565338135,0.076965138,0.9863866567611694,,,
2026-03-06T22:25:46.424Z,,,,597,133,4158,-652,-346,953,,,,-0.01757808,0.14819298684597015,0.074340627,0.9859594106674194,,,
2026-03-06T22:25:46.384Z,,,,1585,126,3737,-778,138,904,,,,0.00585936,0.15759237110614777,0.082885526,0.9839452505111694,,,
2026-03-06T22:25:46.344Z,,,,2133,289,3883,0,630,1157,,,,0.038940329,0.14123499393463135,0.079040326,0.9860204458236694,,,
2026-03-06T22:25:46.304Z,,,,1190,121,3925,300,32,1046,,,,0.036071684,0.12976041436195374,0.067321606,0.9885838627815247,,,
2026-03-06T22:25:46.264Z,,,,1089,222,4309,427,-334,995,,,,0.006042465,0.14709435403347015,0.057494968,0.9873632192611694,,,
2026-03-06T22:25:46.224Z,,,,1442,76,3776,457,-657,1083,,,,0.00439452,0.15875203907489777,0.057861179,0.9855931997299194,,,
2026-03-06T22:25:46.184Z,,,,482,-54,4480,261,-680,1274,,,,-0.03625479,0.13299526274204254,-0.011047335,0.9903538823127747,,,
2026-03-06T22:25:46.144Z,,,,1643,265,3797,186,158,689,,,,-0.033019934,0.12402311712503433,-0.02416986,0.9913914799690247,,,
2026-03-06T22:25:46.104Z,,,,1086,182,3952,-293,211,497,,,,-0.031677164,0.11273164302110672,-0.038879294,0.9923070073127747,,,
2026-03-06T22:25:46.064Z,,,,2438,425,3589,-417,104,240,,,,-0.029357836,0.10272190719842911,-0.045898318,0.9931614995002747,,,
2026-03-06T22:25:46.024Z,,,,1240,391,4241,-581,-132,-111,,,,-0.03356925,0.091369398,-0.02832024,0.9948094487190247,,,
2026-03-06T22:25:45.984Z,,,,1495,1,3873,-396,-352,-98,,,,0.01501461,0.085571073,0.021240180358290672,0.9959691166877747,,,
2026-03-06T22:25:45.944Z,,,,153,-558,4183,-274,231,-307,,,,0.070495427,0.07861308,0.037597559,0.9936497807502747,,,
2026-03-06T22:25:45.904Z,,,,-231,-844,3546,-23,174,183,,,,0.050475943833589554,0.050842154771089554,0.059631195,0.9956029057502747,,,
2026-03-06T22:25:45.864Z,,,,207,-440,3990,196,0,233,,,,0.043151743710041046,0.005065905,0.059631195,0.9972508549690247,,,
2026-03-06T22:25:45.824Z,,,,-5,-578,3980,371,-362,-18,,,,0.016113240271806717,-0.031738199,0.042480360716581345,0.9984105229377747,,,
2026-03-06T22:25:45.784Z,,,,-86,-601,3965,-8,-100,66,,,,0.011352510191500187,-0.041870009,0.044128306210041046,0.9980443120002747,,,
2026-03-06T22:25:45.744Z,,,,40,-1031,4056,-130,324,419,,,,0.012756315059959888,-0.051574577,0.051940783858299255,0.9971898198127747,,,
2026-03-06T22:25:45.704Z,,,,93,-187,4143,-109,309,405,,,,0.019714305,-0.097655997,0.074584767,0.9921849370002747,,,
2026-03-06T22:25:45.664Z,,,,-695,-547,3697,-83,348,315,,,,0.029846115,-0.129516274,0.10620089620351791,0.9854100942611694,,,
2026-03-06T22:25:45.624Z,,,,-249,803,4294,-106,414,-78,,,,0.028015064,-0.120116882,0.13098110258579254,0.9836400747299194,,,
2026-03-06T22:25:45.584Z,,,,-1325,463,3773,-331,-150,-756,,,,0.055724956,-0.191100582,0.14813195168972015,0.9686864614486694,,,
2026-03-06T22:25:45.544Z,,,,-1640,1160,3747,-837,714,-270,,,,0.061950523406267166,-0.180358425,0.15020713210105896,0.9700292348861694,,,
2026-03-06T22:25:45.504Z,,,,-181,432,4073,418,432,-787,,,,0.061523281037807465,-0.185058117,0.14581261575222015,0.9698461294174194,,,
2026-03-06T22:25:45.464Z,,,,-119,643,4245,433,1496,-112,,,,0.060302582,-0.189330563,0.14611779153347015,0.9690526723861694,,,
2026-03-06T22:25:45.424Z,,,,-168,350,4186,288,965,231,,,,0.060729824006557465,-0.174254924,0.16314655542373657,0.9691747426986694,,,
2026-03-06T22:25:45.384Z,,,,-624,254,3942,357,302,57,,,,0.055847026,-0.173217326,0.15728719532489777,0.9705785512924194,,,
2026-03-06T22:25:45.344Z,,,,-1122,-337,3570,-62,365,-204,,,,0.056274269,-0.177001506,0.15338096022605896,0.9705175161361694,,,
2026-03-06T22:25:45.304Z,,,,-1467,-363,3598,-134,387,-374,,,,0.05822739,-0.176757365,0.15118369460105896,0.9707616567611694,,,
2026-03-06T22:25:45.264Z,,,,-1173,-521,3857,-232,494,-447,,,,0.053222518,-0.171691447,0.14862021803855896,0.9723485708236694,,,
2026-03-06T22:25:45.224Z,,,,-1007,-547,3972,-20,187,-298,,,,0.050292838364839554,-0.165954158,0.15118369460105896,0.9731420278549194,,,
2026-03-06T22:25:45.184Z,,,,-557,-495,3989,-550,1731,-447,,,,0.047668334,-0.169799373,0.15130576491355896,0.9725927114486694,,,
2026-03-06T22:25:45.144Z,,,,-800,226,3880,-267,1747,-580,,,,0.046996951,-0.173278362,0.14208948612213135,0.9733861684799194,,,
2026-03-06T22:25:45.104Z,,,,-1190,662,3926,37,113,171,,,,0.050964225083589554,-0.179137722,0.14282189309597015,0.9720433950424194,,,
2026-03-06T22:25:45.064Z,,,,-1205,700,3907,87,-268,46,,,,0.059448089,-0.15924032,0.15856893360614777,0.9725316762924194,,,
2026-03-06T22:25:45.024Z,,,,-864,626,3940,-133,304,-34,,,,0.05529771,-0.152343363,0.15759237110614777,0.9740575551986694,,,
2026-03-06T22:25:44.984Z,,,,-725,102,3810,-2,54,52,,,,0.051696643233299255,-0.13568081,0.15777547657489777,0.9766820669174194,,,
2026-03-06T22:25:44.944Z,,,,-1489,766,3824,210,-207,3,,,,0.049926631,-0.120605163,0.16082721948623657,0.9782689809799194,,,
2026-03-06T22:25:44.904Z,,,,-1294,-456,3670,-123,173,316,,,,0.0537108,-0.123962082,0.1972651183605194,0.9709447622299194,,,
2026-03-06T22:25:44.864Z,,,,-1062,-220,3888,131,-349,0,,,,0.056030128,-0.132751122,0.23577819764614105,0.9609960913658142,,,
2026-03-06T22:25:44.824Z,,,,-728,-196,3907,70,-37,-20,,,,0.058410496,-0.134338036,0.25823909044265747,0.9548925757408142,,,
2026-03-06T22:25:44.784Z,,,,-770,-242,4192,17,-196,-63,,,,0.058776706,-0.129150063,0.2953483760356903,0.9447607398033142,,,
2026-03-06T22:25:44.744Z,,,,-310,-949,3856,-39,150,167,,,,0.04064931,-0.118591003,0.2985221743583679,0.9461035132408142,,,
2026-03-06T22:25:44.704Z,,,,-97,-484,4430,-245,452,61,,,,0.034850985,-0.121947929,0.3077995181083679,0.9429296851158142,,,
2026-03-06T22:25:44.664Z,,,,-1255,1683,3469,-232,663,16,,,,0.0195312,-0.100463606,0.32885658740997314,0.938779354,,,
2026-03-06T22:25:44.624Z,,,,-945,838,4274,100,-532,-36,,,,0.00415038,-0.084167264,0.34173497557640076,0.935971737,,,
2026-03-06T22:25:44.584Z,,,,236,1098,4042,73,-106,57,,,,-0.035888579,-0.053161483,0.35101228952407837,0.934140682,,,
2026-03-06T22:25:44.544Z,,,,266,128,4458,-39,-866,38,,,,-0.00720213,-0.103576392,0.33703526854515076,0.935727596,,,
2026-03-06T22:25:44.504Z,,,,255,93,4076,-47,262,-241,,,,0.043884165585041046,-0.119201355,0.34527498483657837,0.929807186,,,
2026-03-06T22:25:44.464Z,,,,166,115,3975,184,144,-526,,,,0.047546264,-0.106261931,0.35882476,0.926084042,,,
2026-03-06T22:25:44.424Z,,,,1099,-54,4193,-298,137,-724,,,,0.052123889327049255,-0.109496787,0.362303764,0.924069881,,,
2026-03-06T22:25:44.384Z,,,,1147,309,4205,6,90,-592,,,,0.050842154771089554,-0.112670608,0.364012748,0.923093319,,,
2026-03-06T22:25:44.344Z,,,,-194,-45,3747,66,-172,4,,,,0.052490100264549255,-0.12231414,0.3745718002319336,0.9175391793251038,,,
2026-03-06T22:25:44.304Z,,,,2854,908,3972,186,106,-289,,,,0.05517564,-0.118957214,0.3815297782421112,0.9149757027626038,,,
2026-03-06T22:25:44.264Z,,,,1458,491,3838,97,-697,-603,,,,0.064452961,-0.136962533,0.3836049735546112,0.9109473824501038,,,
2026-03-06T22:25:44.224Z,,,,1767,439,3659,284,-1068,-750,,,,0.10321018099784851,-0.182494655,0.3840932548046112,0.8991065621376038,,,
2026-03-06T22:25:44.184Z,,,,1768,217,3830,304,-421,-367,,,,0.10888644307851791,-0.177794948,0.3889150321483612,0.8973365426063538,,,
2026-03-06T22:25:44.144Z,,,,1491,428,3849,398,657,371,,,,0.11016817390918732,-0.178466335,0.3838491141796112,0.8992286324501038,,,
2026-03-06T22:25:44.104Z,,,,1235,313,3765,-961,1853,419,,,,0.11138887703418732,-0.179198757,0.3800649344921112,0.9005103707313538,,,
2026-03-06T22:25:44.064Z,,,,1416,181,4035,-193,-263,-319,,,,0.11273164302110672,-0.17669633,0.3781728446483612,0.9016090035438538,,,
2026-03-06T22:25:44.024Z,,,,1771,578,3861,-288,-185,-259,,,,0.10119602829217911,-0.154601648,0.3774404525756836,0.9073463082313538,,,
2026-03-06T22:25:43.984Z,,,,1596,362,3738,-16,458,-26,,,,0.10839816182851791,-0.156005457,0.3775625228881836,0.9062476754188538,,,
2026-03-06T22:25:43.944Z,,,,1384,335,3861,-31,-53,-120,,,,0.11181612312793732,-0.170531794,0.3761587142944336,0.9038062691688538,,,
2026-03-06T22:25:43.904Z,,,,1809,497,3689,71,32,-88,,,,0.11181612312793732,-0.163695872,0.3770742416381836,0.9046607613563538,,,
2026-03-06T22:25:43.864Z,,,,1344,286,3880,-279,-105,-152,,,,0.11389131098985672,-0.166503474,0.3760366439819336,0.9043555855751038,,,
2026-03-06T22:25:43.824Z,,,,1672,494,3891,-189,2094,98,,,,0.11846893280744553,-0.166076228,0.3709707260131836,0.9058814644813538,,,
2026-03-06T22:25:43.784Z,,,,1472,580,3862,-292,-544,-45,,,,0.11340302973985672,-0.153075784,0.3749380111694336,0.9072242379188538,,,
2026-03-06T22:25:43.744Z,,,,1617,434,3604,-125,413,67,,,,0.10967989265918732,-0.144042596,0.3734121322631836,0.9097877144813538,,,
2026-03-06T22:25:43.704Z,,,,1283,376,4156,67,33,180,,,,0.11468476802110672,-0.144775018,0.3748159408569336,0.9084449410438538,,,
2026-03-06T22:25:43.664Z,,,,694,325,3923,-4,-177,121,,,,0.11138887703418732,-0.152160257,0.3763418197631836,0.9070411324501038,,,
2026-03-06T22:25:43.624Z,,,,1136,466,3851,-173,-309,-38,,,,0.10485813021659851,-0.145690545,0.3795156180858612,0.9075294137001038,,,
2026-03-06T22:25:43.584Z,,,,1291,421,3926,-58,-1341,115,,,,0.11175508797168732,-0.152221292,0.3776235580444336,0.9064307808876038,,,
2026-03-06T22:25:43.544Z,,,,1092,461,3844,-65,663,85,,,,0.11181612312793732,-0.152282327,0.3785390555858612,0.9060645699501038,,,
2026-03-06T22:25:43.504Z,,,,1283,429,4006,-83,-247,68,,,,0.11633270978927612,-0.149413675,0.3835439383983612,0.9038673043251038,,,
2026-03-06T22:25:43.464Z,,,,1039,86,3887,-15,27,54,,,,0.12249724566936493,-0.152587503,0.3884267508983612,0.9003883004188538,,,
2026-03-06T22:25:43.424Z,,,,1580,162,3852,77,12,50,,,,0.12408415228128433,-0.153686136,0.3971547484397888,0.8961768746376038,,,
2026-03-06T22:25:43.384Z,,,,723,163,4196,-13,-441,-59,,,,0.12652555108070374,-0.142943963,0.40161028504371643,0.8956275582313538,,,
2026-03-06T22:25:43.344Z,,,,577,-70,3959,-43,-206,43,,,,0.12487760931253433,-0.136108056,0.40716448426246643,0.8944069147109985,,,
2026-03-06T22:25:43.304Z,,,,-640,-504,4275,-145,77,-31,,,,0.12182585895061493,-0.100768782,0.43694955110549927,0.8854347467422485,,,
2026-03-06T22:25:43.264Z,,,,1193,-345,3598,98,525,-82,,,,0.12353484332561493,-0.101623274,0.4486682713031769,0.8792091608047485,,,
2026-03-06T22:25:43.224Z,,,,1281,324,4084,39,-362,12,,,,0.11944549530744553,-0.093810797,0.4578845798969269,0.8758522272109985,,,
2026-03-06T22:25:43.184Z,,,,782,388,4003,-202,-127,138,,,,0.11169405281543732,-0.076415822,0.5641465187072754,0.8144510388374329,,,
2026-03-06T22:25:43.144Z,,,,1144,323,3890,-4,-10,-17,,,,0.11376924067735672,-0.080627233,0.5703110098838806,0.8094461560249329,,,
2026-03-06T22:25:43.104Z,,,,1094,84,4019,-119,-25,-21,,,,0.11535614728927612,-0.076110646,0.5807480216026306,0.8021830320358276,,,
2026-03-06T22:25:43.064Z,,,,1240,160,3904,-77,-32,-65,,,,0.11596649885177612,-0.071594052,0.5899032950401306,0.7958353757858276,,,
2026-03-06T22:25:43.024Z,,,,522,335,3779,-77,204,-171,,,,0.10998506844043732,-0.056335304,0.6016830205917358,0.7890604734420776,,,
2026-03-06T22:25:42.984Z,,,,445,242,4335,116,-356,-147,,,,0.10967989265918732,-0.054260116,0.6025375127792358,0.7886332273483276,,,
2026-03-06T22:25:42.944Z,,,,1737,543,3699,35,-296,7,,,,0.1000363677740097,-0.045593146,0.6082137823104858,0.7860697507858276,,,
2026-03-06T22:25:42.904Z,,,,1580,749,3159,-131,-16,-191,,,,0.10314915329217911,-0.028137134,0.6247542500495911,0.7733744978904724,,,
2026-03-06T22:25:42.864Z,,,,1844,383,3677,-273,-192,-572,,,,0.099670157,-0.00341796,0.6305525898933411,0.7696513533592224,,,
2026-03-06T22:25:42.824Z,,,,1974,311,3524,-12,-319,-286,,,,0.093993902,0.00830076,0.6339095234870911,0.7675761580467224,,,
2026-03-06T22:25:42.784Z,,,,1826,711,3524,-13,-282,-504,,,,0.097289793,0.03478995,0.6419661045074463,0.7596415877342224,,,
2026-03-06T22:25:42.744Z,,,,1366,-60,4446,49,63,-545,,,,0.10967989265918732,0.043090708553791046,0.6483747959136963,0.7520732879638672,,,
2026-03-06T22:25:42.704Z,,,,1368,551,3771,-126,41,-153,,,,0.10290501266717911,0.068359196,0.6874371767044067,0.715574324,,,
2026-03-06T22:25:42.664Z,,,,2120,240,3805,-185,-121,-406,,,,0.086486593,0.088500753,0.722410262,0.6801740527153015,,,
2026-03-06T22:25:42.624Z,,,,1525,499,3785,-87,-110,-223,,,,0.049499385,0.087951437,0.7578105330467224,0.6445295810699463,,,
2026-03-06T22:25:42.584Z,,,,1740,602,3797,-54,-60,0,,,,0.025024350732564926,0.079894818,0.7726420760154724,0.6292098164558411,,,
2026-03-06T22:25:42.544Z,,,,2069,543,3432,45,-382,-106,,,,-0.041137591,0.07275372,0.8003519773483276,0.5936263799667358,,,
2026-03-06T22:25:42.504Z,,,,1596,459,3808,-93,201,-116,,,,-0.142028451,0.087585226,0.8306863307952881,0.5310655236244202,,,
2026-03-06T22:25:42.464Z,,,,1105,365,3819,-362,-911,-429,,,,-0.13964808,0.071288876,0.8546120524406433,0.49493280053138733,,,
2026-03-06T22:25:42.424Z,,,,1213,871,4193,-263,-360,-28,,,,-0.148254022,0.048522826,0.8896461725234985,0.42901501059532166,,,
2026-03-06T22:25:42.384Z,,,,1733,468,3504,-492,-581,-288,,,,-0.163634837,0.006774885,0.940244198,0.2983390688896179,,,
2026-03-06T22:25:42.344Z,,,,1501,125,3581,-518,-94,-239,,,,-0.165343821,0.003845205,0.9459814429283142,0.2787468433380127,,,
2026-03-06T22:25:42.304Z,,,,1551,415,3976,-304,-463,-639,,,,-0.181334987,-0.010559055,0.9515966773033142,0.24761898815631866,,,
2026-03-06T22:25:42.264Z,,,,1551,339,3817,-176,-513,-773,,,,-0.199523419,-0.01318356,0.9544653296470642,0.22125187516212463,,,
2026-03-06T22:25:42.224Z,,,,1542,446,3828,93,-364,-413,,,,-0.226073638,-0.016479449,0.9509252905845642,0.21057075262069702,,,
2026-03-06T22:25:42.184Z,,,,1568,631,3866,607,-472,-495,,,,-0.226989165,-0.015319785,0.9522070288658142,0.20349068939685822,,,
2026-03-06T22:25:42.144Z,,,,1614,568,3885,777,-316,-444,,,,-0.226134673,-0.015197715,0.9545873999595642,0.1931757777929306,,,
2026-03-06T22:25:42.104Z,,,,1619,524,3686,916,-1438,-926,,,,-0.226500884,-0.01330563,0.9544653296470642,0.1935419887304306,,,
2026-03-06T22:25:42.064Z,,,,1674,415,3687,518,79,-804,,,,-0.229247466,-0.013610805,0.9544653296470642,0.1903071254491806,,,
2026-03-06T22:25:42.024Z,,,,692,873,3932,466,-62,-1179,,,,-0.234435439,-0.014221155,0.9544653296470642,0.1836543083190918,,,
2026-03-06T22:25:41.984Z,,,,1579,491,4025,726,70,-1445,,,,-0.236937866,-0.018432571,0.9549536108970642,0.177428737,,,
2026-03-06T22:25:41.944Z,,,,1135,602,3965,324,150,-850,,,,-0.239867553,-0.017211869,0.9565405249595642,0.16448932886123657,,,
2026-03-06T22:25:41.904Z,,,,917,644,3876,337,-173,-693,,,,-0.23651062,-0.00720213,0.9569067358970642,0.16796831786632538,,,
2026-03-06T22:25:41.864Z,,,,1307,343,3909,602,-244,-656,,,,-0.23852478,-0.005676255,0.9540991187095642,0.180663601,,,
2026-03-06T22:25:41.824Z,,,,1158,498,3904,237,-590,-678,,,,-0.239867553,-0.004455555,0.9534887671470642,0.182250515,,,
2026-03-06T22:25:41.784Z,,,,1141,617,3960,-15,-18,-23,,,,-0.24261412,0,0.9520239233970642,0.1862177848815918,,,
2026-03-06T22:25:41.744Z,,,,896,582,3961,20,3,-78,,,,-0.24261412,-0.000793455,0.9519628882408142,0.1864619255065918,,,
2026-03-06T22:25:41.704Z,,,,1168,628,3892,-39,-96,-49,,,,-0.240233764,0.00463866,0.9522680640220642,0.1879878044128418,,,
2026-03-06T22:25:41.664Z,,,,615,322,4094,-2,-53,-68,,,,-0.235228896,0.0036621,0.9526342749595642,0.1925654262304306,,,
2026-03-06T22:25:41.624Z,,,,790,771,3984,14,-58,-64,,,,-0.235839233,0.00512694,0.9519628882408142,0.1951288878917694,,,
2026-03-06T22:25:41.584Z,,,,387,882,3919,177,-15,-112,,,,-0.23480165,0.0048828,0.9524511694908142,0.1937861293554306,,,
2026-03-06T22:25:41.544Z,,,,634,87,4350,109,-100,-149,,,,-0.232970595,0.004333485,0.9528784155845642,0.1940302699804306,,,
2026-03-06T22:25:41.504Z,,,,64,1265,3807,859,421,33,,,,-0.227355376,0.00378417,0.9536718726158142,0.1967158019542694,,,
2026-03-06T22:25:41.464Z,,,,766,1264,3787,-291,-92,576,,,,-0.229369536,0.001647945,0.9527563452720642,0.1988520324230194,,,
2026-03-06T22:25:41.424Z,,,,622,1253,3667,-41,-55,26,,,,-0.230407119,0.00061035,0.9523290991783142,0.1996454894542694,,,
2026-03-06T22:25:41.384Z,,,,167,1422,3876,6,-42,36,,,,-0.231505752,0.00402831,0.9518408179283142,0.20086617767810822,,,
2026-03-06T22:25:41.344Z,,,,144,1259,4020,2,14,9,,,,-0.231627822,0.0085449,0.9508032202720642,0.20532174408435822,,,
2026-03-06T22:25:41.304Z,,,,48,983,4060,-5,22,21,,,,-0.22882022,-0.00207519,0.9510473608970642,0.20764106512069702,,,
2026-03-06T22:25:41.264Z,,,,-269,728,4121,-359,86,-22,,,,-0.23480165,0.00146484,0.9515356421470642,0.1985468566417694,,,
2026-03-06T22:25:41.224Z,,,,-2105,-192,3365,-47,-19,59,,,,-0.243346542,0.001647945,0.9464086890220642,0.21215766668319702,,,
2026-03-06T22:25:41.184Z,,,,-885,-254,4167,-44,5,48,,,,-0.24053894,0.00683592,0.9456152319908142,0.21868839859962463,,,
2026-03-06T22:25:41.144Z,,,,-1052,-161,3813,-17,42,29,,,,-0.228392974,0.00756834,0.9452490210533142,0.23266541957855225,,,
2026-03-06T22:25:41.104Z,,,,-1035,-319,3887,-14,67,8,,,,-0.22332707,0.00744627,0.9483007788658142,0.22521914541721344,,,
2026-03-06T22:25:41.064Z,,,,-1078,-151,3859,-16,124,30,,,,-0.216979429,0.019164991,0.9511083960533142,0.21887150406837463,,,
2026-03-06T22:25:41.024Z,,,,-1382,-692,4009,44,-19,33,,,,-0.23077333,0.020324655,0.9463476538658142,0.22497500479221344,,,
2026-03-06T22:25:40.984Z,,,,-1865,-154,3626,-3,-49,33,,,,-0.23101747,0.0195312,0.9474462866783142,0.22027531266212463,,,
2026-03-06T22:25:40.944Z,,,,-1651,-510,3795,-170,-54,65,,,,-0.229186431,0.022216739133000374,0.9500097632408142,0.21057075262069702,,,
2026-03-06T22:25:40.904Z,,,,-1628,-434,3720,53,21,82,,,,-0.242553085,0.002014155,0.9656957387924194,0.092284918,,,
2026-03-06T22:25:40.864Z,,,,-1496,-409,3710,203,75,64,,,,-0.255919755,0.01025388,0.9659398794174194,0.035644438,,,
2026-03-06T22:25:40.824Z,,,,-1507,-378,3526,-37,-106,113,,,,0.24108825623989105,-0.043395884,-0.969296813,0.02038569,,,
2026-03-06T22:25:40.784Z,,,,-1763,-493,3776,-203,22,225,,,,0.23620544373989105,-0.040038958,-0.970517516,0.025329524651169777,,,
2026-03-06T22:25:40.744Z,,,,-1737,-372,3687,-465,77,185,,,,0.23889099061489105,-0.031616129,-0.969846129,0.035644438,,,
2026-03-06T22:25:40.704Z,,,,-1693,-571,3620,-5,203,-182,,,,0.25042659044265747,-0.00927732,-0.967099547,0.042785536497831345,,,
2026-03-06T22:25:40.664Z,,,,-2022,64,3881,-417,132,-261,,,,0.21807804703712463,0.080322057,-0.947812498,0.21801702678203583,,,
2026-03-06T22:25:40.624Z,,,,-1041,-1579,3662,-76,-160,119,,,,0.22088566422462463,0.093078375,-0.927731991,0.2859489619731903,,,
2026-03-06T22:25:40.584Z,,,,-1671,-325,3606,-20,-19,96,,,,0.25060969591140747,0.086181417,-0.894284844,0.360411674,,,
2026-03-06T22:25:40.544Z,,,,-1769,-341,3661,-96,21,-93,,,,0.21227972209453583,0.041992079466581345,-0.889829278,0.40161028504371643,,,
2026-03-06T22:25:40.504Z,,,,-1767,-263,3642,-44,168,-492,,,,0.21466009318828583,0.084106229,-0.865842521,0.44390755891799927,,,
2026-03-06T22:25:40.464Z,,,,-1783,-425,3564,231,-462,-1636,,,,0.1947626918554306,0.16271930932998657,-0.841733694,0.4763781726360321,,,
2026-03-06T22:25:40.424Z,,,,-1857,38,3727,30,47,-1126,,,,0.15801961719989777,0.14868125319480896,-0.789976001,0.5733627676963806,,,
2026-03-06T22:25:40.384Z,,,,-1817,-293,3687,136,56,-107,,,,0.17437699437141418,0.11926238983869553,-0.680723369,0.7012921571731567,,,
2026-03-06T22:25:40.344Z,,,,-1874,-273,3662,281,-45,-188,,,,0.16210895776748657,0.12738004326820374,-0.717588484,0.6651594042778015,,,
2026-03-06T22:25:40.304Z,,,,-1836,-266,3666,713,-114,-30,,,,0.10839816182851791,0.15393027663230896,-0.760190904,0.6217635273933411,,,
2026-03-06T22:25:40.264Z,,,,-1795,-301,3666,258,-875,-85,,,,0.10577365756034851,0.13940393924713135,-0.768796861,0.6149886846542358,,,
2026-03-06T22:25:40.224Z,,,,-1717,-254,3796,1272,231,-1810,,,,0.1002805083990097,0.12133757770061493,-0.775693834,0.6110824346542358,,,
2026-03-06T22:25:40.184Z,,,,-1767,-272,3677,801,-669,-2432,,,,0.16961626708507538,0.1895747035741806,-0.578062475,0.7752665877342224,,,
2026-03-06T22:25:40.144Z,,,,-1708,-419,3735,-550,860,-382,,,,0.15576131641864777,0.16790728271007538,-0.594419837,0.7707499861717224,,,
2026-03-06T22:25:40.104Z,,,,-1739,-238,3554,672,242,-472,,,,0.13842737674713135,0.13897669315338135,-0.602110267,0.7739238142967224,,,
2026-03-06T22:25:40.064Z,,,,-1892,71,3746,1185,-1319,-230,,,,0.10662814229726791,0.12420622259378433,-0.614012122,0.7720927596092224,,,
2026-03-06T22:25:40.024Z,,,,-1595,-783,3637,1992,815,-1024,,,,0.12670865654945374,0.14208948612213135,-0.622556984,0.7589702010154724,,,
2026-03-06T22:25:39.984Z,,,,-1796,-195,3760,-80,437,-1895,,,,0.051818713545799255,0.20666450262069702,-0.65777421,0.722349226,,,
2026-03-06T22:25:39.944Z,,,,-1946,-496,3579,-71,538,214,,,,0.056396339,0.180785671,-0.698972821,0.6895734071731567,,,
2026-03-06T22:25:39.904Z,,,,-1937,-420,3616,594,-302,1051,,,,0.080810338,0.16082721948623657,-0.73138243,0.6576521396636963,,,
2026-03-06T22:25:39.864Z,,,,-1631,-706,3662,-366,293,312,,,,0.17364457249641418,0.17559769749641418,-0.812619984,0.5277696251869202,,,
2026-03-06T22:25:39.824Z,,,,-1833,-451,3480,-447,476,218,,,,0.17175248265266418,0.12750211358070374,-0.852170646,0.4774157702922821,,,
2026-03-06T22:25:39.784Z,,,,-1484,395,3926,-142,501,58,,,,0.17376664280891418,0.10400363802909851,-0.885312676,0.41845595836639404,,,
2026-03-06T22:25:39.744Z,,,,-1784,-268,3615,-351,295,80,,,,0.17437699437141418,0.068542302,-0.933652401,0.3051750063896179,,,
2026-03-06T22:25:39.704Z,,,,-1690,-238,3693,-245,787,195,,,,0.1970209777355194,0.045959353,-0.964230955,0.17114214599132538,,,
2026-03-06T22:25:39.664Z,,,,-1668,-166,3877,122,949,112,,,,0.21417181193828583,0.05822739,-0.972409606,0.071655087,,,
2026-03-06T22:25:39.624Z,,,,-1608,-712,3522,426,1122,408,,,,0.24304136633872986,0.059020843,-0.968137145,0.005920395,,,
2026-03-06T22:25:39.584Z,,,,-2136,604,3628,286,-1184,226,,,,-0.246825546,-0.052856311,0.9674047231674194,0.018371535,,,
2026-03-06T22:25:39.544Z,,,,-1890,805,3487,-508,493,1617,,,,-0.248412445,-0.04357899,0.9669774770736694,0.035461336,,,
2026-03-06T22:25:39.504Z,,,,-1438,852,3647,-1183,124,1420,,,,-0.249083832,-0.068969548,0.9645361304283142,0.052123889327049255,,,
2026-03-06T22:25:39.464Z,,,,-1607,902,3905,-1387,-460,1011,,,,-0.261962205,-0.044616584,0.9631323218345642,0.041503798216581345,,,
2026-03-06T22:25:39.424Z,,,,-1087,119,3908,-1944,894,1611,,,,0.24932797253131866,0.065551586,-0.965573668,0.033203039318323135,,,
2026-03-06T22:25:39.384Z,,,,-1555,12,3926,-1132,291,1959,,,,0.1972651183605194,0.028381275,-0.97802484,0.060180511,,,
2026-03-06T22:25:39.344Z,,,,-1053,328,3696,-1041,118,1994,,,,0.16686968505382538,0.022827090695500374,-0.982297301,0.081176549,,,
2026-03-06T22:25:39.304Z,,,,-3303,500,3009,-1703,84,1896,,,,0.16955523192882538,0.02050776,-0.981137633,0.09020973,,,
2026-03-06T22:25:39.264Z,,,,-1399,1379,3693,-195,-356,1874,,,,0.17474320530891418,0.016967730596661568,-0.980161071,0.091674566,,,
2026-03-06T22:25:39.224Z,,,,-1518,2467,4891,-476,-205,1019,,,,0.1941523402929306,0.004333485,-0.97601068,0.097961172,,,
2026-03-06T22:25:39.184Z,,,,-2595,-2438,1727,-248,-216,738,,,,0.17291215062141418,-0.007629375,-0.980039001,0.097289793,,,
2026-03-06T22:25:39.144Z,,,,-2089,-192,4013,-653,-58,458,,,,0.15563924610614777,-0.009094215,-0.98357904,0.09020973,,,
2026-03-06T22:25:39.104Z,,,,-1633,582,3982,745,-138,768,,,,0.16119343042373657,-0.049133174,-0.984616637,0.04528797,,,
2026-03-06T22:25:39.064Z,,,,-841,866,3781,-163,-83,47,,,,-0.131286278,0.093749762,0.9821141958236694,0.096618406,,,
2026-03-06T22:25:39.024Z,,,,-1946,-990,3539,5,-17,-58,,,,-0.124877609,0.095397703,0.9769262075424194,0.14434777200222015,,,
2026-03-06T22:25:38.984Z,,,,-1953,-645,3290,-391,181,-689,,,,-0.177367702,0.04785144,0.927793026,0.32464516162872314,,,
2026-03-06T22:25:38.944Z,,,,-1585,-497,3677,138,1015,-140,,,,-0.122375175,0.16467243432998657,0.7752055525779724,0.5973495244979858,,,
2026-03-06T22:25:38.904Z,,,,-2329,1140,3244,-49,-59,-264,,,,-0.107970916,0.15887410938739777,0.7717265486717224,0.6061996221542358,,,
2026-03-06T22:25:38.864Z,,,,-2358,298,3685,-65,-99,-169,,,,-0.107177459,0.15893514454364777,0.7695292830467224,0.6090682744979858,,,
2026-03-06T22:25:38.824Z,,,,-1337,1002,3733,-158,-172,-25,,,,-0.105407447,0.16137653589248657,0.7663554549217224,0.6127303838729858,,,
2026-03-06T22:25:38.784Z,,,,-675,502,4077,-317,70,-145,,,,-0.103759497,0.16436725854873657,0.7627543807029724,0.6166365742683411,,,
2026-03-06T22:25:38.744Z,,,,-1805,2878,4645,-85,1036,137,,,,-0.108459197,0.180846706,0.7494487762451172,0.6275008320808411,,,
2026-03-06T22:25:38.704Z,,,,-1740,-1822,3563,-255,5,320,,,,-0.119567566,0.17260697484016418,0.7501201629638672,0.6269515156745911,,,
2026-03-06T22:25:38.664Z,,,,-1138,-1225,3637,-766,217,760,,,,-0.114318557,0.1840205192565918,0.7554912567138672,0.6181624531745911,,,
2026-03-06T22:25:38.624Z,,,,-1198,-1088,3922,-276,431,1407,,,,-0.106506072,0.20501656830310822,0.7498760223388672,0.6198714375495911,,,
2026-03-06T22:25:38.584Z,,,,-3367,-772,2892,-280,62,1744,,,,-0.103149153,0.20910590887069702,0.7435283660888672,0.6265853047370911,,,
2026-03-06T22:25:38.544Z,,,,-1971,344,3772,1027,1375,1692,,,,-0.092529058,0.21942082047462463,0.72381407,0.6475203037261963,,,
2026-03-06T22:25:38.504Z,,,,-1952,-66,3609,-245,524,256,,,,-0.087646261,0.22027531266212463,0.712949812,0.6598494052886963,,,
2026-03-06T22:25:38.464Z,,,,-1322,-401,3911,-32,14,198,,,,-0.083740018,0.21948185563087463,0.7048932313919067,0.6692487597465515,,,
2026-03-06T22:25:38.424Z,,,,-1186,-531,3465,-96,-1,75,,,,-0.04785144,0.21136420965194702,0.6608259677886963,0.718504012,,,
2026-03-06T22:25:38.384Z,,,,-2320,-595,4106,-91,-9,99,,,,-0.056396339,0.20233102142810822,0.6692487597465515,0.712705672,,,
2026-03-06T22:25:38.344Z,,,,-2568,-988,3206,-108,-86,173,,,,-0.054382186,0.20495553314685822,0.6696760058403015,0.711668074,,,
2026-03-06T22:25:38.304Z,,,,-2278,-905,3311,516,-110,209,,,,-0.054443222,0.20611520111560822,0.6677228808403015,0.713132918,,,
2026-03-06T22:25:38.264Z,,,,-2224,-10,3408,-155,-134,-392,,,,-0.057739109,0.20446725189685822,0.6682721972465515,0.712888777,,,
2026-03-06T22:25:38.224Z,,,,-1997,-1929,3201,-196,-90,-332,,,,-0.057250831,0.20538277924060822,0.6716901659965515,0.709409773,,,
2026-03-06T22:25:38.184Z,,,,-2156,-443,3421,-338,100,434,,,,-0.060912929,0.20873969793319702,0.6703473925590515,0.709409773,,,
2026-03-06T22:25:38.144Z,,,,-1983,-901,3202,-386,27,428,,,,-0.068237133,0.20849555730819702,0.6698591113090515,0.7092877626419067,,,
2026-03-06T22:25:38.104Z,,,,-1377,190,3976,-228,86,359,,,,-0.072997861,0.1981196105480194,0.6627180576324463,0.718442976,,,
2026-03-06T22:25:38.064Z,,,,-1309,-68,3930,-148,182,400,,,,-0.096374266,0.20477242767810822,0.6365950703620911,0.7371807098388672,,,
2026-03-06T22:25:38.024Z,,,,-1287,-75,3865,-188,79,399,,,,-0.101440169,0.1931757777929306,0.6176131367683411,0.7555522918701172,,,
2026-03-06T22:25:37.984Z,,,,-1313,-111,3843,256,983,243,,,,-0.103637427,0.1861567497253418,0.6050399541854858,0.7670878767967224,,,
2026-03-06T22:25:37.944Z,,,,-2003,50,3394,-252,-548,-307,,,,-0.104919165,0.182250515,0.6025375127792358,0.7698344588279724,,,
2026-03-06T22:25:37.904Z,,,,-1285,480,4018,-61,-71,48,,,,-0.110778525,0.180053249,0.5914902091026306,0.7780131697654724,,,
2026-03-06T22:25:37.864Z,,,,-1175,-239,4429,153,-40,-19,,,,-0.111571983,0.178283229,0.5859360098838806,0.7825297117233276,,,
2026-03-06T22:25:37.824Z,,,,-1762,574,3648,51,-56,-64,,,,-0.115783393,0.17382767796516418,0.5801376700401306,0.7872294187545776,,,
2026-03-06T22:25:37.784Z,,,,-1059,745,4135,1,-141,-23,,,,-0.118285827,0.181212917,0.5604844093322754,0.7993143796920776,,,
2026-03-06T22:25:37.744Z,,,,-291,972,4019,72,-146,65,,,,-0.11633271,0.1884760856628418,0.5496811866760254,0.8054178357124329,,,
2026-03-06T22:25:37.704Z,,,,-1747,-2011,2856,-16,124,153,,,,-0.121520683,0.16216999292373657,0.5351548790931702,0.8200052380561829,,,
2026-03-06T22:25:37.664Z,,,,-1862,1039,3426,158,-129,290,,,,-0.121642753,0.15331992506980896,0.5348497033119202,0.8218973278999329,,,
2026-03-06T22:25:37.624Z,,,,-978,567,4150,54,295,472,,,,-0.131164208,0.14379845559597015,0.5313706994056702,0.8243997693061829,,,
2026-03-06T22:25:37.584Z,,,,-1341,382,3748,73,-159,375,,,,-0.140380502,0.13311733305454254,0.5277696251869202,0.8270242214202881,,,
2026-03-06T22:25:37.544Z,,,,-1425,422,3852,55,75,270,,,,-0.140380502,0.13391079008579254,0.5245957970619202,0.8288552761077881,,,
2026-03-06T22:25:37.504Z,,,,-1375,454,3919,11,-36,278,,,,-0.134277001,0.13452114164829254,0.5231920480728149,0.8306863307952881,,,
2026-03-06T22:25:37.464Z,,,,-1558,779,3947,13,26,224,,,,-0.132629052,0.14147913455963135,0.5198351144790649,0.8319070339202881,,,
2026-03-06T22:25:37.424Z,,,,-1441,-199,3529,41,49,187,,,,-0.112914748,0.11779754608869553,0.5230089426040649,0.8364846706390381,,,
2026-03-06T22:25:37.384Z,,,,-1709,945,3898,-40,-41,169,,,,-0.117065132,0.11566132307052612,0.5254502892494202,0.8346536159515381,,,
2026-03-06T22:25:37.344Z,,,,-1649,632,3667,-387,-137,443,,,,-0.111266807,0.11193818598985672,0.5325303673744202,0.8314797878265381,,,
2026-03-06T22:25:37.304Z,,,,-1682,720,3676,-44,126,610,,,,-0.108337127,0.10565158724784851,0.5405259728431702,0.8275735378265381,,,
2026-03-06T22:25:37.264Z,,,,-1718,809,3706,713,837,501,,,,-0.091125257,0.11688202619552612,0.5440049767494202,0.8258035182952881,,,
2026-03-06T22:25:37.224Z,,,,-1677,771,3682,176,-14,227,,,,-0.085021757,0.12029998749494553,0.5471787452697754,0.8239114880561829,,,
2026-03-06T22:25:37.184Z,,,,-1606,728,3778,363,169,126,,,,-0.084960721,0.12707486748695374,0.5507798194885254,0.8204324841499329,,,
2026-03-06T22:25:37.144Z,,,,-1180,1238,4293,9,-125,106,,,,-0.088134542,0.14135706424713135,0.5571274757385254,0.8134744763374329,,,
2026-03-06T22:25:37.104Z,,,,-2672,1157,3927,-57,69,46,,,,-0.08435037,0.17456009984016418,0.5636582374572754,0.8028543591499329,,,
2026-03-06T22:25:37.064Z,,,,-1468,702,3794,-33,42,27,,,,-0.073364072,0.16918902099132538,0.5597519874572754,0.8077982068061829,,,
2026-03-06T22:25:37.024Z,,,,-1368,771,3752,-264,-71,96,,,,-0.066284008,0.17315629124641418,0.5468125343322754,0.8164041638374329,,,
2026-03-06T22:25:36.984Z,,,,-1410,631,3854,67,-22,73,,,,-0.040344134,0.179564968,0.5167833566665649,0.8360574245452881,,,
2026-03-06T22:25:36.944Z,,,,-1298,853,3744,-15,53,-69,,,,-0.03503409,0.17590287327766418,0.5076280832290649,0.8426492214202881,,,
2026-03-06T22:25:36.904Z,,,,-1550,789,3756,65,169,-150,,,,-0.005676255,0.13024869561195374,0.4658801555633545,0.8751198053359985,,,
2026-03-06T22:25:36.864Z,,,,-1540,741,3831,-162,102,-210,,,,-0.008850075,0.12145964801311493,0.4585559666156769,0.8802467584609985,,,
2026-03-06T22:25:36.824Z,,,,-1298,619,3893,-216,55,-80,,,,-0.026184015,0.12646451592445374,0.41241350769996643,0.9017310738563538,,,
2026-03-06T22:25:36.784Z,,,,-1524,455,3831,-96,-84,-136,,,,-0.08129862,0.096618406,0.33666905760765076,0.933042049,,,
2026-03-06T22:25:36.744Z,,,,-1759,297,3795,-160,-340,-234,,,,-0.073242001,0.038146876,0.2940666377544403,0.9521459937095642,,,
2026-03-06T22:25:36.704Z,,,,-1518,275,3826,-57,-528,-228,,,,-0.061584316,0.018005325,0.2695305645465851,0.9608129858970642,,,
2026-03-06T22:25:36.664Z,,,,-1399,257,3742,-248,-56,-89,,,,-0.00769041,-0.030090256,0.20635934174060822,0.9779638051986694,,,
2026-03-06T22:25:36.624Z,,,,-1581,118,3789,-319,133,152,,,,0.040710345,-0.091796637,0.17150835692882538,0.9800390005111694,,,
2026-03-06T22:25:36.584Z,,,,-1557,159,3826,-466,55,370,,,,0.051208365708589554,-0.096435301,0.16528278589248657,0.9801610708236694,,,
2026-03-06T22:25:36.544Z,,,,-1502,26,3803,-120,237,371,,,,0.055785991,-0.095702879,0.16088825464248657,0.9807103872299194,,,
2026-03-06T22:25:36.504Z,,,,-1438,96,3632,-487,270,444,,,,0.059142914,-0.101379134,0.12426725775003433,0.9852269887924194,,,
2026-03-06T22:25:36.464Z,,,,-2087,426,3571,-51,448,112,,,,0.094909422,-0.12805143,0.1912226527929306,0.9685033559799194,,,
2026-03-06T22:25:36.424Z,,,,-1238,-514,4194,113,78,633,,,,0.094604246,-0.122863457,0.1982416808605194,0.9677709341049194,,,
2026-03-06T22:25:36.384Z,,,,-1902,675,3942,587,-150,982,,,,0.095336668,-0.116943061,0.20465035736560822,0.9670995473861694,,,
2026-03-06T22:25:36.344Z,,,,-1667,-189,3850,592,320,766,,,,0.094787352,-0.105712622,0.21649114787578583,0.9658788442611694,,,
2026-03-06T22:25:36.304Z,,,,-1505,-462,3756,-122,1048,807,,,,0.092712164,-0.055602886,0.2864372432231903,0.9519628882408142,,,
2026-03-06T22:25:36.264Z,,,,-1412,-420,3830,-217,685,808,,,,0.10967989265918732,0.046813846,0.361388236,0.924680233,,,
2026-03-06T22:25:36.224Z,,,,-1427,-240,3876,-378,193,199,,,,0.11431855708360672,0.062560871,0.3886098563671112,0.9121070504188538,,,
2026-03-06T22:25:36.184Z,,,,-1510,-215,3780,-129,180,124,,,,0.11236543208360672,0.060912929475307465,0.40173235535621643,0.9067359566688538,,,
2026-03-06T22:25:36.144Z,,,,-1151,-192,3923,-128,-21,175,,,,0.053283554,0.070434391,0.4802844226360321,0.8726173639297485,,,
2026-03-06T22:25:36.104Z,,,,-1141,-359,3898,-129,-100,289,,,,-0.05224596,0.1000363677740097,0.5427232384681702,0.8322122097015381,,,
2026-03-06T22:25:36.064Z,,,,-1108,-284,3942,-349,816,-71,,,,-0.109252647,0.087035909,0.5977157354354858,0.7893656492233276,,,
2026-03-06T22:25:36.024Z,,,,-806,-451,3895,-43,-165,-170,,,,-0.114928901,0.084289335,0.6228621602058411,0.7691630721092224,,,
2026-03-06T22:25:35.984Z,,,,-930,90,4151,-63,-163,-108,,,,-0.114379592,0.09020973,0.6385481953620911,0.7556133270263672,,,
2026-03-06T22:25:35.944Z,,,,-676,75,4130,-59,-218,-104,,,,-0.141601205,0.061828453093767166,0.6534407138824463,0.7409648895263672,,,
2026-03-06T22:25:35.904Z,,,,-718,-128,4087,-58,-120,-163,,,,-0.141723275,0.062072593718767166,0.6634504199028015,0.731992781,,,
2026-03-06T22:25:35.864Z,,,,-885,119,3899,-163,-908,-1026,,,,-0.153930277,0.058959808,0.6909772157669067,0.7037335634231567,,,
2026-03-06T22:25:35.824Z,,,,-1460,692,3890,-527,-588,-512,,,,-0.167663142,0.0842283,0.7343120574951172,0.6522810459136963,,,
2026-03-06T22:25:35.784Z,,,,-1237,44,3984,28,-167,-485,,,,-0.165465891,0.087768331,0.730161726,0.6570417881011963,,,
2026-03-06T22:25:35.744Z,,,,-1910,203,3766,145,17,-531,,,,-0.14349328,0.11071749031543732,0.7350444793701172,0.6532576084136963,,,
2026-03-06T22:25:35.704Z,,,,-1437,574,3848,644,-657,-357,,,,-0.135558739,0.11877410858869553,0.7367534637451172,0.6516706943511963,,,
2026-03-06T22:25:35.664Z,,,,-1326,339,3843,661,-1182,-862,,,,-0.132201806,0.12908902764320374,0.7410259246826172,0.6454451084136963,,,
2026-03-06T22:25:35.624Z,,,,-642,1794,4229,381,78,-1154,,,,-0.120361023,0.15728719532489777,0.7481670379638672,0.6331771016120911,,,
2026-03-06T22:25:35.584Z,,,,-286,614,4130,13,-144,-889,,,,-0.110961631,0.179564968,0.7455425262451172,0.6320174336433411,,,
2026-03-06T22:25:35.544Z,,,,-345,877,3771,279,14,-314,,,,-0.102233626,0.177855983,0.7448711395263672,0.6348250508308411,,,
2026-03-06T22:25:35.504Z,,,,-1459,-1175,4001,26,-52,-128,,,,-0.096984617,0.17230179905891418,0.7461528778076172,0.6356795430183411,,,
2026-03-06T22:25:35.464Z,,,,-443,-872,3794,133,-35,-390,,,,-0.095458739,0.17486527562141418,0.7420635223388672,0.6399519443511963,,,
2026-03-06T22:25:35.424Z,,,,-394,-415,3699,-37,11,-331,,,,-0.105529517,0.17077593505382538,0.7410259246826172,0.6406843662261963,,,
2026-03-06T22:25:35.384Z,,,,295,-89,4119,-227,-16,62,,,,-0.117370307,0.17022661864757538,0.7374248504638672,0.6428816318511963,,,
2026-03-06T22:25:35.344Z,,,,969,387,3870,-17,-133,58,,,,-0.119811706,0.17150835692882538,0.725095809,0.6560652256011963,,,
2026-03-06T22:25:35.304Z,,,,838,481,4065,-209,51,31,,,,-0.122253105,0.15862996876239777,0.71386534,0.6709577441215515,,,
2026-03-06T22:25:35.264Z,,,,919,537,3947,-182,-125,-188,,,,-0.127563149,0.15771444141864777,0.7034283876419067,0.6810895800590515,,,
2026-03-06T22:25:35.224Z,,,,597,-103,3863,-396,-77,-320,,,,-0.153869241,0.16686968505382538,0.6610701084136963,0.715086043,,,
2026-03-06T22:25:35.184Z,,,,1249,736,3894,-291,-357,-104,,,,-0.171935588,0.177611843,0.6383040547370911,0.728941023,,,
2026-03-06T22:25:35.144Z,,,,1179,669,3859,-358,61,-6,,,,-0.251036942,0.1954340636730194,0.5707992911338806,0.7568950057029724,,,
2026-03-06T22:25:35.104Z,,,,1128,740,3869,58,106,-16,,,,-0.239379272,0.20074410736560822,0.5618882179260254,0.7658671736717224,,,
2026-03-06T22:25:35.064Z,,,,1150,744,3891,-101,21,79,,,,-0.227538481,0.20617623627185822,0.5578598976135254,0.7709941267967224,,,
2026-03-06T22:25:35.024Z,,,,732,856,3671,7,-88,136,,,,-0.217528746,0.20446725189685822,0.5557236671447754,0.7758769392967224,,,
2026-03-06T22:25:34.984Z,,,,-192,1364,3778,296,-127,233,,,,-0.216185972,0.20538277924060822,0.5543808937072754,0.7769145369529724,,,
2026-03-06T22:25:34.944Z,,,,-90,1228,3961,57,-358,167,,,,-0.214415953,0.2764275074005127,0.5520005226135254,0.7568339705467224,,,
2026-03-06T22:25:34.904Z,,,,37,1247,3892,366,0,569,,,,-0.183654308,0.2934562861919403,0.5530991554260254,0.7576884627342224,,,
2026-03-06T22:25:34.864Z,,,,-76,1047,4013,61,53,420,,,,-0.157775477,0.2966911196708679,0.5451036095619202,0.7680034041404724,,,
2026-03-06T22:25:34.824Z,,,,-1540,524,4292,-199,-369,451,,,,-0.14337121,0.2974845767021179,0.5408921837806702,0.7734965682029724,,,
2026-03-06T22:25:34.784Z,,,,-2062,-541,3912,-567,-129,601,,,,-0.136718392,0.2947990596294403,0.5467514991760254,0.7716044783592224,,,
2026-03-06T22:25:34.744Z,,,,-1312,-550,3744,206,-490,798,,,,-0.137145638,0.2858879268169403,0.5504746437072754,0.7722148299217224,,,
2026-03-06T22:25:34.704Z,,,,-1366,-40,3883,-196,8,287,,,,-0.127135903,0.2622673809528351,0.5374131798744202,0.7912577390670776,,,
2026-03-06T22:25:34.664Z,,,,-974,-642,3778,-562,74,94,,,,-0.135558739,0.25286799669265747,0.49536004662513733,0.8198831677436829,,,
2026-03-06T22:25:34.624Z,,,,-1012,-502,4009,-232,307,125,,,,-0.143859491,0.21392767131328583,0.4884020686149597,0.8336160182952881,,,
2026-03-06T22:25:34.584Z,,,,-1085,-701,3825,-141,17,26,,,,-0.142150521,0.13671839237213135,0.4638659954071045,0.8635842204093933,,,
2026-03-06T22:25:34.544Z,,,,-1338,-338,3889,-112,-114,-22,,,,-0.134887353,0.13446010649204254,0.4520862400531769,0.8713356852531433,,,
2026-03-06T22:25:34.504Z,,,,-1063,-718,3841,-732,17,-319,,,,-0.125732094,0.13281215727329254,0.44280892610549927,0.8776832818984985,,,
2026-03-06T22:25:34.464Z,,,,-1222,-195,3841,-536,65,219,,,,-0.097106688,0.12683072686195374,0.42742809653282166,0.8897682428359985,,,
2026-03-06T22:25:34.424Z,,,,-1158,-292,3867,-757,453,31,,,,-0.086669698,0.14007532596588135,0.43469128012657166,0.8853126764297485,,,
2026-03-06T22:25:34.384Z,,,,-1499,-13,3789,-234,171,-93,,,,-0.077087201,0.13946497440338135,0.43847543001174927,0.8844581842422485,,,
2026-03-06T22:25:34.344Z,,,,-1665,455,3825,71,100,-53,,,,-0.076720998,0.13897669315338135,0.43432506918907166,0.8865944147109985,,,
2026-03-06T22:25:34.304Z,,,,-1859,728,3564,-87,200,93,,,,-0.033935461,0.15045127272605896,0.3727407455444336,0.9149757027626038,,,
2026-03-06T22:25:34.264Z,,,,-1529,513,3746,-66,135,303,,,,-0.042175185,0.13403286039829254,0.33807286620140076,0.930539608,,,
2026-03-06T22:25:34.224Z,,,,-1476,454,3820,646,37,754,,,,-0.043640025,0.13848841190338135,0.31957927346229553,0.936337948,,,
2026-03-06T22:25:34.184Z,,,,-1456,761,3869,807,1368,648,,,,-0.057922214,0.085326932,0.25488215684890747,0.9614233374595642,,,
2026-03-06T22:25:34.144Z,,,,-1460,312,3820,-192,135,384,,,,-0.067260571,0.084716581,0.24786312878131866,0.9627050757408142,,,
2026-03-06T22:25:34.104Z,,,,-1672,-29,3765,-276,154,335,,,,-0.073303036,0.091613531,0.24566587805747986,0.9621557593345642,,,
2026-03-06T22:25:34.064Z,,,,-1674,168,3689,-334,163,361,,,,-0.10778781,0.082214147,0.23467957973480225,0.9625219702720642,,,
2026-03-06T22:25:34.024Z,,,,-1341,323,3950,-112,-111,0,,,,-0.09899877,0.070922673,0.23590026795864105,0.9640478491783142,,,
2026-03-06T22:25:33.984Z,,,,-1256,18,3837,-510,65,-168,,,,-0.095580809,0.064575031,0.23889099061489105,0.9641088843345642,,,
2026-03-06T22:25:33.944Z,,,,-1969,-227,3820,53,76,188,,,,-0.080993444,0.063110188,0.24890072643756866,0.9630102515220642,,,
2026-03-06T22:25:33.904Z,,,,-2055,-609,3530,-548,-327,283,,,,-0.075988576,0.060790859162807465,0.2640374004840851,0.9595312476158142,,,
2026-03-06T22:25:33.864Z,,,,-2211,-899,3177,136,179,683,,,,-0.074340627,0.074950978,0.2785027027130127,0.9545873999595642,,,
2026-03-06T22:25:33.824Z,,,,-2185,-763,3329,-70,-76,709,,,,-0.052123889,0.10589572787284851,0.31011882424354553,0.9432958960533142,,,
2026-03-06T22:25:33.784Z,,,,-2439,-451,3596,15,-125,726,,,,-0.028259205,0.10870333760976791,0.32122719287872314,0.940305233,,,
2026-03-06T22:25:33.744Z,,,,-2019,-427,3576,142,104,284,,,,-0.011047335,0.10327121615409851,0.31109538674354553,0.9446386694908142,,,
2026-03-06T22:25:33.704Z,,,,-1865,-639,3455,224,-355,88,,,,0.00378417,0.098327383,0.2919914424419403,0.9512915015220642,,,
2026-03-06T22:25:33.664Z,,,,-2444,151,3021,147,-138,103,,,,0.009948705,0.075622365,0.2680657207965851,0.9603247046470642,,,
2026-03-06T22:25:33.624Z,,,,-2674,481,3752,-73,108,-72,,,,0.018554639,0.051513541489839554,0.2638542950153351,0.9629492163658142,,,
2026-03-06T22:25:33.584Z,,,,-2736,574,3040,-39,338,50,,,,0.021972600370645523,-0.00708006,0.2648308575153351,0.9639868140220642,,,
2026-03-06T22:25:33.544Z,,,,-2602,684,3115,-99,100,-34,,,,0.016296345740556717,-0.04943835,0.2741081714630127,0.9602636694908142,,,
2026-03-06T22:25:33.504Z,,,,-2486,556,3217,-59,233,-297,,,,0.013732874765992165,-0.064880207,0.2703850567340851,0.9604467749595642,,,
2026-03-06T22:25:33.464Z,,,,-2486,388,3325,-104,-144,-505,,,,0.014953575,-0.120422058,0.2869255244731903,0.9501928687095642,,,
2026-03-06T22:25:33.424Z,,,,-2037,448,3620,-257,-503,-697,,,,0.07580547,-0.221679121,0.31970134377479553,0.9180274605751038,,,
2026-03-06T22:25:33.384Z,,,,-2749,149,3432,-713,49,-708,,,,0.083068632,-0.237487182,0.32781898975372314,0.9105811715126038,,,
2026-03-06T22:25:33.344Z,,,,-1705,-162,3793,-439,459,-325,,,,0.075317189,-0.217833921,0.33239659667015076,0.9144874215126038,,,
2026-03-06T22:25:33.304Z,,,,-1500,-596,3831,-592,265,477,,,,0.072204404,-0.21331732,0.33239659667015076,0.9158301949501038,,,
2026-03-06T22:25:33.264Z,,,,-1365,-560,3735,-149,336,399,,,,0.080505162,-0.223632246,0.32647621631622314,0.9147925972938538,,,
2026-03-06T22:25:33.224Z,,,,-1260,-491,3871,-113,550,227,,,,0.084167264,-0.222411543,0.33038246631622314,0.9133277535438538,,,
2026-03-06T22:25:33.184Z,,,,-840,-267,4041,158,1027,45,,,,0.081603795,-0.214476988,0.33172520995140076,0.9149757027626038,,,
2026-03-06T22:25:33.144Z,,,,-982,17,3926,48,687,-409,,,,0.075134084,-0.198790997,0.33697423338890076,0.9171729683876038,,,
2026-03-06T22:25:33.104Z,,,,-908,135,3800,198,341,-1,,,,0.085571073,-0.210387647,0.33941563963890076,0.9127784371376038,,,
2026-03-06T22:25:33.064Z,,,,-1122,-366,4134,109,723,-61,,,,0.083740018,-0.203002408,0.35150057077407837,0.9100318551063538,,,
2026-03-06T22:25:33.024Z,,,,-1182,579,3877,-189,313,-480,,,,0.082946561,-0.212584898,0.33868321776390076,0.9127784371376038,,,
2026-03-06T22:25:32.984Z,,,,-655,164,4071,-63,-120,-56,,,,0.077087201,-0.210814893,0.34020909667015076,0.9131446480751038,,,
2026-03-06T22:25:32.944Z,,,,-1108,300,3861,-216,44,46,,,,0.069213688,-0.20758003,0.32971107959747314,0.9183326363563538,,,
2026-03-06T22:25:32.904Z,,,,-547,-150,4013,-19,-58,67,,,,0.083495878,-0.213805601,0.32525551319122314,0.9172950387001038,,,
2026-03-06T22:25:32.864Z,,,,-758,-392,4230,27,249,84,,,,0.084533475,-0.206908643,0.33050453662872314,0.9168677926063538,,,
2026-03-06T22:25:32.824Z,,,,-1120,-346,3861,-34,-107,-14,,,,0.087585226,-0.211425245,0.33117592334747314,0.9153419137001038,,,
2026-03-06T22:25:32.784Z,,,,-1087,-779,3693,41,626,20,,,,0.078674115,-0.20184274,0.33459386229515076,0.9170508980751038,,,
2026-03-06T22:25:32.744Z,,,,-766,-548,4134,-24,-210,4,,,,0.087829366,-0.208434522,0.33221349120140076,0.9156470894813538,,,
2026-03-06T22:25:32.704Z,,,,-471,-639,3968,79,696,14,,,,0.077209271,-0.190795407,0.33581456542015076,0.919126034,,,
2026-03-06T22:25:32.664Z,,,,-381,-448,4230,-7,-300,26,,,,0.08435037,-0.191710934,0.34179601073265076,0.9160743355751038,,,
2026-03-06T22:25:32.624Z,,,,39,-447,4112,4,-2,-56,,,,0.076598927,-0.187438488,0.34643465280532837,0.9158912301063538,,,
2026-03-06T22:25:32.584Z,,,,-211,-463,3832,-118,-299,-131,,,,0.083862089,-0.204528287,0.34167394042015076,0.9133887887001038,,,
2026-03-06T22:25:32.544Z,,,,-664,-95,3921,243,-763,212,,,,0.077209271,-0.190978512,0.34551912546157837,0.9154639840126038,,,
2026-03-06T22:25:32.504Z,,,,-827,672,4175,-236,746,165,,,,0.083556913,-0.197814435,0.34405428171157837,0.9139991402626038,,,
2026-03-06T22:25:32.464Z,,,,-1480,781,4054,-313,301,236,,,,0.085387968,-0.195006818,0.34857088327407837,0.9127174019813538,,,
2026-03-06T22:25:32.424Z,,,,-1175,841,3940,-181,108,-64,,,,0.086913839,-0.201171353,0.34765535593032837,0.9116187691688538,,,
2026-03-06T22:25:32.384Z,,,,-970,443,3941,28,-291,15,,,,0.087463155,-0.203551725,0.34802156686782837,0.9108863472938538,,,
2026-03-06T22:25:32.344Z,,,,-438,672,4079,438,-579,214,,,,0.073425107,-0.196898907,0.35198885202407837,0.9120460152626038,,,
2026-03-06T22:25:32.304Z,,,,310,208,4064,-60,96,-4,,,,0.084167264,-0.20587106,0.35095125436782837,0.9095435738563538,,,
2026-03-06T22:25:32.264Z,,,,399,191,4016,289,-569,173,,,,0.082092077,-0.205321744,0.361327201,0.9057593941688538,,,
2026-03-06T22:25:32.224Z,,,,489,4,4060,-39,-209,-222,,,,0.079528607,-0.19226025,0.3761587142944336,0.9028297066688538,,,
2026-03-06T22:25:32.184Z,,,,1221,-52,3847,143,-1072,55,,,,0.080199987,-0.206359342,0.3739004135131836,0.9006324410438538,,,
2026-03-06T22:25:32.144Z,,,,2070,182,3498,1,-232,-3,,,,0.068786442,-0.188842297,0.365050346,0.9089942574501038,,,
2026-03-06T22:25:32.104Z,,,,2774,41,3225,-330,1175,-20,,,,0.075073048,-0.209655225,0.361754447,0.9052100777626038,,,
2026-03-06T22:25:32.064Z,,,,1919,199,3520,-98,109,-40,,,,0.057617038,-0.194213375,0.34387117624282837,0.9168677926063538,,,
2026-03-06T22:25:32.024Z,,,,1471,20,3693,-32,-373,-31,,,,0.029113695,-0.186828136,0.2987052798271179,0.935361385,,,
2026-03-06T22:25:31.984Z,,,,1979,146,3624,18,267,57,,,,0.022521914914250374,-0.176940471,0.2843620777130127,0.9419531226158142,,,
2026-03-06T22:25:31.944Z,,,,2282,288,3477,41,-181,-32,,,,-0.018432571,-0.151671976,0.24493345618247986,0.9573950171470642,,,
2026-03-06T22:25:31.904Z,,,,2020,197,3831,-319,647,89,,,,-0.032287516,-0.129394203,0.1898188441991806,0.9726537466049194,,,
2026-03-06T22:25:31.864Z,,,,864,-110,3973,70,-267,-72,,,,-0.03356925,-0.121581718,0.16943316161632538,0.9774144887924194,,,
2026-03-06T22:25:31.824Z,,,,2125,256,3858,-14,-113,-93,,,,-0.029968185,-0.110839561,0.15441854298114777,0.9812597036361694,,,
2026-03-06T22:25:31.784Z,,,,1725,244,3698,177,-1136,14,,,,-0.005676255,-0.089416273,0.12377897650003433,0.9882177114486694,,,
2026-03-06T22:25:31.744Z,,,,1828,243,3725,-229,757,101,,,,0.00573729,-0.074950978,0.10156223922967911,0.9919407963752747,,,
2026-03-06T22:25:31.704Z,,,,1978,114,3924,473,-608,28,,,,0.015624959953129292,-0.079162396,0.074157521,0.9939549565315247,,,
2026-03-06T22:25:31.664Z,,,,1122,-357,3337,-128,162,207,,,,0.094604246,-0.057189796,-0.010070775,0.9937718510627747,,,
2026-03-06T22:25:31.624Z,,,,2091,235,3210,182,-104,121,,,,0.091247328,-0.067748852,-0.042724501,0.9925511479377747,,,
2026-03-06T22:25:31.584Z,,,,1513,180,3845,84,-278,508,,,,0.071227841,-0.076782033,-0.105529517,0.9888280034065247,,,
2026-03-06T22:25:31.544Z,,,,1813,295,3663,456,-1217,541,,,,0.055724956,-0.038940329,-0.16296345,0.9842504262924194,,,
2026-03-06T22:25:31.504Z,,,,1607,-259,3868,332,-246,932,,,,0.044067271053791046,0.019897411,-0.235228896,0.9707006216049194,,,
2026-03-06T22:25:31.464Z,,,,1879,136,3607,66,-204,645,,,,0.047668334,0.062011558562517166,-0.301940143,0.9500707983970642,,,
2026-03-06T22:25:31.424Z,,,,1043,27,4336,23,-330,468,,,,0.046569705,0.13531459867954254,-0.332396597,0.932187557,,,
2026-03-06T22:25:31.384Z,,,,1268,459,4126,-302,-319,455,,,,0.053405624,0.16058307886123657,-0.359679252,0.9175391793251038,,,
2026-03-06T22:25:31.344Z,,,,1416,309,3996,-549,-364,684,,,,0.063415363,0.16851763427257538,-0.370970726,0.9109473824501038,,,
2026-03-06T22:25:31.304Z,,,,2327,175,3529,-150,54,731,,,,0.048522826,0.17730668187141418,-0.380003899,0.9064918160438538,,,
2026-03-06T22:25:31.264Z,,,,1118,-38,3008,-686,240,985,,,,0.052612170577049255,0.1837763786315918,-0.395811975,0.8981299996376038,,,
2026-03-06T22:25:31.224Z,,,,1746,152,3798,-106,344,539,,,,0.074584767,0.21691839396953583,-0.424559444,0.8757911920547485,,,
2026-03-06T22:25:31.184Z,,,,1528,239,3824,200,126,482,,,,0.088134542,0.21874943375587463,-0.441893399,0.8654152750968933,,,
2026-03-06T22:25:31.144Z,,,,1934,122,3525,146,19,866,,,,0.11016817390918732,0.21234075725078583,-0.450011045,0.8602883219718933,,,
2026-03-06T22:25:31.104Z,,,,2146,250,3895,597,-439,805,,,,0.15252646803855896,0.1939081996679306,-0.489866912,0.8360574245452881,,,
2026-03-06T22:25:31.064Z,,,,832,-495,3359,135,-663,725,,,,0.1849360466003418,0.1936640590429306,-0.51409781,0.8147562146186829,,,
2026-03-06T22:25:31.024Z,,,,2015,174,3971,183,-563,426,,,,0.17602494359016418,0.1832270622253418,-0.528685153,0.8098123669624329,,,
2026-03-06T22:25:30.984Z,,,,1832,80,3608,222,-558,286,,,,0.17016558349132538,0.17474320530891418,-0.548033237,0.7999857664108276,,,
2026-03-06T22:25:30.944Z,,,,1459,166,4181,-110,-369,252,,,,0.17315629124641418,0.16448932886123657,-0.568296909,0.7873514890670776,,,
2026-03-06T22:25:30.904Z,,,,1788,72,2817,483,-188,368,,,,0.16613726317882538,0.15624959766864777,-0.602232337,0.7649516463279724,,,
2026-03-06T22:25:30.864Z,,,,1076,138,4278,243,-25,447,,,,0.15716512501239777,0.16802935302257538,-0.623594582,0.7470684051513672,,,
2026-03-06T22:25:30.824Z,,,,2207,-19,3583,-681,-679,356,,,,0.13592495024204254,0.178893581,-0.652403116,0.723753035,,,
2026-03-06T22:25:30.784Z,,,,1640,-34,3659,-355,-365,757,,,,0.13201870024204254,0.1835322380065918,-0.657224894,0.718931258,,,
2026-03-06T22:25:30.744Z,,,,2015,15,4106,-736,-87,55,,,,0.10534641146659851,0.1989130675792694,-0.670469463,0.7069073915481567,,,
2026-03-06T22:25:30.704Z,,,,1845,42,3786,-763,-189,222,,,,0.10205052047967911,0.1984247863292694,-0.683286846,0.6951276063919067,,,
2026-03-06T22:25:30.664Z,,,,1004,-693,3339,-685,-720,228,,,,0.12371794134378433,0.17578080296516418,-0.721067488,0.6586287021636963,,,
2026-03-06T22:25:30.624Z,,,,791,-652,4067,-147,455,424,,,,0.16839556396007538,0.16748003661632538,-0.732908249,0.6374495625495911,,,
2026-03-06T22:25:30.584Z,,,,877,-794,3934,-2,360,633,,,,0.1876826286315918,0.14916953444480896,-0.753660202,0.6118758916854858,,,
2026-03-06T22:25:30.544Z,,,,800,-860,3812,-440,260,615,,,,0.179137722,0.11529511213302612,-0.786191821,0.5800155997276306,,,
2026-03-06T22:25:30.504Z,,,,618,-281,4069,-388,273,669,,,,0.10064671188592911,0.056335304,-0.893857598,0.43316540122032166,,,
2026-03-06T22:25:30.464Z,,,,100,-115,4206,6,83,473,,,,0.10467502474784851,0.068359196,-0.901364863,0.41448867321014404,,,
2026-03-06T22:25:30.424Z,,,,539,-324,4016,28,-212,431,,,,0.12029998749494553,0.11035127937793732,-0.90215832,0.3991689085960388,,,
2026-03-06T22:25:30.384Z,,,,15,919,3866,373,185,549,,,,0.085326932,0.086913839,-0.908689082,0.3991689085960388,,,
2026-03-06T22:25:30.344Z,,,,341,682,4154,230,10,393,,,,0.056518409,0.070861638,-0.909055293,0.40667620301246643,,,
2026-03-06T22:25:30.304Z,,,,910,659,4159,40,86,515,,,,0.020935004577040672,0.022155705839395523,-0.897214472,0.44048959016799927,,,
2026-03-06T22:25:30.264Z,,,,259,434,4042,-238,-150,486,,,,0.021850530058145523,0.022521914914250374,-0.897519648,0.43975716829299927,,,
2026-03-06T22:25:30.224Z,,,,-242,221,4082,0,-218,272,,,,0.023437440395355225,0.022582950070500374,-0.897458613,0.43981820344924927,,,
2026-03-06T22:25:30.184Z,,,,-554,444,4403,-661,-62,218,,,,0.025024350732564926,0.023803649470210075,-0.888974786,0.4566028416156769,,,
2026-03-06T22:25:30.144Z,,,,-1326,-295,3771,-1055,602,887,,,,0.017883254,0.01000974,-0.879392266,0.4755847156047821,,,
2026-03-06T22:25:30.104Z,,,,-1124,-354,4012,-353,556,837,,,,-0.021179145,-0.006164535,-0.869992912,0.4924914240837097,,,
2026-03-06T22:25:30.064Z,,,,-1480,407,4304,-102,268,732,,,,-0.038940329,-0.018371535,-0.86346215,0.5024400949478149,,,
2026-03-06T22:25:30.024Z,,,,-1072,-963,3483,200,-711,821,,,,-0.054443222,-0.022643985,-0.853452384,0.5177599191665649,,,
2026-03-06T22:25:29.984Z,,,,-1095,-1004,3856,422,733,300,,,,-0.091979742,-0.061706387,-0.827146292,0.5509018898010254,,,
2026-03-06T22:25:29.944Z,,,,-1709,-2390,3262,-605,718,17,,,,-0.157531336,-0.101989485,-0.815366566,0.5476059913635254,,,
2026-03-06T22:25:29.904Z,,,,-1309,-347,3601,-546,825,-393,,,,-0.156249598,-0.108886443,-0.823056996,0.5349717736244202,,,
2026-03-06T22:25:29.864Z,,,,-1183,-229,4072,14,31,49,,,,-0.137511849,-0.089416273,-0.825498402,0.5399156212806702,,,
2026-03-06T22:25:29.824Z,,,,-1424,-222,4250,-52,17,10,,,,-0.152953714,-0.106567107,-0.821958363,0.5380845665931702,,,
2026-03-06T22:25:29.784Z,,,,-2410,457,3156,-33,88,-22,,,,-0.152282327,-0.105285376,-0.823240101,0.5365586876869202,,,
2026-03-06T22:25:29.744Z,,,,-1998,316,3390,-49,-56,-142,,,,-0.154540613,-0.109374717,-0.817441761,0.5439439415931702,,,
2026-03-06T22:25:29.704Z,,,,-1877,255,3845,185,808,-37,,,,-0.148070917,-0.103820533,-0.819333851,0.5439439415931702,,,
2026-03-06T22:25:29.664Z,,,,-1837,567,3743,-217,399,-203,,,,-0.162658274,-0.114379592,-0.816526234,0.5418687462806702,,,
2026-03-06T22:25:29.624Z,,,,-1441,372,3891,28,261,-59,,,,-0.155456141,-0.110961631,-0.814573109,0.5476059913635254,,,
2026-03-06T22:25:29.584Z,,,,-1420,176,3636,-38,665,-472,,,,-0.141051888,-0.099548087,-0.819455922,0.5464463829994202,,,
2026-03-06T22:25:29.544Z,,,,-1217,-477,3646,-392,1646,-255,,,,-0.168029353,-0.116393745,-0.815793812,0.5409532189369202,,,
2026-03-06T22:25:29.504Z,,,,-1952,-219,3851,379,199,408,,,,-0.137389779,-0.099059805,-0.819455922,0.5474839210510254,,,
2026-03-06T22:25:29.464Z,,,,-1709,-972,3428,-306,-708,-48,,,,-0.151794046,-0.106261931,-0.821592152,0.5390611290931702,,,
2026-03-06T22:25:29.424Z,,,,-1486,-860,3660,409,483,-6,,,,-0.140685678,-0.097533926,-0.824033558,0.5399766564369202,,,
2026-03-06T22:25:29.384Z,,,,-365,-776,3680,-127,-297,72,,,,-0.160583079,-0.113158889,-0.819822133,0.5377793908119202,,,
2026-03-06T22:25:29.344Z,,,,-1510,303,3870,-31,83,17,,,,-0.149840921,-0.102599837,-0.823667347,0.5371080040931702,,,
2026-03-06T22:25:29.304Z,,,,-2797,425,3485,55,-140,60,,,,-0.15533407,-0.114196487,-0.820127308,0.5386338829994202,,,
2026-03-06T22:25:29.264Z,,,,-2044,475,3659,-34,714,48,,,,-0.153625101,-0.097533926,-0.823179066,0.5377793908119202,,,
2026-03-06T22:25:29.224Z,,,,342,233,4078,-279,-429,-34,,,,-0.153625101,-0.108642302,-0.82085973,0.5391221642494202,,,
2026-03-06T22:25:29.184Z,,,,-99,-492,3820,43,-34,83,,,,-0.159667566,-0.116698921,-0.818357289,0.5395494103431702,,,
2026-03-06T22:25:29.144Z,,,,-2276,-1450,2863,-54,307,16,,,,-0.160155833,-0.113586135,-0.822263539,0.5341172814369202,,,
2026-03-06T22:25:29.104Z,,,,-1544,-81,4130,-397,-845,-69,,,,-0.159667566,-0.111877158,-0.822934926,0.5335679650306702,,,
2026-03-06T22:25:29.064Z,,,,-657,-1140,3604,645,-120,64,,,,-0.159850672,-0.113219924,-0.820310414,0.5372911095619202,,,
2026-03-06T22:25:29.024Z,,,,-97,168,4136,-57,-241,-2,,,,-0.159728602,-0.110351279,-0.821958363,0.5353990197181702,,,
2026-03-06T22:25:28.984Z,,,,-199,87,4097,140,-166,-6,,,,-0.153869241,-0.10461399,-0.821103871,0.5394883751869202,,,
2026-03-06T22:25:28.944Z,,,,-278,73,4156,6,-453,59,,,,-0.167113826,-0.112365432,-0.8187235,0.5375962853431702,,,
2026-03-06T22:25:28.904Z,,,,-255,154,4125,45,267,30,,,,-0.1513668,-0.106811248,-0.82073766,0.5403428673744202,,,
2026-03-06T22:25:28.864Z,,,,-207,421,4209,433,-842,-20,,,,-0.156432703,-0.10766574,-0.824094594,0.5335679650306702,,,
2026-03-06T22:25:28.824Z,,,,278,189,4272,-475,589,145,,,,-0.143920526,-0.10180638,-0.822202504,0.5411363244056702,,,
2026-03-06T22:25:28.784Z,,,,402,141,4104,-48,-22,-51,,,,-0.163512766,-0.111388877,-0.817869008,0.5401597619056702,,,
2026-03-06T22:25:28.744Z,,,,143,-10,3918,489,-1045,52,,,,-0.148925394,-0.109618858,-0.818479359,0.5438829064369202,,,
2026-03-06T22:25:28.704Z,,,,-452,392,4649,-7,-119,-14,,,,-0.154967859,-0.107970916,-0.82085973,0.5388780236244202,,,
2026-03-06T22:25:28.664Z,,,,1539,-423,3899,154,576,-10,,,,-0.152099222,-0.112853713,-0.818662465,0.5420518517494202,,,
2026-03-06T22:25:28.624Z,,,,1940,519,3557,-293,-616,-47,,,,-0.150146097,-0.099426016,-0.820127308,0.5430284142494202,,,
2026-03-06T22:25:28.584Z,,,,283,-209,4150,90,-377,18,,,,-0.153747171,-0.111205772,-0.819150746,0.5411363244056702,,,
2026-03-06T22:25:28.544Z,,,,2065,533,3933,-5,-224,-26,,,,-0.156249598,-0.112853713,-0.817991078,0.5419297814369202,,,
2026-03-06T22:25:28.504Z,,,,1737,236,3548,107,461,45,,,,-0.148681253,-0.106322967,-0.818906605,0.5439439415931702,,,
2026-03-06T22:25:28.464Z,,,,1906,412,4100,263,-1011,19,,,,-0.144591913,-0.10205052,-0.818601429,0.5463243126869202,,,
2026-03-06T22:25:28.424Z,,,,1265,265,3827,-14,33,34,,,,-0.142089486,-0.09899877,-0.821225941,0.5435777306556702,,,
2026-03-06T22:25:28.384Z,,,,2271,373,3612,482,-876,-1,,,,-0.157531336,-0.106872283,-0.819333851,0.5407090783119202,,,
2026-03-06T22:25:28.344Z,,,,2111,528,3728,30,1042,34,,,,-0.153686136,-0.104980201,-0.821470082,0.5388780236244202,,,
2026-03-06T22:25:28.304Z,,,,850,309,4057,642,-808,-20,,,,-0.148131952,-0.101196028,-0.820005238,0.5434556603431702,,,
2026-03-06T22:25:28.264Z,,,,2519,85,3205,-79,18,7,,,,-0.155639246,-0.106384002,-0.817441761,0.5442491173744202,,,
2026-03-06T22:25:28.224Z,,,,1119,528,4277,411,-897,-13,,,,-0.157714441,-0.108154021,-0.820249379,0.5389390587806702,,,
2026-03-06T22:25:28.184Z,,,,1850,277,3691,-347,576,49,,,,-0.153869241,-0.107299529,-0.817319691,0.5446763634681702,,,
2026-03-06T22:25:28.144Z,,,,1067,270,3807,16,140,2,,,,-0.152038187,-0.102294661,-0.819394886,0.5430284142494202,,,
2026-03-06T22:25:28.104Z,,,,2366,599,3720,56,-431,-61,,,,-0.147765741,-0.097228758,-0.824155629,0.5379014611244202,,,
2026-03-06T22:25:28.064Z,,,,1187,205,3815,-71,792,16,,,,-0.150451273,-0.104430884,-0.820432484,0.5415635704994202,,,
2026-03-06T22:25:28.024Z,,,,1710,761,3987,349,93,179,,,,-0.141906381,-0.099670157,-0.819455922,0.5462022423744202,,,
2026-03-06T22:25:27.984Z,,,,792,-621,3533,468,-807,-24,,,,-0.157531336,-0.107116424,-0.817930043,0.5427232384681702,,,
2026-03-06T22:25:27.944Z,,,,1366,233,3805,-253,355,62,,,,-0.149718851,-0.103698462,-0.820310414,0.5420518517494202,,,
2026-03-06T22:25:27.904Z,,,,1889,739,3939,18,92,16,,,,-0.143798456,-0.095824949,-0.822446644,0.5418077111244202,,,
2026-03-06T22:25:27.864Z,,,,1919,464,3973,57,-485,-68,,,,-0.149291605,-0.101318099,-0.821164906,0.5413194298744202,,,
2026-03-06T22:25:27.824Z,,,,1782,328,3667,-12,-778,-44,,,,-0.146728143,-0.100036368,-0.82061559,0.5431504845619202,,,
2026-03-06T22:25:27.784Z,,,,1903,612,3772,36,-267,78,,,,-0.158141688,-0.108947478,-0.818906605,0.5407090783119202,,,
2026-03-06T22:25:27.744Z,,,,1872,446,4111,-19,390,26,,,,-0.148620218,-0.103576392,-0.820127308,0.5426011681556702,,,
2026-03-06T22:25:27.704Z,,,,1181,184,3894,338,-885,25,,,,-0.142760858,-0.102966048,-0.819089711,0.5458970665931702,,,
2026-03-06T22:25:27.664Z,,,,2201,16,3464,-444,720,216,,,,-0.14764367,-0.104919165,-0.820432484,0.5421739220619202,,,
2026-03-06T22:25:27.624Z,,,,1468,648,4153,-11,-21,60,,,,-0.146361932,-0.104064673,-0.82287389,0.5390000939369202,,,
2026-03-06T22:25:27.584Z,,,,1693,262,3727,113,686,37,,,,-0.14923057,-0.106322967,-0.822324574,0.5385728478431702,,,
2026-03-06T22:25:27.544Z,,,,1293,598,4242,-296,-715,-159,,,,-0.144652948,-0.102966048,-0.822202504,0.5407090783119202,,,
2026-03-06T22:25:27.504Z,,,,2209,-90,3269,54,-445,-53,,,,-0.145934686,-0.103210181,-0.818357289,0.5460801720619202,,,
2026-03-06T22:25:27.464Z,,,,1648,764,4212,-131,812,35,,,,-0.148131952,-0.104308814,-0.819577992,0.5434556603431702,,,
2026-03-06T22:25:27.424Z,,,,1731,242,3770,70,-336,-9,,,,-0.138671517,-0.097350828,-0.821164906,0.5448594689369202,,,
2026-03-06T22:25:27.384Z,,,,1691,618,3988,-23,710,34,,,,-0.156798914,-0.108947478,-0.817746937,0.5429063439369202,,,
2026-03-06T22:25:27.344Z,,,,756,-585,3332,-101,-590,-114,,,,-0.139159799,-0.096862547,-0.819272816,0.5476670265197754,,,
2026-03-06T22:25:27.304Z,,,,1535,290,3848,-29,-373,-20,,,,-0.156188563,-0.103759497,-0.822324574,0.5371080040931702,,,
2026-03-06T22:25:27.264Z,,,,1837,298,3614,403,-898,-130,,,,-0.148070917,-0.101440169,-0.823179066,0.5385118126869202,,,
2026-03-06T22:25:27.224Z,,,,1147,227,3929,30,-42,48,,,,-0.139403939,-0.097167723,-0.821836293,0.5436998009681702,,,
2026-03-06T22:25:27.184Z,,,,1318,280,4119,-22,-25,46,,,,-0.134277001,-0.090148695,-0.825071156,0.5413194298744202,,,
2026-03-06T22:25:27.144Z,,,,1223,578,4249,41,96,-12,,,,-0.144347772,-0.100707747,-0.823728383,0.5388169884681702,,,
2026-03-06T22:25:27.104Z,,,,1958,320,3457,-14,-138,-24,,,,-0.145141229,-0.103149153,-0.82262975,0.5398545861244202,,,
2026-03-06T22:25:27.064Z,,,,1624,238,3743,265,-999,9,,,,-0.130309731,-0.089050062,-0.823301136,0.5451036095619202,,,
2026-03-06T22:25:27.024Z,,,,1228,333,3966,-28,-38,12,,,,-0.14538537,-0.104430884,-0.821103871,0.5418687462806702,,,
2026-03-06T22:25:26.984Z,,,,1653,419,4005,6,-21,-20,,,,-0.13592495,-0.097655997,-0.820676625,0.5462022423744202,,,
2026-03-06T22:25:26.944Z,,,,1900,562,3882,-77,349,-2,,,,-0.150634378,-0.10754367,-0.819028676,0.5429063439369202,,,
2026-03-06T22:25:26.904Z,,,,1648,260,3727,504,-1052,-18,,,,-0.145080194,-0.101073958,-0.821653187,0.5417466759681702,,,
2026-03-06T22:25:26.864Z,,,,1662,133,3875,-396,-576,-49,,,,-0.142028451,-0.100524642,-0.821409047,0.5430894494056702,,,
2026-03-06T22:25:26.824Z,,,,1072,-60,3274,-275,291,117,,,,-0.139220834,-0.09899877,-0.820066273,0.5460801720619202,,,
2026-03-06T22:25:26.784Z,,,,1722,280,3891,47,729,34,,,,-0.139403939,-0.089477308,-0.821103871,0.5461412072181702,,,
2026-03-06T22:25:26.744Z,,,,1161,319,3972,479,-396,138,,,,-0.146667108,-0.104980201,-0.819028676,0.5446153283119202,,,
2026-03-06T22:25:26.704Z,,,,2110,176,3398,-17,148,16,,,,-0.141601205,-0.098693594,-0.821286976,0.5436998009681702,,,
2026-03-06T22:25:26.664Z,,,,1737,336,3649,29,-486,-45,,,,-0.142943963,-0.098205313,-0.821286976,0.5434556603431702,,,
2026-03-06T22:25:26.624Z,,,,1059,58,3901,-173,1095,76,,,,-0.145446405,-0.100707747,-0.823728383,0.5385728478431702,,,
2026-03-06T22:25:26.584Z,,,,1487,159,3776,17,-226,22,,,,-0.151977152,-0.100890853,-0.822812855,0.5381456017494202,,,
2026-03-06T22:25:26.544Z,,,,1273,223,3925,-51,578,0,,,,-0.137084603,-0.094665281,-0.823850453,0.5416246056556702,,,
2026-03-06T22:25:26.504Z,,,,1984,416,3589,-208,-433,-77,,,,-0.144713983,-0.096008055,-0.825620413,0.5368028283119202,,,
2026-03-06T22:25:26.464Z,,,,1594,214,3671,-6,-53,32,,,,-0.138915658,-0.093688726,-0.824277699,0.5407090783119202,,,
2026-03-06T22:25:26.424Z,,,,1537,539,4018,16,-298,-29,,,,-0.13989222,-0.083373807,-0.826596975,0.5386338829994202,,,
2026-03-06T22:25:26.384Z,,,,1623,268,3879,52,555,29,,,,-0.137939095,-0.09313941,-0.826108694,0.5382676720619202,,,
2026-03-06T22:25:26.344Z,,,,1456,245,3815,-96,941,77,,,,-0.135070458,-0.091796637,-0.824888051,0.5410752892494202,,,
2026-03-06T22:25:26.304Z,,,,1695,236,3670,102,-277,16,,,,-0.140746713,-0.101257063,-0.82287389,0.5410142540931702,,,
2026-03-06T22:25:26.264Z,,,,1229,106,3900,56,-329,-21,,,,-0.132751122,-0.092773199,-0.827939749,0.5368028283119202,,,
2026-03-06T22:25:26.224Z,,,,1633,352,3971,-4,550,34,,,,-0.141601205,-0.094787352,-0.827451468,0.5349717736244202,,,
2026-03-06T22:25:26.184Z,,,,1765,251,3680,35,-180,28,,,,-0.130248696,-0.076782033,-0.830808401,0.5355210900306702,,,
2026-03-06T22:25:26.144Z,,,,978,224,4036,89,376,25,,,,-0.135741845,-0.090942152,-0.828977346,0.5347886681556702,,,
2026-03-06T22:25:26.104Z,,,,2195,177,3386,419,-917,19,,,,-0.130798012,-0.074523732,-0.830625296,0.5360093712806702,,,
2026-03-06T22:25:26.064Z,,,,1260,278,4230,49,-207,26,,,,-0.134338036,-0.088073507,-0.831296682,0.5320420861244202,,,
2026-03-06T22:25:26.024Z,,,,2112,78,3579,477,-885,142,,,,-0.143249139,-0.087829366,-0.825620413,0.5385118126869202,,,
2026-03-06T22:25:25.984Z,,,,2015,449,3548,-454,1190,219,,,,-0.140746713,-0.094482176,-0.82641387,0.5368638634681702,,,
2026-03-06T22:25:25.944Z,,,,1180,293,3974,-78,153,-22,,,,-0.127502114,-0.085082792,-0.825925589,0.5424790978431702,,,
2026-03-06T22:25:25.904Z,,,,819,179,4333,64,779,70,,,,-0.137023568,-0.09619116,-0.824033558,0.5411363244056702,,,
2026-03-06T22:25:25.864Z,,,,1454,211,3864,209,-1113,-37,,,,-0.132201806,-0.091003187,-0.825071156,0.5416856408119202,,,
2026-03-06T22:25:25.824Z,,,,1711,339,3699,128,-167,-12,,,,-0.144897088,-0.106139861,-0.822080433,0.5402207970619202,,,
2026-03-06T22:25:25.784Z,,,,618,-15,4287,-114,621,78,,,,-0.122131035,-0.08142069,-0.82476598,0.5460191369056702,,,
2026-03-06T22:25:25.744Z,,,,2064,478,3858,-559,1036,161,,,,-0.133727685,-0.099731192,-0.821714222,0.5448594689369202,,,
2026-03-06T22:25:25.704Z,,,,1011,216,3986,109,-115,4,,,,-0.120910332,-0.082275182,-0.822934926,0.5488266944885254,,,
2026-03-06T22:25:25.664Z,,,,2130,266,3543,-577,1126,217,,,,-0.137267709,-0.097106688,-0.820981801,0.5455308556556702,,,
2026-03-06T22:25:25.624Z,,,,1758,442,3386,-38,449,29,,,,-0.135985985,-0.103515357,-0.820920765,0.5447373986244202,,,
2026-03-06T22:25:25.584Z,,,,1470,253,3848,-464,1162,139,,,,-0.127196938,-0.079284467,-0.82476598,0.5451646447181702,,,
2026-03-06T22:25:25.544Z,,,,1242,314,3885,63,-67,7,,,,-0.13775599,-0.100402571,-0.821409047,0.5441880822181702,,,
2026-03-06T22:25:25.504Z,,,,642,-679,3724,591,-604,-61,,,,-0.129455239,-0.09301734,-0.821897328,0.5467514991760254,,,
2026-03-06T22:25:25.464Z,,,,2065,613,3772,53,-424,-4,,,,-0.125487953,-0.078857221,-0.821653187,0.5502305030822754,,,
2026-03-06T22:25:25.424Z,,,,1463,268,3811,35,716,63,,,,-0.129516274,-0.087585226,-0.822263539,0.5471787452697754,,,
2026-03-06T22:25:25.384Z,,,,1552,186,3770,-542,-366,-79,,,,-0.148192987,-0.100890853,-0.820371449,0.5429063439369202,,,
2026-03-06T22:25:25.344Z,,,,1952,500,4032,632,-325,5,,,,-0.136230126,-0.083373807,-0.820981801,0.5480332374572754,,,
2026-03-06T22:25:25.304Z,,,,2014,-5,3509,43,-472,-78,,,,-0.136718392,-0.09313941,-0.819028676,0.5493149757385254,,,
2026-03-06T22:25:25.264Z,,,,1384,523,4170,684,-265,-26,,,,-0.123473808,-0.087035909,-0.817869008,0.5551133155822754,,,
2026-03-06T22:25:25.224Z,,,,1517,227,3913,-94,597,90,,,,-0.140563607,-0.09619116,-0.817380726,0.5502305030822754,,,
2026-03-06T22:25:25.184Z,,,,1494,569,4244,470,-1030,-79,,,,-0.132140771,-0.091552503,-0.816221058,0.5548691749572754,,,
2026-03-06T22:25:25.144Z,,,,953,-376,3024,-555,1027,174,,,,-0.141112924,-0.100707747,-0.813901722,0.5544419288635254,,,
2026-03-06T22:25:25.104Z,,,,1449,193,3840,-20,-106,40,,,,-0.128234535,-0.083984159,-0.814695179,0.5592026710510254,,,
2026-03-06T22:25:25.064Z,,,,1366,183,3694,26,73,-16,,,,-0.134582177,-0.091857672,-0.812070668,0.5602402687072754,,,
2026-03-06T22:25:25.024Z,,,,1913,749,3962,-415,1081,131,,,,-0.134277001,-0.089660414,-0.811460316,0.5615830421447754,,,
2026-03-06T22:25:24.984Z,,,,1186,358,3923,-16,512,42,,,,-0.134154931,-0.080261022,-0.809690297,0.5656113624572754,,,
2026-03-06T22:25:24.944Z,,,,1640,1,3541,-206,-169,-40,,,,-0.136413231,-0.088500753,-0.811277211,0.5615220069885254,,,
2026-03-06T22:25:24.904Z,,,,157,-816,3855,-407,574,147,,,,-0.133300439,-0.088744886,-0.812009633,0.5610947608947754,,,
2026-03-06T22:25:24.864Z,,,,1216,234,3862,38,628,29,,,,-0.143249139,-0.092651129,-0.813108265,0.5564560890197754,,,
2026-03-06T22:25:24.824Z,,,,61,-1013,4019,517,436,-24,,,,-0.146361932,-0.094543211,-0.812375844,0.5564560890197754,,,
2026-03-06T22:25:24.784Z,,,,973,162,3961,-125,-426,198,,,,-0.135863915,-0.083923124,-0.815488636,0.5562119483947754,,,
2026-03-06T22:25:24.744Z,,,,1119,-522,3002,100,-578,-45,,,,-0.158141688,-0.101745345,-0.812742054,0.5513291358947754,,,
2026-03-06T22:25:24.704Z,,,,1468,236,4016,-191,-615,-168,,,,-0.142821893,-0.093749762,-0.818235219,0.5488266944885254,,,
2026-03-06T22:25:24.664Z,,,,944,301,4258,154,543,0,,,,-0.141418099,-0.092468023,-0.819089711,0.5481553077697754,,,
2026-03-06T22:25:24.624Z,,,,1562,301,3729,129,-465,-32,,,,-0.134765282,-0.085265897,-0.82073766,0.5484604835510254,,,
2026-03-06T22:25:24.584Z,,,,1150,129,3911,17,820,51,,,,-0.127319008,-0.08129862,-0.819761097,0.5523667335510254,,,
2026-03-06T22:25:24.544Z,,,,2161,650,3673,73,983,80,,,,-0.151427835,-0.099487051,-0.819577992,0.5434556603431702,,,
2026-03-06T22:25:24.504Z,,,,192,-256,4332,-58,151,2,,,,-0.153747171,-0.097900137,-0.821653187,0.5399156212806702,,,
2026-03-06T22:25:24.464Z,,,,1397,344,3811,539,-1061,-67,,,,-0.142028451,-0.075012013,-0.823728383,0.5436998009681702,,,
2026-03-06T22:25:24.424Z,,,,281,-185,4356,30,-132,21,,,,-0.140258431,-0.085082792,-0.823301136,0.5433335900306702,,,
2026-03-06T22:25:24.384Z,,,,1619,107,3668,58,-563,-16,,,,-0.15338096,-0.09326148,-0.820249379,0.5430284142494202,,,
2026-03-06T22:25:24.344Z,,,,1758,834,4075,36,68,10,,,,-0.144347772,-0.091491468,-0.822324574,0.5426622033119202,,,
2026-03-06T22:25:24.304Z,,,,211,-752,3782,-83,449,91,,,,-0.143188104,-0.092284918,-0.82061559,0.5454087853431702,,,
2026-03-06T22:25:24.264Z,,,,1964,541,4159,-9,-173,-10,,,,-0.146484002,-0.099242911,-0.81884557,0.5459581017494202,,,
2026-03-06T22:25:24.224Z,,,,1050,255,3933,-60,112,0,,,,-0.131713524,-0.089294203,-0.81670934,0.5546250343322754,,,
2026-03-06T22:25:24.184Z,,,,266,-604,3493,-30,1387,116,,,,-0.144897088,-0.088622823,-0.815671742,0.5529160499572754,,,
2026-03-06T22:25:24.144Z,,,,923,76,3949,765,-500,17,,,,-0.141357064,-0.094054937,-0.815305531,0.5534653663635254,,,
2026-03-06T22:25:24.104Z,,,,2228,51,3397,63,-491,104,,,,-0.144775018,-0.096984617,-0.815854847,0.5512681007385254,,,
2026-03-06T22:25:24.064Z,,,,717,-612,3121,-60,134,43,,,,-0.142516717,-0.091613531,-0.818662465,0.5486435890197754,,,
2026-03-06T22:25:24.024Z,,,,1437,141,3780,-597,783,204,,,,-0.133666649,-0.086486593,-0.820066273,0.5495591163635254,,,
2026-03-06T22:25:23.984Z,,,,997,663,4374,63,349,15,,,,-0.127074867,-0.080932409,-0.820798695,0.5509018898010254,,,
2026-03-06T22:25:23.944Z,,,,1947,423,3900,-243,-52,36,,,,-0.121703789,-0.067565747,-0.825010121,0.5475449562072754,,,
2026-03-06T22:25:23.904Z,,,,1270,296,3919,-9,-58,45,,,,-0.127319008,-0.080016881,-0.827939749,0.5402207970619202,,,
2026-03-06T22:25:23.864Z,,,,1867,609,3968,-80,95,2,,,,-0.131957665,-0.077636518,-0.828855276,0.5379624962806702,,,
2026-03-06T22:25:23.824Z,,,,937,60,4325,-71,-253,-113,,,,-0.132629052,-0.077697553,-0.82830596,0.5386338829994202,,,
2026-03-06T22:25:23.784Z,,,,1206,196,3871,184,-899,-88,,,,-0.13989222,-0.085326932,-0.8262918,0.5388169884681702,,,
2026-03-06T22:25:23.744Z,,,,1132,92,3863,-495,1251,155,,,,-0.13378872,-0.070617497,-0.828183889,0.5395494103431702,,,
2026-03-06T22:25:23.704Z,,,,408,-830,3701,115,-575,-4,,,,-0.120483093,-0.074950978,-0.828489065,0.5416246056556702,,,
2026-03-06T22:25:23.664Z,,,,965,42,4017,-403,-637,-70,,,,-0.120605163,-0.050475944,-0.829526663,0.5429063439369202,,,
2026-03-06T22:25:23.624Z,,,,1229,587,4325,-268,-155,177,,,,-0.130126625,-0.073364072,-0.833249807,0.5322862267494202,,,
2026-03-06T22:25:23.584Z,,,,1447,195,4086,48,-466,-12,,,,-0.112182327,-0.049072139,-0.837339163,0.5327134728431702,,,
2026-03-06T22:25:23.544Z,,,,1730,230,3609,26,537,64,,,,-0.120544128,-0.047485229,-0.84606719,0.5170274972915649,,,
2026-03-06T22:25:23.504Z,,,,793,-7,4026,706,-226,103,,,,-0.106872283,-0.035766508,-0.857175529,0.5024400949478149,,,
2026-03-06T22:25:23.464Z,,,,2426,140,3462,679,-545,52,,,,-0.105529517,-0.035400301,-0.860593498,0.49694696068763733,,,
2026-03-06T22:25:23.424Z,,,,1548,254,3918,31,-262,-31,,,,-0.078368939,-0.007385235,-0.869077384,0.4882799983024597,,,
2026-03-06T22:25:23.384Z,,,,1499,154,3843,172,818,61,,,,-0.078674115,-0.0061035,-0.869443595,0.4875475764274597,,,
2026-03-06T22:25:23.344Z,,,,950,47,3873,113,-1157,-111,,,,-0.079223432,-0.00512694,-0.869504631,0.4874255061149597,,,
2026-03-06T22:25:23.304Z,,,,544,166,4360,-265,236,13,,,,-0.076904103,-0.002746575,-0.868528068,0.4895007014274597,,,
2026-03-06T22:25:23.264Z,,,,2304,428,3605,736,-1122,-159,,,,-0.074706838,-0.00305175,-0.86535424,0.49548211693763733,,,
2026-03-06T22:25:23.224Z,,,,2074,96,3493,-546,883,253,,,,-0.075378224,-0.00341796,-0.86523217,0.49560418725013733,,,
2026-03-06T22:25:23.184Z,,,,474,-1064,3363,-151,-1094,36,,,,-0.076171681,-0.003234855,-0.863950431,0.49767938256263733,,,
2026-03-06T22:25:23.144Z,,,,1071,133,3908,618,-71,424,,,,-0.075927541,-0.00280761,-0.860837638,0.5031114816665649,,,
2026-03-06T22:25:23.104Z,,,,2034,-64,3569,-175,45,251,,,,-0.076354787,-0.00268554,-0.860288322,0.5039659738540649,,,
2026-03-06T22:25:23.064Z,,,,1409,182,3865,124,-306,165,,,,-0.075622365,-0.009460425,-0.845578909,0.5282579064369202,,,
2026-03-06T22:25:23.024Z,,,,1346,68,3852,23,-812,80,,,,-0.081725866,-0.01135251,-0.843015432,0.5314317345619202,,,
2026-03-06T22:25:22.984Z,,,,1852,315,3642,25,11,41,,,,-0.092956305,-0.021545354,-0.837156057,0.5385118126869202,,,
2026-03-06T22:25:22.944Z,,,,1121,484,4084,36,-3,13,,,,-0.095214598,-0.022949159,-0.835141897,0.5411973595619202,,,
2026-03-06T22:25:22.904Z,,,,1497,-189,2861,-1,-13,-11,,,,-0.111144736,-0.037780665,-0.815976918,0.5659165382385254,,,
2026-03-06T22:25:22.864Z,,,,1910,478,4057,95,-111,21,,,,-0.181273952,-0.118346862,-0.793088794,0.5692734718322754,,,
2026-03-06T22:25:22.824Z,,,,1979,519,3847,-8,18,5,,,,-0.17266801,-0.092529058,-0.798276782,0.5694565773010254,,,
2026-03-06T22:25:22.784Z,,,,1890,286,3639,-8,45,-17,,,,-0.175353557,-0.108337127,-0.797178149,0.5673203468322754,,,
2026-03-06T22:25:22.744Z,,,,1427,185,3767,-9,11,-16,,,,-0.181090847,-0.108520232,-0.797605395,0.5649399757385254,,,
2026-03-06T22:25:22.704Z,,,,997,142,3935,-14,27,-107,,,,-0.178832546,-0.112182327,-0.804136097,0.5556015968322754,,,
2026-03-06T22:25:22.664Z,,,,425,-281,4207,-35,19,-134,,,,-0.175475627,-0.106567107,-0.806882679,0.5537705421447754,,,
2026-03-06T22:25:22.624Z,,,,1255,644,4251,-4,296,-96,,,,-0.170348689,-0.108825408,-0.805661976,0.5567612648010254,,,
2026-03-06T22:25:22.584Z,,,,1280,117,3796,-165,168,-180,,,,-0.167968318,-0.096252196,-0.805600941,0.5598130226135254,,,
2026-03-06T22:25:22.544Z,,,,1288,192,3931,8,-29,-65,,,,-0.177367702,-0.112975784,-0.805295765,0.5542588233947754,,,
2026-03-06T22:25:22.504Z,,,,1942,529,3994,-14,120,-113,,,,-0.175780803,-0.112426467,-0.805417836,0.5546860694885254,,,
2026-03-06T22:25:22.464Z,,,,1757,-221,3549,-215,1094,-174,,,,-0.171996623,-0.109130576,-0.806211293,0.5553574562072754,,,
2026-03-06T22:25:22.424Z,,,,1302,927,4375,61,534,-80,,,,-0.174926311,-0.114196487,-0.803647816,0.5571885108947754,,,
2026-03-06T22:25:22.384Z,,,,223,-1148,3209,-234,1109,169,,,,-0.16107136,-0.094848387,-0.818479359,0.5432115197181702,,,
2026-03-06T22:25:22.344Z,,,,1867,1014,4151,-19,0,-2,,,,-0.165526927,-0.10461399,-0.817869008,0.5409532189369202,,,
2026-03-06T22:25:22.304Z,,,,918,295,4126,-50,269,143,,,,-0.163268626,-0.104247779,-0.817319691,0.5424790978431702,,,
2026-03-06T22:25:22.264Z,,,,1671,24,4125,-90,-343,-21,,,,-0.166564509,-0.11340303,-0.812131703,0.5474839210510254,,,
2026-03-06T22:25:22.224Z,,,,868,-2,3981,57,-111,-11,,,,-0.156371668,-0.094421148,-0.805600941,0.5634751319885254,,,
2026-03-06T22:25:22.184Z,,,,1449,134,4108,145,258,4,,,,-0.175353557,-0.115356147,-0.803525746,0.5570054054260254,,,
2026-03-06T22:25:22.144Z,,,,683,-64,4010,482,-57,74,,,,-0.167480037,-0.109008513,-0.805478871,0.5577988624572754,,,
2026-03-06T22:25:22.104Z,,,,684,-87,4033,10,-10,71,,,,-0.170226619,-0.112609573,-0.803281605,0.5593857765197754,,,
2026-03-06T22:25:22.064Z,,,,722,-104,4032,-61,-44,64,,,,-0.156188563,-0.094177008,-0.80334264,0.5668320655822754,,,
2026-03-06T22:25:22.024Z,,,,761,-139,4028,-78,-270,-116,,,,-0.17266801,-0.120727226,-0.798704028,0.5635361671447754,,,
2026-03-06T22:25:21.984Z,,,,638,-69,4055,139,-184,41,,,,-0.168517634,-0.115417182,-0.798948169,0.5655503273010254,,,
2026-03-06T22:25:21.944Z,,,,650,-79,4024,17,242,268,,,,-0.170104548,-0.111694053,-0.797971606,0.5671982765197754,,,
2026-03-06T22:25:21.904Z,,,,667,-77,4058,-14,-109,41,,,,-0.16882281,-0.11914032,-0.795225024,0.5698837637901306,,,
2026-03-06T22:25:21.864Z,,,,645,-103,4031,-23,58,69,,,,-0.169738337,-0.114379592,-0.79931438,0.5648789405822754,,,
2026-03-06T22:25:21.824Z,,,,666,-122,4022,-162,-393,-363,,,,-0.165893123,-0.107177459,-0.799619555,0.5670151710510254,,,
2026-03-06T22:25:21.784Z,,,,447,124,4122,-209,1536,88,,,,-0.176818401,-0.114989936,-0.795957446,0.5673203468322754,,,
2026-03-06T22:25:21.744Z,,,,640,-210,3991,71,-393,23,,,,-0.180053249,-0.114013381,-0.798459888,0.5629258155822754,,,
2026-03-06T22:25:21.704Z,,,,895,-86,4019,-58,261,-11,,,,-0.181945339,-0.115112007,-0.796323657,0.5651841163635254,,,
2026-03-06T22:25:21.664Z,,,,1029,-26,3969,-28,-538,-72,,,,-0.168090388,-0.101073958,-0.799253345,0.5679917335510254,,,
2026-03-06T22:25:21.624Z,,,,-15,-208,4200,432,22,29,,,,-0.180846706,-0.115844429,-0.796323657,0.5653061866760254,,,
2026-03-06T22:25:21.584Z,,,,2132,552,3685,-3,-110,52,,,,-0.181396022,-0.112792678,-0.796140552,0.5660996437072754,,,
2026-03-06T22:25:21.544Z,,,,864,-1030,3401,-5,-122,-31,,,,-0.180480495,-0.111877158,-0.79742229,0.5646958351135254,,,
2026-03-06T22:25:21.504Z,,,,1697,144,3687,29,881,66,,,,-0.18054153,-0.097778067,-0.801816821,0.5610947608947754,,,
2026-03-06T22:25:21.464Z,,,,2016,0,3698,-397,-892,-123,,,,-0.183654308,-0.121947929,-0.799619555,0.5584702491760254,,,
2026-03-06T22:25:21.424Z,,,,2228,741,3760,42,-413,131,,,,-0.182067409,-0.11950653,-0.800718188,0.5579209327697754,,,
2026-03-06T22:25:21.384Z,,,,1724,-33,3676,45,89,-51,,,,-0.180114284,-0.122131035,-0.800413013,0.5584702491760254,,,
2026-03-06T22:25:21.344Z,,,,1483,401,4071,21,177,63,,,,-0.179809108,-0.119445495,-0.79955852,0.5603013038635254,,,
2026-03-06T22:25:21.304Z,,,,1161,-374,3771,-269,230,161,,,,-0.174254924,-0.108398162,-0.803525746,0.5587143898010254,,,
2026-03-06T22:25:21.264Z,,,,1871,174,3666,-171,-379,25,,,,-0.186767101,-0.123351738,-0.801267505,0.5548081398010254,,,
2026-03-06T22:25:21.224Z,,,,1869,161,3701,521,-130,67,,,,-0.183166027,-0.117919616,-0.802305102,0.5556015968322754,,,
2026-03-06T22:25:21.184Z,,,,1803,155,3665,44,45,-28,,,,-0.179626003,-0.121825859,-0.803708851,0.5538926124572754,,,
2026-03-06T22:25:21.144Z,,,,2285,550,3745,-25,181,19,,,,-0.184936047,-0.129150063,-0.802060962,0.5529160499572754,,,
2026-03-06T22:25:21.104Z,,,,1252,299,2848,151,361,9,,,,-0.185180187,-0.128295571,-0.802366078,0.5525498390197754,,,
2026-03-06T22:25:21.064Z,,,,2048,360,3808,-791,937,474,,,,-0.184325695,-0.13018766,-0.803769886,0.5504136085510254,,,
2026-03-06T22:25:21.024Z,,,,1594,131,3773,8,-30,19,,,,-0.176330119,-0.116820991,-0.804136097,0.5554795265197754,,,
2026-03-06T22:25:20.984Z,,,,1861,258,3643,-181,-232,-55,,,,-0.172179729,-0.102905013,-0.803464711,0.5604844093322754,,,
2026-03-06T22:25:20.944Z,,,,767,-236,4167,119,-100,19,,,,-0.180236354,-0.093322515,-0.807493031,0.5537705421447754,,,
2026-03-06T22:25:20.904Z,,,,2469,474,3762,-61,260,-12,,,,-0.190978512,-0.107970916,-0.812986195,0.5393052697181702,,,
2026-03-06T22:25:20.864Z,,,,1577,102,3844,674,-326,15,,,,-0.188231945,-0.104675025,-0.814878285,0.5380235314369202,,,
2026-03-06T22:25:20.824Z,,,,1879,152,3553,-319,194,32,,,,-0.181579128,-0.100097403,-0.817502797,0.5372300744056702,,,
2026-03-06T22:25:20.784Z,,,,484,-581,4181,-201,331,55,,,,-0.187438488,-0.106078833,-0.813718617,0.5397325158119202,,,
2026-03-06T22:25:20.744Z,,,,2450,550,3776,51,-632,-71,,,,-0.188720226,-0.112304397,-0.807493031,0.5473618507385254,,,
2026-03-06T22:25:20.704Z,,,,1739,187,3761,-364,227,-56,,,,-0.186645031,-0.129211098,-0.785642505,0.5754379630088806,,,
2026-03-06T22:25:20.664Z,,,,1773,-43,3511,-282,607,69,,,,-0.222411543,-0.185790539,-0.753599167,0.5899643301963806,,,
2026-03-06T22:25:20.624Z,,,,2059,632,3987,-8,-234,-129,,,,-0.205687955,-0.177367702,-0.750608444,0.6022323369979858,,,
2026-03-06T22:25:20.584Z,,,,2108,482,4136,280,-840,-281,,,,-0.188842297,-0.141173959,-0.768552721,0.5946639776229858,,,
2026-03-06T22:25:20.544Z,,,,1390,86,3866,51,-569,-3,,,,-0.189818844,-0.141051888,-0.76843065,0.5945419073104858,,,
2026-03-06T22:25:20.504Z,,,,2070,42,3519,18,525,387,,,,-0.187926769,-0.13952601,-0.766477525,0.5980209112167358,,,
2026-03-06T22:25:20.464Z,,,,2065,29,3300,68,-118,145,,,,-0.186095715,-0.135131493,-0.764158189,0.6025985479354858,,,
2026-03-06T22:25:20.424Z,,,,2123,-64,3540,-20,120,16,,,,-0.184203625,-0.12628141,-0.764707506,0.6043685674667358,,,
2026-03-06T22:25:20.384Z,,,,1105,-166,3939,243,-417,44,,,,-0.18255569,-0.135985985,-0.763547838,0.6042464971542358,,,
2026-03-06T22:25:20.344Z,,,,1845,188,3709,-29,51,-65,,,,-0.175231487,-0.13568081,-0.76440233,0.6053451299667358,,,
2026-03-06T22:25:20.304Z,,,,1809,16,3637,-160,246,-81,,,,-0.177367702,-0.139342904,-0.761716783,0.6072372198104858,,,
2026-03-06T22:25:20.264Z,,,,1851,147,3650,-875,1526,-574,,,,-0.177184612,-0.145934686,-0.760435045,0.6073592901229858,,,
2026-03-06T22:25:20.224Z,,,,1109,-1098,3839,-297,570,-451,,,,-0.176879436,-0.145751581,-0.762998521,0.6043075323104858,,,
2026-03-06T22:25:20.184Z,,,,2304,608,3827,965,-2572,-129,,,,-0.177917019,-0.146422967,-0.756772935,0.6115707159042358,,,
2026-03-06T22:25:20.144Z,,,,1824,-8,3577,2,-2,25,,,,-0.209166944,-0.160766184,-0.751218796,0.6049178838729858,,,
2026-03-06T22:25:20.104Z,,,,1811,256,3888,7,43,-21,,,,-0.186339855,-0.122680351,-0.771665514,0.5955795049667358,,,
2026-03-06T22:25:20.064Z,,,,1620,124,3833,-25,-7,-45,,,,-0.201537564,-0.133727685,-0.766233385,0.5952132940292358,,,
2026-03-06T22:25:20.024Z,,,,1359,-39,3617,95,209,60,,,,-0.1977534,-0.125976235,-0.768552721,0.5952132940292358,,,
2026-03-06T22:25:19.984Z,,,,2374,511,3401,174,-511,202,,,,-0.198180646,-0.122924492,-0.768247545,0.5960677862167358,,,
2026-03-06T22:25:19.944Z,,,,1803,-95,3711,-7,-204,75,,,,-0.199218243,-0.122131035,-0.765378892,0.5996078252792358,,,
2026-03-06T22:25:19.904Z,,,,1812,484,3726,-95,-222,-88,,,,-0.197631329,-0.115783393,-0.76061815,0.6072982549667358,,,
2026-03-06T22:25:19.864Z,,,,2420,688,3311,-324,829,244,,,,-0.194335446,-0.105712622,-0.760679185,0.6101669073104858,,,
2026-03-06T22:25:19.824Z,,,,2235,41,3520,13,45,107,,,,-0.196837872,-0.107909881,-0.764890611,0.6036971807479858,,,
2026-03-06T22:25:19.784Z,,,,2409,758,3838,-28,22,57,,,,-0.194213375,-0.097655997,-0.77044481,0.5991805791854858,,,
2026-03-06T22:25:19.744Z,,,,1719,559,3776,255,1553,40,,,,-0.189086422,-0.087341085,-0.779722095,0.5903915762901306,,,
2026-03-06T22:25:19.704Z,,,,1507,430,3869,248,-546,137,,,,-0.196959943,-0.080505162,-0.778379381,0.5905746817588806,,,
2026-03-06T22:25:19.664Z,,,,1287,-239,3299,162,1070,252,,,,-0.18041946,-0.067077465,-0.779111743,0.5965560674667358,,,
2026-03-06T22:25:19.624Z,,,,2023,187,3762,135,-346,-76,,,,-0.209838331,-0.069885075,-0.771360338,0.5966171026229858,,,
2026-03-06T22:25:19.584Z,,,,1661,-49,3726,72,-47,42,,,,-0.197936505,-0.068542302,-0.774167955,0.5972274541854858,,,
2026-03-06T22:25:19.544Z,,,,1548,80,3859,122,15,-34,,,,-0.21343939,-0.0756834,-0.786985278,0.5737900137901306,,,
2026-03-06T22:25:19.504Z,,,,1763,51,3793,-26,-76,-186,,,,-0.21160835,-0.08129862,-0.783445239,0.5786117911338806,,,
2026-03-06T22:25:19.464Z,,,,1735,-15,3697,206,-498,-39,,,,-0.207030714,-0.089965589,-0.783079028,0.5794052481651306,,,
2026-03-06T22:25:19.424Z,,,,1083,-313,3748,160,124,105,,,,-0.21734564,-0.106139861,-0.779111743,0.5783066153526306,,,
2026-03-06T22:25:19.384Z,,,,3629,802,3209,239,-203,165,,,,-0.199035138,-0.089782484,-0.783140063,0.5820907950401306,,,
2026-03-06T22:25:19.344Z,,,,2567,1322,3868,156,-132,229,,,,-0.214843199,-0.109801963,-0.77801317,0.5800155997276306,,,
2026-03-06T22:25:19.304Z,,,,1953,110,3590,394,82,9,,,,-0.202575162,-0.10473606,-0.783079028,0.5784897208213806,,,
2026-03-06T22:25:19.264Z,,,,2027,105,3541,20,-610,-98,,,,-0.191588864,-0.105285376,-0.780088305,0.5861801505088806,,,
2026-03-06T22:25:19.224Z,,,,1903,92,3607,113,195,-122,,,,-0.191039547,-0.114928901,-0.787107348,0.5750107169151306,,,
2026-03-06T22:25:19.184Z,,,,1616,-50,3778,98,513,28,,,,-0.18829298,-0.111877158,-0.78960979,0.5730575919151306,,,
2026-03-06T22:25:19.144Z,,,,1529,-342,3881,344,-506,236,,,,-0.172729045,-0.112914748,-0.784604907,0.5845322012901306,,,
2026-03-06T22:25:19.104Z,,,,1717,52,3726,492,-34,255,,,,-0.204894498,-0.156310633,-0.757017076,0.6002792119979858,,,
2026-03-06T22:25:19.064Z,,,,1452,118,3878,-147,-156,-54,,,,-0.196776837,-0.138549447,-0.76653856,0.5952743291854858,,,
2026-03-06T22:25:19.024Z,,,,1687,78,2972,-45,1220,101,,,,-0.216002867,-0.149657816,-0.752073288,0.6043685674667358,,,
2026-03-06T22:25:18.984Z,,,,1972,212,3790,-553,-716,-59,,,,-0.182189479,-0.130248696,-0.763730943,0.6053451299667358,,,
2026-03-06T22:25:18.944Z,,,,1830,112,3774,506,409,-76,,,,-0.216674253,-0.124084152,-0.764646471,0.5940536260604858,,,
2026-03-06T22:25:18.904Z,,,,1595,450,3541,-186,-430,174,,,,-0.200438946,-0.140929818,-0.771177232,0.5874618887901306,,,
2026-03-06T22:25:18.864Z,,,,3540,77,3712,21,-582,-54,,,,-0.204955533,-0.140868783,-0.768735826,0.5891708731651306,,,
2026-03-06T22:25:18.824Z,,,,1418,-85,3765,515,-281,49,,,,-0.199340314,-0.130553871,-0.765378892,0.5977767705917358,,,
2026-03-06T22:25:18.784Z,,,,2441,-5,3689,157,-437,201,,,,-0.190917477,-0.142638788,-0.764585435,0.5988143682479858,,,
2026-03-06T22:25:18.744Z,,,,1884,-25,3613,-4,-38,144,,,,-0.191710934,-0.146484002,-0.759702623,0.6036971807479858,,,
2026-03-06T22:25:18.704Z,,,,1868,-122,3615,-146,156,-372,,,,-0.19226025,-0.148315042,-0.775693834,0.5823959708213806,,,
2026-03-06T22:25:18.664Z,,,,2002,-15,3753,-170,-233,-257,,,,-0.190795407,-0.144530877,-0.782224536,0.5751327872276306,,,
2026-03-06T22:25:18.624Z,,,,1868,-99,3586,-64,-114,-60,,,,-0.191527829,-0.149901956,-0.774961412,0.5831894278526306,,,
2026-03-06T22:25:18.584Z,,,,1283,-453,3688,-339,-1314,268,,,,-0.196532696,-0.160461009,-0.765867174,0.5907577872276306,,,
2026-03-06T22:25:18.544Z,,,,1932,-10,3803,1679,209,126,,,,-0.196959943,-0.136352196,-0.76641649,0.5958846807479858,,,
2026-03-06T22:25:18.504Z,,,,1655,-302,3815,-649,-200,781,,,,-0.179198757,-0.110778525,-0.790098071,0.5755600333213806,,,
2026-03-06T22:25:18.464Z,,,,1616,-73,3876,-52,-101,-173,,,,-0.178039089,-0.109985068,-0.792112231,0.5732406973838806,,,
2026-03-06T22:25:18.424Z,,,,2038,-610,3407,-411,601,-63,,,,-0.169311091,-0.106689177,-0.792112231,0.5765365958213806,,,
2026-03-06T22:25:18.384Z,,,,1020,-373,4126,-306,116,104,,,,-0.169250056,-0.112609573,-0.79351604,0.5734848380088806,,,
2026-03-06T22:25:18.344Z,,,,2087,-1028,2837,-47,-222,-172,,,,-0.172301799,-0.078979291,-0.804746449,0.5624985694885254,,,
2026-03-06T22:25:18.304Z,,,,1646,-116,4180,-212,689,-59,,,,-0.154235438,-0.093627691,-0.81304723,0.5534653663635254,,,
2026-03-06T22:25:18.264Z,,,,1940,-619,3748,-226,-96,585,,,,-0.140197396,-0.106261931,-0.825437367,0.5363145470619202,,,
2026-03-06T22:25:18.224Z,,,,1665,-414,3617,44,69,-99,,,,-0.134643212,-0.100463606,-0.836667776,0.5211778879165649,,,
2026-03-06T22:25:18.184Z,,,,1649,-479,3508,-105,190,-317,,,,-0.080749303,-0.078429975,-0.876096368,0.4686877727508545,,,
2026-03-06T22:25:18.144Z,,,,2499,-37,3554,-573,100,-397,,,,-0.063537434,-0.080199987,-0.884519219,0.4550769627094269,,,
2026-03-06T22:25:18.104Z,,,,968,-546,4100,784,-330,30,,,,-0.052612171,-0.087585226,-0.894406915,0.43530163168907166,,,
2026-03-06T22:25:18.064Z,,,,2495,13,3579,49,-389,88,,,,-0.0219726,-0.06970197,-0.907712519,0.41302382946014404,,,
2026-03-06T22:25:18.024Z,,,,1659,-248,3734,-92,61,-29,,,,0.040161029,-0.04650867,-0.918088496,0.3914174437522888,,,
2026-03-06T22:25:17.984Z,,,,1023,-354,4262,-266,-242,-90,,,,0.061523281037807465,-0.062011559,-0.948483884,0.3043815493583679,,,
2026-03-06T22:25:17.944Z,,,,1819,63,3780,304,-855,363,,,,0.038940329,-0.058532566,-0.966367126,0.24713070690631866,,,
2026-03-06T22:25:17.904Z,,,,1793,-146,3644,-269,20,523,,,,0.038452052,-0.054199081,-0.971555114,0.22705020010471344,,,
2026-03-06T22:25:17.864Z,,,,1147,-127,3831,-253,-144,233,,,,0.050170768052339554,-0.054077011,-0.975705504,0.20611520111560822,,,
2026-03-06T22:25:17.824Z,,,,2837,509,4020,-22,-541,387,,,,0.09313941,-0.02856438,-0.98357904,0.15167197585105896,,,
2026-03-06T22:25:17.784Z,,,,1920,64,3654,-175,-592,557,,,,0.14984092116355896,-0.00512694,-0.988400757,0.023193299770355225,,,
2026-03-06T22:25:17.744Z,,,,2804,-413,3639,-67,-372,444,,,,-0.216674253,-0.054138046,0.9698461294174194,0.097167723,,,
2026-03-06T22:25:17.704Z,,,,669,635,3996,-302,-464,420,,,,-0.213195249,-0.054626323,0.9696630239486694,0.10577365756034851,,,
2026-03-06T22:25:17.664Z,,,,935,-1557,896,145,-691,604,,,,-0.210875928,-0.052184924,0.9694799184799194,0.11309785395860672,,,
2026-03-06T22:25:17.624Z,,,,2016,-13,3497,-84,-2276,995,,,,-0.206847608,-0.049499385,0.9696630239486694,0.12023895233869553,,,
2026-03-06T22:25:17.584Z,,,,2012,-310,3491,-431,-314,888,,,,-0.212157667,-0.051208366,0.9664891958236694,0.13476528227329254,,,
2026-03-06T22:25:17.544Z,,,,1519,-542,2209,-96,386,1084,,,,-0.216430113,-0.040954486,0.9659398794174194,0.13543666899204254,,,
2026-03-06T22:25:17.504Z,,,,1823,19,3596,160,82,822,,,,-0.209166944,-0.029601974,0.9679540395736694,0.13549770414829254,,,
2026-03-06T22:25:17.464Z,,,,1892,-44,3702,-200,-98,801,,,,-0.1745601,-0.00085449,0.9738134145736694,0.14544640481472015,,,
2026-03-06T22:25:17.424Z,,,,2427,423,4094,450,-820,977,,,,-0.155395105,0.02832024,0.9741185903549194,0.16131550073623657,,,
2026-03-06T22:25:17.384Z,,,,1839,-164,3611,330,-606,1080,,,,-0.120116882,0.025512630119919777,0.9764989614486694,0.17700150609016418,,,
2026-03-06T22:25:17.344Z,,,,1926,32,3780,-147,-394,960,,,,-0.10766574,0.025390559807419777,0.9766210317611694,0.1842036247253418,,,
2026-03-06T22:25:17.304Z,,,,2443,731,3442,35,202,416,,,,-0.08459451,0.00695799,0.9798558950424194,0.18054153,,,
2026-03-06T22:25:17.264Z,,,,2168,-619,3461,-160,1,294,,,,-0.014221155,-0.034118567,0.9808934926986694,0.1906733363866806,,,
2026-03-06T22:25:17.224Z,,,,1832,21,4120,-80,50,175,,,,-0.00170898,-0.043884166,0.9826024770736694,0.180114284,,,
2026-03-06T22:25:17.184Z,,,,1888,-166,3575,-38,19,30,,,,0.068908513,-0.074645802,0.9810765981674194,0.16473346948623657,,,
2026-03-06T22:25:17.144Z,,,,1473,-130,3756,-144,-145,64,,,,0.071471982,-0.073119931,0.9801000356674194,0.17004351317882538,,,
2026-03-06T22:25:17.104Z,,,,1797,876,4373,-336,77,-2,,,,0.09912084,-0.064575031,0.9812597036361694,0.15179404616355896,,,
2026-03-06T22:25:17.064Z,,,,581,-2293,2879,-513,229,-133,,,,0.10314915329217911,-0.042297255,0.9877294301986694,0.10906954109668732,,,
2026-03-06T22:25:17.024Z,,,,1614,-4,4214,-639,-386,243,,,,0.10967989265918732,-0.039123435,0.9866307973861694,0.11346406489610672,,,
2026-03-06T22:25:16.984Z,,,,1685,518,4150,-242,311,175,,,,0.10882540792226791,-0.035583407,0.9870580434799194,0.11199922114610672,,,
2026-03-06T22:25:16.944Z,,,,1664,-137,3670,-95,420,307,,,,0.16760210692882538,-0.031066814,0.9821141958236694,0.079772748,,,
2026-03-06T22:25:16.904Z,,,,1005,-171,3901,115,396,48,,,,0.1989130675792694,-0.01440426,0.9776586294174194,0.066161938,,,
2026-03-06T22:25:16.864Z,,,,837,137,3981,176,905,218,,,,0.15594442188739777,-0.043395884,0.9842504262924194,0.070678532,,,
2026-03-06T22:25:16.824Z,,,,1346,709,4216,261,484,-185,,,,0.178100124,-0.02966301,0.9808934926986694,0.071838193,,,
2026-03-06T22:25:16.784Z,,,,581,-176,4338,111,567,-359,,,,0.180602565,-0.031005779,0.9808324575424194,0.065612622,,,
2026-03-06T22:25:16.744Z,,,,-1674,305,3457,-92,96,119,,,,0.1865229606628418,-0.020141549,0.9802221059799194,0.062743977,,,
2026-03-06T22:25:16.704Z,,,,-452,824,4054,81,632,170,,,,0.15954549610614777,-0.041747939,0.9841283559799194,0.065246418,,,
2026-03-06T22:25:16.664Z,,,,166,451,4107,-254,73,-418,,,,0.181884304,-0.029846115,0.9804662466049194,0.068176098,,,
2026-03-06T22:25:16.624Z,,,,137,400,3983,-515,-96,-521,,,,0.179564968,-0.030822676,0.9808934926986694,0.067260571,,,
2026-03-06T22:25:16.584Z,,,,4,871,4277,-164,1,163,,,,0.1881709098815918,-0.026306085,0.9793676137924194,0.067992993,,,
2026-03-06T22:25:16.544Z,,,,-768,445,4112,-56,35,-12,,,,0.182494655,-0.029724045,0.9796727895736694,0.076904103,,,
2026-03-06T22:25:16.504Z,,,,-889,480,4153,-256,1566,-266,,,,0.17150835692882538,-0.037414454,0.9815648794174194,0.075012013,,,
2026-03-06T22:25:16.464Z,,,,-1619,-880,3555,67,293,-241,,,,0.1926264613866806,-0.033264074,0.9780248403549194,0.072204404,,,
2026-03-06T22:25:16.424Z,,,,-1469,-807,3633,341,585,305,,,,0.1860346794128418,-0.032470621,0.9794286489486694,0.070861638,,,
2026-03-06T22:25:16.384Z,,,,-1556,-615,3757,-120,201,10,,,,0.1979975402355194,-0.035217196,0.9770482778549194,0.06982404,,,
2026-03-06T22:25:16.344Z,,,,-1379,-497,3803,57,1440,47,,,,0.1965326964855194,-0.02856438,0.9777196645736694,0.067260571,,,
2026-03-06T22:25:16.304Z,,,,-1248,-653,3859,-193,-1292,-171,,,,0.181945339,-0.042480361,0.9799779653549194,0.067931958,,,
2026-03-06T22:25:16.264Z,,,,-1210,-565,3872,-653,1120,228,,,,0.1832270622253418,-0.033630285,0.9797338247299194,0.07263165,,,
2026-03-06T22:25:16.224Z,,,,-1255,-630,3828,-78,-110,7,,,,0.180175319,-0.034057532,0.9800390005111694,0.075988576,,,
2026-03-06T22:25:16.184Z,,,,-1605,-600,4501,-35,-83,-26,,,,0.179564968,-0.036437895,0.9799169301986694,0.077880658,,,
2026-03-06T22:25:16.144Z,,,,-1394,326,3682,263,-990,-39,,,,0.15765340626239777,-0.03637686,0.9834569692611694,0.080627233,,,
2026-03-06T22:25:16.104Z,,,,-594,312,4105,57,-6,-2,,,,0.15978963673114777,-0.02844231,0.9832128286361694,0.083129667,,,
2026-03-06T22:25:16.064Z,,,,-686,468,3916,-220,1079,204,,,,0.15740926563739777,-0.033935461,0.9821141958236694,0.097106688,,,
2026-03-06T22:25:16.024Z,,,,-814,325,3918,-33,-31,-18,,,,0.16076618432998657,-0.033386145,0.9806493520736694,0.10607883334159851,,,
2026-03-06T22:25:15.984Z,,,,100,-116,4146,13,90,-44,,,,0.12280242145061493,-0.033996496,0.9820531606674194,0.13873255252838135,,,
2026-03-06T22:25:15.944Z,,,,89,-318,4057,7,528,98,,,,0.10101292282342911,-0.020812934,0.9818090200424194,0.15911825001239777,,,
2026-03-06T22:25:15.904Z,,,,669,-427,3963,259,-1266,-45,,,,0.086608663,-0.01171872,0.9810155630111694,0.17297318577766418,,,
2026-03-06T22:25:15.864Z,,,,550,-223,4229,-515,1443,194,,,,0.076904103,-0.00256347,0.9818090200424194,0.17346146702766418,,,
2026-03-06T22:25:15.824Z,,,,1060,-365,3860,-18,149,94,,,,0.061889488250017166,0.00231933,0.9839452505111694,0.16705279052257538,,,
2026-03-06T22:25:15.784Z,,,,942,510,3983,136,-582,26,,,,0.054015975,0.00451659,0.9851049184799194,0.16308552026748657,,,
2026-03-06T22:25:15.744Z,,,,1324,-344,4113,-56,1032,98,,,,0.12750211358070374,-0.002624505,0.9837621450424194,0.12622037529945374,,,
2026-03-06T22:25:15.704Z,,,,978,-17,3997,132,-346,-11,,,,0.20733588933944702,-0.00463866,0.9705175161361694,0.12231414020061493,,,
2026-03-06T22:25:15.664Z,,,,1838,-254,3785,72,-1003,43,,,,0.182677761,-0.00231933,0.9768651723861694,0.11090059578418732,,,
2026-03-06T22:25:15.624Z,,,,2429,1089,4149,92,-203,191,,,,0.17297318577766418,-0.0195312,0.9782689809799194,0.11218232661485672,,,
2026-03-06T22:25:15.584Z,,,,223,-1588,3652,-263,-296,356,,,,0.1854853630065918,-0.017944289,0.9751561880111694,0.11956756561994553,,,
2026-03-06T22:25:15.544Z,,,,1841,-20,3625,-92,-175,381,,,,0.1938471645116806,-0.0158691,0.9733251333236694,0.12158171832561493,,,
2026-03-06T22:25:15.504Z,,,,1712,-265,3434,-108,-109,397,,,,0.1856074333190918,-0.018554639,0.9743016958236694,0.12579312920570374,,,
2026-03-06T22:25:15.464Z,,,,2053,1063,4251,-142,-311,106,,,,0.17584183812141418,-0.02026362,0.9758886098861694,0.12756314873695374,,,
2026-03-06T22:25:15.424Z,,,,333,-1462,3734,-179,-447,66,,,,0.20062203705310822,-0.02478021,0.9707006216049194,0.12957730889320374,,,
2026-03-06T22:25:15.384Z,,,,1941,433,3960,-98,-596,-306,,,,0.1947626918554306,-0.018859815,0.9713720083236694,0.13446010649204254,,,
2026-03-06T22:25:15.344Z,,,,1571,-12,3821,-24,-822,-362,,,,0.1911005824804306,-0.016174275,0.9720433950424194,0.13500942289829254,,,
2026-03-06T22:25:15.304Z,,,,2098,651,3974,-435,2784,-189,,,,0.1889643520116806,-0.016967731,0.9724706411361694,0.13500942289829254,,,
2026-03-06T22:25:15.264Z,,,,2024,533,4002,-134,-493,-257,,,,0.20318551361560822,-0.013244595,0.9696630239486694,0.13500942289829254,,,
2026-03-06T22:25:15.224Z,,,,774,-423,3991,962,-1375,-55,,,,0.16491657495498657,-0.017700151,0.9768651723861694,0.13446010649204254,,,
2026-03-06T22:25:15.184Z,,,,1826,-26,3709,-363,384,208,,,,0.181457058,-0.012634245,0.9741796255111694,0.13366664946079254,,,
2026-03-06T22:25:15.144Z,,,,1290,49,3882,55,841,130,,,,0.20172066986560822,-0.011657685,0.9696630239486694,0.13708460330963135,,,
2026-03-06T22:25:15.104Z,,,,1902,-184,3601,14,-1155,-59,,,,0.16699175536632538,-0.01611324,0.9763768911361694,0.13568080961704254,,,
2026-03-06T22:25:15.064Z,,,,2065,567,4091,146,-551,52,,,,0.17669633030891418,-0.007995585,0.9746068716049194,0.13720667362213135,,,
2026-03-06T22:25:15.024Z,,,,1125,-1080,2682,31,633,84,,,,0.1882319450378418,-0.00292968,0.9735082387924194,0.12963834404945374,,,
2026-03-06T22:25:14.984Z,,,,1715,26,3687,-326,-271,73,,,,0.1933588832616806,-0.011047335,0.9720433950424194,0.13226284086704254,,,
2026-03-06T22:25:14.944Z,,,,1616,40,3698,-261,539,128,,,,0.1902460902929306,-0.009948705,0.9719213247299194,0.13769495487213135,,,
2026-03-06T22:25:14.904Z,,,,1535,-39,3710,50,-626,39,,,,0.20135445892810822,-0.007019025,0.9692968130111694,0.14068567752838135,,,
2026-03-06T22:25:14.864Z,,,,1052,-81,3947,44,1129,84,,,,0.1958002746105194,-0.01013181,0.9699681997299194,0.14379845559597015,,,
2026-03-06T22:25:14.824Z,,,,1219,772,4350,-383,-917,-109,,,,0.178710476,-0.00878904,0.9726537466049194,0.14782677590847015,,,
2026-03-06T22:25:14.784Z,,,,1641,349,4394,464,-16,-41,,,,0.1927485316991806,-0.013122525,0.9696630239486694,0.14935263991355896,,,
2026-03-06T22:25:14.744Z,,,,1966,61,3813,75,-559,2,,,,0.16772417724132538,-0.013977015,0.9744848012924194,0.14819298684597015,,,
2026-03-06T22:25:14.704Z,,,,1257,-307,3652,-317,-859,-19,,,,0.1848139762878418,-0.01110837,0.9705785512924194,0.15362510085105896,,,
2026-03-06T22:25:14.664Z,,,,1015,30,3978,362,122,74,,,,0.17163041234016418,-0.01110837,0.9729589223861694,0.15399131178855896,,,
2026-03-06T22:25:14.624Z,,,,1008,-26,3941,82,210,-29,,,,0.1978754699230194,-0.016296346,0.9668554067611694,0.16015583276748657,,,
2026-03-06T22:25:14.584Z,,,,1031,193,4064,377,-1126,-115,,,,0.1867060661315918,-0.00939939,0.9688085317611694,0.16253620386123657,,,
2026-03-06T22:25:14.544Z,,,,762,91,3829,-480,760,121,,,,0.180480495,-0.01391598,0.9689916372299194,0.16809038817882538,,,
2026-03-06T22:25:14.504Z,,,,406,238,4019,14,926,168,,,,0.1879878044128418,-0.003112785,0.9674047231674194,0.16918902099132538,,,
2026-03-06T22:25:14.464Z,,,,562,33,4136,-339,-972,-19,,,,0.1969599425792694,-0.0036621,0.9652684926986694,0.17126421630382538,,,
2026-03-06T22:25:14.424Z,,,,3282,550,3255,40,-511,125,,,,0.179809108,-0.002258295,0.9669164419174194,0.180724636,,,
2026-03-06T22:25:14.384Z,,,,1647,864,4096,93,-455,71,,,,0.180175319,-0.001892085,0.9667333364486694,0.181273952,,,
2026-03-06T22:25:14.344Z,,,,517,-551,2450,9,1099,139,,,,0.1933588832616806,-0.006896955,0.9628881812095642,0.1879878044128418,,,
2026-03-06T22:25:14.304Z,,,,1674,38,3530,-326,980,89,,,,0.17156937718391418,0.002258295,0.9622778296470642,0.21105903387069702,,,
2026-03-06T22:25:14.264Z,,,,2015,487,3878,16,-400,47,,,,0.15924032032489777,0.00463866,0.9607519507408142,0.22686709463596344,,,
2026-03-06T22:25:14.224Z,,,,1682,274,3932,65,699,163,,,,0.15539510548114777,-0.00097656,0.9577001929283142,0.24200376868247986,,,
2026-03-06T22:25:14.184Z,,,,982,118,3984,-211,-281,139,,,,0.14495812356472015,-0.00939939,0.9506811499595642,0.2738029956817627,,,
2026-03-06T22:25:14.144Z,,,,2380,-173,3297,-64,-253,10,,,,0.11071749031543732,-0.020080514,0.9483007788658142,0.2966911196708679,,,
2026-03-06T22:25:14.104Z,,,,2239,386,3375,-533,334,135,,,,0.071655087,-0.006286605,0.9421972632408142,0.32708656787872314,,,
2026-03-06T22:25:14.064Z,,,,1857,357,3809,28,16,-16,,,,0.028381275,-0.01489254,0.933530331,0.35693267,,,
2026-03-06T22:25:14.024Z,,,,1594,107,3643,-151,-512,-13,,,,-0.01062009,-0.02416986,0.919736385,0.3915395140647888,,,
2026-03-06T22:25:13.984Z,,,,2338,666,3790,-90,184,25,,,,-0.01184079,-0.037780665,0.9138770699501038,0.40392962098121643,,,
2026-03-06T22:25:13.944Z,,,,191,-146,4267,19,-216,103,,,,-0.0146484,-0.037780665,0.9050269722938538,0.42327773571014404,,,
2026-03-06T22:25:13.904Z,,,,1317,291,3840,-133,731,149,,,,-0.01452633,-0.041076556,0.8974586129188538,0.43884164094924927,,,
2026-03-06T22:25:13.864Z,,,,2243,661,3795,60,-450,232,,,,-0.01306149,-0.044860724,0.8951393365859985,0.44323617219924927,,,
2026-03-06T22:25:13.824Z,,,,222,-550,4352,597,-1324,151,,,,-0.013244595,-0.039367575,0.8977027535438538,0.43853646516799927,,,
2026-03-06T22:25:13.784Z,,,,857,226,3975,158,-551,37,,,,-0.034179598,-0.037170313,0.9004493355751038,0.43182262778282166,,,
2026-03-06T22:25:13.744Z,,,,1500,705,4104,785,-1421,438,,,,-0.047424193,-0.020690866,0.9055152535438538,0.42101943492889404,,,
2026-03-06T22:25:13.704Z,,,,1618,122,2907,234,-405,818,,,,-0.046996951,-0.020629831,0.9053931832313538,0.42138564586639404,,,
2026-03-06T22:25:13.664Z,,,,1558,117,3682,193,-560,388,,,,-0.04663074,-0.018005325,0.9049659371376038,0.42248427867889404,,,
2026-03-06T22:25:13.624Z,,,,2122,651,3850,405,-846,632,,,,-0.047729369,-0.016479449,0.9067359566688538,0.41857802867889404,,,
2026-03-06T22:25:13.584Z,,,,2314,413,3793,568,213,370,,,,-0.050598014,-0.013732875,0.9139991402626038,0.40222063660621643,,,
2026-03-06T22:25:13.544Z,,,,1130,320,3897,99,-139,476,,,,-0.038452052,-0.015685994,0.9172340035438538,0.3959950804710388,,,
2026-03-06T22:25:13.504Z,,,,1922,75,3478,95,-4,533,,,,-0.016540485,-0.014709435,0.920224667,0.3907460570335388,,,
2026-03-06T22:25:13.464Z,,,,423,-350,3963,101,74,285,,,,-0.00756834,-0.01904292,0.922605038,0.3851308524608612,,,
2026-03-06T22:25:13.424Z,,,,1700,312,3591,12,73,53,,,,-0.001770015,-0.0219726,0.924008846,0.3817128837108612,,,
2026-03-06T22:25:13.384Z,,,,888,196,4065,211,-635,-172,,,,0.015197714790701866,-0.023742614,0.928464413,0.3702383041381836,,,
2026-03-06T22:25:13.344Z,,,,2395,-20,3354,22,-397,-373,,,,0.037475489,-0.027404714,0.932858944,0.357115775,,,
2026-03-06T22:25:13.304Z,,,,1707,226,3613,-1,-12,10,,,,0.047790404,-0.031310953,0.933835506,0.35302644968032837,,,
2026-03-06T22:25:13.264Z,,,,732,-461,3242,-42,0,20,,,,0.049194209,-0.031738199,0.937375546,0.34319978952407837,,,
2026-03-06T22:25:13.224Z,,,,1766,611,4098,-33,-15,-40,,,,0.050536978989839554,-0.03210441,0.939511776,0.33721837401390076,,,
2026-03-06T22:25:13.184Z,,,,2263,599,3749,-39,-49,-136,,,,0.072509579,-0.033264074,0.940488338,0.33013832569122314,,,
2026-03-06T22:25:13.144Z,,,,1871,662,3912,-42,77,-223,,,,0.10406467318534851,-0.040222064,0.9425024390220642,0.31494060158729553,,,
2026-03-06T22:25:13.104Z,,,,1696,402,3677,-183,613,-173,,,,0.10955782234668732,-0.042175185,0.9436621069908142,0.30920329689979553,,,
2026-03-06T22:25:13.064Z,,,,2372,10,3226,-417,455,-144,,,,0.11206025630235672,-0.040710345,0.9452490210533142,0.3036491274833679,,,
2026-03-06T22:25:13.024Z,,,,1578,448,3632,2,67,-19,,,,0.11401338130235672,-0.041076556,0.9461035132408142,0.3001701235771179,,,
2026-03-06T22:25:12.984Z,,,,1106,803,4300,-39,170,-96,,,,0.11498993635177612,-0.038513087,0.9501318335533142,0.2872307002544403,,,
2026-03-06T22:25:12.944Z,,,,1391,553,3867,-75,285,-102,,,,0.10406467318534851,-0.044982795,0.9583715796470642,0.2619011700153351,,,
2026-03-06T22:25:12.904Z,,,,1585,793,4187,-19,98,-93,,,,0.1854853630065918,-0.053039417,0.9461035132408142,0.25982600450515747,,,
2026-03-06T22:25:12.864Z,,,,635,-521,3563,-7,69,-72,,,,0.17413285374641418,-0.051086295,0.9492773413658142,0.25665217638015747,,,
2026-03-06T22:25:12.824Z,,,,702,355,4003,3,3,-154,,,,0.17675736546516418,-0.051391471,0.9459204077720642,0.2668450176715851,,,
2026-03-06T22:25:12.784Z,,,,429,-177,3936,-241,567,-199,,,,0.16693072021007538,-0.053405624,0.9465307593345642,0.2706291973590851,,,
2026-03-06T22:25:12.744Z,,,,-455,-378,3821,-88,950,-87,,,,0.1903071254491806,-0.056945655,0.941586971,0.2716667950153351,,,
2026-03-06T22:25:12.704Z,,,,94,-240,4238,-3,156,-136,,,,0.17321732640266418,-0.057433933,0.9432348608970642,0.2774040699005127,,,
2026-03-06T22:25:12.664Z,,,,-61,-151,4092,-69,44,-100,,,,0.16754107177257538,-0.057983249,0.9435400366783142,0.2797234058380127,,,
2026-03-06T22:25:12.624Z,,,,47,-360,4124,-38,76,-130,,,,0.178283229,-0.055785991,0.941281796,0.2810661792755127,,,
2026-03-06T22:25:12.584Z,,,,181,-446,4113,-21,120,-196,,,,0.16979937255382538,-0.057128761,0.9434790015220642,0.2786247730255127,,,
2026-03-06T22:25:12.544Z,,,,517,-86,4213,88,143,-322,,,,0.17297318577766418,-0.059142914,0.9427465796470642,0.2787468433380127,,,
2026-03-06T22:25:12.504Z,,,,-340,-477,3863,-379,2101,-187,,,,0.17529252171516418,-0.05822739,0.9421362280845642,0.2795403003692627,,,
2026-03-06T22:25:12.464Z,,,,-184,-186,4095,-2,-436,-117,,,,0.18231155,-0.059509125,0.939267635,0.2844231128692627,,,
2026-03-06T22:25:12.424Z,,,,-109,-193,4064,171,-9,47,,,,0.17401078343391418,-0.05090319,0.940793514,0.2861931025981903,,,
2026-03-06T22:25:12.384Z,,,,-124,-195,4197,-18,50,16,,,,0.1937250941991806,-0.048339721,0.937680721,0.2841789722442627,,,
2026-03-06T22:25:12.344Z,,,,-191,-196,4120,143,318,7,,,,0.14868125319480896,-0.052673206,0.9462866187095642,0.2820427417755127,,,
2026-03-06T22:25:12.304Z,,,,-529,-150,3923,53,296,-24,,,,0.1853632926940918,-0.050292838,0.939511776,0.2833855152130127,,,
2026-03-06T22:25:12.264Z,,,,-252,-106,4164,59,-337,-1,,,,0.1948237121105194,-0.039550681,0.936643124,0.2881462275981903,,,
2026-03-06T22:25:12.224Z,,,,25,283,4125,860,-820,117,,,,0.15551717579364777,-0.052184924,0.941464901,0.2943107783794403,,,
2026-03-06T22:25:12.184Z,,,,74,-73,4168,78,-347,-10,,,,0.182250515,-0.050292838,0.933957577,0.3030998110771179,,,
2026-03-06T22:25:12.144Z,,,,85,-144,4019,122,341,-9,,,,0.17303422093391418,-0.054443222,0.932431698,0.31231608986854553,,,
2026-03-06T22:25:12.104Z,,,,338,24,4144,-240,176,53,,,,0.1895136684179306,-0.042968638,0.926084042,0.32336342334747314,,,
2026-03-06T22:25:12.064Z,,,,408,45,4080,5,-295,116,,,,0.15075644850730896,-0.02697747,0.932187557,0.32781898975372314,,,
2026-03-06T22:25:12.024Z,,,,536,10,4102,-404,-4,136,,,,0.15539510548114777,-0.030944744,0.923825741,0.34832674264907837,,,
2026-03-06T22:25:11.984Z,,,,512,-25,4008,-55,-314,-119,,,,0.14489708840847015,-0.02038569,0.9113135933876038,0.3847036063671112,,,
2026-03-06T22:25:11.944Z,,,,54,-90,3752,296,-1630,-222,,,,0.085387968,0.004577625,0.9038062691688538,0.41912734508514404,,,
2026-03-06T22:25:11.904Z,,,,832,203,4295,-506,1685,222,,,,0.095397703,0.030761640518903732,0.8820778131484985,0.4602038860321045,,,
2026-03-06T22:25:11.864Z,,,,831,148,3826,13,-583,45,,,,0.094482176,0.029968185,0.8773170709609985,0.4694812297821045,,,
2026-03-06T22:25:11.824Z,,,,987,-3,4022,654,-1484,24,,,,0.091979742,0.028015064,0.8733497858047485,0.4774157702922821,,,
2026-03-06T22:25:11.784Z,,,,1012,97,3984,-775,1484,429,,,,0.071960263,0.023681579157710075,0.8782936334609985,0.4719836413860321,,,
2026-03-06T22:25:11.744Z,,,,997,45,3934,-149,526,218,,,,0.032470621168613434,-0.017883254,-0.090392835,0.9951756596565247,,,
2026-03-06T22:25:11.704Z,,,,943,261,4258,-756,1365,319,,,,0.042785536497831345,-0.01196286,-0.118774109,0.9918797612190247,,,
2026-03-06T22:25:11.664Z,,,,-199,-279,4098,-444,-214,216,,,,0.038757224,0.010620090179145336,-0.148254022,0.9880956411361694,,,
2026-03-06T22:25:11.624Z,,,,1888,296,3817,767,-1157,503,,,,0.028137134,0.035217196,-0.193847165,0.9799779653549194,,,
2026-03-06T22:25:11.584Z,,,,1179,11,4061,-484,634,771,,,,0.033447179943323135,0.050109737,-0.217528746,0.9741796255111694,,,
2026-03-06T22:25:11.544Z,,,,1479,57,3843,196,-1532,1076,,,,0.033019933849573135,0.082336217,-0.249389008,0.9642919898033142,,,
2026-03-06T22:25:11.504Z,,,,1036,-189,3813,105,-987,1184,,,,0.035766508,0.15502889454364777,-0.306273639,0.938535213,,,
2026-03-06T22:25:11.464Z,,,,2346,313,3443,60,-6,795,,,,0.025146419182419777,0.1862177848815918,-0.342101187,0.920651913,,,
2026-03-06T22:25:11.424Z,,,,1544,6,3822,142,82,761,,,,0.0134277,0.1900629848241806,-0.373351097,0.9078345894813538,,,
2026-03-06T22:25:11.384Z,,,,1360,-23,3810,187,-6,620,,,,0.022155705839395523,0.1864008903503418,-0.3899526,0.9014258980751038,,,
2026-03-06T22:25:11.344Z,,,,1643,175,3823,373,1,848,,,,0.028991625,0.182860866,-0.405089289,0.8953224420547485,,,
2026-03-06T22:25:11.304Z,,,,1217,-208,3888,273,52,777,,,,0.03625479,0.179015651,-0.416563869,0.8905006647109985,,,
2026-03-06T22:25:11.264Z,,,,1767,230,3729,-562,-680,927,,,,0.046996951,0.17571976780891418,-0.424498409,0.8868995904922485,,,
2026-03-06T22:25:11.224Z,,,,1714,56,3753,166,-433,911,,,,0.059081879,0.1846308708190918,-0.434386104,0.8795753717422485,,,
2026-03-06T22:25:11.184Z,,,,1986,-239,3486,-154,-289,768,,,,0.074645802,0.1873774528503418,-0.43658334,0.8767067193984985,,,
2026-03-06T22:25:11.144Z,,,,1330,15,3846,165,-855,845,,,,0.097350828,0.16760210692882538,-0.439513028,0.8770118951797485,,,
2026-03-06T22:25:11.104Z,,,,2206,802,3886,28,-1114,1000,,,,0.099975333,0.16339069604873657,-0.442747891,0.8759132623672485,,,
2026-03-06T22:25:11.064Z,,,,86,-816,4438,828,-841,843,,,,0.11535614728927612,0.14575158059597015,-0.466246367,0.8648659586906433,,,
2026-03-06T22:25:11.024Z,,,,2353,465,3940,410,-56,547,,,,0.11981170624494553,0.12799039483070374,-0.472716063,0.8635231852531433,,,
2026-03-06T22:25:10.984Z,,,,2077,1180,4186,-398,-28,514,,,,0.12036102265119553,0.11224336177110672,-0.491209686,0.8552834391593933,,,
2026-03-06T22:25:10.944Z,,,,228,-1197,4177,-343,-16,461,,,,0.10675021260976791,0.076415822,-0.533567965,0.8354470729827881,,,
2026-03-06T22:25:10.904Z,,,,1724,-191,3416,-285,26,380,,,,0.087219015,0.057983249,-0.556883335,0.8239114880561829,,,
2026-03-06T22:25:10.864Z,,,,1300,-539,3104,-443,-49,199,,,,0.086974874,0.13024869561195374,-0.615965247,0.7719706892967224,,,
2026-03-06T22:25:10.824Z,,,,2522,248,3565,-156,-112,213,,,,0.046264529,0.15026816725730896,-0.625120461,0.7644633650779724,,,
2026-03-06T22:25:10.784Z,,,,896,393,3941,-383,-311,32,,,,0.013671839609742165,0.089782484,-0.638792336,0.7639140486717224,,,
2026-03-06T22:25:10.744Z,,,,1442,29,3415,-541,28,-27,,,,-0.025268489,0.03625479,-0.628050148,0.7768535017967224,,,
2026-03-06T22:25:10.704Z,,,,1692,84,4261,-188,76,-8,,,,-0.038574118,0.012756315059959888,-0.619444191,0.7839335203170776,,,
2026-03-06T22:25:10.664Z,,,,-639,-51,3890,-315,-353,251,,,,-0.067870922,-0.049011104,-0.589659154,0.8032205700874329,,,
2026-03-06T22:25:10.624Z,,,,687,1103,4135,-201,224,6,,,,-0.100463606,-0.131042138,-0.534971774,0.8284890651702881,,,
2026-03-06T22:25:10.584Z,,,,635,653,4009,-308,488,333,,,,-0.105773658,-0.127624184,-0.526426852,0.8338601589202881,,,
2026-03-06T22:25:10.544Z,,,,620,679,4007,-467,526,630,,,,-0.136840463,-0.229491606,-0.460814238,0.8462502956390381,,,
2026-03-06T22:25:10.504Z,,,,566,777,4110,-170,882,758,,,,-0.135314599,-0.214599058,-0.470946044,0.8448464870452881,,,
2026-03-06T22:25:10.464Z,,,,-54,140,4357,146,675,749,,,,-0.133605614,-0.215697691,-0.463927031,0.8486917018890381,,,
2026-03-06T22:25:10.424Z,,,,273,1938,3927,1979,-799,778,,,,-0.138061166,-0.221373945,-0.463865995,0.8465554714202881,,,
2026-03-06T22:25:10.384Z,,,,-64,313,4141,372,776,524,,,,-0.13403286,-0.21160835,-0.466734648,0.8481423854827881,,,
2026-03-06T22:25:10.344Z,,,,-85,-102,4072,-152,905,-24,,,,-0.142516717,-0.231078506,-0.463927031,0.8431985378265381,,,
2026-03-06T22:25:10.304Z,,,,-139,617,4331,-172,312,-314,,,,-0.135375634,-0.192443356,-0.469847441,0.8507668375968933,,,
2026-03-06T22:25:10.264Z,,,,-509,-11,3930,-317,1504,-368,,,,-0.125060707,-0.202636197,-0.467528105,0.8512551188468933,,,
2026-03-06T22:25:10.224Z,,,,-1304,91,3884,-176,1132,-517,,,,-0.124877609,-0.209044874,-0.465636015,0.8507668375968933,,,
2026-03-06T22:25:10.184Z,,,,-1486,-52,3922,176,88,-302,,,,-0.127563149,-0.220519453,-0.467894316,0.8462502956390381,,,
2026-03-06T22:25:10.144Z,,,,-1334,-707,3684,-57,-11,-479,,,,-0.131103173,-0.225951567,-0.468809843,0.8437478542327881,,,
2026-03-06T22:25:10.104Z,,,,-1351,-398,3911,452,-187,170,,,,-0.134643212,-0.225646392,-0.453917295,0.8513771891593933,,,
2026-03-06T22:25:10.064Z,,,,-1297,-308,3933,-25,-199,-115,,,,-0.131103173,-0.214843199,-0.4541004,0.8546120524406433,,,
2026-03-06T22:25:10.024Z,,,,-1245,-423,3923,120,-1090,-54,,,,-0.136779428,-0.202208951,-0.460081816,0.8535744547843933,,,
2026-03-06T22:25:09.984Z,,,,-1171,-116,3986,64,-416,51,,,,-0.131652489,-0.21160835,-0.45397833,0.8553444743156433,,,
2026-03-06T22:25:09.944Z,,,,-1167,-413,3744,1,134,30,,,,-0.138854623,-0.220519453,-0.455443174,0.8511940836906433,,,
2026-03-06T22:25:09.904Z,,,,-1451,-64,3765,-126,661,21,,,,-0.136962533,-0.21929875,-0.456358701,0.8513161540031433,,,
2026-03-06T22:25:09.864Z,,,,-1136,447,4014,-545,1107,255,,,,-0.142333627,-0.220946699,-0.458800107,0.8487527370452881,,,
2026-03-06T22:25:09.824Z,,,,-1239,-54,4205,-73,857,-1,,,,-0.134948388,-0.204284146,-0.459410429,0.8537575602531433,,,
2026-03-06T22:25:09.784Z,,,,-1456,336,3633,267,-1256,-20,,,,-0.138854623,-0.208434522,-0.459105283,0.8522927165031433,,,
2026-03-06T22:25:09.744Z,,,,-1451,826,3842,47,-291,147,,,,-0.140136361,-0.202453092,-0.462279081,0.8518044352531433,,,
2026-03-06T22:25:09.704Z,,,,-1169,844,3934,66,11,38,,,,-0.137572885,-0.216002867,-0.457579404,0.8514382243156433,,,
2026-03-06T22:25:09.664Z,,,,-566,1090,4256,-107,46,-33,,,,-0.132323876,-0.207946241,-0.456297666,0.8549172282218933,,,
2026-03-06T22:25:09.624Z,,,,391,690,4271,461,-666,61,,,,-0.132873192,-0.213683531,-0.501463532,0.8276956081390381,,,
2026-03-06T22:25:09.584Z,,,,-2565,51,4007,-137,812,181,,,,-0.118224792,-0.235656127,-0.459044248,0.8483254909515381,,,
2026-03-06T22:25:09.544Z,,,,-2103,-1360,3068,-5,830,-15,,,,-0.13964808,-0.216491148,-0.47326538,0.8423440456390381,,,
2026-03-06T22:25:09.504Z,,,,-860,11,4097,169,532,99,,,,-0.120055847,-0.190917477,-0.509764314,0.8301980495452881,,,
2026-03-06T22:25:09.464Z,,,,-468,-207,4012,329,-1330,30,,,,-0.118957214,-0.181029812,-0.518736482,0.8269631862640381,,,
2026-03-06T22:25:09.424Z,,,,-262,-288,4032,15,-625,-49,,,,-0.117553413,-0.181151882,-0.520323396,0.8261697292327881,,,
2026-03-06T22:25:09.384Z,,,,678,-207,3966,3,503,-101,,,,-0.116271675,-0.18426466,-0.51208365,0.8307473659515381,,,
2026-03-06T22:25:09.344Z,,,,1211,281,4003,-125,-207,116,,,,-0.1259152,-0.168883845,-0.52191031,0.8265359401702881,,,
2026-03-06T22:25:09.304Z,,,,965,-79,3586,-31,-18,-28,,,,-0.117370307,-0.184569836,-0.531675875,0.8181741833686829,,,
2026-03-06T22:25:09.264Z,,,,2290,255,2900,-243,565,-76,,,,-0.113341995,-0.181945339,-0.540709078,0.8134134411811829,,,
2026-03-06T22:25:09.224Z,,,,1937,180,3726,379,-1066,25,,,,-0.110656455,-0.190917477,-0.529295504,0.8191507458686829,,,
2026-03-06T22:25:09.184Z,,,,2207,383,3676,-46,297,226,,,,-0.117187202,-0.171752483,-0.52947861,0.8223856091499329,,,
2026-03-06T22:25:09.144Z,,,,2575,252,3487,330,-645,-300,,,,-0.123046562,-0.171569377,-0.551207066,0.8071268200874329,,,
2026-03-06T22:25:09.104Z,,,,1858,85,3678,1069,-20,458,,,,-0.118896179,-0.169127986,-0.553587437,0.8066995739936829,,,
2026-03-06T22:25:09.064Z,,,,2908,191,3105,262,-407,74,,,,-0.117065132,-0.170653865,-0.56854105,0.7961405515670776,,,
2026-03-06T22:25:09.024Z,,,,794,-925,4062,-25,-15,93,,,,-0.111083701,-0.173461467,-0.577085912,0.7902201414108276,,,
2026-03-06T22:25:08.984Z,,,,1201,-1,3666,-47,-58,16,,,,-0.10180638,-0.158263758,-0.571531713,0.7986429929733276,,,
2026-03-06T22:25:08.944Z,,,,1561,450,4211,754,-554,201,,,,-0.083740018,-0.167052791,-0.584104955,0.7897928953170776,,,
2026-03-06T22:25:08.904Z,,,,1970,312,4010,-340,291,551,,,,-0.06396468,-0.165526927,-0.607603431,0.7741069197654724,,,
2026-03-06T22:25:08.864Z,,,,2217,135,3410,17,-60,208,,,,0.010559055022895336,-0.090942152,-0.767026842,0.6349471211433411,,,
2026-03-06T22:25:08.824Z,,,,2036,-75,3541,-90,194,-3,,,,0.020141549,-0.068725407,-0.798948169,0.5970443487167358,,,
2026-03-06T22:25:08.784Z,,,,1786,246,3439,-518,1264,-231,,,,0.03637686,-0.046142459,-0.833799124,0.5488877296447754,,,
2026-03-06T22:25:08.744Z,,,,1128,-923,3537,192,-689,481,,,,0.04663074,-0.035583407,-0.849179924,0.5247789025306702,,,
2026-03-06T22:25:08.704Z,,,,1669,124,3741,-128,-241,99,,,,0.052306994795799255,-0.013488735,-0.871640861,0.4871203303337097,,,
2026-03-06T22:25:08.664Z,,,,2251,134,3486,74,-38,140,,,,0.13745081424713135,0.063476399,-0.895261407,0.41894423961639404,,,
2026-03-06T22:25:08.624Z,,,,2187,319,3750,-26,-42,142,,,,0.16522175073623657,0.089599378,-0.902707636,0.3868398368358612,,,
2026-03-06T22:25:08.584Z,,,,2766,208,3668,-59,52,204,,,,0.17279008030891418,0.11627167463302612,-0.916440547,0.34149083495140076,,,
2026-03-06T22:25:08.544Z,,,,1447,43,3866,-384,269,566,,,,0.178222194,0.10742159932851791,-0.922971249,0.32366859912872314,,,
2026-03-06T22:25:08.504Z,,,,2247,267,3534,-226,-666,298,,,,0.181396022,0.088073507,-0.934323788,0.2937614619731903,,,
2026-03-06T22:25:08.464Z,,,,1824,-334,3606,252,-1011,619,,,,0.17852737,0.075500295,-0.940549374,0.2787468433380127,,,
2026-03-06T22:25:08.424Z,,,,2336,309,3624,476,-679,1752,,,,0.25854426622390747,0.036804106,-0.939816952,0.22015324234962463,,,
2026-03-06T22:25:08.384Z,,,,1753,564,3909,190,-397,1009,,,,0.25945979356765747,0.00500487,-0.946469724,0.1917109340429306,,,
2026-03-06T22:25:08.344Z,,,,1918,-144,3551,64,-427,961,,,,0.25585871934890747,-0.006896955,-0.951596677,0.16992144286632538,,,
2026-03-06T22:25:08.304Z,,,,2123,644,3823,203,-336,824,,,,0.26031428575515747,-0.02697747,-0.957395017,0.12176482379436493,,,
2026-03-06T22:25:08.264Z,,,,2115,-182,4046,168,-1083,673,,,,0.2725823223590851,-0.02478021,-0.957578123,0.089843519,,,
2026-03-06T22:25:08.224Z,,,,1555,205,3648,157,-1207,1157,,,,0.2752068042755127,-0.01000974,-0.961057127,0.020873969420790672,,,
2026-03-06T22:25:08.184Z,,,,1573,36,3761,539,-588,862,,,,-0.273436785,0.012573209591209888,0.9614233374595642,0.026611259,,,
2026-03-06T22:25:08.144Z,,,,1555,84,3782,-419,-94,550,,,,-0.268065721,0.00573729,0.9608740210533142,0.068969548,,,
2026-03-06T22:25:08.104Z,,,,1621,582,4273,-362,-60,471,,,,-0.277709246,-0.031371988,0.9537939429283142,0.11010713875293732,,,
2026-03-06T22:25:08.064Z,,,,746,-972,3162,-356,117,362,,,,-0.285826892,-0.026550224,0.9509252905845642,0.11505097150802612,,,
2026-03-06T22:25:08.024Z,,,,1944,423,3956,-282,175,266,,,,-0.283019304,-0.00866697,0.9504980444908142,0.12780728936195374,,,
2026-03-06T22:25:07.984Z,,,,1522,56,3722,-1358,-323,650,,,,-0.298644245,0.019226026,0.9459204077720642,0.12493864446878433,,,
2026-03-06T22:25:07.944Z,,,,1416,61,3664,-743,362,576,,,,-0.331236959,0.060241546,0.930051327,0.14672814309597015,,,
2026-03-06T22:25:07.904Z,,,,1065,-538,3840,-460,128,597,,,,-0.242736191,0.12927213311195374,0.9028297066688538,0.33032143115997314,,,
2026-03-06T22:25:07.864Z,,,,1811,11,3563,-336,-418,800,,,,-0.221373945,0.13232387602329254,0.8709084391593933,0.41815078258514404,,,
2026-03-06T22:25:07.824Z,,,,1517,139,3872,-197,-137,1153,,,,-0.228454009,0.11675995588302612,0.8587014079093933,0.44354134798049927,,,
2026-03-06T22:25:07.784Z,,,,1539,198,3915,-211,21,816,,,,-0.235900268,0.085449003,0.8132303357124329,0.5249620079994202,,,
2026-03-06T22:25:07.744Z,,,,1487,209,3818,-123,238,708,,,,-0.227294341,0.11047334969043732,0.7817972898483276,0.5699447989463806,,,
2026-03-06T22:25:07.704Z,,,,1078,-769,4023,-401,-127,600,,,,-0.213622496,0.13256801664829254,0.7706889510154724,0.5854477286338806,,,
2026-03-06T22:25:07.664Z,,,,1576,511,4080,936,58,742,,,,-0.198546857,0.13592495024204254,0.7640971541404724,0.5984481573104858,,,
2026-03-06T22:25:07.624Z,,,,1848,709,4302,-501,-164,-249,,,,-0.152038187,0.15112265944480896,0.7395000457763672,0.6380599141120911,,,
2026-03-06T22:25:07.584Z,,,,173,466,4065,-382,-10,51,,,,-0.119811706,0.13494838774204254,0.7091656923294067,0.6815168261528015,,,
2026-03-06T22:25:07.544Z,,,,198,227,3980,-342,-280,-110,,,,-0.107726775,0.10888644307851791,0.6748639941215515,0.72179991,,,
2026-03-06T22:25:07.504Z,,,,-102,286,4096,-1603,127,726,,,,-0.120727226,0.11199922114610672,0.6178572773933411,0.7687968611717224,,,
2026-03-06T22:25:07.464Z,,,,-352,346,4104,-501,317,719,,,,-0.090881117,0.022766055539250374,0.6514875888824463,0.7528057098388672,,,
2026-03-06T22:25:07.424Z,,,,328,321,4170,259,147,1060,,,,-0.064941242,-0.00207519,0.6763288378715515,0.7336406707763672,,,
2026-03-06T22:25:07.384Z,,,,-1914,-330,3918,-135,114,576,,,,-0.014221155,-0.041625869,0.713560164,0.6991559267044067,,,
2026-03-06T22:25:07.344Z,,,,-2048,-319,3504,-640,167,669,,,,0.019348094,-0.066711254,0.713926375,0.6967145204544067,,,
2026-03-06T22:25:07.304Z,,,,-1796,-902,3554,-460,-64,266,,,,0.023559510707855225,-0.068786442,0.717710555,0.6924420595169067,,,
2026-03-06T22:25:07.264Z,,,,-1730,-532,3691,-226,353,334,,,,0.029479904,-0.072326474,0.724180281,0.6851179003715515,,,
2026-03-06T22:25:07.224Z,,,,-1693,-391,3793,-1030,-17,346,,,,0.029846115,-0.078429975,0.7529888153076172,0.6525862216949463,,,
2026-03-06T22:25:07.184Z,,,,-1324,-499,3960,-421,472,562,,,,0.042175184935331345,-0.091247328,0.7663554549217224,0.6343978047370911,,,
2026-03-06T22:25:07.144Z,,,,-3021,394,3231,-157,543,873,,,,0.083678983,-0.107360564,0.7878397703170776,0.6005843877792358,,,
2026-03-06T22:25:07.104Z,,,,-2345,589,3185,145,275,912,,,,0.12365690618753433,-0.135741845,0.7839335203170776,0.5930160880088806,,,
2026-03-06T22:25:07.064Z,,,,-2354,235,3484,-366,-579,389,,,,0.16149860620498657,-0.149901956,0.7774638533592224,0.5889877676963806,,,
2026-03-06T22:25:07.024Z,,,,-2179,518,3674,-71,1113,-914,,,,0.14373742043972015,-0.146972284,0.7775248885154724,0.5942367315292358,,,
2026-03-06T22:25:06.984Z,,,,-2580,265,3334,61,1301,-1000,,,,0.14117395877838135,-0.144164667,0.7755107283592224,0.5981429815292358,,,
2026-03-06T22:25:06.944Z,,,,-1944,-372,3508,-397,1197,-277,,,,0.15209922194480896,-0.149535745,0.7786235213279724,0.5900253653526306,,,
2026-03-06T22:25:06.904Z,,,,-2296,51,3583,-71,178,-180,,,,0.15124472975730896,-0.143798456,0.7730082869529724,0.5989974737167358,,,
2026-03-06T22:25:06.864Z,,,,-2379,-190,3813,-69,181,-169,,,,0.15862996876239777,-0.145324335,0.7735576033592224,0.5960067510604858,,,
2026-03-06T22:25:06.824Z,,,,-1677,-1759,2961,-108,29,-186,,,,0.14477501809597015,-0.138610482,0.7710551619529724,0.6042464971542358,,,
2026-03-06T22:25:06.784Z,,,,-1994,81,2932,-9,265,-250,,,,0.13757288455963135,-0.133727685,0.7711772322654724,0.6069320440292358,,,
2026-03-06T22:25:06.744Z,,,,-1940,-650,3658,-144,394,-507,,,,0.14825402200222015,-0.138183236,0.7673930525779724,0.6082137823104858,,,
2026-03-06T22:25:06.704Z,,,,-1916,78,3327,-196,1323,-375,,,,0.13732874393463135,-0.138549447,0.7671489119529724,0.6109603643417358,,,
2026-03-06T22:25:06.664Z,,,,-3495,249,2524,-194,2647,137,,,,0.15991169214248657,-0.143432245,0.7650126814842224,0.6070541143417358,,,
2026-03-06T22:25:06.624Z,,,,-2022,86,3675,298,-1654,-104,,,,0.15551717579364777,-0.144591913,0.7665385603904724,0.6059554815292358,,,
2026-03-06T22:25:06.584Z,,,,-1176,581,3898,18,-43,126,,,,0.15167197585105896,-0.143859491,0.7647075057029724,0.6094344854354858,,,
2026-03-06T22:25:06.544Z,,,,-1746,-638,3731,-37,-195,-70,,,,0.14910849928855896,-0.142638788,0.7656230330467224,0.6091903448104858,,,
2026-03-06T22:25:06.504Z,,,,-1894,-457,3620,-171,1175,98,,,,0.14855918288230896,-0.144591913,0.7644633650779724,0.6103500127792358,,,
2026-03-06T22:25:06.464Z,,,,-1757,-482,3831,84,-179,22,,,,0.14813195168972015,-0.144469842,0.7602519392967224,0.6157211065292358,,,
2026-03-06T22:25:06.424Z,,,,-1848,-34,3924,55,-55,-38,,,,0.14843711256980896,-0.148254022,0.7588481307029724,0.6164534687995911,,,
2026-03-06T22:25:06.384Z,,,,-1957,-539,4355,-50,-454,102,,,,0.15637166798114777,-0.148131952,0.7562236189842224,0.6177352070808411,,,
2026-03-06T22:25:06.344Z,,,,-1852,505,3704,-22,-55,46,,,,0.14269982278347015,-0.139159799,0.7532329559326172,0.6267684102058411,,,
2026-03-06T22:25:06.304Z,,,,-1173,546,3910,-74,310,140,,,,0.12689176201820374,-0.142028451,0.7548198699951172,0.6276229023933411,,,
2026-03-06T22:25:06.264Z,,,,-610,338,4099,-9,1414,94,,,,0.14916953444480896,-0.145080194,0.7517070770263672,0.6257308125495911,,,
2026-03-06T22:25:06.224Z,,,,-793,637,4059,8,-132,-17,,,,0.14654503762722015,-0.145934686,0.7496929168701172,0.6285994648933411,,,
2026-03-06T22:25:06.184Z,,,,-910,-399,4050,-104,376,58,,,,0.14721642434597015,-0.148437113,0.7499980926513672,0.6275008320808411,,,
2026-03-06T22:25:06.144Z,,,,-359,-320,4114,38,-120,-19,,,,0.14379845559597015,-0.146667108,0.7506694793701172,0.6278670430183411,,,
2026-03-06T22:25:06.104Z,,,,-206,-71,4323,12,-25,-29,,,,0.12561002373695374,-0.139403939,0.7478618621826172,0.6367171406745911,,,
2026-03-06T22:25:06.064Z,,,,531,-95,4231,-98,-383,8,,,,0.13427700102329254,-0.145568475,0.7412700653076172,0.6412336826324463,,,
2026-03-06T22:25:06.024Z,,,,516,-47,4074,93,54,32,,,,0.12536588311195374,-0.144103631,0.7427349090576172,0.6416609287261963,,,
2026-03-06T22:25:05.984Z,,,,673,-74,4058,-275,229,94,,,,0.098144278,-0.127257973,0.7437114715576172,0.6488020420074463,,,
2026-03-06T22:25:05.944Z,,,,724,-187,4134,-48,-455,5,,,,0.098327383,-0.122680351,0.7443218231201172,0.6489851474761963,,,
2026-03-06T22:25:05.904Z,,,,738,-423,3761,-82,-524,-127,,,,0.090453871,-0.118957214,0.7460918426513672,0.6488020420074463,,,
2026-03-06T22:25:05.864Z,,,,595,164,4147,210,176,148,,,,0.078429975,-0.109618858,0.7399883270263672,0.6588728427886963,,,
2026-03-06T22:25:05.824Z,,,,1891,-91,3457,77,-276,-59,,,,0.072021298,-0.109496787,0.728330672,0.6725446581840515,,,
2026-03-06T22:25:05.784Z,,,,2511,527,5017,-8,311,80,,,,0.11505097150802612,-0.125854164,0.719480574,0.6732160449028015,,,
2026-03-06T22:25:05.744Z,,,,1769,-67,3738,81,-402,-40,,,,0.15771444141864777,-0.134826317,0.7542095184326172,0.6229231953620911,,,
2026-03-06T22:25:05.704Z,,,,1545,-115,3686,8,-242,-25,,,,0.16210895776748657,-0.136596337,0.7540874481201172,0.6215193867683411,,,
2026-03-06T22:25:05.664Z,,,,2116,-97,2793,196,-561,-54,,,,0.16699175536632538,-0.138061166,0.7539043426513672,0.6201766133308411,,,
2026-03-06T22:25:05.624Z,,,,1688,-81,3704,266,-379,-109,,,,0.14666710793972015,-0.125304848,0.7535381317138672,0.6283553242683411,,,
2026-03-06T22:25:05.584Z,,,,2282,277,3710,-201,399,122,,,,0.14654503762722015,-0.139953256,0.7503643035888672,0.6290877461433411,,,
2026-03-06T22:25:05.544Z,,,,2142,235,4056,-140,-75,25,,,,0.15948446094989777,-0.142394662,0.7510967254638672,0.6245101094245911,,,
2026-03-06T22:25:05.504Z,,,,1422,-31,3722,45,-248,-76,,,,0.14453087747097015,-0.140929818,0.7428569793701172,0.6381819844245911,,,
2026-03-06T22:25:05.464Z,,,,2155,93,3804,74,-189,37,,,,0.14636193215847015,-0.139953256,0.7432231903076172,0.6376326680183411,,,
2026-03-06T22:25:05.424Z,,,,1008,-778,3801,246,-419,527,,,,0.14331017434597015,-0.138122201,0.7440776824951172,0.6376937031745911,,,
2026-03-06T22:25:05.384Z,,,,2313,305,3990,-184,317,506,,,,0.13934290409088135,-0.135619774,0.7457256317138672,0.6371443867683411,,,
2026-03-06T22:25:05.344Z,,,,1741,-114,3780,-915,2612,-119,,,,0.12573209404945374,-0.139403939,0.7389507293701172,0.6469709873199463,,,
2026-03-06T22:25:05.304Z,,,,1826,39,3731,-139,632,-8,,,,0.14196741580963135,-0.136413231,0.7343120574951172,0.6495344638824463,,,
2026-03-06T22:25:05.264Z,,,,1704,18,3686,-49,-412,-46,,,,0.14233362674713135,-0.137267709,0.731565535,0.6523420810699463,,,
2026-03-06T22:25:05.224Z,,,,1733,-3,3713,24,711,10,,,,0.11737030744552612,-0.134765282,0.723447859,0.6668073534965515,,,
2026-03-06T22:25:05.184Z,,,,1643,91,3728,-233,-453,97,,,,0.15167197585105896,-0.143981561,0.714170516,0.6679059863090515,,,
2026-03-06T22:25:05.144Z,,,,1697,-279,3738,-245,1608,-69,,,,0.13519252836704254,-0.136230126,0.717039168,0.6699811816215515,,,
2026-03-06T22:25:05.104Z,,,,2306,398,4010,423,-786,259,,,,0.15075644850730896,-0.136108056,0.713193953,0.6708356738090515,,,
2026-03-06T22:25:05.064Z,,,,1262,266,3917,-437,932,-1,,,,0.14379845559597015,-0.135070458,0.71789366,0.6674787402153015,,,
2026-03-06T22:25:05.024Z,,,,1024,-951,3901,-33,4,-32,,,,0.12829557061195374,-0.127380043,0.709348738,0.6812116503715515,,,
2026-03-06T22:25:04.984Z,,,,2234,366,3955,-66,-550,-85,,,,0.11993377655744553,-0.122131035,0.712400496,0.6804792284965515,,,
2026-03-06T22:25:04.944Z,,,,1945,32,3754,13,1153,113,,,,0.12506070733070374,-0.116759956,0.719114363,0.6733991503715515,,,
2026-03-06T22:25:04.904Z,,,,1962,171,3843,-580,360,293,,,,0.10638400167226791,-0.113769241,0.7022076845169067,0.6946393251419067,,,
2026-03-06T22:25:04.864Z,,,,1618,102,3725,10,125,141,,,,0.10699435323476791,-0.092101812,0.6878644227981567,0.711912215,,,
2026-03-06T22:25:04.824Z,,,,821,5,3662,-6,-137,43,,,,0.10034153610467911,-0.094848387,0.6862775087356567,0.714048445,,,
2026-03-06T22:25:04.784Z,,,,1756,235,3698,-428,291,89,,,,0.094604246,-0.088317648,0.6807233691215515,0.720945418,,,
2026-03-06T22:25:04.744Z,,,,1725,-243,3940,-173,-645,5,,,,0.092223883,-0.087463155,0.6770002245903015,0.724851668,,,
2026-03-06T22:25:04.704Z,,,,1302,-225,3837,282,49,61,,,,0.080932409,-0.070495427,0.6849958300590515,0.720579207,,,
2026-03-06T22:25:04.664Z,,,,1429,68,3863,-2,-264,-269,,,,0.080566198,-0.077148236,0.6811506152153015,0.723508894,,,
2026-03-06T22:25:04.624Z,,,,1154,-249,3899,-83,40,-48,,,,0.078307904,-0.074340627,0.6818830370903015,0.723386824,,,
2026-03-06T22:25:04.584Z,,,,773,58,3934,-69,-370,-141,,,,0.068664372,-0.076720998,0.6757795214653015,0.729795516,,,
2026-03-06T22:25:04.544Z,,,,853,-521,3727,-161,33,-100,,,,0.039977923,-0.036559965,0.6561872959136963,0.7526226043701172,,,
2026-03-06T22:25:04.504Z,,,,1696,-56,3482,63,-158,137,,,,0.046996951,-0.039977923,0.6597883701324463,0.7488384246826172,,,
2026-03-06T22:25:04.464Z,,,,1350,-42,4369,580,-1333,199,,,,-0.006408675,-0.003234855,0.6732160449028015,0.7393169403076172,,,
2026-03-06T22:25:04.424Z,,,,1615,104,3683,51,175,-97,,,,-0.007263165,-0.00048828,0.6724225878715515,0.7400493621826172,,,
2026-03-06T22:25:04.384Z,,,,1796,215,3457,120,-214,245,,,,-0.028015064,0.022949159145355225,0.6746808886528015,0.7371196746826172,,,
2026-03-06T22:25:04.344Z,,,,784,102,4127,13,-305,261,,,,-0.040527239,0.043029673397541046,0.6705304980278015,0.7394390106201172,,,
2026-03-06T22:25:04.304Z,,,,1207,-799,3484,-138,-166,-96,,,,-0.034301668,0.037658595,0.6630231738090515,0.7468242645263672,,,
2026-03-06T22:25:04.264Z,,,,2201,284,3904,-113,370,-90,,,,-0.03503409,0.038452052,0.6621077060699463,0.7475566864013672,,,
2026-03-06T22:25:04.224Z,,,,1763,277,2892,103,-565,-86,,,,-0.035888579,0.038452052,0.6615583896636963,0.7479839324951172,,,
2026-03-06T22:25:04.184Z,,,,2124,308,4093,47,-113,168,,,,-0.036682036,0.039001364,0.6614973545074463,0.7479839324951172,,,
2026-03-06T22:25:04.144Z,,,,1628,23,3695,-30,-528,456,,,,-0.036804106,0.039123435,0.6616194248199463,0.7478618621826172,,,
2026-03-06T22:25:04.104Z,,,,1296,-60,3947,16,-437,-96,,,,-0.037170313,0.039489646,0.6618635654449463,0.7476177215576172,,,
2026-03-06T22:25:04.064Z,,,,1228,-1119,3334,161,-885,-261,,,,-0.0378417,0.039977923,0.6642438769340515,0.7454204559326172,,,
2026-03-06T22:25:04.024Z,,,,1881,235,3863,-22,-114,2,,,,-0.038207911,0.039855856,0.6651594042778015,0.7445659637451172,,,
2026-03-06T22:25:03.984Z,,,,1706,32,3757,20,-17,15,,,,-0.038818259,0.039550681,0.6663801074028015,0.7434673309326172,,,
2026-03-06T22:25:03.944Z,,,,892,-490,3095,-185,-1028,237,,,,-0.041076556,0.039550681,0.6691877245903015,0.7408428192138672,,,
2026-03-06T22:25:03.904Z,,,,2345,214,3795,98,-451,207,,,,-0.041747939,0.041381732,0.6738874316215515,0.7364482879638672,,,
2026-03-06T22:25:03.864Z,,,,1483,-191,3670,-122,243,268,,,,-0.041808974,0.041686903685331345,0.6752302050590515,0.7351665496826172,,,
2026-03-06T22:25:03.824Z,,,,2174,742,3858,0,-1,7,,,,-0.042602431,0.04504383,0.6762678027153015,0.7340068817138672,,,
2026-03-06T22:25:03.784Z,,,,1519,64,3788,-9,-7,4,,,,-0.0463866,0.047668334,0.6809064745903015,0.729246199,,,
2026-03-06T22:25:03.744Z,,,,1989,395,4034,1,-5,-3,,,,-0.049072139,0.04797351,0.6834699511528015,0.726682723,,,
2026-03-06T22:25:03.704Z,,,,1309,-136,3705,-3,3,-4,,,,-0.049377315,0.04797351,0.6840803027153015,0.726133406,,,
2026-03-06T22:25:03.664Z,,,,1574,440,3730,8,-27,-23,,,,-0.04943835,0.047424193,0.6846906542778015,0.725523055,,,
2026-03-06T22:25:03.624Z,,,,1195,223,3669,18,-13,-39,,,,-0.045776252,0.04528797,0.6883527040481567,0.722471297,,,
2026-03-06T22:25:03.584Z,,,,1653,820,4404,7,-2,-45,,,,-0.049255244,0.048461791,0.6873151063919067,0.723020613,,,
2026-03-06T22:25:03.544Z,,,,1208,25,3971,24,5,-50,,,,-0.045532111,0.043640024960041046,0.6958600282669067,0.715330184,,,
2026-03-06T22:25:03.504Z,,,,982,116,3990,3,-20,-68,,,,-0.046935916,0.044616584,0.6961041688919067,0.714963973,,,
2026-03-06T22:25:03.464Z,,,,1230,-54,3839,-2,-2,-60,,,,-0.046935916,0.045226935,0.6961652040481567,0.714841902,,,
2026-03-06T22:25:03.424Z,,,,844,309,4023,-4,-6,-47,,,,-0.046447635,0.044860724,0.6964093446731567,0.714658797,,,
2026-03-06T22:25:03.384Z,,,,1459,414,4206,73,69,26,,,,-0.04785144,0.0451659,0.6966534852981567,0.714353621,,,
2026-03-06T22:25:03.344Z,,,,1349,401,4102,2,-107,-123,,,,-0.049743526,0.044311411678791046,0.6968365907669067,0.714048445,,,
2026-03-06T22:25:03.304Z,,,,1297,-194,3889,8,0,-23,,,,-0.05102526,0.044311411678791046,0.6976910829544067,0.713132918,,,
2026-03-06T22:25:03.264Z,,,,589,62,3959,10,13,-23,,,,-0.050292838,0.043395884335041046,0.6981793642044067,0.712766707,,,
2026-03-06T22:25:03.224Z,,,,1238,343,4008,18,2,-37,,,,-0.04931628,0.041503798216581345,0.6984845399856567,0.712644637,,,
2026-03-06T22:25:03.184Z,,,,-23,-40,4054,-53,-40,37,,,,-0.049133174,0.04089345,0.6988507509231567,0.712339461,,,
2026-03-06T22:25:03.144Z,,,,-9,-30,4034,451,-226,17,,,,-0.049011104,0.040099993,0.6993390321731567,0.711912215,,,
2026-03-06T22:25:03.104Z,,,,-456,-59,3886,-29,-28,-20,,,,-0.048766963,0.038635153,0.7006207704544067,0.710752547,,,
2026-03-06T22:25:03.064Z,,,,-817,47,3894,3,-9,-3,,,,-0.048644897,0.038085841,0.7008038759231567,0.710569441,,,
2026-03-06T22:25:03.024Z,,,,312,-78,4801,-7,0,-3,,,,-0.048034545,0.036132719,0.7012921571731567,0.710325301,,,
2026-03-06T22:25:02.984Z,,,,-423,23,4109,0,10,-7,,,,-0.047912475,0.03503409,0.7019025087356567,0.709775984,,,
2026-03-06T22:25:02.944Z,,,,-383,24,4108,16,-9,0,,,,-0.048889033,0.034606844,0.7026959657669067,0.7089215517044067,,,
2026-03-06T22:25:02.904Z,,,,-394,4,4113,17,-7,-7,,,,-0.049133174,0.033996496349573135,0.7052594423294067,0.7063580751419067,,,
2026-03-06T22:25:02.864Z,,,,-362,10,4096,10,18,-12,,,,-0.048889033,0.033203039318323135,0.7083722352981567,0.7033063173294067,,,
2026-03-06T22:25:02.824Z,,,,-398,20,4100,0,44,-3,,,,-0.04785144,0.032043375074863434,0.710142195,0.7015973329544067,,,
2026-03-06T22:25:02.784Z,,,,-392,24,4103,17,19,-10,,,,-0.056091163,0.022277774289250374,0.728269637,0.6825544238090515,,,
2026-03-06T22:25:02.744Z,,,,-393,28,4121,4,31,-15,,,,-0.058593601,0.021057074889540672,0.7349834442138672,0.6751081347465515,,,
2026-03-06T22:25:02.704Z,,,,-393,26,4114,11,28,-23,,,,-0.0598143,0.020080514,0.7413311004638672,0.6680890917778015,,,
2026-03-06T22:25:02.664Z,,,,-402,-11,4092,3,16,-8,,,,-0.00830076,-0.013488735,0.7523784637451172,0.6584455966949463,,,
2026-03-06T22:25:02.624Z,,,,-483,1,4089,20,17,-4,,,,-0.00085449,-0.0219726,0.7550640106201172,0.6552107334136963,,,
2026-03-06T22:25:02.584Z,,,,-440,38,4129,16,38,-23,,,,0.00512694,-0.026550224,0.7659282088279724,0.6422712802886963,,,
2026-03-06T22:25:02.544Z,,,,-499,213,4152,29,-2,-33,,,,0.01977534,-0.030151291,0.7848490476608276,0.6185286641120911,,,
2026-03-06T22:25:02.504Z,,,,-621,688,4163,10,10,-45,,,,0.025817804038524628,-0.032287516,0.7811259031295776,0.6229231953620911,,,
2026-03-06T22:25:02.464Z,,,,-495,10,4104,-4,5,-70,,,,0.067077465,-0.050414909,0.7692241072654724,0.6333602070808411,,,
2026-03-06T22:25:02.424Z,,,,-519,12,4097,6,27,-57,,,,0.070312321,-0.051330436,0.7627543807029724,0.6407454013824463,,,
2026-03-06T22:25:02.384Z,,,,-501,5,4100,25,0,-11,,,,0.080871373,-0.065917797,0.7523174285888672,0.6503889560699463,,,
2026-03-06T22:25:02.344Z,,,,-414,143,4220,120,-9,-310,,,,0.10382053256034851,-0.07861308,0.7436504364013672,0.6556990146636963,,,
2026-03-06T22:25:02.304Z,,,,-652,308,4065,93,-36,-298,,,,0.15557821094989777,-0.090636976,0.729795516,0.6594221591949463,,,
2026-03-06T22:25:02.264Z,,,,-457,19,4117,53,60,-290,,,,0.14953574538230896,-0.100158438,0.719724715,0.6704694628715515,,,
2026-03-06T22:25:02.224Z,,,,-484,-8,4075,71,409,140,,,,0.14147913455963135,-0.105102271,0.6782209277153015,0.713316023,,,
2026-03-06T22:25:02.184Z,,,,-478,13,4102,39,78,-164,,,,0.15112265944480896,-0.114989936,0.6782819628715515,0.709775984,,,
2026-03-06T22:25:02.144Z,,,,-462,9,4107,-24,135,-126,,,,0.15197715163230896,-0.115417182,0.6755964159965515,0.712034285,,,
2026-03-06T22:25:02.104Z,,,,-476,6,4108,36,-44,-243,,,,0.14459191262722015,-0.110412315,0.6822492480278015,0.7080670595169067,,,
2026-03-06T22:25:02.064Z,,,,-456,-15,4106,-557,1358,537,,,,0.20245309174060822,-0.127013832,0.6967145204544067,0.6762678027153015,,,
2026-03-06T22:25:02.024Z,,,,-469,-24,4085,-148,84,74,,,,0.20092721283435822,-0.123534843,0.712217391,0.6610090732574463,,,
2026-03-06T22:25:01.984Z,,,,-455,-3,4097,320,165,295,,,,0.14050257205963135,-0.125487953,0.712522566,0.6757795214653015,,,
2026-03-06T22:25:01.944Z,,,,-432,-27,4106,-56,715,369,,,,0.14038050174713135,-0.125060707,0.712522566,0.6759015917778015,,,
2026-03-06T22:25:01.904Z,,,,-434,-19,4119,-302,1201,267,,,,0.14117395877838135,-0.11938446,0.715635359,0.6734601855278015,,,
2026-03-06T22:25:01.864Z,,,,-432,-28,4108,454,206,152,,,,0.14233362674713135,-0.123107597,0.71990782,0.6679670214653015,,,
2026-03-06T22:25:01.824Z,,,,-424,-33,4114,14,-66,84,,,,0.10723849385976791,-0.114501663,0.712583601,0.6837140917778015,,,
2026-03-06T22:25:01.784Z,,,,-437,-32,4110,-5,-176,-214,,,,0.10852023214101791,-0.091918707,0.7077618837356567,0.6918927431106567,,,
2026-03-06T22:25:01.744Z,,,,-414,-50,4399,47,32,137,,,,0.10455295443534851,-0.088256612,0.71197325,0.6887189149856567,,,
2026-03-06T22:25:01.704Z,,,,-387,-46,4391,19,-165,-28,,,,0.11340302973985672,-0.087463155,0.716123641,0.6830427050590515,,,
2026-03-06T22:25:01.664Z,,,,-430,-75,4378,-172,265,-428,,,,0.11065645515918732,-0.086059347,0.721738875,0.6777936816215515,,,
2026-03-06T22:25:01.624Z,,,,-409,-70,4366,-47,-586,-514,,,,,,,,,,
2026-03-06T22:25:01.584Z,,,,-405,-61,4394,-136,313,-451,,,,,,,,,,
2026-03-06T22:25:01.544Z,,,,-373,-72,4389,183,-190,28,,,,,,,,,,
2026-03-06T22:25:01.504Z,,,,-321,-242,4340,-101,-203,-17,,,,,,,,,,
2026-03-06T22:25:01.464Z,,,,-407,-193,4371,-57,-22,-178,,,,,,,,,,
2026-03-06T22:25:01.424Z,,,,-554,-136,4252,-163,43,-148,,,,,,,,,,
2026-03-06T22:25:01.384Z,,,,215,-215,4462,708,-2150,88,,,,,,,,,,
2026-03-06T22:25:01.344Z,,,,253,-221,4423,16,-126,-116,,,,,,,,,,
2026-03-06T22:25:01.304Z,,,,247,-161,4392,-126,-309,-245,,,,,,,,,,
2026-03-06T22:25:01.264Z,,,,297,596,4387,-248,362,-247,,,,,,,,,,
2026-03-06T22:25:01.224Z,,,,504,266,4448,173,-509,-74,,,,,,,,,,
2026-03-06T22:25:01.184Z,,,,821,-18,4389,-34,-87,266,,,,,,,,,,
2026-03-06T22:25:01.144Z,,,,523,163,4047,93,-283,101,,,,,,,,,,
2026-03-06T22:25:01.104Z,,,,1318,-201,4347,66,-115,101,,,,,,,,,,
2026-03-06T22:25:01.064Z,,,,742,-89,4225,81,-93,61,,,,,,,,,,
2026-03-06T22:25:01.024Z,,,,1393,977,4429,59,-112,41,,,,,,,,,,
2026-03-06T22:25:00.984Z,,,,1476,155,4055,92,-206,5,,,,,,,,,,
2026-03-06T22:25:00.944Z,,,,1594,487,4258,76,-88,27,,,,,,,,,,
2026-03-06T22:25:00.904Z,,,,1556,135,4082,76,-88,27,,,,,,,,,,
2026-03-06T22:25:00.864Z,,,,1712,197,4144,25,-131,-8,,,,,,,,,,
2026-03-06T22:25:00.824Z,,,,772,-462,3971,,,,,,,,,,,,,
2026-03-06T22:25:00.784Z,,,,2899,847,3950,,,,,,,,,,,,,
2026-03-06T22:25:00.744Z,,,,2098,806,3824,,,,,,,,,,,,,
2026-03-06T22:25:00.704Z,,,,1619,76,4371,,,,,,,,,,,,,
2026-03-06T22:25:00.664Z,,,,1640,-56,4105,,,,,,,,,,,,,
2026-03-06T22:25:00.624Z,,,,1428,331,4054,,,,,,,,,,,,,
2026-03-06T22:25:00.584Z,,,,1775,121,3887,,,,,,,,,,,,,
2026-03-06T22:25:00.544Z,,,,1298,-324,4232,,,,,,,,,,,,,
2026-03-06T22:25:00.504Z,,,,1199,77,4166,,,,,,,,,,,,,
2026-03-06T22:25:00.464Z,,,,966,-59,4296,,,,,,,,,,,,,
2026-03-06T22:25:00.424Z,,,,1238,334,4190,,,,,,,,,,,,,
2026-03-06T22:25:00.384Z,,,,1118,348,3970,,,,,,,,,,,,,
2026-03-06T22:25:00.344Z,,,,779,-28,4042,,,,,,,,,,,,,
2026-03-06T22:25:00.304Z,,,,1218,168,4378,,,,,,,,,,,,,
2026-03-06T22:25:00.264Z,,,,894,111,4266,,,,,,,,,,,,,
2026-03-06T22:25:00.224Z,,,,939,53,4266,,,,,,,,,,,,,
2026-03-06T22:25:00.184Z,,,,907,25,4294,,,,,,,,,,,,,
2026-03-06T22:25:00.144Z,,,,998,47,4270,,,,,,,,,,,,,
2026-03-06T22:25:00.104Z,,,,679,-35,4357,,,,,,,,,,,,,
2026-03-06T22:25:00.064Z,,,,679,-35,4357,,,,,,,,,,,,,
2026-03-06T22:25:00.024Z,,,,975,22,4348,,,,,,,,,,,,,
2026-03-06T22:24:59.984Z,,,,676,-43,4432,,,,,,,,,,,,,
2026-03-06T22:24:59.944Z,,,,676,-43,4432,,,,,,,,,,,,,
2026-03-06T22:24:59.904Z,,,,676,-43,4432,,,,,,,,,,,,,
2026-03-06T22:24:59.864Z,,,,425,-185,4128,,,,,,,,,,,,,
2026-03-06T22:24:59.824Z,,,,425,-185,4128,,,,,,,,,,,,,
2026-03-06T22:24:59.784Z,,,,425,-185,4128,,,,,,,,,,,,,
2026-03-06T22:24:59.744Z,,,,425,-185,4128,,,,,,,,,,,,,
2026-03-06T22:24:59.704Z,,,,480,-208,4226,,,,,,,,,,,,,
2026-03-06T22:24:59.664Z,,,,484,-41,4369,,,,,,,,,,,,,
2026-03-06T22:24:59.624Z,,,,484,-41,4369,,,,,,,,,,,,,
2026-03-06T22:24:59.584Z,,,,507,-56,4432,,,,,,,,,,,,,
2026-03-06T22:24:59.544Z,,,,507,-56,4432,,,,,,,,,,,,,
2026-03-06T22:24:59.504Z,,,,507,-56,4432,,,,,,,,,,,,,
2026-03-06T22:24:59.464Z,,,,491,-218,4416,,,,,,,,,,,,,
2026-03-06T22:24:59.424Z,,,,491,-218,4416,,,,,,,,,,,,,
2026-03-06T22:24:59.384Z,,,,450,-219,4371,,,,,,,,,,,,,
2026-03-06T22:24:59.344Z,,,,450,-219,4371,,,,,,,,,,,,,
2026-03-06T22:24:59.304Z,,,,450,-219,4371,,,,,,,,,,,,,
2026-03-06T22:24:59.264Z,,,,394,-116,4427,,,,,,,,,,,,,
2026-03-06T22:24:59.224Z,,,,394,-116,4427,,,,,,,,,,,,,
2026-03-06T22:24:59.184Z,,,,394,-116,4427,,,,,,,,,,,,,
2026-03-06T22:24:59.144Z,,,,394,-116,4427,,,,,,,,,,,,,
